dataset,row_index,column,issue,value
附件3_训练集,9,a_降雨量_mm,缺失,
附件3_训练集,31,a_降雨量_mm,缺失,
附件3_训练集,40,a_降雨量_mm,缺失,
附件3_训练集,58,a_降雨量_mm,缺失,
附件3_训练集,88,a_降雨量_mm,缺失,
附件3_训练集,93,a_降雨量_mm,缺失,
附件3_训练集,144,a_降雨量_mm,缺失,
附件3_训练集,150,a_降雨量_mm,缺失,
附件3_训练集,161,a_降雨量_mm,缺失,
附件3_训练集,162,a_降雨量_mm,缺失,
附件3_训练集,192,a_降雨量_mm,缺失,
附件3_训练集,225,a_降雨量_mm,缺失,
附件3_训练集,226,a_降雨量_mm,缺失,
附件3_训练集,265,a_降雨量_mm,缺失,
附件3_训练集,269,a_降雨量_mm,缺失,
附件3_训练集,278,a_降雨量_mm,缺失,
附件3_训练集,279,a_降雨量_mm,缺失,
附件3_训练集,282,a_降雨量_mm,缺失,
附件3_训练集,288,a_降雨量_mm,缺失,
附件3_训练集,293,a_降雨量_mm,缺失,
附件3_训练集,297,a_降雨量_mm,缺失,
附件3_训练集,315,a_降雨量_mm,缺失,
附件3_训练集,321,a_降雨量_mm,缺失,
附件3_训练集,365,a_降雨量_mm,缺失,
附件3_训练集,366,a_降雨量_mm,缺失,
附件3_训练集,405,a_降雨量_mm,缺失,
附件3_训练集,412,a_降雨量_mm,缺失,
附件3_训练集,423,a_降雨量_mm,缺失,
附件3_训练集,426,a_降雨量_mm,缺失,
附件3_训练集,432,a_降雨量_mm,缺失,
附件3_训练集,471,a_降雨量_mm,缺失,
附件3_训练集,475,a_降雨量_mm,缺失,
附件3_训练集,488,a_降雨量_mm,缺失,
附件3_训练集,492,a_降雨量_mm,缺失,
附件3_训练集,512,a_降雨量_mm,缺失,
附件3_训练集,521,a_降雨量_mm,缺失,
附件3_训练集,529,a_降雨量_mm,缺失,
附件3_训练集,547,a_降雨量_mm,缺失,
附件3_训练集,580,a_降雨量_mm,缺失,
附件3_训练集,634,a_降雨量_mm,缺失,
附件3_训练集,637,a_降雨量_mm,缺失,
附件3_训练集,671,a_降雨量_mm,缺失,
附件3_训练集,772,a_降雨量_mm,缺失,
附件3_训练集,802,a_降雨量_mm,缺失,
附件3_训练集,803,a_降雨量_mm,缺失,
附件3_训练集,838,a_降雨量_mm,缺失,
附件3_训练集,863,a_降雨量_mm,缺失,
附件3_训练集,885,a_降雨量_mm,缺失,
附件3_训练集,890,a_降雨量_mm,缺失,
附件3_训练集,919,a_降雨量_mm,缺失,
附件3_训练集,932,a_降雨量_mm,缺失,
附件3_训练集,954,a_降雨量_mm,缺失,
附件3_训练集,961,a_降雨量_mm,缺失,
附件3_训练集,964,a_降雨量_mm,缺失,
附件3_训练集,1019,a_降雨量_mm,缺失,
附件3_训练集,1076,a_降雨量_mm,缺失,
附件3_训练集,1080,a_降雨量_mm,缺失,
附件3_训练集,1098,a_降雨量_mm,缺失,
附件3_训练集,1165,a_降雨量_mm,缺失,
附件3_训练集,1234,a_降雨量_mm,缺失,
附件3_训练集,1261,a_降雨量_mm,缺失,
附件3_训练集,1277,a_降雨量_mm,缺失,
附件3_训练集,1320,a_降雨量_mm,缺失,
附件3_训练集,1322,a_降雨量_mm,缺失,
附件3_训练集,1326,a_降雨量_mm,缺失,
附件3_训练集,1342,a_降雨量_mm,缺失,
附件3_训练集,1350,a_降雨量_mm,缺失,
附件3_训练集,1370,a_降雨量_mm,缺失,
附件3_训练集,1377,a_降雨量_mm,缺失,
附件3_训练集,1385,a_降雨量_mm,缺失,
附件3_训练集,1451,a_降雨量_mm,缺失,
附件3_训练集,1529,a_降雨量_mm,缺失,
附件3_训练集,1570,a_降雨量_mm,缺失,
附件3_训练集,1575,a_降雨量_mm,缺失,
附件3_训练集,1578,a_降雨量_mm,缺失,
附件3_训练集,1611,a_降雨量_mm,缺失,
附件3_训练集,1634,a_降雨量_mm,缺失,
附件3_训练集,1684,a_降雨量_mm,缺失,
附件3_训练集,1687,a_降雨量_mm,缺失,
附件3_训练集,1727,a_降雨量_mm,缺失,
附件3_训练集,1733,a_降雨量_mm,缺失,
附件3_训练集,1735,a_降雨量_mm,缺失,
附件3_训练集,1738,a_降雨量_mm,缺失,
附件3_训练集,1755,a_降雨量_mm,缺失,
附件3_训练集,1793,a_降雨量_mm,缺失,
附件3_训练集,1811,a_降雨量_mm,缺失,
附件3_训练集,1858,a_降雨量_mm,缺失,
附件3_训练集,1880,a_降雨量_mm,缺失,
附件3_训练集,1884,a_降雨量_mm,缺失,
附件3_训练集,1896,a_降雨量_mm,缺失,
附件3_训练集,1909,a_降雨量_mm,缺失,
附件3_训练集,1954,a_降雨量_mm,缺失,
附件3_训练集,1958,a_降雨量_mm,缺失,
附件3_训练集,1974,a_降雨量_mm,缺失,
附件3_训练集,1995,a_降雨量_mm,缺失,
附件3_训练集,2029,a_降雨量_mm,缺失,
附件3_训练集,2036,a_降雨量_mm,缺失,
附件3_训练集,2060,a_降雨量_mm,缺失,
附件3_训练集,2064,a_降雨量_mm,缺失,
附件3_训练集,2077,a_降雨量_mm,缺失,
附件3_训练集,2087,a_降雨量_mm,缺失,
附件3_训练集,2098,a_降雨量_mm,缺失,
附件3_训练集,2127,a_降雨量_mm,缺失,
附件3_训练集,2128,a_降雨量_mm,缺失,
附件3_训练集,2129,a_降雨量_mm,缺失,
附件3_训练集,2132,a_降雨量_mm,缺失,
附件3_训练集,2156,a_降雨量_mm,缺失,
附件3_训练集,2163,a_降雨量_mm,缺失,
附件3_训练集,2166,a_降雨量_mm,缺失,
附件3_训练集,2167,a_降雨量_mm,缺失,
附件3_训练集,2195,a_降雨量_mm,缺失,
附件3_训练集,2222,a_降雨量_mm,缺失,
附件3_训练集,2233,a_降雨量_mm,缺失,
附件3_训练集,2253,a_降雨量_mm,缺失,
附件3_训练集,2294,a_降雨量_mm,缺失,
附件3_训练集,2344,a_降雨量_mm,缺失,
附件3_训练集,2360,a_降雨量_mm,缺失,
附件3_训练集,2397,a_降雨量_mm,缺失,
附件3_训练集,2407,a_降雨量_mm,缺失,
附件3_训练集,2441,a_降雨量_mm,缺失,
附件3_训练集,2459,a_降雨量_mm,缺失,
附件3_训练集,2468,a_降雨量_mm,缺失,
附件3_训练集,2473,a_降雨量_mm,缺失,
附件3_训练集,2478,a_降雨量_mm,缺失,
附件3_训练集,2484,a_降雨量_mm,缺失,
附件3_训练集,2490,a_降雨量_mm,缺失,
附件3_训练集,2494,a_降雨量_mm,缺失,
附件3_训练集,2501,a_降雨量_mm,缺失,
附件3_训练集,2512,a_降雨量_mm,缺失,
附件3_训练集,2514,a_降雨量_mm,缺失,
附件3_训练集,2552,a_降雨量_mm,缺失,
附件3_训练集,2580,a_降雨量_mm,缺失,
附件3_训练集,2589,a_降雨量_mm,缺失,
附件3_训练集,2653,a_降雨量_mm,缺失,
附件3_训练集,2661,a_降雨量_mm,缺失,
附件3_训练集,2694,a_降雨量_mm,缺失,
附件3_训练集,2778,a_降雨量_mm,缺失,
附件3_训练集,2803,a_降雨量_mm,缺失,
附件3_训练集,2818,a_降雨量_mm,缺失,
附件3_训练集,2860,a_降雨量_mm,缺失,
附件3_训练集,2882,a_降雨量_mm,缺失,
附件3_训练集,2900,a_降雨量_mm,缺失,
附件3_训练集,2929,a_降雨量_mm,缺失,
附件3_训练集,2931,a_降雨量_mm,缺失,
附件3_训练集,2977,a_降雨量_mm,缺失,
附件3_训练集,2988,a_降雨量_mm,缺失,
附件3_训练集,2997,a_降雨量_mm,缺失,
附件3_训练集,3011,a_降雨量_mm,缺失,
附件3_训练集,3020,a_降雨量_mm,缺失,
附件3_训练集,3026,a_降雨量_mm,缺失,
附件3_训练集,3034,a_降雨量_mm,缺失,
附件3_训练集,3046,a_降雨量_mm,缺失,
附件3_训练集,3058,a_降雨量_mm,缺失,
附件3_训练集,3078,a_降雨量_mm,缺失,
附件3_训练集,3114,a_降雨量_mm,缺失,
附件3_训练集,3126,a_降雨量_mm,缺失,
附件3_训练集,3159,a_降雨量_mm,缺失,
附件3_训练集,3164,a_降雨量_mm,缺失,
附件3_训练集,3178,a_降雨量_mm,缺失,
附件3_训练集,3204,a_降雨量_mm,缺失,
附件3_训练集,3223,a_降雨量_mm,缺失,
附件3_训练集,3271,a_降雨量_mm,缺失,
附件3_训练集,3279,a_降雨量_mm,缺失,
附件3_训练集,3303,a_降雨量_mm,缺失,
附件3_训练集,3327,a_降雨量_mm,缺失,
附件3_训练集,3347,a_降雨量_mm,缺失,
附件3_训练集,3447,a_降雨量_mm,缺失,
附件3_训练集,3466,a_降雨量_mm,缺失,
附件3_训练集,3518,a_降雨量_mm,缺失,
附件3_训练集,3536,a_降雨量_mm,缺失,
附件3_训练集,3538,a_降雨量_mm,缺失,
附件3_训练集,3539,a_降雨量_mm,缺失,
附件3_训练集,3551,a_降雨量_mm,缺失,
附件3_训练集,3561,a_降雨量_mm,缺失,
附件3_训练集,3629,a_降雨量_mm,缺失,
附件3_训练集,3630,a_降雨量_mm,缺失,
附件3_训练集,3633,a_降雨量_mm,缺失,
附件3_训练集,3645,a_降雨量_mm,缺失,
附件3_训练集,3659,a_降雨量_mm,缺失,
附件3_训练集,3661,a_降雨量_mm,缺失,
附件3_训练集,3683,a_降雨量_mm,缺失,
附件3_训练集,3692,a_降雨量_mm,缺失,
附件3_训练集,3693,a_降雨量_mm,缺失,
附件3_训练集,3703,a_降雨量_mm,缺失,
附件3_训练集,3704,a_降雨量_mm,缺失,
附件3_训练集,3728,a_降雨量_mm,缺失,
附件3_训练集,3743,a_降雨量_mm,缺失,
附件3_训练集,3755,a_降雨量_mm,缺失,
附件3_训练集,3773,a_降雨量_mm,缺失,
附件3_训练集,3774,a_降雨量_mm,缺失,
附件3_训练集,3779,a_降雨量_mm,缺失,
附件3_训练集,3782,a_降雨量_mm,缺失,
附件3_训练集,3804,a_降雨量_mm,缺失,
附件3_训练集,3849,a_降雨量_mm,缺失,
附件3_训练集,3867,a_降雨量_mm,缺失,
附件3_训练集,3885,a_降雨量_mm,缺失,
附件3_训练集,3899,a_降雨量_mm,缺失,
附件3_训练集,3931,a_降雨量_mm,缺失,
附件3_训练集,3966,a_降雨量_mm,缺失,
附件3_训练集,4028,a_降雨量_mm,缺失,
附件3_训练集,4034,a_降雨量_mm,缺失,
附件3_训练集,4062,a_降雨量_mm,缺失,
附件3_训练集,4099,a_降雨量_mm,缺失,
附件3_训练集,4146,a_降雨量_mm,缺失,
附件3_训练集,4164,a_降雨量_mm,缺失,
附件3_训练集,4177,a_降雨量_mm,缺失,
附件3_训练集,4204,a_降雨量_mm,缺失,
附件3_训练集,4208,a_降雨量_mm,缺失,
附件3_训练集,4239,a_降雨量_mm,缺失,
附件3_训练集,4252,a_降雨量_mm,缺失,
附件3_训练集,4269,a_降雨量_mm,缺失,
附件3_训练集,4280,a_降雨量_mm,缺失,
附件3_训练集,4292,a_降雨量_mm,缺失,
附件3_训练集,4295,a_降雨量_mm,缺失,
附件3_训练集,4375,a_降雨量_mm,缺失,
附件3_训练集,4391,a_降雨量_mm,缺失,
附件3_训练集,4397,a_降雨量_mm,缺失,
附件3_训练集,4405,a_降雨量_mm,缺失,
附件3_训练集,4425,a_降雨量_mm,缺失,
附件3_训练集,4439,a_降雨量_mm,缺失,
附件3_训练集,4460,a_降雨量_mm,缺失,
附件3_训练集,4471,a_降雨量_mm,缺失,
附件3_训练集,4503,a_降雨量_mm,缺失,
附件3_训练集,4622,a_降雨量_mm,缺失,
附件3_训练集,4627,a_降雨量_mm,缺失,
附件3_训练集,4628,a_降雨量_mm,缺失,
附件3_训练集,4639,a_降雨量_mm,缺失,
附件3_训练集,4680,a_降雨量_mm,缺失,
附件3_训练集,4687,a_降雨量_mm,缺失,
附件3_训练集,4715,a_降雨量_mm,缺失,
附件3_训练集,4752,a_降雨量_mm,缺失,
附件3_训练集,4760,a_降雨量_mm,缺失,
附件3_训练集,4771,a_降雨量_mm,缺失,
附件3_训练集,4810,a_降雨量_mm,缺失,
附件3_训练集,4836,a_降雨量_mm,缺失,
附件3_训练集,4842,a_降雨量_mm,缺失,
附件3_训练集,4843,a_降雨量_mm,缺失,
附件3_训练集,4854,a_降雨量_mm,缺失,
附件3_训练集,4857,a_降雨量_mm,缺失,
附件3_训练集,4869,a_降雨量_mm,缺失,
附件3_训练集,4889,a_降雨量_mm,缺失,
附件3_训练集,4899,a_降雨量_mm,缺失,
附件3_训练集,4949,a_降雨量_mm,缺失,
附件3_训练集,4950,a_降雨量_mm,缺失,
附件3_训练集,4961,a_降雨量_mm,缺失,
附件3_训练集,4967,a_降雨量_mm,缺失,
附件3_训练集,4980,a_降雨量_mm,缺失,
附件3_训练集,4992,a_降雨量_mm,缺失,
附件3_训练集,5014,a_降雨量_mm,缺失,
附件3_训练集,5019,a_降雨量_mm,缺失,
附件3_训练集,5053,a_降雨量_mm,缺失,
附件3_训练集,5084,a_降雨量_mm,缺失,
附件3_训练集,5105,a_降雨量_mm,缺失,
附件3_训练集,5121,a_降雨量_mm,缺失,
附件3_训练集,5130,a_降雨量_mm,缺失,
附件3_训练集,5139,a_降雨量_mm,缺失,
附件3_训练集,5140,a_降雨量_mm,缺失,
附件3_训练集,5174,a_降雨量_mm,缺失,
附件3_训练集,5226,a_降雨量_mm,缺失,
附件3_训练集,5289,a_降雨量_mm,缺失,
附件3_训练集,5298,a_降雨量_mm,缺失,
附件3_训练集,5340,a_降雨量_mm,缺失,
附件3_训练集,5385,a_降雨量_mm,缺失,
附件3_训练集,5395,a_降雨量_mm,缺失,
附件3_训练集,5409,a_降雨量_mm,缺失,
附件3_训练集,5431,a_降雨量_mm,缺失,
附件3_训练集,5528,a_降雨量_mm,缺失,
附件3_训练集,5533,a_降雨量_mm,缺失,
附件3_训练集,5542,a_降雨量_mm,缺失,
附件3_训练集,5543,a_降雨量_mm,缺失,
附件3_训练集,5551,a_降雨量_mm,缺失,
附件3_训练集,5632,a_降雨量_mm,缺失,
附件3_训练集,5650,a_降雨量_mm,缺失,
附件3_训练集,5712,a_降雨量_mm,缺失,
附件3_训练集,5725,a_降雨量_mm,缺失,
附件3_训练集,5780,a_降雨量_mm,缺失,
附件3_训练集,5823,a_降雨量_mm,缺失,
附件3_训练集,5826,a_降雨量_mm,缺失,
附件3_训练集,5828,a_降雨量_mm,缺失,
附件3_训练集,5854,a_降雨量_mm,缺失,
附件3_训练集,5863,a_降雨量_mm,缺失,
附件3_训练集,5911,a_降雨量_mm,缺失,
附件3_训练集,5922,a_降雨量_mm,缺失,
附件3_训练集,5937,a_降雨量_mm,缺失,
附件3_训练集,5947,a_降雨量_mm,缺失,
附件3_训练集,5951,a_降雨量_mm,缺失,
附件3_训练集,5977,a_降雨量_mm,缺失,
附件3_训练集,5989,a_降雨量_mm,缺失,
附件3_训练集,6018,a_降雨量_mm,缺失,
附件3_训练集,6023,a_降雨量_mm,缺失,
附件3_训练集,6032,a_降雨量_mm,缺失,
附件3_训练集,6039,a_降雨量_mm,缺失,
附件3_训练集,6049,a_降雨量_mm,缺失,
附件3_训练集,6070,a_降雨量_mm,缺失,
附件3_训练集,6076,a_降雨量_mm,缺失,
附件3_训练集,6081,a_降雨量_mm,缺失,
附件3_训练集,6108,a_降雨量_mm,缺失,
附件3_训练集,6151,a_降雨量_mm,缺失,
附件3_训练集,6171,a_降雨量_mm,缺失,
附件3_训练集,6187,a_降雨量_mm,缺失,
附件3_训练集,6243,a_降雨量_mm,缺失,
附件3_训练集,6250,a_降雨量_mm,缺失,
附件3_训练集,6251,a_降雨量_mm,缺失,
附件3_训练集,6289,a_降雨量_mm,缺失,
附件3_训练集,6293,a_降雨量_mm,缺失,
附件3_训练集,6420,a_降雨量_mm,缺失,
附件3_训练集,6422,a_降雨量_mm,缺失,
附件3_训练集,6430,a_降雨量_mm,缺失,
附件3_训练集,6474,a_降雨量_mm,缺失,
附件3_训练集,6478,a_降雨量_mm,缺失,
附件3_训练集,6486,a_降雨量_mm,缺失,
附件3_训练集,6488,a_降雨量_mm,缺失,
附件3_训练集,6515,a_降雨量_mm,缺失,
附件3_训练集,6522,a_降雨量_mm,缺失,
附件3_训练集,6528,a_降雨量_mm,缺失,
附件3_训练集,6535,a_降雨量_mm,缺失,
附件3_训练集,6538,a_降雨量_mm,缺失,
附件3_训练集,6555,a_降雨量_mm,缺失,
附件3_训练集,6582,a_降雨量_mm,缺失,
附件3_训练集,6587,a_降雨量_mm,缺失,
附件3_训练集,6596,a_降雨量_mm,缺失,
附件3_训练集,6602,a_降雨量_mm,缺失,
附件3_训练集,6614,a_降雨量_mm,缺失,
附件3_训练集,6620,a_降雨量_mm,缺失,
附件3_训练集,6641,a_降雨量_mm,缺失,
附件3_训练集,6651,a_降雨量_mm,缺失,
附件3_训练集,6652,a_降雨量_mm,缺失,
附件3_训练集,6679,a_降雨量_mm,缺失,
附件3_训练集,6720,a_降雨量_mm,缺失,
附件3_训练集,6746,a_降雨量_mm,缺失,
附件3_训练集,6762,a_降雨量_mm,缺失,
附件3_训练集,6771,a_降雨量_mm,缺失,
附件3_训练集,6788,a_降雨量_mm,缺失,
附件3_训练集,6791,a_降雨量_mm,缺失,
附件3_训练集,6816,a_降雨量_mm,缺失,
附件3_训练集,6833,a_降雨量_mm,缺失,
附件3_训练集,6838,a_降雨量_mm,缺失,
附件3_训练集,6861,a_降雨量_mm,缺失,
附件3_训练集,6894,a_降雨量_mm,缺失,
附件3_训练集,6915,a_降雨量_mm,缺失,
附件3_训练集,6925,a_降雨量_mm,缺失,
附件3_训练集,6953,a_降雨量_mm,缺失,
附件3_训练集,6975,a_降雨量_mm,缺失,
附件3_训练集,7004,a_降雨量_mm,缺失,
附件3_训练集,7013,a_降雨量_mm,缺失,
附件3_训练集,7027,a_降雨量_mm,缺失,
附件3_训练集,7032,a_降雨量_mm,缺失,
附件3_训练集,7040,a_降雨量_mm,缺失,
附件3_训练集,7051,a_降雨量_mm,缺失,
附件3_训练集,7062,a_降雨量_mm,缺失,
附件3_训练集,7081,a_降雨量_mm,缺失,
附件3_训练集,7084,a_降雨量_mm,缺失,
附件3_训练集,7128,a_降雨量_mm,缺失,
附件3_训练集,7144,a_降雨量_mm,缺失,
附件3_训练集,7166,a_降雨量_mm,缺失,
附件3_训练集,7182,a_降雨量_mm,缺失,
附件3_训练集,7193,a_降雨量_mm,缺失,
附件3_训练集,7194,a_降雨量_mm,缺失,
附件3_训练集,7207,a_降雨量_mm,缺失,
附件3_训练集,7225,a_降雨量_mm,缺失,
附件3_训练集,7300,a_降雨量_mm,缺失,
附件3_训练集,7328,a_降雨量_mm,缺失,
附件3_训练集,7403,a_降雨量_mm,缺失,
附件3_训练集,7407,a_降雨量_mm,缺失,
附件3_训练集,7424,a_降雨量_mm,缺失,
附件3_训练集,7434,a_降雨量_mm,缺失,
附件3_训练集,7445,a_降雨量_mm,缺失,
附件3_训练集,7452,a_降雨量_mm,缺失,
附件3_训练集,7465,a_降雨量_mm,缺失,
附件3_训练集,7479,a_降雨量_mm,缺失,
附件3_训练集,7523,a_降雨量_mm,缺失,
附件3_训练集,7535,a_降雨量_mm,缺失,
附件3_训练集,7550,a_降雨量_mm,缺失,
附件3_训练集,7623,a_降雨量_mm,缺失,
附件3_训练集,7649,a_降雨量_mm,缺失,
附件3_训练集,7667,a_降雨量_mm,缺失,
附件3_训练集,7694,a_降雨量_mm,缺失,
附件3_训练集,7713,a_降雨量_mm,缺失,
附件3_训练集,7727,a_降雨量_mm,缺失,
附件3_训练集,7731,a_降雨量_mm,缺失,
附件3_训练集,7740,a_降雨量_mm,缺失,
附件3_训练集,7748,a_降雨量_mm,缺失,
附件3_训练集,7759,a_降雨量_mm,缺失,
附件3_训练集,7782,a_降雨量_mm,缺失,
附件3_训练集,7810,a_降雨量_mm,缺失,
附件3_训练集,7822,a_降雨量_mm,缺失,
附件3_训练集,7829,a_降雨量_mm,缺失,
附件3_训练集,7833,a_降雨量_mm,缺失,
附件3_训练集,7891,a_降雨量_mm,缺失,
附件3_训练集,7921,a_降雨量_mm,缺失,
附件3_训练集,7928,a_降雨量_mm,缺失,
附件3_训练集,7946,a_降雨量_mm,缺失,
附件3_训练集,8026,a_降雨量_mm,缺失,
附件3_训练集,8058,a_降雨量_mm,缺失,
附件3_训练集,8067,a_降雨量_mm,缺失,
附件3_训练集,8085,a_降雨量_mm,缺失,
附件3_训练集,8104,a_降雨量_mm,缺失,
附件3_训练集,8144,a_降雨量_mm,缺失,
附件3_训练集,8155,a_降雨量_mm,缺失,
附件3_训练集,8156,a_降雨量_mm,缺失,
附件3_训练集,8193,a_降雨量_mm,缺失,
附件3_训练集,8203,a_降雨量_mm,缺失,
附件3_训练集,8205,a_降雨量_mm,缺失,
附件3_训练集,8215,a_降雨量_mm,缺失,
附件3_训练集,8234,a_降雨量_mm,缺失,
附件3_训练集,8253,a_降雨量_mm,缺失,
附件3_训练集,8283,a_降雨量_mm,缺失,
附件3_训练集,8293,a_降雨量_mm,缺失,
附件3_训练集,8302,a_降雨量_mm,缺失,
附件3_训练集,8326,a_降雨量_mm,缺失,
附件3_训练集,8333,a_降雨量_mm,缺失,
附件3_训练集,8378,a_降雨量_mm,缺失,
附件3_训练集,8420,a_降雨量_mm,缺失,
附件3_训练集,8443,a_降雨量_mm,缺失,
附件3_训练集,8474,a_降雨量_mm,缺失,
附件3_训练集,8478,a_降雨量_mm,缺失,
附件3_训练集,8484,a_降雨量_mm,缺失,
附件3_训练集,8508,a_降雨量_mm,缺失,
附件3_训练集,8516,a_降雨量_mm,缺失,
附件3_训练集,8539,a_降雨量_mm,缺失,
附件3_训练集,8581,a_降雨量_mm,缺失,
附件3_训练集,8600,a_降雨量_mm,缺失,
附件3_训练集,8615,a_降雨量_mm,缺失,
附件3_训练集,8626,a_降雨量_mm,缺失,
附件3_训练集,8631,a_降雨量_mm,缺失,
附件3_训练集,8636,a_降雨量_mm,缺失,
附件3_训练集,8643,a_降雨量_mm,缺失,
附件3_训练集,8651,a_降雨量_mm,缺失,
附件3_训练集,8661,a_降雨量_mm,缺失,
附件3_训练集,8669,a_降雨量_mm,缺失,
附件3_训练集,8735,a_降雨量_mm,缺失,
附件3_训练集,8763,a_降雨量_mm,缺失,
附件3_训练集,8765,a_降雨量_mm,缺失,
附件3_训练集,8773,a_降雨量_mm,缺失,
附件3_训练集,8810,a_降雨量_mm,缺失,
附件3_训练集,8821,a_降雨量_mm,缺失,
附件3_训练集,8839,a_降雨量_mm,缺失,
附件3_训练集,8841,a_降雨量_mm,缺失,
附件3_训练集,8858,a_降雨量_mm,缺失,
附件3_训练集,8873,a_降雨量_mm,缺失,
附件3_训练集,8940,a_降雨量_mm,缺失,
附件3_训练集,8960,a_降雨量_mm,缺失,
附件3_训练集,8972,a_降雨量_mm,缺失,
附件3_训练集,8980,a_降雨量_mm,缺失,
附件3_训练集,8983,a_降雨量_mm,缺失,
附件3_训练集,9007,a_降雨量_mm,缺失,
附件3_训练集,9011,a_降雨量_mm,缺失,
附件3_训练集,9027,a_降雨量_mm,缺失,
附件3_训练集,9048,a_降雨量_mm,缺失,
附件3_训练集,9049,a_降雨量_mm,缺失,
附件3_训练集,9105,a_降雨量_mm,缺失,
附件3_训练集,9126,a_降雨量_mm,缺失,
附件3_训练集,9130,a_降雨量_mm,缺失,
附件3_训练集,9134,a_降雨量_mm,缺失,
附件3_训练集,9138,a_降雨量_mm,缺失,
附件3_训练集,9139,a_降雨量_mm,缺失,
附件3_训练集,9153,a_降雨量_mm,缺失,
附件3_训练集,9167,a_降雨量_mm,缺失,
附件3_训练集,9175,a_降雨量_mm,缺失,
附件3_训练集,9182,a_降雨量_mm,缺失,
附件3_训练集,9185,a_降雨量_mm,缺失,
附件3_训练集,9195,a_降雨量_mm,缺失,
附件3_训练集,9218,a_降雨量_mm,缺失,
附件3_训练集,9221,a_降雨量_mm,缺失,
附件3_训练集,9249,a_降雨量_mm,缺失,
附件3_训练集,9271,a_降雨量_mm,缺失,
附件3_训练集,9309,a_降雨量_mm,缺失,
附件3_训练集,9315,a_降雨量_mm,缺失,
附件3_训练集,9329,a_降雨量_mm,缺失,
附件3_训练集,9339,a_降雨量_mm,缺失,
附件3_训练集,9353,a_降雨量_mm,缺失,
附件3_训练集,9360,a_降雨量_mm,缺失,
附件3_训练集,9362,a_降雨量_mm,缺失,
附件3_训练集,9365,a_降雨量_mm,缺失,
附件3_训练集,9368,a_降雨量_mm,缺失,
附件3_训练集,9405,a_降雨量_mm,缺失,
附件3_训练集,9443,a_降雨量_mm,缺失,
附件3_训练集,9473,a_降雨量_mm,缺失,
附件3_训练集,9514,a_降雨量_mm,缺失,
附件3_训练集,9526,a_降雨量_mm,缺失,
附件3_训练集,9535,a_降雨量_mm,缺失,
附件3_训练集,9538,a_降雨量_mm,缺失,
附件3_训练集,9582,a_降雨量_mm,缺失,
附件3_训练集,9600,a_降雨量_mm,缺失,
附件3_训练集,9613,a_降雨量_mm,缺失,
附件3_训练集,9637,a_降雨量_mm,缺失,
附件3_训练集,9653,a_降雨量_mm,缺失,
附件3_训练集,9669,a_降雨量_mm,缺失,
附件3_训练集,9682,a_降雨量_mm,缺失,
附件3_训练集,9696,a_降雨量_mm,缺失,
附件3_训练集,9702,a_降雨量_mm,缺失,
附件3_训练集,9705,a_降雨量_mm,缺失,
附件3_训练集,9711,a_降雨量_mm,缺失,
附件3_训练集,9712,a_降雨量_mm,缺失,
附件3_训练集,9733,a_降雨量_mm,缺失,
附件3_训练集,9738,a_降雨量_mm,缺失,
附件3_训练集,9774,a_降雨量_mm,缺失,
附件3_训练集,9779,a_降雨量_mm,缺失,
附件3_训练集,9782,a_降雨量_mm,缺失,
附件3_训练集,9816,a_降雨量_mm,缺失,
附件3_训练集,9821,a_降雨量_mm,缺失,
附件3_训练集,9865,a_降雨量_mm,缺失,
附件3_训练集,9869,a_降雨量_mm,缺失,
附件3_训练集,9896,a_降雨量_mm,缺失,
附件3_训练集,9903,a_降雨量_mm,缺失,
附件3_训练集,9906,a_降雨量_mm,缺失,
附件3_训练集,9913,a_降雨量_mm,缺失,
附件3_训练集,9916,a_降雨量_mm,缺失,
附件3_训练集,9959,a_降雨量_mm,缺失,
附件3_训练集,9982,a_降雨量_mm,缺失,
附件3_训练集,41,b_孔隙水压力_kPa,缺失,
附件3_训练集,56,b_孔隙水压力_kPa,缺失,
附件3_训练集,77,b_孔隙水压力_kPa,缺失,
附件3_训练集,145,b_孔隙水压力_kPa,缺失,
附件3_训练集,179,b_孔隙水压力_kPa,缺失,
附件3_训练集,180,b_孔隙水压力_kPa,缺失,
附件3_训练集,210,b_孔隙水压力_kPa,缺失,
附件3_训练集,224,b_孔隙水压力_kPa,缺失,
附件3_训练集,229,b_孔隙水压力_kPa,缺失,
附件3_训练集,233,b_孔隙水压力_kPa,缺失,
附件3_训练集,290,b_孔隙水压力_kPa,缺失,
附件3_训练集,297,b_孔隙水压力_kPa,缺失,
附件3_训练集,300,b_孔隙水压力_kPa,缺失,
附件3_训练集,321,b_孔隙水压力_kPa,缺失,
附件3_训练集,344,b_孔隙水压力_kPa,缺失,
附件3_训练集,354,b_孔隙水压力_kPa,缺失,
附件3_训练集,356,b_孔隙水压力_kPa,缺失,
附件3_训练集,360,b_孔隙水压力_kPa,缺失,
附件3_训练集,365,b_孔隙水压力_kPa,缺失,
附件3_训练集,373,b_孔隙水压力_kPa,缺失,
附件3_训练集,432,b_孔隙水压力_kPa,缺失,
附件3_训练集,477,b_孔隙水压力_kPa,缺失,
附件3_训练集,478,b_孔隙水压力_kPa,缺失,
附件3_训练集,493,b_孔隙水压力_kPa,缺失,
附件3_训练集,499,b_孔隙水压力_kPa,缺失,
附件3_训练集,512,b_孔隙水压力_kPa,缺失,
附件3_训练集,549,b_孔隙水压力_kPa,缺失,
附件3_训练集,592,b_孔隙水压力_kPa,缺失,
附件3_训练集,612,b_孔隙水压力_kPa,缺失,
附件3_训练集,629,b_孔隙水压力_kPa,缺失,
附件3_训练集,632,b_孔隙水压力_kPa,缺失,
附件3_训练集,669,b_孔隙水压力_kPa,缺失,
附件3_训练集,672,b_孔隙水压力_kPa,缺失,
附件3_训练集,714,b_孔隙水压力_kPa,缺失,
附件3_训练集,733,b_孔隙水压力_kPa,缺失,
附件3_训练集,740,b_孔隙水压力_kPa,缺失,
附件3_训练集,747,b_孔隙水压力_kPa,缺失,
附件3_训练集,763,b_孔隙水压力_kPa,缺失,
附件3_训练集,765,b_孔隙水压力_kPa,缺失,
附件3_训练集,775,b_孔隙水压力_kPa,缺失,
附件3_训练集,793,b_孔隙水压力_kPa,缺失,
附件3_训练集,801,b_孔隙水压力_kPa,缺失,
附件3_训练集,805,b_孔隙水压力_kPa,缺失,
附件3_训练集,847,b_孔隙水压力_kPa,缺失,
附件3_训练集,870,b_孔隙水压力_kPa,缺失,
附件3_训练集,876,b_孔隙水压力_kPa,缺失,
附件3_训练集,889,b_孔隙水压力_kPa,缺失,
附件3_训练集,939,b_孔隙水压力_kPa,缺失,
附件3_训练集,959,b_孔隙水压力_kPa,缺失,
附件3_训练集,973,b_孔隙水压力_kPa,缺失,
附件3_训练集,979,b_孔隙水压力_kPa,缺失,
附件3_训练集,984,b_孔隙水压力_kPa,缺失,
附件3_训练集,1026,b_孔隙水压力_kPa,缺失,
附件3_训练集,1029,b_孔隙水压力_kPa,缺失,
附件3_训练集,1034,b_孔隙水压力_kPa,缺失,
附件3_训练集,1090,b_孔隙水压力_kPa,缺失,
附件3_训练集,1136,b_孔隙水压力_kPa,缺失,
附件3_训练集,1165,b_孔隙水压力_kPa,缺失,
附件3_训练集,1171,b_孔隙水压力_kPa,缺失,
附件3_训练集,1216,b_孔隙水压力_kPa,缺失,
附件3_训练集,1243,b_孔隙水压力_kPa,缺失,
附件3_训练集,1251,b_孔隙水压力_kPa,缺失,
附件3_训练集,1303,b_孔隙水压力_kPa,缺失,
附件3_训练集,1309,b_孔隙水压力_kPa,缺失,
附件3_训练集,1330,b_孔隙水压力_kPa,缺失,
附件3_训练集,1332,b_孔隙水压力_kPa,缺失,
附件3_训练集,1354,b_孔隙水压力_kPa,缺失,
附件3_训练集,1424,b_孔隙水压力_kPa,缺失,
附件3_训练集,1465,b_孔隙水压力_kPa,缺失,
附件3_训练集,1482,b_孔隙水压力_kPa,缺失,
附件3_训练集,1497,b_孔隙水压力_kPa,缺失,
附件3_训练集,1500,b_孔隙水压力_kPa,缺失,
附件3_训练集,1512,b_孔隙水压力_kPa,缺失,
附件3_训练集,1528,b_孔隙水压力_kPa,缺失,
附件3_训练集,1566,b_孔隙水压力_kPa,缺失,
附件3_训练集,1584,b_孔隙水压力_kPa,缺失,
附件3_训练集,1604,b_孔隙水压力_kPa,缺失,
附件3_训练集,1615,b_孔隙水压力_kPa,缺失,
附件3_训练集,1643,b_孔隙水压力_kPa,缺失,
附件3_训练集,1646,b_孔隙水压力_kPa,缺失,
附件3_训练集,1663,b_孔隙水压力_kPa,缺失,
附件3_训练集,1682,b_孔隙水压力_kPa,缺失,
附件3_训练集,1702,b_孔隙水压力_kPa,缺失,
附件3_训练集,1756,b_孔隙水压力_kPa,缺失,
附件3_训练集,1758,b_孔隙水压力_kPa,缺失,
附件3_训练集,1762,b_孔隙水压力_kPa,缺失,
附件3_训练集,1769,b_孔隙水压力_kPa,缺失,
附件3_训练集,1773,b_孔隙水压力_kPa,缺失,
附件3_训练集,1788,b_孔隙水压力_kPa,缺失,
附件3_训练集,1791,b_孔隙水压力_kPa,缺失,
附件3_训练集,1849,b_孔隙水压力_kPa,缺失,
附件3_训练集,1876,b_孔隙水压力_kPa,缺失,
附件3_训练集,1894,b_孔隙水压力_kPa,缺失,
附件3_训练集,1896,b_孔隙水压力_kPa,缺失,
附件3_训练集,1953,b_孔隙水压力_kPa,缺失,
附件3_训练集,2010,b_孔隙水压力_kPa,缺失,
附件3_训练集,2043,b_孔隙水压力_kPa,缺失,
附件3_训练集,2054,b_孔隙水压力_kPa,缺失,
附件3_训练集,2116,b_孔隙水压力_kPa,缺失,
附件3_训练集,2146,b_孔隙水压力_kPa,缺失,
附件3_训练集,2207,b_孔隙水压力_kPa,缺失,
附件3_训练集,2248,b_孔隙水压力_kPa,缺失,
附件3_训练集,2251,b_孔隙水压力_kPa,缺失,
附件3_训练集,2312,b_孔隙水压力_kPa,缺失,
附件3_训练集,2379,b_孔隙水压力_kPa,缺失,
附件3_训练集,2381,b_孔隙水压力_kPa,缺失,
附件3_训练集,2389,b_孔隙水压力_kPa,缺失,
附件3_训练集,2416,b_孔隙水压力_kPa,缺失,
附件3_训练集,2456,b_孔隙水压力_kPa,缺失,
附件3_训练集,2501,b_孔隙水压力_kPa,缺失,
附件3_训练集,2525,b_孔隙水压力_kPa,缺失,
附件3_训练集,2566,b_孔隙水压力_kPa,缺失,
附件3_训练集,2583,b_孔隙水压力_kPa,缺失,
附件3_训练集,2588,b_孔隙水压力_kPa,缺失,
附件3_训练集,2620,b_孔隙水压力_kPa,缺失,
附件3_训练集,2725,b_孔隙水压力_kPa,缺失,
附件3_训练集,2748,b_孔隙水压力_kPa,缺失,
附件3_训练集,2749,b_孔隙水压力_kPa,缺失,
附件3_训练集,2754,b_孔隙水压力_kPa,缺失,
附件3_训练集,2778,b_孔隙水压力_kPa,缺失,
附件3_训练集,2796,b_孔隙水压力_kPa,缺失,
附件3_训练集,2839,b_孔隙水压力_kPa,缺失,
附件3_训练集,2841,b_孔隙水压力_kPa,缺失,
附件3_训练集,2852,b_孔隙水压力_kPa,缺失,
附件3_训练集,2883,b_孔隙水压力_kPa,缺失,
附件3_训练集,2886,b_孔隙水压力_kPa,缺失,
附件3_训练集,2902,b_孔隙水压力_kPa,缺失,
附件3_训练集,2956,b_孔隙水压力_kPa,缺失,
附件3_训练集,2972,b_孔隙水压力_kPa,缺失,
附件3_训练集,2997,b_孔隙水压力_kPa,缺失,
附件3_训练集,3022,b_孔隙水压力_kPa,缺失,
附件3_训练集,3054,b_孔隙水压力_kPa,缺失,
附件3_训练集,3106,b_孔隙水压力_kPa,缺失,
附件3_训练集,3109,b_孔隙水压力_kPa,缺失,
附件3_训练集,3130,b_孔隙水压力_kPa,缺失,
附件3_训练集,3147,b_孔隙水压力_kPa,缺失,
附件3_训练集,3188,b_孔隙水压力_kPa,缺失,
附件3_训练集,3195,b_孔隙水压力_kPa,缺失,
附件3_训练集,3208,b_孔隙水压力_kPa,缺失,
附件3_训练集,3237,b_孔隙水压力_kPa,缺失,
附件3_训练集,3260,b_孔隙水压力_kPa,缺失,
附件3_训练集,3274,b_孔隙水压力_kPa,缺失,
附件3_训练集,3334,b_孔隙水压力_kPa,缺失,
附件3_训练集,3372,b_孔隙水压力_kPa,缺失,
附件3_训练集,3377,b_孔隙水压力_kPa,缺失,
附件3_训练集,3391,b_孔隙水压力_kPa,缺失,
附件3_训练集,3397,b_孔隙水压力_kPa,缺失,
附件3_训练集,3425,b_孔隙水压力_kPa,缺失,
附件3_训练集,3429,b_孔隙水压力_kPa,缺失,
附件3_训练集,3468,b_孔隙水压力_kPa,缺失,
附件3_训练集,3501,b_孔隙水压力_kPa,缺失,
附件3_训练集,3566,b_孔隙水压力_kPa,缺失,
附件3_训练集,3582,b_孔隙水压力_kPa,缺失,
附件3_训练集,3602,b_孔隙水压力_kPa,缺失,
附件3_训练集,3616,b_孔隙水压力_kPa,缺失,
附件3_训练集,3644,b_孔隙水压力_kPa,缺失,
附件3_训练集,3670,b_孔隙水压力_kPa,缺失,
附件3_训练集,3680,b_孔隙水压力_kPa,缺失,
附件3_训练集,3685,b_孔隙水压力_kPa,缺失,
附件3_训练集,3729,b_孔隙水压力_kPa,缺失,
附件3_训练集,3755,b_孔隙水压力_kPa,缺失,
附件3_训练集,3794,b_孔隙水压力_kPa,缺失,
附件3_训练集,3799,b_孔隙水压力_kPa,缺失,
附件3_训练集,3803,b_孔隙水压力_kPa,缺失,
附件3_训练集,3827,b_孔隙水压力_kPa,缺失,
附件3_训练集,3830,b_孔隙水压力_kPa,缺失,
附件3_训练集,3856,b_孔隙水压力_kPa,缺失,
附件3_训练集,3890,b_孔隙水压力_kPa,缺失,
附件3_训练集,3892,b_孔隙水压力_kPa,缺失,
附件3_训练集,3911,b_孔隙水压力_kPa,缺失,
附件3_训练集,3946,b_孔隙水压力_kPa,缺失,
附件3_训练集,3948,b_孔隙水压力_kPa,缺失,
附件3_训练集,3977,b_孔隙水压力_kPa,缺失,
附件3_训练集,3984,b_孔隙水压力_kPa,缺失,
附件3_训练集,4014,b_孔隙水压力_kPa,缺失,
附件3_训练集,4044,b_孔隙水压力_kPa,缺失,
附件3_训练集,4055,b_孔隙水压力_kPa,缺失,
附件3_训练集,4062,b_孔隙水压力_kPa,缺失,
附件3_训练集,4077,b_孔隙水压力_kPa,缺失,
附件3_训练集,4101,b_孔隙水压力_kPa,缺失,
附件3_训练集,4126,b_孔隙水压力_kPa,缺失,
附件3_训练集,4172,b_孔隙水压力_kPa,缺失,
附件3_训练集,4187,b_孔隙水压力_kPa,缺失,
附件3_训练集,4201,b_孔隙水压力_kPa,缺失,
附件3_训练集,4224,b_孔隙水压力_kPa,缺失,
附件3_训练集,4239,b_孔隙水压力_kPa,缺失,
附件3_训练集,4242,b_孔隙水压力_kPa,缺失,
附件3_训练集,4244,b_孔隙水压力_kPa,缺失,
附件3_训练集,4273,b_孔隙水压力_kPa,缺失,
附件3_训练集,4277,b_孔隙水压力_kPa,缺失,
附件3_训练集,4280,b_孔隙水压力_kPa,缺失,
附件3_训练集,4290,b_孔隙水压力_kPa,缺失,
附件3_训练集,4291,b_孔隙水压力_kPa,缺失,
附件3_训练集,4292,b_孔隙水压力_kPa,缺失,
附件3_训练集,4302,b_孔隙水压力_kPa,缺失,
附件3_训练集,4327,b_孔隙水压力_kPa,缺失,
附件3_训练集,4375,b_孔隙水压力_kPa,缺失,
附件3_训练集,4407,b_孔隙水压力_kPa,缺失,
附件3_训练集,4423,b_孔隙水压力_kPa,缺失,
附件3_训练集,4428,b_孔隙水压力_kPa,缺失,
附件3_训练集,4431,b_孔隙水压力_kPa,缺失,
附件3_训练集,4467,b_孔隙水压力_kPa,缺失,
附件3_训练集,4474,b_孔隙水压力_kPa,缺失,
附件3_训练集,4491,b_孔隙水压力_kPa,缺失,
附件3_训练集,4495,b_孔隙水压力_kPa,缺失,
附件3_训练集,4500,b_孔隙水压力_kPa,缺失,
附件3_训练集,4531,b_孔隙水压力_kPa,缺失,
附件3_训练集,4551,b_孔隙水压力_kPa,缺失,
附件3_训练集,4563,b_孔隙水压力_kPa,缺失,
附件3_训练集,4614,b_孔隙水压力_kPa,缺失,
附件3_训练集,4615,b_孔隙水压力_kPa,缺失,
附件3_训练集,4636,b_孔隙水压力_kPa,缺失,
附件3_训练集,4638,b_孔隙水压力_kPa,缺失,
附件3_训练集,4643,b_孔隙水压力_kPa,缺失,
附件3_训练集,4673,b_孔隙水压力_kPa,缺失,
附件3_训练集,4695,b_孔隙水压力_kPa,缺失,
附件3_训练集,4721,b_孔隙水压力_kPa,缺失,
附件3_训练集,4766,b_孔隙水压力_kPa,缺失,
附件3_训练集,4783,b_孔隙水压力_kPa,缺失,
附件3_训练集,4799,b_孔隙水压力_kPa,缺失,
附件3_训练集,4814,b_孔隙水压力_kPa,缺失,
附件3_训练集,4828,b_孔隙水压力_kPa,缺失,
附件3_训练集,4830,b_孔隙水压力_kPa,缺失,
附件3_训练集,4870,b_孔隙水压力_kPa,缺失,
附件3_训练集,4882,b_孔隙水压力_kPa,缺失,
附件3_训练集,4890,b_孔隙水压力_kPa,缺失,
附件3_训练集,4907,b_孔隙水压力_kPa,缺失,
附件3_训练集,4910,b_孔隙水压力_kPa,缺失,
附件3_训练集,4913,b_孔隙水压力_kPa,缺失,
附件3_训练集,4955,b_孔隙水压力_kPa,缺失,
附件3_训练集,4963,b_孔隙水压力_kPa,缺失,
附件3_训练集,4971,b_孔隙水压力_kPa,缺失,
附件3_训练集,4985,b_孔隙水压力_kPa,缺失,
附件3_训练集,4994,b_孔隙水压力_kPa,缺失,
附件3_训练集,5000,b_孔隙水压力_kPa,缺失,
附件3_训练集,5007,b_孔隙水压力_kPa,缺失,
附件3_训练集,5009,b_孔隙水压力_kPa,缺失,
附件3_训练集,5014,b_孔隙水压力_kPa,缺失,
附件3_训练集,5024,b_孔隙水压力_kPa,缺失,
附件3_训练集,5044,b_孔隙水压力_kPa,缺失,
附件3_训练集,5055,b_孔隙水压力_kPa,缺失,
附件3_训练集,5060,b_孔隙水压力_kPa,缺失,
附件3_训练集,5064,b_孔隙水压力_kPa,缺失,
附件3_训练集,5070,b_孔隙水压力_kPa,缺失,
附件3_训练集,5083,b_孔隙水压力_kPa,缺失,
附件3_训练集,5124,b_孔隙水压力_kPa,缺失,
附件3_训练集,5138,b_孔隙水压力_kPa,缺失,
附件3_训练集,5217,b_孔隙水压力_kPa,缺失,
附件3_训练集,5230,b_孔隙水压力_kPa,缺失,
附件3_训练集,5235,b_孔隙水压力_kPa,缺失,
附件3_训练集,5288,b_孔隙水压力_kPa,缺失,
附件3_训练集,5292,b_孔隙水压力_kPa,缺失,
附件3_训练集,5319,b_孔隙水压力_kPa,缺失,
附件3_训练集,5322,b_孔隙水压力_kPa,缺失,
附件3_训练集,5345,b_孔隙水压力_kPa,缺失,
附件3_训练集,5353,b_孔隙水压力_kPa,缺失,
附件3_训练集,5358,b_孔隙水压力_kPa,缺失,
附件3_训练集,5373,b_孔隙水压力_kPa,缺失,
附件3_训练集,5414,b_孔隙水压力_kPa,缺失,
附件3_训练集,5439,b_孔隙水压力_kPa,缺失,
附件3_训练集,5548,b_孔隙水压力_kPa,缺失,
附件3_训练集,5610,b_孔隙水压力_kPa,缺失,
附件3_训练集,5657,b_孔隙水压力_kPa,缺失,
附件3_训练集,5660,b_孔隙水压力_kPa,缺失,
附件3_训练集,5682,b_孔隙水压力_kPa,缺失,
附件3_训练集,5730,b_孔隙水压力_kPa,缺失,
附件3_训练集,5751,b_孔隙水压力_kPa,缺失,
附件3_训练集,5758,b_孔隙水压力_kPa,缺失,
附件3_训练集,5780,b_孔隙水压力_kPa,缺失,
附件3_训练集,5817,b_孔隙水压力_kPa,缺失,
附件3_训练集,5880,b_孔隙水压力_kPa,缺失,
附件3_训练集,5900,b_孔隙水压力_kPa,缺失,
附件3_训练集,5903,b_孔隙水压力_kPa,缺失,
附件3_训练集,6001,b_孔隙水压力_kPa,缺失,
附件3_训练集,6013,b_孔隙水压力_kPa,缺失,
附件3_训练集,6014,b_孔隙水压力_kPa,缺失,
附件3_训练集,6030,b_孔隙水压力_kPa,缺失,
附件3_训练集,6056,b_孔隙水压力_kPa,缺失,
附件3_训练集,6058,b_孔隙水压力_kPa,缺失,
附件3_训练集,6060,b_孔隙水压力_kPa,缺失,
附件3_训练集,6073,b_孔隙水压力_kPa,缺失,
附件3_训练集,6079,b_孔隙水压力_kPa,缺失,
附件3_训练集,6120,b_孔隙水压力_kPa,缺失,
附件3_训练集,6158,b_孔隙水压力_kPa,缺失,
附件3_训练集,6184,b_孔隙水压力_kPa,缺失,
附件3_训练集,6192,b_孔隙水压力_kPa,缺失,
附件3_训练集,6211,b_孔隙水压力_kPa,缺失,
附件3_训练集,6238,b_孔隙水压力_kPa,缺失,
附件3_训练集,6304,b_孔隙水压力_kPa,缺失,
附件3_训练集,6305,b_孔隙水压力_kPa,缺失,
附件3_训练集,6313,b_孔隙水压力_kPa,缺失,
附件3_训练集,6361,b_孔隙水压力_kPa,缺失,
附件3_训练集,6362,b_孔隙水压力_kPa,缺失,
附件3_训练集,6393,b_孔隙水压力_kPa,缺失,
附件3_训练集,6409,b_孔隙水压力_kPa,缺失,
附件3_训练集,6416,b_孔隙水压力_kPa,缺失,
附件3_训练集,6439,b_孔隙水压力_kPa,缺失,
附件3_训练集,6453,b_孔隙水压力_kPa,缺失,
附件3_训练集,6468,b_孔隙水压力_kPa,缺失,
附件3_训练集,6478,b_孔隙水压力_kPa,缺失,
附件3_训练集,6493,b_孔隙水压力_kPa,缺失,
附件3_训练集,6531,b_孔隙水压力_kPa,缺失,
附件3_训练集,6539,b_孔隙水压力_kPa,缺失,
附件3_训练集,6544,b_孔隙水压力_kPa,缺失,
附件3_训练集,6563,b_孔隙水压力_kPa,缺失,
附件3_训练集,6590,b_孔隙水压力_kPa,缺失,
附件3_训练集,6607,b_孔隙水压力_kPa,缺失,
附件3_训练集,6611,b_孔隙水压力_kPa,缺失,
附件3_训练集,6632,b_孔隙水压力_kPa,缺失,
附件3_训练集,6637,b_孔隙水压力_kPa,缺失,
附件3_训练集,6661,b_孔隙水压力_kPa,缺失,
附件3_训练集,6676,b_孔隙水压力_kPa,缺失,
附件3_训练集,6685,b_孔隙水压力_kPa,缺失,
附件3_训练集,6694,b_孔隙水压力_kPa,缺失,
附件3_训练集,6735,b_孔隙水压力_kPa,缺失,
附件3_训练集,6746,b_孔隙水压力_kPa,缺失,
附件3_训练集,6758,b_孔隙水压力_kPa,缺失,
附件3_训练集,6768,b_孔隙水压力_kPa,缺失,
附件3_训练集,6784,b_孔隙水压力_kPa,缺失,
附件3_训练集,6797,b_孔隙水压力_kPa,缺失,
附件3_训练集,6830,b_孔隙水压力_kPa,缺失,
附件3_训练集,6845,b_孔隙水压力_kPa,缺失,
附件3_训练集,6852,b_孔隙水压力_kPa,缺失,
附件3_训练集,6853,b_孔隙水压力_kPa,缺失,
附件3_训练集,6861,b_孔隙水压力_kPa,缺失,
附件3_训练集,6888,b_孔隙水压力_kPa,缺失,
附件3_训练集,6897,b_孔隙水压力_kPa,缺失,
附件3_训练集,6906,b_孔隙水压力_kPa,缺失,
附件3_训练集,6913,b_孔隙水压力_kPa,缺失,
附件3_训练集,6922,b_孔隙水压力_kPa,缺失,
附件3_训练集,6934,b_孔隙水压力_kPa,缺失,
附件3_训练集,6962,b_孔隙水压力_kPa,缺失,
附件3_训练集,6968,b_孔隙水压力_kPa,缺失,
附件3_训练集,7048,b_孔隙水压力_kPa,缺失,
附件3_训练集,7078,b_孔隙水压力_kPa,缺失,
附件3_训练集,7102,b_孔隙水压力_kPa,缺失,
附件3_训练集,7109,b_孔隙水压力_kPa,缺失,
附件3_训练集,7151,b_孔隙水压力_kPa,缺失,
附件3_训练集,7234,b_孔隙水压力_kPa,缺失,
附件3_训练集,7288,b_孔隙水压力_kPa,缺失,
附件3_训练集,7296,b_孔隙水压力_kPa,缺失,
附件3_训练集,7309,b_孔隙水压力_kPa,缺失,
附件3_训练集,7310,b_孔隙水压力_kPa,缺失,
附件3_训练集,7332,b_孔隙水压力_kPa,缺失,
附件3_训练集,7355,b_孔隙水压力_kPa,缺失,
附件3_训练集,7380,b_孔隙水压力_kPa,缺失,
附件3_训练集,7447,b_孔隙水压力_kPa,缺失,
附件3_训练集,7450,b_孔隙水压力_kPa,缺失,
附件3_训练集,7462,b_孔隙水压力_kPa,缺失,
附件3_训练集,7465,b_孔隙水压力_kPa,缺失,
附件3_训练集,7475,b_孔隙水压力_kPa,缺失,
附件3_训练集,7478,b_孔隙水压力_kPa,缺失,
附件3_训练集,7516,b_孔隙水压力_kPa,缺失,
附件3_训练集,7546,b_孔隙水压力_kPa,缺失,
附件3_训练集,7548,b_孔隙水压力_kPa,缺失,
附件3_训练集,7549,b_孔隙水压力_kPa,缺失,
附件3_训练集,7555,b_孔隙水压力_kPa,缺失,
附件3_训练集,7571,b_孔隙水压力_kPa,缺失,
附件3_训练集,7572,b_孔隙水压力_kPa,缺失,
附件3_训练集,7629,b_孔隙水压力_kPa,缺失,
附件3_训练集,7669,b_孔隙水压力_kPa,缺失,
附件3_训练集,7714,b_孔隙水压力_kPa,缺失,
附件3_训练集,7721,b_孔隙水压力_kPa,缺失,
附件3_训练集,7725,b_孔隙水压力_kPa,缺失,
附件3_训练集,7755,b_孔隙水压力_kPa,缺失,
附件3_训练集,7782,b_孔隙水压力_kPa,缺失,
附件3_训练集,7783,b_孔隙水压力_kPa,缺失,
附件3_训练集,7814,b_孔隙水压力_kPa,缺失,
附件3_训练集,7815,b_孔隙水压力_kPa,缺失,
附件3_训练集,7826,b_孔隙水压力_kPa,缺失,
附件3_训练集,7831,b_孔隙水压力_kPa,缺失,
附件3_训练集,7840,b_孔隙水压力_kPa,缺失,
附件3_训练集,7864,b_孔隙水压力_kPa,缺失,
附件3_训练集,7922,b_孔隙水压力_kPa,缺失,
附件3_训练集,7933,b_孔隙水压力_kPa,缺失,
附件3_训练集,7935,b_孔隙水压力_kPa,缺失,
附件3_训练集,7938,b_孔隙水压力_kPa,缺失,
附件3_训练集,7950,b_孔隙水压力_kPa,缺失,
附件3_训练集,8000,b_孔隙水压力_kPa,缺失,
附件3_训练集,8013,b_孔隙水压力_kPa,缺失,
附件3_训练集,8021,b_孔隙水压力_kPa,缺失,
附件3_训练集,8083,b_孔隙水压力_kPa,缺失,
附件3_训练集,8102,b_孔隙水压力_kPa,缺失,
附件3_训练集,8132,b_孔隙水压力_kPa,缺失,
附件3_训练集,8133,b_孔隙水压力_kPa,缺失,
附件3_训练集,8146,b_孔隙水压力_kPa,缺失,
附件3_训练集,8157,b_孔隙水压力_kPa,缺失,
附件3_训练集,8195,b_孔隙水压力_kPa,缺失,
附件3_训练集,8217,b_孔隙水压力_kPa,缺失,
附件3_训练集,8238,b_孔隙水压力_kPa,缺失,
附件3_训练集,8244,b_孔隙水压力_kPa,缺失,
附件3_训练集,8272,b_孔隙水压力_kPa,缺失,
附件3_训练集,8299,b_孔隙水压力_kPa,缺失,
附件3_训练集,8327,b_孔隙水压力_kPa,缺失,
附件3_训练集,8350,b_孔隙水压力_kPa,缺失,
附件3_训练集,8377,b_孔隙水压力_kPa,缺失,
附件3_训练集,8388,b_孔隙水压力_kPa,缺失,
附件3_训练集,8395,b_孔隙水压力_kPa,缺失,
附件3_训练集,8410,b_孔隙水压力_kPa,缺失,
附件3_训练集,8456,b_孔隙水压力_kPa,缺失,
附件3_训练集,8457,b_孔隙水压力_kPa,缺失,
附件3_训练集,8460,b_孔隙水压力_kPa,缺失,
附件3_训练集,8461,b_孔隙水压力_kPa,缺失,
附件3_训练集,8492,b_孔隙水压力_kPa,缺失,
附件3_训练集,8528,b_孔隙水压力_kPa,缺失,
附件3_训练集,8530,b_孔隙水压力_kPa,缺失,
附件3_训练集,8557,b_孔隙水压力_kPa,缺失,
附件3_训练集,8576,b_孔隙水压力_kPa,缺失,
附件3_训练集,8585,b_孔隙水压力_kPa,缺失,
附件3_训练集,8616,b_孔隙水压力_kPa,缺失,
附件3_训练集,8689,b_孔隙水压力_kPa,缺失,
附件3_训练集,8696,b_孔隙水压力_kPa,缺失,
附件3_训练集,8702,b_孔隙水压力_kPa,缺失,
附件3_训练集,8708,b_孔隙水压力_kPa,缺失,
附件3_训练集,8719,b_孔隙水压力_kPa,缺失,
附件3_训练集,8775,b_孔隙水压力_kPa,缺失,
附件3_训练集,8779,b_孔隙水压力_kPa,缺失,
附件3_训练集,8783,b_孔隙水压力_kPa,缺失,
附件3_训练集,8822,b_孔隙水压力_kPa,缺失,
附件3_训练集,8826,b_孔隙水压力_kPa,缺失,
附件3_训练集,8856,b_孔隙水压力_kPa,缺失,
附件3_训练集,8912,b_孔隙水压力_kPa,缺失,
附件3_训练集,8944,b_孔隙水压力_kPa,缺失,
附件3_训练集,8964,b_孔隙水压力_kPa,缺失,
附件3_训练集,8974,b_孔隙水压力_kPa,缺失,
附件3_训练集,9011,b_孔隙水压力_kPa,缺失,
附件3_训练集,9047,b_孔隙水压力_kPa,缺失,
附件3_训练集,9073,b_孔隙水压力_kPa,缺失,
附件3_训练集,9076,b_孔隙水压力_kPa,缺失,
附件3_训练集,9087,b_孔隙水压力_kPa,缺失,
附件3_训练集,9094,b_孔隙水压力_kPa,缺失,
附件3_训练集,9139,b_孔隙水压力_kPa,缺失,
附件3_训练集,9195,b_孔隙水压力_kPa,缺失,
附件3_训练集,9227,b_孔隙水压力_kPa,缺失,
附件3_训练集,9232,b_孔隙水压力_kPa,缺失,
附件3_训练集,9234,b_孔隙水压力_kPa,缺失,
附件3_训练集,9243,b_孔隙水压力_kPa,缺失,
附件3_训练集,9266,b_孔隙水压力_kPa,缺失,
附件3_训练集,9292,b_孔隙水压力_kPa,缺失,
附件3_训练集,9296,b_孔隙水压力_kPa,缺失,
附件3_训练集,9381,b_孔隙水压力_kPa,缺失,
附件3_训练集,9409,b_孔隙水压力_kPa,缺失,
附件3_训练集,9413,b_孔隙水压力_kPa,缺失,
附件3_训练集,9443,b_孔隙水压力_kPa,缺失,
附件3_训练集,9445,b_孔隙水压力_kPa,缺失,
附件3_训练集,9452,b_孔隙水压力_kPa,缺失,
附件3_训练集,9454,b_孔隙水压力_kPa,缺失,
附件3_训练集,9457,b_孔隙水压力_kPa,缺失,
附件3_训练集,9463,b_孔隙水压力_kPa,缺失,
附件3_训练集,9484,b_孔隙水压力_kPa,缺失,
附件3_训练集,9488,b_孔隙水压力_kPa,缺失,
附件3_训练集,9541,b_孔隙水压力_kPa,缺失,
附件3_训练集,9550,b_孔隙水压力_kPa,缺失,
附件3_训练集,9553,b_孔隙水压力_kPa,缺失,
附件3_训练集,9558,b_孔隙水压力_kPa,缺失,
附件3_训练集,9562,b_孔隙水压力_kPa,缺失,
附件3_训练集,9563,b_孔隙水压力_kPa,缺失,
附件3_训练集,9580,b_孔隙水压力_kPa,缺失,
附件3_训练集,9593,b_孔隙水压力_kPa,缺失,
附件3_训练集,9609,b_孔隙水压力_kPa,缺失,
附件3_训练集,9646,b_孔隙水压力_kPa,缺失,
附件3_训练集,9662,b_孔隙水压力_kPa,缺失,
附件3_训练集,9668,b_孔隙水压力_kPa,缺失,
附件3_训练集,9687,b_孔隙水压力_kPa,缺失,
附件3_训练集,9697,b_孔隙水压力_kPa,缺失,
附件3_训练集,9704,b_孔隙水压力_kPa,缺失,
附件3_训练集,9737,b_孔隙水压力_kPa,缺失,
附件3_训练集,9769,b_孔隙水压力_kPa,缺失,
附件3_训练集,9800,b_孔隙水压力_kPa,缺失,
附件3_训练集,9802,b_孔隙水压力_kPa,缺失,
附件3_训练集,9916,b_孔隙水压力_kPa,缺失,
附件3_训练集,9930,b_孔隙水压力_kPa,缺失,
附件3_训练集,9940,b_孔隙水压力_kPa,缺失,
附件3_训练集,9984,b_孔隙水压力_kPa,缺失,
附件3_训练集,9988,b_孔隙水压力_kPa,缺失,
附件3_训练集,16,c_微震事件数,缺失,
附件3_训练集,35,c_微震事件数,缺失,
附件3_训练集,69,c_微震事件数,缺失,
附件3_训练集,104,c_微震事件数,缺失,
附件3_训练集,116,c_微震事件数,缺失,
附件3_训练集,137,c_微震事件数,缺失,
附件3_训练集,146,c_微震事件数,缺失,
附件3_训练集,177,c_微震事件数,缺失,
附件3_训练集,179,c_微震事件数,缺失,
附件3_训练集,180,c_微震事件数,缺失,
附件3_训练集,190,c_微震事件数,缺失,
附件3_训练集,203,c_微震事件数,缺失,
附件3_训练集,212,c_微震事件数,缺失,
附件3_训练集,239,c_微震事件数,缺失,
附件3_训练集,253,c_微震事件数,缺失,
附件3_训练集,256,c_微震事件数,缺失,
附件3_训练集,259,c_微震事件数,缺失,
附件3_训练集,260,c_微震事件数,缺失,
附件3_训练集,287,c_微震事件数,缺失,
附件3_训练集,323,c_微震事件数,缺失,
附件3_训练集,330,c_微震事件数,缺失,
附件3_训练集,336,c_微震事件数,缺失,
附件3_训练集,351,c_微震事件数,缺失,
附件3_训练集,393,c_微震事件数,缺失,
附件3_训练集,403,c_微震事件数,缺失,
附件3_训练集,415,c_微震事件数,缺失,
附件3_训练集,416,c_微震事件数,缺失,
附件3_训练集,434,c_微震事件数,缺失,
附件3_训练集,435,c_微震事件数,缺失,
附件3_训练集,439,c_微震事件数,缺失,
附件3_训练集,474,c_微震事件数,缺失,
附件3_训练集,477,c_微震事件数,缺失,
附件3_训练集,480,c_微震事件数,缺失,
附件3_训练集,513,c_微震事件数,缺失,
附件3_训练集,720,c_微震事件数,缺失,
附件3_训练集,752,c_微震事件数,缺失,
附件3_训练集,771,c_微震事件数,缺失,
附件3_训练集,778,c_微震事件数,缺失,
附件3_训练集,793,c_微震事件数,缺失,
附件3_训练集,795,c_微震事件数,缺失,
附件3_训练集,804,c_微震事件数,缺失,
附件3_训练集,806,c_微震事件数,缺失,
附件3_训练集,809,c_微震事件数,缺失,
附件3_训练集,850,c_微震事件数,缺失,
附件3_训练集,851,c_微震事件数,缺失,
附件3_训练集,866,c_微震事件数,缺失,
附件3_训练集,890,c_微震事件数,缺失,
附件3_训练集,900,c_微震事件数,缺失,
附件3_训练集,933,c_微震事件数,缺失,
附件3_训练集,937,c_微震事件数,缺失,
附件3_训练集,980,c_微震事件数,缺失,
附件3_训练集,1011,c_微震事件数,缺失,
附件3_训练集,1040,c_微震事件数,缺失,
附件3_训练集,1046,c_微震事件数,缺失,
附件3_训练集,1049,c_微震事件数,缺失,
附件3_训练集,1093,c_微震事件数,缺失,
附件3_训练集,1105,c_微震事件数,缺失,
附件3_训练集,1108,c_微震事件数,缺失,
附件3_训练集,1110,c_微震事件数,缺失,
附件3_训练集,1121,c_微震事件数,缺失,
附件3_训练集,1173,c_微震事件数,缺失,
附件3_训练集,1181,c_微震事件数,缺失,
附件3_训练集,1230,c_微震事件数,缺失,
附件3_训练集,1234,c_微震事件数,缺失,
附件3_训练集,1322,c_微震事件数,缺失,
附件3_训练集,1330,c_微震事件数,缺失,
附件3_训练集,1366,c_微震事件数,缺失,
附件3_训练集,1393,c_微震事件数,缺失,
附件3_训练集,1404,c_微震事件数,缺失,
附件3_训练集,1456,c_微震事件数,缺失,
附件3_训练集,1466,c_微震事件数,缺失,
附件3_训练集,1474,c_微震事件数,缺失,
附件3_训练集,1479,c_微震事件数,缺失,
附件3_训练集,1498,c_微震事件数,缺失,
附件3_训练集,1521,c_微震事件数,缺失,
附件3_训练集,1530,c_微震事件数,缺失,
附件3_训练集,1533,c_微震事件数,缺失,
附件3_训练集,1542,c_微震事件数,缺失,
附件3_训练集,1543,c_微震事件数,缺失,
附件3_训练集,1604,c_微震事件数,缺失,
附件3_训练集,1608,c_微震事件数,缺失,
附件3_训练集,1609,c_微震事件数,缺失,
附件3_训练集,1658,c_微震事件数,缺失,
附件3_训练集,1678,c_微震事件数,缺失,
附件3_训练集,1695,c_微震事件数,缺失,
附件3_训练集,1737,c_微震事件数,缺失,
附件3_训练集,1768,c_微震事件数,缺失,
附件3_训练集,1811,c_微震事件数,缺失,
附件3_训练集,1812,c_微震事件数,缺失,
附件3_训练集,1817,c_微震事件数,缺失,
附件3_训练集,1846,c_微震事件数,缺失,
附件3_训练集,1873,c_微震事件数,缺失,
附件3_训练集,1882,c_微震事件数,缺失,
附件3_训练集,1898,c_微震事件数,缺失,
附件3_训练集,1909,c_微震事件数,缺失,
附件3_训练集,1960,c_微震事件数,缺失,
附件3_训练集,1963,c_微震事件数,缺失,
附件3_训练集,1972,c_微震事件数,缺失,
附件3_训练集,1973,c_微震事件数,缺失,
附件3_训练集,1988,c_微震事件数,缺失,
附件3_训练集,2004,c_微震事件数,缺失,
附件3_训练集,2048,c_微震事件数,缺失,
附件3_训练集,2061,c_微震事件数,缺失,
附件3_训练集,2064,c_微震事件数,缺失,
附件3_训练集,2069,c_微震事件数,缺失,
附件3_训练集,2142,c_微震事件数,缺失,
附件3_训练集,2154,c_微震事件数,缺失,
附件3_训练集,2237,c_微震事件数,缺失,
附件3_训练集,2246,c_微震事件数,缺失,
附件3_训练集,2253,c_微震事件数,缺失,
附件3_训练集,2257,c_微震事件数,缺失,
附件3_训练集,2273,c_微震事件数,缺失,
附件3_训练集,2303,c_微震事件数,缺失,
附件3_训练集,2309,c_微震事件数,缺失,
附件3_训练集,2334,c_微震事件数,缺失,
附件3_训练集,2349,c_微震事件数,缺失,
附件3_训练集,2350,c_微震事件数,缺失,
附件3_训练集,2385,c_微震事件数,缺失,
附件3_训练集,2411,c_微震事件数,缺失,
附件3_训练集,2445,c_微震事件数,缺失,
附件3_训练集,2488,c_微震事件数,缺失,
附件3_训练集,2494,c_微震事件数,缺失,
附件3_训练集,2504,c_微震事件数,缺失,
附件3_训练集,2561,c_微震事件数,缺失,
附件3_训练集,2573,c_微震事件数,缺失,
附件3_训练集,2574,c_微震事件数,缺失,
附件3_训练集,2577,c_微震事件数,缺失,
附件3_训练集,2590,c_微震事件数,缺失,
附件3_训练集,2610,c_微震事件数,缺失,
附件3_训练集,2615,c_微震事件数,缺失,
附件3_训练集,2618,c_微震事件数,缺失,
附件3_训练集,2623,c_微震事件数,缺失,
附件3_训练集,2642,c_微震事件数,缺失,
附件3_训练集,2649,c_微震事件数,缺失,
附件3_训练集,2650,c_微震事件数,缺失,
附件3_训练集,2663,c_微震事件数,缺失,
附件3_训练集,2703,c_微震事件数,缺失,
附件3_训练集,2726,c_微震事件数,缺失,
附件3_训练集,2737,c_微震事件数,缺失,
附件3_训练集,2758,c_微震事件数,缺失,
附件3_训练集,2782,c_微震事件数,缺失,
附件3_训练集,2793,c_微震事件数,缺失,
附件3_训练集,2807,c_微震事件数,缺失,
附件3_训练集,2830,c_微震事件数,缺失,
附件3_训练集,2855,c_微震事件数,缺失,
附件3_训练集,2856,c_微震事件数,缺失,
附件3_训练集,2857,c_微震事件数,缺失,
附件3_训练集,2887,c_微震事件数,缺失,
附件3_训练集,2892,c_微震事件数,缺失,
附件3_训练集,2895,c_微震事件数,缺失,
附件3_训练集,2899,c_微震事件数,缺失,
附件3_训练集,2916,c_微震事件数,缺失,
附件3_训练集,2917,c_微震事件数,缺失,
附件3_训练集,2937,c_微震事件数,缺失,
附件3_训练集,2957,c_微震事件数,缺失,
附件3_训练集,2965,c_微震事件数,缺失,
附件3_训练集,2978,c_微震事件数,缺失,
附件3_训练集,2979,c_微震事件数,缺失,
附件3_训练集,2982,c_微震事件数,缺失,
附件3_训练集,3006,c_微震事件数,缺失,
附件3_训练集,3009,c_微震事件数,缺失,
附件3_训练集,3043,c_微震事件数,缺失,
附件3_训练集,3056,c_微震事件数,缺失,
附件3_训练集,3057,c_微震事件数,缺失,
附件3_训练集,3113,c_微震事件数,缺失,
附件3_训练集,3151,c_微震事件数,缺失,
附件3_训练集,3197,c_微震事件数,缺失,
附件3_训练集,3263,c_微震事件数,缺失,
附件3_训练集,3279,c_微震事件数,缺失,
附件3_训练集,3291,c_微震事件数,缺失,
附件3_训练集,3302,c_微震事件数,缺失,
附件3_训练集,3313,c_微震事件数,缺失,
附件3_训练集,3353,c_微震事件数,缺失,
附件3_训练集,3363,c_微震事件数,缺失,
附件3_训练集,3429,c_微震事件数,缺失,
附件3_训练集,3438,c_微震事件数,缺失,
附件3_训练集,3443,c_微震事件数,缺失,
附件3_训练集,3452,c_微震事件数,缺失,
附件3_训练集,3461,c_微震事件数,缺失,
附件3_训练集,3469,c_微震事件数,缺失,
附件3_训练集,3498,c_微震事件数,缺失,
附件3_训练集,3517,c_微震事件数,缺失,
附件3_训练集,3564,c_微震事件数,缺失,
附件3_训练集,3570,c_微震事件数,缺失,
附件3_训练集,3579,c_微震事件数,缺失,
附件3_训练集,3585,c_微震事件数,缺失,
附件3_训练集,3586,c_微震事件数,缺失,
附件3_训练集,3609,c_微震事件数,缺失,
附件3_训练集,3669,c_微震事件数,缺失,
附件3_训练集,3692,c_微震事件数,缺失,
附件3_训练集,3713,c_微震事件数,缺失,
附件3_训练集,3794,c_微震事件数,缺失,
附件3_训练集,3805,c_微震事件数,缺失,
附件3_训练集,3810,c_微震事件数,缺失,
附件3_训练集,3826,c_微震事件数,缺失,
附件3_训练集,3845,c_微震事件数,缺失,
附件3_训练集,3876,c_微震事件数,缺失,
附件3_训练集,3892,c_微震事件数,缺失,
附件3_训练集,3905,c_微震事件数,缺失,
附件3_训练集,3935,c_微震事件数,缺失,
附件3_训练集,3969,c_微震事件数,缺失,
附件3_训练集,3982,c_微震事件数,缺失,
附件3_训练集,3990,c_微震事件数,缺失,
附件3_训练集,4001,c_微震事件数,缺失,
附件3_训练集,4008,c_微震事件数,缺失,
附件3_训练集,4038,c_微震事件数,缺失,
附件3_训练集,4072,c_微震事件数,缺失,
附件3_训练集,4093,c_微震事件数,缺失,
附件3_训练集,4096,c_微震事件数,缺失,
附件3_训练集,4101,c_微震事件数,缺失,
附件3_训练集,4159,c_微震事件数,缺失,
附件3_训练集,4186,c_微震事件数,缺失,
附件3_训练集,4220,c_微震事件数,缺失,
附件3_训练集,4236,c_微震事件数,缺失,
附件3_训练集,4264,c_微震事件数,缺失,
附件3_训练集,4270,c_微震事件数,缺失,
附件3_训练集,4289,c_微震事件数,缺失,
附件3_训练集,4302,c_微震事件数,缺失,
附件3_训练集,4334,c_微震事件数,缺失,
附件3_训练集,4335,c_微震事件数,缺失,
附件3_训练集,4345,c_微震事件数,缺失,
附件3_训练集,4362,c_微震事件数,缺失,
附件3_训练集,4425,c_微震事件数,缺失,
附件3_训练集,4557,c_微震事件数,缺失,
附件3_训练集,4561,c_微震事件数,缺失,
附件3_训练集,4602,c_微震事件数,缺失,
附件3_训练集,4611,c_微震事件数,缺失,
附件3_训练集,4633,c_微震事件数,缺失,
附件3_训练集,4640,c_微震事件数,缺失,
附件3_训练集,4690,c_微震事件数,缺失,
附件3_训练集,4701,c_微震事件数,缺失,
附件3_训练集,4718,c_微震事件数,缺失,
附件3_训练集,4720,c_微震事件数,缺失,
附件3_训练集,4754,c_微震事件数,缺失,
附件3_训练集,4755,c_微震事件数,缺失,
附件3_训练集,4758,c_微震事件数,缺失,
附件3_训练集,4799,c_微震事件数,缺失,
附件3_训练集,4823,c_微震事件数,缺失,
附件3_训练集,4829,c_微震事件数,缺失,
附件3_训练集,4845,c_微震事件数,缺失,
附件3_训练集,4850,c_微震事件数,缺失,
附件3_训练集,4855,c_微震事件数,缺失,
附件3_训练集,4878,c_微震事件数,缺失,
附件3_训练集,4882,c_微震事件数,缺失,
附件3_训练集,4887,c_微震事件数,缺失,
附件3_训练集,4902,c_微震事件数,缺失,
附件3_训练集,4904,c_微震事件数,缺失,
附件3_训练集,4910,c_微震事件数,缺失,
附件3_训练集,4913,c_微震事件数,缺失,
附件3_训练集,4931,c_微震事件数,缺失,
附件3_训练集,4939,c_微震事件数,缺失,
附件3_训练集,4954,c_微震事件数,缺失,
附件3_训练集,4980,c_微震事件数,缺失,
附件3_训练集,4989,c_微震事件数,缺失,
附件3_训练集,5003,c_微震事件数,缺失,
附件3_训练集,5022,c_微震事件数,缺失,
附件3_训练集,5041,c_微震事件数,缺失,
附件3_训练集,5052,c_微震事件数,缺失,
附件3_训练集,5053,c_微震事件数,缺失,
附件3_训练集,5062,c_微震事件数,缺失,
附件3_训练集,5078,c_微震事件数,缺失,
附件3_训练集,5110,c_微震事件数,缺失,
附件3_训练集,5117,c_微震事件数,缺失,
附件3_训练集,5143,c_微震事件数,缺失,
附件3_训练集,5160,c_微震事件数,缺失,
附件3_训练集,5206,c_微震事件数,缺失,
附件3_训练集,5247,c_微震事件数,缺失,
附件3_训练集,5306,c_微震事件数,缺失,
附件3_训练集,5323,c_微震事件数,缺失,
附件3_训练集,5327,c_微震事件数,缺失,
附件3_训练集,5335,c_微震事件数,缺失,
附件3_训练集,5340,c_微震事件数,缺失,
附件3_训练集,5341,c_微震事件数,缺失,
附件3_训练集,5374,c_微震事件数,缺失,
附件3_训练集,5397,c_微震事件数,缺失,
附件3_训练集,5459,c_微震事件数,缺失,
附件3_训练集,5474,c_微震事件数,缺失,
附件3_训练集,5498,c_微震事件数,缺失,
附件3_训练集,5515,c_微震事件数,缺失,
附件3_训练集,5572,c_微震事件数,缺失,
附件3_训练集,5622,c_微震事件数,缺失,
附件3_训练集,5629,c_微震事件数,缺失,
附件3_训练集,5639,c_微震事件数,缺失,
附件3_训练集,5649,c_微震事件数,缺失,
附件3_训练集,5650,c_微震事件数,缺失,
附件3_训练集,5655,c_微震事件数,缺失,
附件3_训练集,5664,c_微震事件数,缺失,
附件3_训练集,5666,c_微震事件数,缺失,
附件3_训练集,5709,c_微震事件数,缺失,
附件3_训练集,5743,c_微震事件数,缺失,
附件3_训练集,5746,c_微震事件数,缺失,
附件3_训练集,5752,c_微震事件数,缺失,
附件3_训练集,5753,c_微震事件数,缺失,
附件3_训练集,5772,c_微震事件数,缺失,
附件3_训练集,5782,c_微震事件数,缺失,
附件3_训练集,5802,c_微震事件数,缺失,
附件3_训练集,5808,c_微震事件数,缺失,
附件3_训练集,5823,c_微震事件数,缺失,
附件3_训练集,5837,c_微震事件数,缺失,
附件3_训练集,5859,c_微震事件数,缺失,
附件3_训练集,5864,c_微震事件数,缺失,
附件3_训练集,5888,c_微震事件数,缺失,
附件3_训练集,5910,c_微震事件数,缺失,
附件3_训练集,5947,c_微震事件数,缺失,
附件3_训练集,5951,c_微震事件数,缺失,
附件3_训练集,6004,c_微震事件数,缺失,
附件3_训练集,6044,c_微震事件数,缺失,
附件3_训练集,6073,c_微震事件数,缺失,
附件3_训练集,6074,c_微震事件数,缺失,
附件3_训练集,6101,c_微震事件数,缺失,
附件3_训练集,6124,c_微震事件数,缺失,
附件3_训练集,6130,c_微震事件数,缺失,
附件3_训练集,6153,c_微震事件数,缺失,
附件3_训练集,6205,c_微震事件数,缺失,
附件3_训练集,6215,c_微震事件数,缺失,
附件3_训练集,6231,c_微震事件数,缺失,
附件3_训练集,6247,c_微震事件数,缺失,
附件3_训练集,6253,c_微震事件数,缺失,
附件3_训练集,6275,c_微震事件数,缺失,
附件3_训练集,6280,c_微震事件数,缺失,
附件3_训练集,6296,c_微震事件数,缺失,
附件3_训练集,6314,c_微震事件数,缺失,
附件3_训练集,6328,c_微震事件数,缺失,
附件3_训练集,6401,c_微震事件数,缺失,
附件3_训练集,6470,c_微震事件数,缺失,
附件3_训练集,6471,c_微震事件数,缺失,
附件3_训练集,6503,c_微震事件数,缺失,
附件3_训练集,6527,c_微震事件数,缺失,
附件3_训练集,6529,c_微震事件数,缺失,
附件3_训练集,6546,c_微震事件数,缺失,
附件3_训练集,6555,c_微震事件数,缺失,
附件3_训练集,6586,c_微震事件数,缺失,
附件3_训练集,6645,c_微震事件数,缺失,
附件3_训练集,6647,c_微震事件数,缺失,
附件3_训练集,6649,c_微震事件数,缺失,
附件3_训练集,6661,c_微震事件数,缺失,
附件3_训练集,6680,c_微震事件数,缺失,
附件3_训练集,6686,c_微震事件数,缺失,
附件3_训练集,6707,c_微震事件数,缺失,
附件3_训练集,6721,c_微震事件数,缺失,
附件3_训练集,6734,c_微震事件数,缺失,
附件3_训练集,6746,c_微震事件数,缺失,
附件3_训练集,6747,c_微震事件数,缺失,
附件3_训练集,6809,c_微震事件数,缺失,
附件3_训练集,6834,c_微震事件数,缺失,
附件3_训练集,6870,c_微震事件数,缺失,
附件3_训练集,6876,c_微震事件数,缺失,
附件3_训练集,6883,c_微震事件数,缺失,
附件3_训练集,6938,c_微震事件数,缺失,
附件3_训练集,6946,c_微震事件数,缺失,
附件3_训练集,6948,c_微震事件数,缺失,
附件3_训练集,6965,c_微震事件数,缺失,
附件3_训练集,6968,c_微震事件数,缺失,
附件3_训练集,6987,c_微震事件数,缺失,
附件3_训练集,6994,c_微震事件数,缺失,
附件3_训练集,7000,c_微震事件数,缺失,
附件3_训练集,7095,c_微震事件数,缺失,
附件3_训练集,7116,c_微震事件数,缺失,
附件3_训练集,7122,c_微震事件数,缺失,
附件3_训练集,7145,c_微震事件数,缺失,
附件3_训练集,7148,c_微震事件数,缺失,
附件3_训练集,7205,c_微震事件数,缺失,
附件3_训练集,7206,c_微震事件数,缺失,
附件3_训练集,7254,c_微震事件数,缺失,
附件3_训练集,7301,c_微震事件数,缺失,
附件3_训练集,7350,c_微震事件数,缺失,
附件3_训练集,7372,c_微震事件数,缺失,
附件3_训练集,7384,c_微震事件数,缺失,
附件3_训练集,7390,c_微震事件数,缺失,
附件3_训练集,7408,c_微震事件数,缺失,
附件3_训练集,7425,c_微震事件数,缺失,
附件3_训练集,7434,c_微震事件数,缺失,
附件3_训练集,7442,c_微震事件数,缺失,
附件3_训练集,7452,c_微震事件数,缺失,
附件3_训练集,7460,c_微震事件数,缺失,
附件3_训练集,7467,c_微震事件数,缺失,
附件3_训练集,7468,c_微震事件数,缺失,
附件3_训练集,7479,c_微震事件数,缺失,
附件3_训练集,7482,c_微震事件数,缺失,
附件3_训练集,7487,c_微震事件数,缺失,
附件3_训练集,7506,c_微震事件数,缺失,
附件3_训练集,7550,c_微震事件数,缺失,
附件3_训练集,7563,c_微震事件数,缺失,
附件3_训练集,7569,c_微震事件数,缺失,
附件3_训练集,7575,c_微震事件数,缺失,
附件3_训练集,7607,c_微震事件数,缺失,
附件3_训练集,7652,c_微震事件数,缺失,
附件3_训练集,7669,c_微震事件数,缺失,
附件3_训练集,7673,c_微震事件数,缺失,
附件3_训练集,7708,c_微震事件数,缺失,
附件3_训练集,7756,c_微震事件数,缺失,
附件3_训练集,7778,c_微震事件数,缺失,
附件3_训练集,7792,c_微震事件数,缺失,
附件3_训练集,7829,c_微震事件数,缺失,
附件3_训练集,7841,c_微震事件数,缺失,
附件3_训练集,7852,c_微震事件数,缺失,
附件3_训练集,7881,c_微震事件数,缺失,
附件3_训练集,7915,c_微震事件数,缺失,
附件3_训练集,7928,c_微震事件数,缺失,
附件3_训练集,7936,c_微震事件数,缺失,
附件3_训练集,7957,c_微震事件数,缺失,
附件3_训练集,7976,c_微震事件数,缺失,
附件3_训练集,8003,c_微震事件数,缺失,
附件3_训练集,8006,c_微震事件数,缺失,
附件3_训练集,8028,c_微震事件数,缺失,
附件3_训练集,8035,c_微震事件数,缺失,
附件3_训练集,8066,c_微震事件数,缺失,
附件3_训练集,8081,c_微震事件数,缺失,
附件3_训练集,8087,c_微震事件数,缺失,
附件3_训练集,8099,c_微震事件数,缺失,
附件3_训练集,8113,c_微震事件数,缺失,
附件3_训练集,8138,c_微震事件数,缺失,
附件3_训练集,8214,c_微震事件数,缺失,
附件3_训练集,8253,c_微震事件数,缺失,
附件3_训练集,8262,c_微震事件数,缺失,
附件3_训练集,8263,c_微震事件数,缺失,
附件3_训练集,8267,c_微震事件数,缺失,
附件3_训练集,8275,c_微震事件数,缺失,
附件3_训练集,8279,c_微震事件数,缺失,
附件3_训练集,8288,c_微震事件数,缺失,
附件3_训练集,8289,c_微震事件数,缺失,
附件3_训练集,8290,c_微震事件数,缺失,
附件3_训练集,8293,c_微震事件数,缺失,
附件3_训练集,8343,c_微震事件数,缺失,
附件3_训练集,8438,c_微震事件数,缺失,
附件3_训练集,8445,c_微震事件数,缺失,
附件3_训练集,8449,c_微震事件数,缺失,
附件3_训练集,8509,c_微震事件数,缺失,
附件3_训练集,8520,c_微震事件数,缺失,
附件3_训练集,8557,c_微震事件数,缺失,
附件3_训练集,8581,c_微震事件数,缺失,
附件3_训练集,8583,c_微震事件数,缺失,
附件3_训练集,8592,c_微震事件数,缺失,
附件3_训练集,8596,c_微震事件数,缺失,
附件3_训练集,8598,c_微震事件数,缺失,
附件3_训练集,8616,c_微震事件数,缺失,
附件3_训练集,8627,c_微震事件数,缺失,
附件3_训练集,8629,c_微震事件数,缺失,
附件3_训练集,8634,c_微震事件数,缺失,
附件3_训练集,8647,c_微震事件数,缺失,
附件3_训练集,8667,c_微震事件数,缺失,
附件3_训练集,8714,c_微震事件数,缺失,
附件3_训练集,8716,c_微震事件数,缺失,
附件3_训练集,8723,c_微震事件数,缺失,
附件3_训练集,8725,c_微震事件数,缺失,
附件3_训练集,8742,c_微震事件数,缺失,
附件3_训练集,8768,c_微震事件数,缺失,
附件3_训练集,8844,c_微震事件数,缺失,
附件3_训练集,8910,c_微震事件数,缺失,
附件3_训练集,8912,c_微震事件数,缺失,
附件3_训练集,8949,c_微震事件数,缺失,
附件3_训练集,8978,c_微震事件数,缺失,
附件3_训练集,9006,c_微震事件数,缺失,
附件3_训练集,9007,c_微震事件数,缺失,
附件3_训练集,9015,c_微震事件数,缺失,
附件3_训练集,9025,c_微震事件数,缺失,
附件3_训练集,9052,c_微震事件数,缺失,
附件3_训练集,9056,c_微震事件数,缺失,
附件3_训练集,9109,c_微震事件数,缺失,
附件3_训练集,9121,c_微震事件数,缺失,
附件3_训练集,9133,c_微震事件数,缺失,
附件3_训练集,9170,c_微震事件数,缺失,
附件3_训练集,9178,c_微震事件数,缺失,
附件3_训练集,9192,c_微震事件数,缺失,
附件3_训练集,9213,c_微震事件数,缺失,
附件3_训练集,9217,c_微震事件数,缺失,
附件3_训练集,9277,c_微震事件数,缺失,
附件3_训练集,9279,c_微震事件数,缺失,
附件3_训练集,9297,c_微震事件数,缺失,
附件3_训练集,9310,c_微震事件数,缺失,
附件3_训练集,9311,c_微震事件数,缺失,
附件3_训练集,9313,c_微震事件数,缺失,
附件3_训练集,9335,c_微震事件数,缺失,
附件3_训练集,9372,c_微震事件数,缺失,
附件3_训练集,9385,c_微震事件数,缺失,
附件3_训练集,9401,c_微震事件数,缺失,
附件3_训练集,9430,c_微震事件数,缺失,
附件3_训练集,9437,c_微震事件数,缺失,
附件3_训练集,9443,c_微震事件数,缺失,
附件3_训练集,9484,c_微震事件数,缺失,
附件3_训练集,9494,c_微震事件数,缺失,
附件3_训练集,9500,c_微震事件数,缺失,
附件3_训练集,9524,c_微震事件数,缺失,
附件3_训练集,9531,c_微震事件数,缺失,
附件3_训练集,9546,c_微震事件数,缺失,
附件3_训练集,9552,c_微震事件数,缺失,
附件3_训练集,9617,c_微震事件数,缺失,
附件3_训练集,9618,c_微震事件数,缺失,
附件3_训练集,9706,c_微震事件数,缺失,
附件3_训练集,9722,c_微震事件数,缺失,
附件3_训练集,9750,c_微震事件数,缺失,
附件3_训练集,9761,c_微震事件数,缺失,
附件3_训练集,9766,c_微震事件数,缺失,
附件3_训练集,9775,c_微震事件数,缺失,
附件3_训练集,9789,c_微震事件数,缺失,
附件3_训练集,9795,c_微震事件数,缺失,
附件3_训练集,9801,c_微震事件数,缺失,
附件3_训练集,9804,c_微震事件数,缺失,
附件3_训练集,9892,c_微震事件数,缺失,
附件3_训练集,9894,c_微震事件数,缺失,
附件3_训练集,9895,c_微震事件数,缺失,
附件3_训练集,9898,c_微震事件数,缺失,
附件3_训练集,9900,c_微震事件数,缺失,
附件3_训练集,9908,c_微震事件数,缺失,
附件3_训练集,9911,c_微震事件数,缺失,
附件3_训练集,9916,c_微震事件数,缺失,
附件3_训练集,9928,c_微震事件数,缺失,
附件3_训练集,9966,c_微震事件数,缺失,
附件3_训练集,9972,c_微震事件数,缺失,
附件3_训练集,9984,c_微震事件数,缺失,
附件3_训练集,19,d_深部位移_mm,缺失,
附件3_训练集,30,d_深部位移_mm,缺失,
附件3_训练集,38,d_深部位移_mm,缺失,
附件3_训练集,54,d_深部位移_mm,缺失,
附件3_训练集,63,d_深部位移_mm,缺失,
附件3_训练集,66,d_深部位移_mm,缺失,
附件3_训练集,72,d_深部位移_mm,缺失,
附件3_训练集,78,d_深部位移_mm,缺失,
附件3_训练集,172,d_深部位移_mm,缺失,
附件3_训练集,183,d_深部位移_mm,缺失,
附件3_训练集,204,d_深部位移_mm,缺失,
附件3_训练集,217,d_深部位移_mm,缺失,
附件3_训练集,241,d_深部位移_mm,缺失,
附件3_训练集,243,d_深部位移_mm,缺失,
附件3_训练集,256,d_深部位移_mm,缺失,
附件3_训练集,269,d_深部位移_mm,缺失,
附件3_训练集,279,d_深部位移_mm,缺失,
附件3_训练集,317,d_深部位移_mm,缺失,
附件3_训练集,367,d_深部位移_mm,缺失,
附件3_训练集,393,d_深部位移_mm,缺失,
附件3_训练集,432,d_深部位移_mm,缺失,
附件3_训练集,439,d_深部位移_mm,缺失,
附件3_训练集,467,d_深部位移_mm,缺失,
附件3_训练集,472,d_深部位移_mm,缺失,
附件3_训练集,492,d_深部位移_mm,缺失,
附件3_训练集,546,d_深部位移_mm,缺失,
附件3_训练集,553,d_深部位移_mm,缺失,
附件3_训练集,626,d_深部位移_mm,缺失,
附件3_训练集,635,d_深部位移_mm,缺失,
附件3_训练集,640,d_深部位移_mm,缺失,
附件3_训练集,650,d_深部位移_mm,缺失,
附件3_训练集,693,d_深部位移_mm,缺失,
附件3_训练集,699,d_深部位移_mm,缺失,
附件3_训练集,715,d_深部位移_mm,缺失,
附件3_训练集,773,d_深部位移_mm,缺失,
附件3_训练集,796,d_深部位移_mm,缺失,
附件3_训练集,844,d_深部位移_mm,缺失,
附件3_训练集,883,d_深部位移_mm,缺失,
附件3_训练集,962,d_深部位移_mm,缺失,
附件3_训练集,1006,d_深部位移_mm,缺失,
附件3_训练集,1126,d_深部位移_mm,缺失,
附件3_训练集,1131,d_深部位移_mm,缺失,
附件3_训练集,1148,d_深部位移_mm,缺失,
附件3_训练集,1149,d_深部位移_mm,缺失,
附件3_训练集,1152,d_深部位移_mm,缺失,
附件3_训练集,1199,d_深部位移_mm,缺失,
附件3_训练集,1227,d_深部位移_mm,缺失,
附件3_训练集,1229,d_深部位移_mm,缺失,
附件3_训练集,1278,d_深部位移_mm,缺失,
附件3_训练集,1300,d_深部位移_mm,缺失,
附件3_训练集,1318,d_深部位移_mm,缺失,
附件3_训练集,1355,d_深部位移_mm,缺失,
附件3_训练集,1374,d_深部位移_mm,缺失,
附件3_训练集,1377,d_深部位移_mm,缺失,
附件3_训练集,1413,d_深部位移_mm,缺失,
附件3_训练集,1419,d_深部位移_mm,缺失,
附件3_训练集,1437,d_深部位移_mm,缺失,
附件3_训练集,1496,d_深部位移_mm,缺失,
附件3_训练集,1571,d_深部位移_mm,缺失,
附件3_训练集,1581,d_深部位移_mm,缺失,
附件3_训练集,1594,d_深部位移_mm,缺失,
附件3_训练集,1622,d_深部位移_mm,缺失,
附件3_训练集,1623,d_深部位移_mm,缺失,
附件3_训练集,1653,d_深部位移_mm,缺失,
附件3_训练集,1673,d_深部位移_mm,缺失,
附件3_训练集,1679,d_深部位移_mm,缺失,
附件3_训练集,1719,d_深部位移_mm,缺失,
附件3_训练集,1737,d_深部位移_mm,缺失,
附件3_训练集,1749,d_深部位移_mm,缺失,
附件3_训练集,1767,d_深部位移_mm,缺失,
附件3_训练集,1785,d_深部位移_mm,缺失,
附件3_训练集,1795,d_深部位移_mm,缺失,
附件3_训练集,1824,d_深部位移_mm,缺失,
附件3_训练集,1836,d_深部位移_mm,缺失,
附件3_训练集,1850,d_深部位移_mm,缺失,
附件3_训练集,1869,d_深部位移_mm,缺失,
附件3_训练集,1894,d_深部位移_mm,缺失,
附件3_训练集,2008,d_深部位移_mm,缺失,
附件3_训练集,2028,d_深部位移_mm,缺失,
附件3_训练集,2032,d_深部位移_mm,缺失,
附件3_训练集,2041,d_深部位移_mm,缺失,
附件3_训练集,2106,d_深部位移_mm,缺失,
附件3_训练集,2143,d_深部位移_mm,缺失,
附件3_训练集,2150,d_深部位移_mm,缺失,
附件3_训练集,2151,d_深部位移_mm,缺失,
附件3_训练集,2157,d_深部位移_mm,缺失,
附件3_训练集,2181,d_深部位移_mm,缺失,
附件3_训练集,2192,d_深部位移_mm,缺失,
附件3_训练集,2197,d_深部位移_mm,缺失,
附件3_训练集,2220,d_深部位移_mm,缺失,
附件3_训练集,2255,d_深部位移_mm,缺失,
附件3_训练集,2274,d_深部位移_mm,缺失,
附件3_训练集,2301,d_深部位移_mm,缺失,
附件3_训练集,2317,d_深部位移_mm,缺失,
附件3_训练集,2326,d_深部位移_mm,缺失,
附件3_训练集,2376,d_深部位移_mm,缺失,
附件3_训练集,2397,d_深部位移_mm,缺失,
附件3_训练集,2406,d_深部位移_mm,缺失,
附件3_训练集,2415,d_深部位移_mm,缺失,
附件3_训练集,2459,d_深部位移_mm,缺失,
附件3_训练集,2519,d_深部位移_mm,缺失,
附件3_训练集,2572,d_深部位移_mm,缺失,
附件3_训练集,2623,d_深部位移_mm,缺失,
附件3_训练集,2677,d_深部位移_mm,缺失,
附件3_训练集,2680,d_深部位移_mm,缺失,
附件3_训练集,2681,d_深部位移_mm,缺失,
附件3_训练集,2701,d_深部位移_mm,缺失,
附件3_训练集,2715,d_深部位移_mm,缺失,
附件3_训练集,2717,d_深部位移_mm,缺失,
附件3_训练集,2725,d_深部位移_mm,缺失,
附件3_训练集,2760,d_深部位移_mm,缺失,
附件3_训练集,2779,d_深部位移_mm,缺失,
附件3_训练集,2780,d_深部位移_mm,缺失,
附件3_训练集,2786,d_深部位移_mm,缺失,
附件3_训练集,2787,d_深部位移_mm,缺失,
附件3_训练集,2813,d_深部位移_mm,缺失,
附件3_训练集,2841,d_深部位移_mm,缺失,
附件3_训练集,2855,d_深部位移_mm,缺失,
附件3_训练集,2880,d_深部位移_mm,缺失,
附件3_训练集,2888,d_深部位移_mm,缺失,
附件3_训练集,2931,d_深部位移_mm,缺失,
附件3_训练集,2952,d_深部位移_mm,缺失,
附件3_训练集,2979,d_深部位移_mm,缺失,
附件3_训练集,3007,d_深部位移_mm,缺失,
附件3_训练集,3026,d_深部位移_mm,缺失,
附件3_训练集,3028,d_深部位移_mm,缺失,
附件3_训练集,3030,d_深部位移_mm,缺失,
附件3_训练集,3049,d_深部位移_mm,缺失,
附件3_训练集,3107,d_深部位移_mm,缺失,
附件3_训练集,3146,d_深部位移_mm,缺失,
附件3_训练集,3169,d_深部位移_mm,缺失,
附件3_训练集,3202,d_深部位移_mm,缺失,
附件3_训练集,3209,d_深部位移_mm,缺失,
附件3_训练集,3237,d_深部位移_mm,缺失,
附件3_训练集,3276,d_深部位移_mm,缺失,
附件3_训练集,3284,d_深部位移_mm,缺失,
附件3_训练集,3299,d_深部位移_mm,缺失,
附件3_训练集,3300,d_深部位移_mm,缺失,
附件3_训练集,3304,d_深部位移_mm,缺失,
附件3_训练集,3320,d_深部位移_mm,缺失,
附件3_训练集,3359,d_深部位移_mm,缺失,
附件3_训练集,3361,d_深部位移_mm,缺失,
附件3_训练集,3496,d_深部位移_mm,缺失,
附件3_训练集,3501,d_深部位移_mm,缺失,
附件3_训练集,3506,d_深部位移_mm,缺失,
附件3_训练集,3516,d_深部位移_mm,缺失,
附件3_训练集,3543,d_深部位移_mm,缺失,
附件3_训练集,3554,d_深部位移_mm,缺失,
附件3_训练集,3649,d_深部位移_mm,缺失,
附件3_训练集,3659,d_深部位移_mm,缺失,
附件3_训练集,3665,d_深部位移_mm,缺失,
附件3_训练集,3666,d_深部位移_mm,缺失,
附件3_训练集,3684,d_深部位移_mm,缺失,
附件3_训练集,3688,d_深部位移_mm,缺失,
附件3_训练集,3700,d_深部位移_mm,缺失,
附件3_训练集,3734,d_深部位移_mm,缺失,
附件3_训练集,3748,d_深部位移_mm,缺失,
附件3_训练集,3770,d_深部位移_mm,缺失,
附件3_训练集,3785,d_深部位移_mm,缺失,
附件3_训练集,3787,d_深部位移_mm,缺失,
附件3_训练集,3808,d_深部位移_mm,缺失,
附件3_训练集,3825,d_深部位移_mm,缺失,
附件3_训练集,3836,d_深部位移_mm,缺失,
附件3_训练集,3892,d_深部位移_mm,缺失,
附件3_训练集,3896,d_深部位移_mm,缺失,
附件3_训练集,3904,d_深部位移_mm,缺失,
附件3_训练集,3913,d_深部位移_mm,缺失,
附件3_训练集,3937,d_深部位移_mm,缺失,
附件3_训练集,3975,d_深部位移_mm,缺失,
附件3_训练集,3982,d_深部位移_mm,缺失,
附件3_训练集,4009,d_深部位移_mm,缺失,
附件3_训练集,4050,d_深部位移_mm,缺失,
附件3_训练集,4056,d_深部位移_mm,缺失,
附件3_训练集,4111,d_深部位移_mm,缺失,
附件3_训练集,4124,d_深部位移_mm,缺失,
附件3_训练集,4134,d_深部位移_mm,缺失,
附件3_训练集,4143,d_深部位移_mm,缺失,
附件3_训练集,4150,d_深部位移_mm,缺失,
附件3_训练集,4159,d_深部位移_mm,缺失,
附件3_训练集,4190,d_深部位移_mm,缺失,
附件3_训练集,4195,d_深部位移_mm,缺失,
附件3_训练集,4205,d_深部位移_mm,缺失,
附件3_训练集,4240,d_深部位移_mm,缺失,
附件3_训练集,4247,d_深部位移_mm,缺失,
附件3_训练集,4258,d_深部位移_mm,缺失,
附件3_训练集,4267,d_深部位移_mm,缺失,
附件3_训练集,4279,d_深部位移_mm,缺失,
附件3_训练集,4314,d_深部位移_mm,缺失,
附件3_训练集,4331,d_深部位移_mm,缺失,
附件3_训练集,4347,d_深部位移_mm,缺失,
附件3_训练集,4375,d_深部位移_mm,缺失,
附件3_训练集,4402,d_深部位移_mm,缺失,
附件3_训练集,4420,d_深部位移_mm,缺失,
附件3_训练集,4450,d_深部位移_mm,缺失,
附件3_训练集,4475,d_深部位移_mm,缺失,
附件3_训练集,4499,d_深部位移_mm,缺失,
附件3_训练集,4541,d_深部位移_mm,缺失,
附件3_训练集,4550,d_深部位移_mm,缺失,
附件3_训练集,4555,d_深部位移_mm,缺失,
附件3_训练集,4563,d_深部位移_mm,缺失,
附件3_训练集,4578,d_深部位移_mm,缺失,
附件3_训练集,4625,d_深部位移_mm,缺失,
附件3_训练集,4701,d_深部位移_mm,缺失,
附件3_训练集,4714,d_深部位移_mm,缺失,
附件3_训练集,4805,d_深部位移_mm,缺失,
附件3_训练集,4829,d_深部位移_mm,缺失,
附件3_训练集,4861,d_深部位移_mm,缺失,
附件3_训练集,4865,d_深部位移_mm,缺失,
附件3_训练集,4874,d_深部位移_mm,缺失,
附件3_训练集,4885,d_深部位移_mm,缺失,
附件3_训练集,4902,d_深部位移_mm,缺失,
附件3_训练集,4916,d_深部位移_mm,缺失,
附件3_训练集,4979,d_深部位移_mm,缺失,
附件3_训练集,5043,d_深部位移_mm,缺失,
附件3_训练集,5050,d_深部位移_mm,缺失,
附件3_训练集,5073,d_深部位移_mm,缺失,
附件3_训练集,5106,d_深部位移_mm,缺失,
附件3_训练集,5115,d_深部位移_mm,缺失,
附件3_训练集,5131,d_深部位移_mm,缺失,
附件3_训练集,5154,d_深部位移_mm,缺失,
附件3_训练集,5162,d_深部位移_mm,缺失,
附件3_训练集,5173,d_深部位移_mm,缺失,
附件3_训练集,5186,d_深部位移_mm,缺失,
附件3_训练集,5200,d_深部位移_mm,缺失,
附件3_训练集,5204,d_深部位移_mm,缺失,
附件3_训练集,5207,d_深部位移_mm,缺失,
附件3_训练集,5209,d_深部位移_mm,缺失,
附件3_训练集,5224,d_深部位移_mm,缺失,
附件3_训练集,5232,d_深部位移_mm,缺失,
附件3_训练集,5245,d_深部位移_mm,缺失,
附件3_训练集,5266,d_深部位移_mm,缺失,
附件3_训练集,5286,d_深部位移_mm,缺失,
附件3_训练集,5300,d_深部位移_mm,缺失,
附件3_训练集,5308,d_深部位移_mm,缺失,
附件3_训练集,5320,d_深部位移_mm,缺失,
附件3_训练集,5346,d_深部位移_mm,缺失,
附件3_训练集,5373,d_深部位移_mm,缺失,
附件3_训练集,5412,d_深部位移_mm,缺失,
附件3_训练集,5431,d_深部位移_mm,缺失,
附件3_训练集,5438,d_深部位移_mm,缺失,
附件3_训练集,5456,d_深部位移_mm,缺失,
附件3_训练集,5462,d_深部位移_mm,缺失,
附件3_训练集,5486,d_深部位移_mm,缺失,
附件3_训练集,5488,d_深部位移_mm,缺失,
附件3_训练集,5490,d_深部位移_mm,缺失,
附件3_训练集,5494,d_深部位移_mm,缺失,
附件3_训练集,5517,d_深部位移_mm,缺失,
附件3_训练集,5547,d_深部位移_mm,缺失,
附件3_训练集,5554,d_深部位移_mm,缺失,
附件3_训练集,5650,d_深部位移_mm,缺失,
附件3_训练集,5682,d_深部位移_mm,缺失,
附件3_训练集,5694,d_深部位移_mm,缺失,
附件3_训练集,5706,d_深部位移_mm,缺失,
附件3_训练集,5720,d_深部位移_mm,缺失,
附件3_训练集,5725,d_深部位移_mm,缺失,
附件3_训练集,5762,d_深部位移_mm,缺失,
附件3_训练集,5777,d_深部位移_mm,缺失,
附件3_训练集,5855,d_深部位移_mm,缺失,
附件3_训练集,5904,d_深部位移_mm,缺失,
附件3_训练集,5905,d_深部位移_mm,缺失,
附件3_训练集,5907,d_深部位移_mm,缺失,
附件3_训练集,5921,d_深部位移_mm,缺失,
附件3_训练集,5958,d_深部位移_mm,缺失,
附件3_训练集,5995,d_深部位移_mm,缺失,
附件3_训练集,6037,d_深部位移_mm,缺失,
附件3_训练集,6099,d_深部位移_mm,缺失,
附件3_训练集,6156,d_深部位移_mm,缺失,
附件3_训练集,6177,d_深部位移_mm,缺失,
附件3_训练集,6233,d_深部位移_mm,缺失,
附件3_训练集,6244,d_深部位移_mm,缺失,
附件3_训练集,6268,d_深部位移_mm,缺失,
附件3_训练集,6273,d_深部位移_mm,缺失,
附件3_训练集,6289,d_深部位移_mm,缺失,
附件3_训练集,6399,d_深部位移_mm,缺失,
附件3_训练集,6406,d_深部位移_mm,缺失,
附件3_训练集,6425,d_深部位移_mm,缺失,
附件3_训练集,6426,d_深部位移_mm,缺失,
附件3_训练集,6438,d_深部位移_mm,缺失,
附件3_训练集,6453,d_深部位移_mm,缺失,
附件3_训练集,6467,d_深部位移_mm,缺失,
附件3_训练集,6527,d_深部位移_mm,缺失,
附件3_训练集,6550,d_深部位移_mm,缺失,
附件3_训练集,6594,d_深部位移_mm,缺失,
附件3_训练集,6605,d_深部位移_mm,缺失,
附件3_训练集,6607,d_深部位移_mm,缺失,
附件3_训练集,6631,d_深部位移_mm,缺失,
附件3_训练集,6640,d_深部位移_mm,缺失,
附件3_训练集,6717,d_深部位移_mm,缺失,
附件3_训练集,6740,d_深部位移_mm,缺失,
附件3_训练集,6773,d_深部位移_mm,缺失,
附件3_训练集,6798,d_深部位移_mm,缺失,
附件3_训练集,6813,d_深部位移_mm,缺失,
附件3_训练集,6903,d_深部位移_mm,缺失,
附件3_训练集,6908,d_深部位移_mm,缺失,
附件3_训练集,6959,d_深部位移_mm,缺失,
附件3_训练集,6961,d_深部位移_mm,缺失,
附件3_训练集,6965,d_深部位移_mm,缺失,
附件3_训练集,6973,d_深部位移_mm,缺失,
附件3_训练集,6990,d_深部位移_mm,缺失,
附件3_训练集,6992,d_深部位移_mm,缺失,
附件3_训练集,6994,d_深部位移_mm,缺失,
附件3_训练集,6999,d_深部位移_mm,缺失,
附件3_训练集,7006,d_深部位移_mm,缺失,
附件3_训练集,7048,d_深部位移_mm,缺失,
附件3_训练集,7057,d_深部位移_mm,缺失,
附件3_训练集,7085,d_深部位移_mm,缺失,
附件3_训练集,7120,d_深部位移_mm,缺失,
附件3_训练集,7122,d_深部位移_mm,缺失,
附件3_训练集,7130,d_深部位移_mm,缺失,
附件3_训练集,7165,d_深部位移_mm,缺失,
附件3_训练集,7175,d_深部位移_mm,缺失,
附件3_训练集,7206,d_深部位移_mm,缺失,
附件3_训练集,7210,d_深部位移_mm,缺失,
附件3_训练集,7245,d_深部位移_mm,缺失,
附件3_训练集,7256,d_深部位移_mm,缺失,
附件3_训练集,7258,d_深部位移_mm,缺失,
附件3_训练集,7259,d_深部位移_mm,缺失,
附件3_训练集,7268,d_深部位移_mm,缺失,
附件3_训练集,7278,d_深部位移_mm,缺失,
附件3_训练集,7302,d_深部位移_mm,缺失,
附件3_训练集,7362,d_深部位移_mm,缺失,
附件3_训练集,7365,d_深部位移_mm,缺失,
附件3_训练集,7366,d_深部位移_mm,缺失,
附件3_训练集,7410,d_深部位移_mm,缺失,
附件3_训练集,7418,d_深部位移_mm,缺失,
附件3_训练集,7422,d_深部位移_mm,缺失,
附件3_训练集,7428,d_深部位移_mm,缺失,
附件3_训练集,7448,d_深部位移_mm,缺失,
附件3_训练集,7456,d_深部位移_mm,缺失,
附件3_训练集,7505,d_深部位移_mm,缺失,
附件3_训练集,7528,d_深部位移_mm,缺失,
附件3_训练集,7537,d_深部位移_mm,缺失,
附件3_训练集,7545,d_深部位移_mm,缺失,
附件3_训练集,7556,d_深部位移_mm,缺失,
附件3_训练集,7610,d_深部位移_mm,缺失,
附件3_训练集,7621,d_深部位移_mm,缺失,
附件3_训练集,7640,d_深部位移_mm,缺失,
附件3_训练集,7651,d_深部位移_mm,缺失,
附件3_训练集,7655,d_深部位移_mm,缺失,
附件3_训练集,7668,d_深部位移_mm,缺失,
附件3_训练集,7687,d_深部位移_mm,缺失,
附件3_训练集,7690,d_深部位移_mm,缺失,
附件3_训练集,7729,d_深部位移_mm,缺失,
附件3_训练集,7747,d_深部位移_mm,缺失,
附件3_训练集,7792,d_深部位移_mm,缺失,
附件3_训练集,7845,d_深部位移_mm,缺失,
附件3_训练集,7848,d_深部位移_mm,缺失,
附件3_训练集,7865,d_深部位移_mm,缺失,
附件3_训练集,7937,d_深部位移_mm,缺失,
附件3_训练集,8007,d_深部位移_mm,缺失,
附件3_训练集,8014,d_深部位移_mm,缺失,
附件3_训练集,8033,d_深部位移_mm,缺失,
附件3_训练集,8045,d_深部位移_mm,缺失,
附件3_训练集,8071,d_深部位移_mm,缺失,
附件3_训练集,8110,d_深部位移_mm,缺失,
附件3_训练集,8126,d_深部位移_mm,缺失,
附件3_训练集,8135,d_深部位移_mm,缺失,
附件3_训练集,8157,d_深部位移_mm,缺失,
附件3_训练集,8170,d_深部位移_mm,缺失,
附件3_训练集,8241,d_深部位移_mm,缺失,
附件3_训练集,8282,d_深部位移_mm,缺失,
附件3_训练集,8297,d_深部位移_mm,缺失,
附件3_训练集,8359,d_深部位移_mm,缺失,
附件3_训练集,8373,d_深部位移_mm,缺失,
附件3_训练集,8375,d_深部位移_mm,缺失,
附件3_训练集,8377,d_深部位移_mm,缺失,
附件3_训练集,8385,d_深部位移_mm,缺失,
附件3_训练集,8408,d_深部位移_mm,缺失,
附件3_训练集,8414,d_深部位移_mm,缺失,
附件3_训练集,8426,d_深部位移_mm,缺失,
附件3_训练集,8430,d_深部位移_mm,缺失,
附件3_训练集,8517,d_深部位移_mm,缺失,
附件3_训练集,8551,d_深部位移_mm,缺失,
附件3_训练集,8579,d_深部位移_mm,缺失,
附件3_训练集,8593,d_深部位移_mm,缺失,
附件3_训练集,8594,d_深部位移_mm,缺失,
附件3_训练集,8605,d_深部位移_mm,缺失,
附件3_训练集,8606,d_深部位移_mm,缺失,
附件3_训练集,8624,d_深部位移_mm,缺失,
附件3_训练集,8645,d_深部位移_mm,缺失,
附件3_训练集,8683,d_深部位移_mm,缺失,
附件3_训练集,8693,d_深部位移_mm,缺失,
附件3_训练集,8738,d_深部位移_mm,缺失,
附件3_训练集,8818,d_深部位移_mm,缺失,
附件3_训练集,8833,d_深部位移_mm,缺失,
附件3_训练集,8916,d_深部位移_mm,缺失,
附件3_训练集,8960,d_深部位移_mm,缺失,
附件3_训练集,8971,d_深部位移_mm,缺失,
附件3_训练集,9000,d_深部位移_mm,缺失,
附件3_训练集,9007,d_深部位移_mm,缺失,
附件3_训练集,9014,d_深部位移_mm,缺失,
附件3_训练集,9016,d_深部位移_mm,缺失,
附件3_训练集,9048,d_深部位移_mm,缺失,
附件3_训练集,9052,d_深部位移_mm,缺失,
附件3_训练集,9079,d_深部位移_mm,缺失,
附件3_训练集,9085,d_深部位移_mm,缺失,
附件3_训练集,9095,d_深部位移_mm,缺失,
附件3_训练集,9105,d_深部位移_mm,缺失,
附件3_训练集,9144,d_深部位移_mm,缺失,
附件3_训练集,9149,d_深部位移_mm,缺失,
附件3_训练集,9168,d_深部位移_mm,缺失,
附件3_训练集,9188,d_深部位移_mm,缺失,
附件3_训练集,9196,d_深部位移_mm,缺失,
附件3_训练集,9212,d_深部位移_mm,缺失,
附件3_训练集,9214,d_深部位移_mm,缺失,
附件3_训练集,9222,d_深部位移_mm,缺失,
附件3_训练集,9225,d_深部位移_mm,缺失,
附件3_训练集,9257,d_深部位移_mm,缺失,
附件3_训练集,9268,d_深部位移_mm,缺失,
附件3_训练集,9333,d_深部位移_mm,缺失,
附件3_训练集,9346,d_深部位移_mm,缺失,
附件3_训练集,9355,d_深部位移_mm,缺失,
附件3_训练集,9356,d_深部位移_mm,缺失,
附件3_训练集,9366,d_深部位移_mm,缺失,
附件3_训练集,9448,d_深部位移_mm,缺失,
附件3_训练集,9454,d_深部位移_mm,缺失,
附件3_训练集,9457,d_深部位移_mm,缺失,
附件3_训练集,9463,d_深部位移_mm,缺失,
附件3_训练集,9474,d_深部位移_mm,缺失,
附件3_训练集,9479,d_深部位移_mm,缺失,
附件3_训练集,9480,d_深部位移_mm,缺失,
附件3_训练集,9484,d_深部位移_mm,缺失,
附件3_训练集,9515,d_深部位移_mm,缺失,
附件3_训练集,9525,d_深部位移_mm,缺失,
附件3_训练集,9529,d_深部位移_mm,缺失,
附件3_训练集,9540,d_深部位移_mm,缺失,
附件3_训练集,9552,d_深部位移_mm,缺失,
附件3_训练集,9553,d_深部位移_mm,缺失,
附件3_训练集,9580,d_深部位移_mm,缺失,
附件3_训练集,9590,d_深部位移_mm,缺失,
附件3_训练集,9591,d_深部位移_mm,缺失,
附件3_训练集,9603,d_深部位移_mm,缺失,
附件3_训练集,9608,d_深部位移_mm,缺失,
附件3_训练集,9627,d_深部位移_mm,缺失,
附件3_训练集,9628,d_深部位移_mm,缺失,
附件3_训练集,9635,d_深部位移_mm,缺失,
附件3_训练集,9656,d_深部位移_mm,缺失,
附件3_训练集,9665,d_深部位移_mm,缺失,
附件3_训练集,9672,d_深部位移_mm,缺失,
附件3_训练集,9683,d_深部位移_mm,缺失,
附件3_训练集,9701,d_深部位移_mm,缺失,
附件3_训练集,9738,d_深部位移_mm,缺失,
附件3_训练集,9740,d_深部位移_mm,缺失,
附件3_训练集,9743,d_深部位移_mm,缺失,
附件3_训练集,9754,d_深部位移_mm,缺失,
附件3_训练集,9779,d_深部位移_mm,缺失,
附件3_训练集,9804,d_深部位移_mm,缺失,
附件3_训练集,9815,d_深部位移_mm,缺失,
附件3_训练集,9819,d_深部位移_mm,缺失,
附件3_训练集,9825,d_深部位移_mm,缺失,
附件3_训练集,9840,d_深部位移_mm,缺失,
附件3_训练集,9874,d_深部位移_mm,缺失,
附件3_训练集,9887,d_深部位移_mm,缺失,
附件3_训练集,9888,d_深部位移_mm,缺失,
附件3_训练集,9890,d_深部位移_mm,缺失,
附件3_训练集,9958,d_深部位移_mm,缺失,
附件3_训练集,79,e_表面位移_mm,缺失,
附件3_训练集,87,e_表面位移_mm,缺失,
附件3_训练集,97,e_表面位移_mm,缺失,
附件3_训练集,103,e_表面位移_mm,缺失,
附件3_训练集,120,e_表面位移_mm,缺失,
附件3_训练集,128,e_表面位移_mm,缺失,
附件3_训练集,161,e_表面位移_mm,缺失,
附件3_训练集,173,e_表面位移_mm,缺失,
附件3_训练集,178,e_表面位移_mm,缺失,
附件3_训练集,188,e_表面位移_mm,缺失,
附件3_训练集,195,e_表面位移_mm,缺失,
附件3_训练集,251,e_表面位移_mm,缺失,
附件3_训练集,299,e_表面位移_mm,缺失,
附件3_训练集,324,e_表面位移_mm,缺失,
附件3_训练集,342,e_表面位移_mm,缺失,
附件3_训练集,380,e_表面位移_mm,缺失,
附件3_训练集,384,e_表面位移_mm,缺失,
附件3_训练集,405,e_表面位移_mm,缺失,
附件3_训练集,427,e_表面位移_mm,缺失,
附件3_训练集,458,e_表面位移_mm,缺失,
附件3_训练集,459,e_表面位移_mm,缺失,
附件3_训练集,464,e_表面位移_mm,缺失,
附件3_训练集,469,e_表面位移_mm,缺失,
附件3_训练集,475,e_表面位移_mm,缺失,
附件3_训练集,487,e_表面位移_mm,缺失,
附件3_训练集,510,e_表面位移_mm,缺失,
附件3_训练集,514,e_表面位移_mm,缺失,
附件3_训练集,516,e_表面位移_mm,缺失,
附件3_训练集,530,e_表面位移_mm,缺失,
附件3_训练集,532,e_表面位移_mm,缺失,
附件3_训练集,547,e_表面位移_mm,缺失,
附件3_训练集,554,e_表面位移_mm,缺失,
附件3_训练集,581,e_表面位移_mm,缺失,
附件3_训练集,583,e_表面位移_mm,缺失,
附件3_训练集,607,e_表面位移_mm,缺失,
附件3_训练集,629,e_表面位移_mm,缺失,
附件3_训练集,630,e_表面位移_mm,缺失,
附件3_训练集,632,e_表面位移_mm,缺失,
附件3_训练集,635,e_表面位移_mm,缺失,
附件3_训练集,637,e_表面位移_mm,缺失,
附件3_训练集,639,e_表面位移_mm,缺失,
附件3_训练集,644,e_表面位移_mm,缺失,
附件3_训练集,670,e_表面位移_mm,缺失,
附件3_训练集,681,e_表面位移_mm,缺失,
附件3_训练集,682,e_表面位移_mm,缺失,
附件3_训练集,684,e_表面位移_mm,缺失,
附件3_训练集,686,e_表面位移_mm,缺失,
附件3_训练集,691,e_表面位移_mm,缺失,
附件3_训练集,696,e_表面位移_mm,缺失,
附件3_训练集,697,e_表面位移_mm,缺失,
附件3_训练集,698,e_表面位移_mm,缺失,
附件3_训练集,749,e_表面位移_mm,缺失,
附件3_训练集,810,e_表面位移_mm,缺失,
附件3_训练集,837,e_表面位移_mm,缺失,
附件3_训练集,839,e_表面位移_mm,缺失,
附件3_训练集,860,e_表面位移_mm,缺失,
附件3_训练集,884,e_表面位移_mm,缺失,
附件3_训练集,903,e_表面位移_mm,缺失,
附件3_训练集,961,e_表面位移_mm,缺失,
附件3_训练集,984,e_表面位移_mm,缺失,
附件3_训练集,985,e_表面位移_mm,缺失,
附件3_训练集,1019,e_表面位移_mm,缺失,
附件3_训练集,1056,e_表面位移_mm,缺失,
附件3_训练集,1066,e_表面位移_mm,缺失,
附件3_训练集,1081,e_表面位移_mm,缺失,
附件3_训练集,1087,e_表面位移_mm,缺失,
附件3_训练集,1094,e_表面位移_mm,缺失,
附件3_训练集,1108,e_表面位移_mm,缺失,
附件3_训练集,1115,e_表面位移_mm,缺失,
附件3_训练集,1135,e_表面位移_mm,缺失,
附件3_训练集,1138,e_表面位移_mm,缺失,
附件3_训练集,1158,e_表面位移_mm,缺失,
附件3_训练集,1164,e_表面位移_mm,缺失,
附件3_训练集,1180,e_表面位移_mm,缺失,
附件3_训练集,1195,e_表面位移_mm,缺失,
附件3_训练集,1200,e_表面位移_mm,缺失,
附件3_训练集,1225,e_表面位移_mm,缺失,
附件3_训练集,1244,e_表面位移_mm,缺失,
附件3_训练集,1250,e_表面位移_mm,缺失,
附件3_训练集,1272,e_表面位移_mm,缺失,
附件3_训练集,1273,e_表面位移_mm,缺失,
附件3_训练集,1278,e_表面位移_mm,缺失,
附件3_训练集,1298,e_表面位移_mm,缺失,
附件3_训练集,1306,e_表面位移_mm,缺失,
附件3_训练集,1382,e_表面位移_mm,缺失,
附件3_训练集,1386,e_表面位移_mm,缺失,
附件3_训练集,1408,e_表面位移_mm,缺失,
附件3_训练集,1442,e_表面位移_mm,缺失,
附件3_训练集,1445,e_表面位移_mm,缺失,
附件3_训练集,1449,e_表面位移_mm,缺失,
附件3_训练集,1453,e_表面位移_mm,缺失,
附件3_训练集,1459,e_表面位移_mm,缺失,
附件3_训练集,1503,e_表面位移_mm,缺失,
附件3_训练集,1558,e_表面位移_mm,缺失,
附件3_训练集,1568,e_表面位移_mm,缺失,
附件3_训练集,1592,e_表面位移_mm,缺失,
附件3_训练集,1608,e_表面位移_mm,缺失,
附件3_训练集,1629,e_表面位移_mm,缺失,
附件3_训练集,1636,e_表面位移_mm,缺失,
附件3_训练集,1699,e_表面位移_mm,缺失,
附件3_训练集,1707,e_表面位移_mm,缺失,
附件3_训练集,1720,e_表面位移_mm,缺失,
附件3_训练集,1722,e_表面位移_mm,缺失,
附件3_训练集,1746,e_表面位移_mm,缺失,
附件3_训练集,1780,e_表面位移_mm,缺失,
附件3_训练集,1784,e_表面位移_mm,缺失,
附件3_训练集,1793,e_表面位移_mm,缺失,
附件3_训练集,1823,e_表面位移_mm,缺失,
附件3_训练集,1828,e_表面位移_mm,缺失,
附件3_训练集,1843,e_表面位移_mm,缺失,
附件3_训练集,1848,e_表面位移_mm,缺失,
附件3_训练集,1850,e_表面位移_mm,缺失,
附件3_训练集,1867,e_表面位移_mm,缺失,
附件3_训练集,1878,e_表面位移_mm,缺失,
附件3_训练集,1887,e_表面位移_mm,缺失,
附件3_训练集,1912,e_表面位移_mm,缺失,
附件3_训练集,1952,e_表面位移_mm,缺失,
附件3_训练集,1972,e_表面位移_mm,缺失,
附件3_训练集,1990,e_表面位移_mm,缺失,
附件3_训练集,2011,e_表面位移_mm,缺失,
附件3_训练集,2024,e_表面位移_mm,缺失,
附件3_训练集,2043,e_表面位移_mm,缺失,
附件3_训练集,2089,e_表面位移_mm,缺失,
附件3_训练集,2094,e_表面位移_mm,缺失,
附件3_训练集,2131,e_表面位移_mm,缺失,
附件3_训练集,2154,e_表面位移_mm,缺失,
附件3_训练集,2208,e_表面位移_mm,缺失,
附件3_训练集,2257,e_表面位移_mm,缺失,
附件3_训练集,2294,e_表面位移_mm,缺失,
附件3_训练集,2298,e_表面位移_mm,缺失,
附件3_训练集,2305,e_表面位移_mm,缺失,
附件3_训练集,2306,e_表面位移_mm,缺失,
附件3_训练集,2314,e_表面位移_mm,缺失,
附件3_训练集,2328,e_表面位移_mm,缺失,
附件3_训练集,2349,e_表面位移_mm,缺失,
附件3_训练集,2386,e_表面位移_mm,缺失,
附件3_训练集,2394,e_表面位移_mm,缺失,
附件3_训练集,2400,e_表面位移_mm,缺失,
附件3_训练集,2414,e_表面位移_mm,缺失,
附件3_训练集,2425,e_表面位移_mm,缺失,
附件3_训练集,2455,e_表面位移_mm,缺失,
附件3_训练集,2456,e_表面位移_mm,缺失,
附件3_训练集,2461,e_表面位移_mm,缺失,
附件3_训练集,2483,e_表面位移_mm,缺失,
附件3_训练集,2498,e_表面位移_mm,缺失,
附件3_训练集,2513,e_表面位移_mm,缺失,
附件3_训练集,2519,e_表面位移_mm,缺失,
附件3_训练集,2538,e_表面位移_mm,缺失,
附件3_训练集,2541,e_表面位移_mm,缺失,
附件3_训练集,2558,e_表面位移_mm,缺失,
附件3_训练集,2573,e_表面位移_mm,缺失,
附件3_训练集,2587,e_表面位移_mm,缺失,
附件3_训练集,2627,e_表面位移_mm,缺失,
附件3_训练集,2647,e_表面位移_mm,缺失,
附件3_训练集,2657,e_表面位移_mm,缺失,
附件3_训练集,2666,e_表面位移_mm,缺失,
附件3_训练集,2817,e_表面位移_mm,缺失,
附件3_训练集,2820,e_表面位移_mm,缺失,
附件3_训练集,2824,e_表面位移_mm,缺失,
附件3_训练集,2846,e_表面位移_mm,缺失,
附件3_训练集,2849,e_表面位移_mm,缺失,
附件3_训练集,2868,e_表面位移_mm,缺失,
附件3_训练集,2897,e_表面位移_mm,缺失,
附件3_训练集,2931,e_表面位移_mm,缺失,
附件3_训练集,2940,e_表面位移_mm,缺失,
附件3_训练集,2966,e_表面位移_mm,缺失,
附件3_训练集,2979,e_表面位移_mm,缺失,
附件3_训练集,2983,e_表面位移_mm,缺失,
附件3_训练集,3007,e_表面位移_mm,缺失,
附件3_训练集,3019,e_表面位移_mm,缺失,
附件3_训练集,3079,e_表面位移_mm,缺失,
附件3_训练集,3142,e_表面位移_mm,缺失,
附件3_训练集,3161,e_表面位移_mm,缺失,
附件3_训练集,3164,e_表面位移_mm,缺失,
附件3_训练集,3177,e_表面位移_mm,缺失,
附件3_训练集,3226,e_表面位移_mm,缺失,
附件3_训练集,3240,e_表面位移_mm,缺失,
附件3_训练集,3271,e_表面位移_mm,缺失,
附件3_训练集,3277,e_表面位移_mm,缺失,
附件3_训练集,3284,e_表面位移_mm,缺失,
附件3_训练集,3374,e_表面位移_mm,缺失,
附件3_训练集,3398,e_表面位移_mm,缺失,
附件3_训练集,3425,e_表面位移_mm,缺失,
附件3_训练集,3473,e_表面位移_mm,缺失,
附件3_训练集,3489,e_表面位移_mm,缺失,
附件3_训练集,3492,e_表面位移_mm,缺失,
附件3_训练集,3560,e_表面位移_mm,缺失,
附件3_训练集,3581,e_表面位移_mm,缺失,
附件3_训练集,3596,e_表面位移_mm,缺失,
附件3_训练集,3619,e_表面位移_mm,缺失,
附件3_训练集,3639,e_表面位移_mm,缺失,
附件3_训练集,3640,e_表面位移_mm,缺失,
附件3_训练集,3649,e_表面位移_mm,缺失,
附件3_训练集,3678,e_表面位移_mm,缺失,
附件3_训练集,3692,e_表面位移_mm,缺失,
附件3_训练集,3697,e_表面位移_mm,缺失,
附件3_训练集,3715,e_表面位移_mm,缺失,
附件3_训练集,3729,e_表面位移_mm,缺失,
附件3_训练集,3742,e_表面位移_mm,缺失,
附件3_训练集,3768,e_表面位移_mm,缺失,
附件3_训练集,3809,e_表面位移_mm,缺失,
附件3_训练集,3814,e_表面位移_mm,缺失,
附件3_训练集,3820,e_表面位移_mm,缺失,
附件3_训练集,3826,e_表面位移_mm,缺失,
附件3_训练集,3877,e_表面位移_mm,缺失,
附件3_训练集,3923,e_表面位移_mm,缺失,
附件3_训练集,3927,e_表面位移_mm,缺失,
附件3_训练集,3929,e_表面位移_mm,缺失,
附件3_训练集,3935,e_表面位移_mm,缺失,
附件3_训练集,3955,e_表面位移_mm,缺失,
附件3_训练集,3989,e_表面位移_mm,缺失,
附件3_训练集,4002,e_表面位移_mm,缺失,
附件3_训练集,4018,e_表面位移_mm,缺失,
附件3_训练集,4020,e_表面位移_mm,缺失,
附件3_训练集,4054,e_表面位移_mm,缺失,
附件3_训练集,4107,e_表面位移_mm,缺失,
附件3_训练集,4114,e_表面位移_mm,缺失,
附件3_训练集,4173,e_表面位移_mm,缺失,
附件3_训练集,4212,e_表面位移_mm,缺失,
附件3_训练集,4213,e_表面位移_mm,缺失,
附件3_训练集,4235,e_表面位移_mm,缺失,
附件3_训练集,4251,e_表面位移_mm,缺失,
附件3_训练集,4254,e_表面位移_mm,缺失,
附件3_训练集,4296,e_表面位移_mm,缺失,
附件3_训练集,4297,e_表面位移_mm,缺失,
附件3_训练集,4323,e_表面位移_mm,缺失,
附件3_训练集,4362,e_表面位移_mm,缺失,
附件3_训练集,4373,e_表面位移_mm,缺失,
附件3_训练集,4395,e_表面位移_mm,缺失,
附件3_训练集,4397,e_表面位移_mm,缺失,
附件3_训练集,4404,e_表面位移_mm,缺失,
附件3_训练集,4421,e_表面位移_mm,缺失,
附件3_训练集,4422,e_表面位移_mm,缺失,
附件3_训练集,4442,e_表面位移_mm,缺失,
附件3_训练集,4477,e_表面位移_mm,缺失,
附件3_训练集,4486,e_表面位移_mm,缺失,
附件3_训练集,4492,e_表面位移_mm,缺失,
附件3_训练集,4495,e_表面位移_mm,缺失,
附件3_训练集,4514,e_表面位移_mm,缺失,
附件3_训练集,4537,e_表面位移_mm,缺失,
附件3_训练集,4543,e_表面位移_mm,缺失,
附件3_训练集,4562,e_表面位移_mm,缺失,
附件3_训练集,4567,e_表面位移_mm,缺失,
附件3_训练集,4573,e_表面位移_mm,缺失,
附件3_训练集,4594,e_表面位移_mm,缺失,
附件3_训练集,4602,e_表面位移_mm,缺失,
附件3_训练集,4605,e_表面位移_mm,缺失,
附件3_训练集,4612,e_表面位移_mm,缺失,
附件3_训练集,4625,e_表面位移_mm,缺失,
附件3_训练集,4663,e_表面位移_mm,缺失,
附件3_训练集,4676,e_表面位移_mm,缺失,
附件3_训练集,4684,e_表面位移_mm,缺失,
附件3_训练集,4687,e_表面位移_mm,缺失,
附件3_训练集,4699,e_表面位移_mm,缺失,
附件3_训练集,4702,e_表面位移_mm,缺失,
附件3_训练集,4714,e_表面位移_mm,缺失,
附件3_训练集,4733,e_表面位移_mm,缺失,
附件3_训练集,4741,e_表面位移_mm,缺失,
附件3_训练集,4760,e_表面位移_mm,缺失,
附件3_训练集,4772,e_表面位移_mm,缺失,
附件3_训练集,4801,e_表面位移_mm,缺失,
附件3_训练集,4804,e_表面位移_mm,缺失,
附件3_训练集,4806,e_表面位移_mm,缺失,
附件3_训练集,4840,e_表面位移_mm,缺失,
附件3_训练集,4846,e_表面位移_mm,缺失,
附件3_训练集,4871,e_表面位移_mm,缺失,
附件3_训练集,4883,e_表面位移_mm,缺失,
附件3_训练集,4885,e_表面位移_mm,缺失,
附件3_训练集,4894,e_表面位移_mm,缺失,
附件3_训练集,4910,e_表面位移_mm,缺失,
附件3_训练集,4916,e_表面位移_mm,缺失,
附件3_训练集,4927,e_表面位移_mm,缺失,
附件3_训练集,4929,e_表面位移_mm,缺失,
附件3_训练集,4949,e_表面位移_mm,缺失,
附件3_训练集,4975,e_表面位移_mm,缺失,
附件3_训练集,4976,e_表面位移_mm,缺失,
附件3_训练集,5029,e_表面位移_mm,缺失,
附件3_训练集,5074,e_表面位移_mm,缺失,
附件3_训练集,5077,e_表面位移_mm,缺失,
附件3_训练集,5080,e_表面位移_mm,缺失,
附件3_训练集,5129,e_表面位移_mm,缺失,
附件3_训练集,5136,e_表面位移_mm,缺失,
附件3_训练集,5147,e_表面位移_mm,缺失,
附件3_训练集,5156,e_表面位移_mm,缺失,
附件3_训练集,5157,e_表面位移_mm,缺失,
附件3_训练集,5158,e_表面位移_mm,缺失,
附件3_训练集,5174,e_表面位移_mm,缺失,
附件3_训练集,5239,e_表面位移_mm,缺失,
附件3_训练集,5247,e_表面位移_mm,缺失,
附件3_训练集,5270,e_表面位移_mm,缺失,
附件3_训练集,5292,e_表面位移_mm,缺失,
附件3_训练集,5295,e_表面位移_mm,缺失,
附件3_训练集,5298,e_表面位移_mm,缺失,
附件3_训练集,5309,e_表面位移_mm,缺失,
附件3_训练集,5319,e_表面位移_mm,缺失,
附件3_训练集,5327,e_表面位移_mm,缺失,
附件3_训练集,5329,e_表面位移_mm,缺失,
附件3_训练集,5340,e_表面位移_mm,缺失,
附件3_训练集,5362,e_表面位移_mm,缺失,
附件3_训练集,5367,e_表面位移_mm,缺失,
附件3_训练集,5381,e_表面位移_mm,缺失,
附件3_训练集,5382,e_表面位移_mm,缺失,
附件3_训练集,5386,e_表面位移_mm,缺失,
附件3_训练集,5430,e_表面位移_mm,缺失,
附件3_训练集,5431,e_表面位移_mm,缺失,
附件3_训练集,5436,e_表面位移_mm,缺失,
附件3_训练集,5456,e_表面位移_mm,缺失,
附件3_训练集,5460,e_表面位移_mm,缺失,
附件3_训练集,5478,e_表面位移_mm,缺失,
附件3_训练集,5523,e_表面位移_mm,缺失,
附件3_训练集,5549,e_表面位移_mm,缺失,
附件3_训练集,5552,e_表面位移_mm,缺失,
附件3_训练集,5553,e_表面位移_mm,缺失,
附件3_训练集,5561,e_表面位移_mm,缺失,
附件3_训练集,5571,e_表面位移_mm,缺失,
附件3_训练集,5576,e_表面位移_mm,缺失,
附件3_训练集,5577,e_表面位移_mm,缺失,
附件3_训练集,5605,e_表面位移_mm,缺失,
附件3_训练集,5610,e_表面位移_mm,缺失,
附件3_训练集,5622,e_表面位移_mm,缺失,
附件3_训练集,5642,e_表面位移_mm,缺失,
附件3_训练集,5684,e_表面位移_mm,缺失,
附件3_训练集,5710,e_表面位移_mm,缺失,
附件3_训练集,5717,e_表面位移_mm,缺失,
附件3_训练集,5739,e_表面位移_mm,缺失,
附件3_训练集,5757,e_表面位移_mm,缺失,
附件3_训练集,5817,e_表面位移_mm,缺失,
附件3_训练集,5838,e_表面位移_mm,缺失,
附件3_训练集,5852,e_表面位移_mm,缺失,
附件3_训练集,5856,e_表面位移_mm,缺失,
附件3_训练集,5955,e_表面位移_mm,缺失,
附件3_训练集,5971,e_表面位移_mm,缺失,
附件3_训练集,5972,e_表面位移_mm,缺失,
附件3_训练集,5993,e_表面位移_mm,缺失,
附件3_训练集,6003,e_表面位移_mm,缺失,
附件3_训练集,6065,e_表面位移_mm,缺失,
附件3_训练集,6095,e_表面位移_mm,缺失,
附件3_训练集,6108,e_表面位移_mm,缺失,
附件3_训练集,6123,e_表面位移_mm,缺失,
附件3_训练集,6129,e_表面位移_mm,缺失,
附件3_训练集,6164,e_表面位移_mm,缺失,
附件3_训练集,6169,e_表面位移_mm,缺失,
附件3_训练集,6177,e_表面位移_mm,缺失,
附件3_训练集,6198,e_表面位移_mm,缺失,
附件3_训练集,6202,e_表面位移_mm,缺失,
附件3_训练集,6228,e_表面位移_mm,缺失,
附件3_训练集,6229,e_表面位移_mm,缺失,
附件3_训练集,6261,e_表面位移_mm,缺失,
附件3_训练集,6278,e_表面位移_mm,缺失,
附件3_训练集,6343,e_表面位移_mm,缺失,
附件3_训练集,6357,e_表面位移_mm,缺失,
附件3_训练集,6364,e_表面位移_mm,缺失,
附件3_训练集,6369,e_表面位移_mm,缺失,
附件3_训练集,6386,e_表面位移_mm,缺失,
附件3_训练集,6389,e_表面位移_mm,缺失,
附件3_训练集,6393,e_表面位移_mm,缺失,
附件3_训练集,6442,e_表面位移_mm,缺失,
附件3_训练集,6454,e_表面位移_mm,缺失,
附件3_训练集,6458,e_表面位移_mm,缺失,
附件3_训练集,6509,e_表面位移_mm,缺失,
附件3_训练集,6516,e_表面位移_mm,缺失,
附件3_训练集,6535,e_表面位移_mm,缺失,
附件3_训练集,6543,e_表面位移_mm,缺失,
附件3_训练集,6548,e_表面位移_mm,缺失,
附件3_训练集,6583,e_表面位移_mm,缺失,
附件3_训练集,6618,e_表面位移_mm,缺失,
附件3_训练集,6633,e_表面位移_mm,缺失,
附件3_训练集,6653,e_表面位移_mm,缺失,
附件3_训练集,6672,e_表面位移_mm,缺失,
附件3_训练集,6678,e_表面位移_mm,缺失,
附件3_训练集,6711,e_表面位移_mm,缺失,
附件3_训练集,6726,e_表面位移_mm,缺失,
附件3_训练集,6761,e_表面位移_mm,缺失,
附件3_训练集,6781,e_表面位移_mm,缺失,
附件3_训练集,6785,e_表面位移_mm,缺失,
附件3_训练集,6791,e_表面位移_mm,缺失,
附件3_训练集,6806,e_表面位移_mm,缺失,
附件3_训练集,6844,e_表面位移_mm,缺失,
附件3_训练集,6846,e_表面位移_mm,缺失,
附件3_训练集,6863,e_表面位移_mm,缺失,
附件3_训练集,6876,e_表面位移_mm,缺失,
附件3_训练集,6922,e_表面位移_mm,缺失,
附件3_训练集,6928,e_表面位移_mm,缺失,
附件3_训练集,6946,e_表面位移_mm,缺失,
附件3_训练集,6954,e_表面位移_mm,缺失,
附件3_训练集,6978,e_表面位移_mm,缺失,
附件3_训练集,6988,e_表面位移_mm,缺失,
附件3_训练集,6989,e_表面位移_mm,缺失,
附件3_训练集,7002,e_表面位移_mm,缺失,
附件3_训练集,7056,e_表面位移_mm,缺失,
附件3_训练集,7071,e_表面位移_mm,缺失,
附件3_训练集,7087,e_表面位移_mm,缺失,
附件3_训练集,7107,e_表面位移_mm,缺失,
附件3_训练集,7140,e_表面位移_mm,缺失,
附件3_训练集,7156,e_表面位移_mm,缺失,
附件3_训练集,7192,e_表面位移_mm,缺失,
附件3_训练集,7231,e_表面位移_mm,缺失,
附件3_训练集,7235,e_表面位移_mm,缺失,
附件3_训练集,7257,e_表面位移_mm,缺失,
附件3_训练集,7269,e_表面位移_mm,缺失,
附件3_训练集,7278,e_表面位移_mm,缺失,
附件3_训练集,7291,e_表面位移_mm,缺失,
附件3_训练集,7324,e_表面位移_mm,缺失,
附件3_训练集,7325,e_表面位移_mm,缺失,
附件3_训练集,7335,e_表面位移_mm,缺失,
附件3_训练集,7338,e_表面位移_mm,缺失,
附件3_训练集,7366,e_表面位移_mm,缺失,
附件3_训练集,7370,e_表面位移_mm,缺失,
附件3_训练集,7402,e_表面位移_mm,缺失,
附件3_训练集,7416,e_表面位移_mm,缺失,
附件3_训练集,7437,e_表面位移_mm,缺失,
附件3_训练集,7479,e_表面位移_mm,缺失,
附件3_训练集,7484,e_表面位移_mm,缺失,
附件3_训练集,7496,e_表面位移_mm,缺失,
附件3_训练集,7502,e_表面位移_mm,缺失,
附件3_训练集,7503,e_表面位移_mm,缺失,
附件3_训练集,7571,e_表面位移_mm,缺失,
附件3_训练集,7618,e_表面位移_mm,缺失,
附件3_训练集,7631,e_表面位移_mm,缺失,
附件3_训练集,7633,e_表面位移_mm,缺失,
附件3_训练集,7652,e_表面位移_mm,缺失,
附件3_训练集,7666,e_表面位移_mm,缺失,
附件3_训练集,7678,e_表面位移_mm,缺失,
附件3_训练集,7713,e_表面位移_mm,缺失,
附件3_训练集,7764,e_表面位移_mm,缺失,
附件3_训练集,7800,e_表面位移_mm,缺失,
附件3_训练集,7803,e_表面位移_mm,缺失,
附件3_训练集,7816,e_表面位移_mm,缺失,
附件3_训练集,7837,e_表面位移_mm,缺失,
附件3_训练集,7870,e_表面位移_mm,缺失,
附件3_训练集,7875,e_表面位移_mm,缺失,
附件3_训练集,7888,e_表面位移_mm,缺失,
附件3_训练集,7889,e_表面位移_mm,缺失,
附件3_训练集,7900,e_表面位移_mm,缺失,
附件3_训练集,7912,e_表面位移_mm,缺失,
附件3_训练集,7922,e_表面位移_mm,缺失,
附件3_训练集,7927,e_表面位移_mm,缺失,
附件3_训练集,7946,e_表面位移_mm,缺失,
附件3_训练集,7962,e_表面位移_mm,缺失,
附件3_训练集,7965,e_表面位移_mm,缺失,
附件3_训练集,7969,e_表面位移_mm,缺失,
附件3_训练集,7972,e_表面位移_mm,缺失,
附件3_训练集,7982,e_表面位移_mm,缺失,
附件3_训练集,7988,e_表面位移_mm,缺失,
附件3_训练集,7996,e_表面位移_mm,缺失,
附件3_训练集,8031,e_表面位移_mm,缺失,
附件3_训练集,8061,e_表面位移_mm,缺失,
附件3_训练集,8074,e_表面位移_mm,缺失,
附件3_训练集,8087,e_表面位移_mm,缺失,
附件3_训练集,8120,e_表面位移_mm,缺失,
附件3_训练集,8123,e_表面位移_mm,缺失,
附件3_训练集,8130,e_表面位移_mm,缺失,
附件3_训练集,8163,e_表面位移_mm,缺失,
附件3_训练集,8168,e_表面位移_mm,缺失,
附件3_训练集,8175,e_表面位移_mm,缺失,
附件3_训练集,8188,e_表面位移_mm,缺失,
附件3_训练集,8190,e_表面位移_mm,缺失,
附件3_训练集,8194,e_表面位移_mm,缺失,
附件3_训练集,8211,e_表面位移_mm,缺失,
附件3_训练集,8213,e_表面位移_mm,缺失,
附件3_训练集,8218,e_表面位移_mm,缺失,
附件3_训练集,8227,e_表面位移_mm,缺失,
附件3_训练集,8234,e_表面位移_mm,缺失,
附件3_训练集,8243,e_表面位移_mm,缺失,
附件3_训练集,8276,e_表面位移_mm,缺失,
附件3_训练集,8286,e_表面位移_mm,缺失,
附件3_训练集,8293,e_表面位移_mm,缺失,
附件3_训练集,8314,e_表面位移_mm,缺失,
附件3_训练集,8332,e_表面位移_mm,缺失,
附件3_训练集,8336,e_表面位移_mm,缺失,
附件3_训练集,8342,e_表面位移_mm,缺失,
附件3_训练集,8359,e_表面位移_mm,缺失,
附件3_训练集,8385,e_表面位移_mm,缺失,
附件3_训练集,8396,e_表面位移_mm,缺失,
附件3_训练集,8458,e_表面位移_mm,缺失,
附件3_训练集,8476,e_表面位移_mm,缺失,
附件3_训练集,8497,e_表面位移_mm,缺失,
附件3_训练集,8498,e_表面位移_mm,缺失,
附件3_训练集,8529,e_表面位移_mm,缺失,
附件3_训练集,8536,e_表面位移_mm,缺失,
附件3_训练集,8543,e_表面位移_mm,缺失,
附件3_训练集,8565,e_表面位移_mm,缺失,
附件3_训练集,8577,e_表面位移_mm,缺失,
附件3_训练集,8604,e_表面位移_mm,缺失,
附件3_训练集,8606,e_表面位移_mm,缺失,
附件3_训练集,8673,e_表面位移_mm,缺失,
附件3_训练集,8691,e_表面位移_mm,缺失,
附件3_训练集,8698,e_表面位移_mm,缺失,
附件3_训练集,8708,e_表面位移_mm,缺失,
附件3_训练集,8716,e_表面位移_mm,缺失,
附件3_训练集,8718,e_表面位移_mm,缺失,
附件3_训练集,8724,e_表面位移_mm,缺失,
附件3_训练集,8732,e_表面位移_mm,缺失,
附件3_训练集,8770,e_表面位移_mm,缺失,
附件3_训练集,8784,e_表面位移_mm,缺失,
附件3_训练集,8845,e_表面位移_mm,缺失,
附件3_训练集,8878,e_表面位移_mm,缺失,
附件3_训练集,8931,e_表面位移_mm,缺失,
附件3_训练集,8940,e_表面位移_mm,缺失,
附件3_训练集,8944,e_表面位移_mm,缺失,
附件3_训练集,8959,e_表面位移_mm,缺失,
附件3_训练集,8983,e_表面位移_mm,缺失,
附件3_训练集,8992,e_表面位移_mm,缺失,
附件3_训练集,8997,e_表面位移_mm,缺失,
附件3_训练集,9012,e_表面位移_mm,缺失,
附件3_训练集,9018,e_表面位移_mm,缺失,
附件3_训练集,9019,e_表面位移_mm,缺失,
附件3_训练集,9028,e_表面位移_mm,缺失,
附件3_训练集,9036,e_表面位移_mm,缺失,
附件3_训练集,9045,e_表面位移_mm,缺失,
附件3_训练集,9082,e_表面位移_mm,缺失,
附件3_训练集,9115,e_表面位移_mm,缺失,
附件3_训练集,9142,e_表面位移_mm,缺失,
附件3_训练集,9145,e_表面位移_mm,缺失,
附件3_训练集,9149,e_表面位移_mm,缺失,
附件3_训练集,9154,e_表面位移_mm,缺失,
附件3_训练集,9190,e_表面位移_mm,缺失,
附件3_训练集,9197,e_表面位移_mm,缺失,
附件3_训练集,9199,e_表面位移_mm,缺失,
附件3_训练集,9204,e_表面位移_mm,缺失,
附件3_训练集,9209,e_表面位移_mm,缺失,
附件3_训练集,9228,e_表面位移_mm,缺失,
附件3_训练集,9242,e_表面位移_mm,缺失,
附件3_训练集,9273,e_表面位移_mm,缺失,
附件3_训练集,9305,e_表面位移_mm,缺失,
附件3_训练集,9316,e_表面位移_mm,缺失,
附件3_训练集,9339,e_表面位移_mm,缺失,
附件3_训练集,9355,e_表面位移_mm,缺失,
附件3_训练集,9404,e_表面位移_mm,缺失,
附件3_训练集,9467,e_表面位移_mm,缺失,
附件3_训练集,9491,e_表面位移_mm,缺失,
附件3_训练集,9494,e_表面位移_mm,缺失,
附件3_训练集,9496,e_表面位移_mm,缺失,
附件3_训练集,9507,e_表面位移_mm,缺失,
附件3_训练集,9543,e_表面位移_mm,缺失,
附件3_训练集,9571,e_表面位移_mm,缺失,
附件3_训练集,9580,e_表面位移_mm,缺失,
附件3_训练集,9624,e_表面位移_mm,缺失,
附件3_训练集,9625,e_表面位移_mm,缺失,
附件3_训练集,9650,e_表面位移_mm,缺失,
附件3_训练集,9658,e_表面位移_mm,缺失,
附件3_训练集,9666,e_表面位移_mm,缺失,
附件3_训练集,9680,e_表面位移_mm,缺失,
附件3_训练集,9693,e_表面位移_mm,缺失,
附件3_训练集,9768,e_表面位移_mm,缺失,
附件3_训练集,9782,e_表面位移_mm,缺失,
附件3_训练集,9788,e_表面位移_mm,缺失,
附件3_训练集,9793,e_表面位移_mm,缺失,
附件3_训练集,9795,e_表面位移_mm,缺失,
附件3_训练集,9876,e_表面位移_mm,缺失,
附件3_训练集,9882,e_表面位移_mm,缺失,
附件3_训练集,9901,e_表面位移_mm,缺失,
附件3_训练集,9908,e_表面位移_mm,缺失,
附件3_训练集,9909,e_表面位移_mm,缺失,
附件3_训练集,9930,e_表面位移_mm,缺失,
附件3_训练集,9979,e_表面位移_mm,缺失,
附件3_训练集,9985,e_表面位移_mm,缺失,
附件3_训练集,9989,e_表面位移_mm,缺失,
附件3_训练集,9994,e_表面位移_mm,缺失,
附件3_训练集,183,b_孔隙水压力_kPa,局部差分突变候选,67.83
附件3_训练集,736,b_孔隙水压力_kPa,局部差分突变候选,102.62
附件3_训练集,751,b_孔隙水压力_kPa,局部差分突变候选,93.82
附件3_训练集,812,b_孔隙水压力_kPa,局部差分突变候选,61.75
附件3_训练集,899,b_孔隙水压力_kPa,局部差分突变候选,86.81
附件3_训练集,981,b_孔隙水压力_kPa,局部差分突变候选,61.0
附件3_训练集,1121,b_孔隙水压力_kPa,局部差分突变候选,57.23
附件3_训练集,1122,b_孔隙水压力_kPa,局部差分突变候选,85.91
附件3_训练集,1611,b_孔隙水压力_kPa,局部差分突变候选,58.39
附件3_训练集,1862,b_孔隙水压力_kPa,局部差分突变候选,53.8
附件3_训练集,2352,b_孔隙水压力_kPa,局部差分突变候选,66.64
附件3_训练集,2353,b_孔隙水压力_kPa,局部差分突变候选,86.55
附件3_训练集,2889,b_孔隙水压力_kPa,局部差分突变候选,86.47
附件3_训练集,3077,b_孔隙水压力_kPa,局部差分突变候选,76.71
附件3_训练集,3313,b_孔隙水压力_kPa,局部差分突变候选,80.92
附件3_训练集,3330,b_孔隙水压力_kPa,局部差分突变候选,61.85
附件3_训练集,4275,b_孔隙水压力_kPa,局部差分突变候选,108.35
附件3_训练集,4435,b_孔隙水压力_kPa,局部差分突变候选,94.29
附件3_训练集,4524,b_孔隙水压力_kPa,局部差分突变候选,58.23
附件3_训练集,4570,b_孔隙水压力_kPa,局部差分突变候选,58.5
附件3_训练集,4571,b_孔隙水压力_kPa,局部差分突变候选,80.63
附件3_训练集,5729,b_孔隙水压力_kPa,局部差分突变候选,85.24
附件3_训练集,5772,b_孔隙水压力_kPa,局部差分突变候选,52.37
附件3_训练集,5983,b_孔隙水压力_kPa,局部差分突变候选,102.76
附件3_训练集,5989,b_孔隙水压力_kPa,局部差分突变候选,98.98
附件3_训练集,6157,b_孔隙水压力_kPa,局部差分突变候选,63.61
附件3_训练集,6496,b_孔隙水压力_kPa,局部差分突变候选,91.2
附件3_训练集,6770,b_孔隙水压力_kPa,局部差分突变候选,103.51
附件3_训练集,6928,b_孔隙水压力_kPa,局部差分突变候选,96.54
附件3_训练集,6933,b_孔隙水压力_kPa,局部差分突变候选,96.23
附件3_训练集,7650,b_孔隙水压力_kPa,局部差分突变候选,107.91
附件3_训练集,7655,b_孔隙水压力_kPa,局部差分突变候选,83.33
附件3_训练集,8408,b_孔隙水压力_kPa,局部差分突变候选,74.33
附件3_训练集,8450,b_孔隙水压力_kPa,局部差分突变候选,84.48
附件3_训练集,8516,b_孔隙水压力_kPa,局部差分突变候选,105.5
附件3_训练集,9003,b_孔隙水压力_kPa,局部差分突变候选,78.77
附件3_训练集,9045,b_孔隙水压力_kPa,局部差分突变候选,93.41
附件3_训练集,9046,b_孔隙水压力_kPa,局部差分突变候选,72.09
附件3_训练集,9347,b_孔隙水压力_kPa,局部差分突变候选,65.72
附件3_训练集,9352,b_孔隙水压力_kPa,局部差分突变候选,71.36
附件3_训练集,9396,b_孔隙水压力_kPa,局部差分突变候选,100.35
附件3_训练集,9418,b_孔隙水压力_kPa,局部差分突变候选,119.59
附件3_训练集,9419,b_孔隙水压力_kPa,局部差分突变候选,81.61
附件3_训练集,9561,b_孔隙水压力_kPa,局部差分突变候选,62.15
附件3_训练集,9640,b_孔隙水压力_kPa,局部差分突变候选,78.16
附件3_训练集,9732,b_孔隙水压力_kPa,局部差分突变候选,58.75
附件3_训练集,129,d_深部位移_mm,局部差分突变候选,42.502
附件3_训练集,171,d_深部位移_mm,局部差分突变候选,30.366
附件3_训练集,313,d_深部位移_mm,局部差分突变候选,21.147
附件3_训练集,424,d_深部位移_mm,局部差分突变候选,24.637
附件3_训练集,740,d_深部位移_mm,局部差分突变候选,45.729
附件3_训练集,848,d_深部位移_mm,局部差分突变候选,21.646
附件3_训练集,1369,d_深部位移_mm,局部差分突变候选,30.165
附件3_训练集,1405,d_深部位移_mm,局部差分突变候选,56.228
附件3_训练集,1406,d_深部位移_mm,局部差分突变候选,33.545
附件3_训练集,1880,d_深部位移_mm,局部差分突变候选,37.0
附件3_训练集,2091,d_深部位移_mm,局部差分突变候选,45.769
附件3_训练集,2252,d_深部位移_mm,局部差分突变候选,28.281
附件3_训练集,3068,d_深部位移_mm,局部差分突变候选,40.088
附件3_训练集,3298,d_深部位移_mm,局部差分突变候选,21.558
附件3_训练集,3499,d_深部位移_mm,局部差分突变候选,31.326
附件3_训练集,3639,d_深部位移_mm,局部差分突变候选,44.227
附件3_训练集,4117,d_深部位移_mm,局部差分突变候选,28.533
附件3_训练集,4429,d_深部位移_mm,局部差分突变候选,23.521
附件3_训练集,4545,d_深部位移_mm,局部差分突变候选,28.08
附件3_训练集,4546,d_深部位移_mm,局部差分突变候选,44.018
附件3_训练集,4547,d_深部位移_mm,局部差分突变候选,28.59
附件3_训练集,5284,d_深部位移_mm,局部差分突变候选,40.248
附件3_训练集,5566,d_深部位移_mm,局部差分突变候选,41.364
附件3_训练集,5666,d_深部位移_mm,局部差分突变候选,45.717
附件3_训练集,5728,d_深部位移_mm,局部差分突变候选,21.478
附件3_训练集,5823,d_深部位移_mm,局部差分突变候选,29.791
附件3_训练集,5864,d_深部位移_mm,局部差分突变候选,42.304
附件3_训练集,6021,d_深部位移_mm,局部差分突变候选,35.534
附件3_训练集,6287,d_深部位移_mm,局部差分突变候选,23.915
附件3_训练集,6288,d_深部位移_mm,局部差分突变候选,37.327
附件3_训练集,6424,d_深部位移_mm,局部差分突变候选,36.606
附件3_训练集,6432,d_深部位移_mm,局部差分突变候选,22.649
附件3_训练集,6611,d_深部位移_mm,局部差分突变候选,41.811
附件3_训练集,6945,d_深部位移_mm,局部差分突变候选,22.444
附件3_训练集,7004,d_深部位移_mm,局部差分突变候选,38.448
附件3_训练集,7080,d_深部位移_mm,局部差分突变候选,23.542
附件3_训练集,7671,d_深部位移_mm,局部差分突变候选,44.185
附件3_训练集,7719,d_深部位移_mm,局部差分突变候选,38.653
附件3_训练集,8104,d_深部位移_mm,局部差分突变候选,60.277
附件3_训练集,8106,d_深部位移_mm,局部差分突变候选,24.7
附件3_训练集,8344,d_深部位移_mm,局部差分突变候选,21.441
附件3_训练集,9097,d_深部位移_mm,局部差分突变候选,39.21
附件3_训练集,9451,d_深部位移_mm,局部差分突变候选,38.248
附件3_训练集,9527,d_深部位移_mm,局部差分突变候选,31.526
附件3_训练集,9613,d_深部位移_mm,局部差分突变候选,36.597
附件3_训练集,9752,d_深部位移_mm,局部差分突变候选,40.929
附件3_训练集,171,e_表面位移_mm,局部差分突变候选,95.162
附件3_训练集,227,e_表面位移_mm,局部差分突变候选,75.828
附件3_训练集,466,e_表面位移_mm,局部差分突变候选,110.975
附件3_训练集,848,e_表面位移_mm,局部差分突变候选,72.142
附件3_训练集,1001,e_表面位移_mm,局部差分突变候选,114.673
附件3_训练集,1113,e_表面位移_mm,局部差分突变候选,121.437
附件3_训练集,1183,e_表面位移_mm,局部差分突变候选,126.041
附件3_训练集,1377,e_表面位移_mm,局部差分突变候选,159.284
附件3_训练集,1570,e_表面位移_mm,局部差分突变候选,137.759
附件3_训练集,1621,e_表面位移_mm,局部差分突变候选,83.291
附件3_训练集,1622,e_表面位移_mm,局部差分突变候选,107.306
附件3_训练集,2041,e_表面位移_mm,局部差分突变候选,104.297
附件3_训练集,2809,e_表面位移_mm,局部差分突变候选,77.362
附件3_训练集,3572,e_表面位移_mm,局部差分突变候选,75.876
附件3_训练集,3658,e_表面位移_mm,局部差分突变候选,129.33
附件3_训练集,3732,e_表面位移_mm,局部差分突变候选,129.703
附件3_训练集,4124,e_表面位移_mm,局部差分突变候选,157.22
附件3_训练集,4172,e_表面位移_mm,局部差分突变候选,141.059
附件3_训练集,4526,e_表面位移_mm,局部差分突变候选,98.636
附件3_训练集,4570,e_表面位移_mm,局部差分突变候选,70.774
附件3_训练集,4661,e_表面位移_mm,局部差分突变候选,87.129
附件3_训练集,5060,e_表面位移_mm,局部差分突变候选,119.814
附件3_训练集,5073,e_表面位移_mm,局部差分突变候选,116.72109551798
附件3_训练集,5132,e_表面位移_mm,局部差分突变候选,69.998
附件3_训练集,5370,e_表面位移_mm,局部差分突变候选,82.921
附件3_训练集,5600,e_表面位移_mm,局部差分突变候选,103.317
附件3_训练集,5659,e_表面位移_mm,局部差分突变候选,101.586
附件3_训练集,5666,e_表面位移_mm,局部差分突变候选,122.197
附件3_训练集,5848,e_表面位移_mm,局部差分突变候选,91.466
附件3_训练集,5927,e_表面位移_mm,局部差分突变候选,96.301
附件3_训练集,6391,e_表面位移_mm,局部差分突变候选,104.58
附件3_训练集,6663,e_表面位移_mm,局部差分突变候选,115.635
附件3_训练集,6668,e_表面位移_mm,局部差分突变候选,68.315
附件3_训练集,6770,e_表面位移_mm,局部差分突变候选,144.341
附件3_训练集,6771,e_表面位移_mm,局部差分突变候选,99.954
附件3_训练集,7075,e_表面位移_mm,局部差分突变候选,110.162
附件3_训练集,7076,e_表面位移_mm,局部差分突变候选,96.269
附件3_训练集,7349,e_表面位移_mm,局部差分突变候选,83.914
附件3_训练集,7581,e_表面位移_mm,局部差分突变候选,90.387
附件3_训练集,7977,e_表面位移_mm,局部差分突变候选,135.145
附件3_训练集,7978,e_表面位移_mm,局部差分突变候选,103.042
附件3_训练集,8129,e_表面位移_mm,局部差分突变候选,85.772
附件3_训练集,8382,e_表面位移_mm,局部差分突变候选,86.759
附件3_训练集,9652,e_表面位移_mm,局部差分突变候选,104.848
附件3_训练集,9926,e_表面位移_mm,局部差分突变候选,76.438
附件3_实验集,47,a_降雨量_mm,缺失,
附件3_实验集,100,a_降雨量_mm,缺失,
附件3_实验集,115,a_降雨量_mm,缺失,
附件3_实验集,129,a_降雨量_mm,缺失,
附件3_实验集,138,a_降雨量_mm,缺失,
附件3_实验集,204,a_降雨量_mm,缺失,
附件3_实验集,218,a_降雨量_mm,缺失,
附件3_实验集,253,a_降雨量_mm,缺失,
附件3_实验集,264,a_降雨量_mm,缺失,
附件3_实验集,274,a_降雨量_mm,缺失,
附件3_实验集,278,a_降雨量_mm,缺失,
附件3_实验集,317,a_降雨量_mm,缺失,
附件3_实验集,327,a_降雨量_mm,缺失,
附件3_实验集,401,a_降雨量_mm,缺失,
附件3_实验集,407,a_降雨量_mm,缺失,
附件3_实验集,430,a_降雨量_mm,缺失,
附件3_实验集,434,a_降雨量_mm,缺失,
附件3_实验集,496,a_降雨量_mm,缺失,
附件3_实验集,497,a_降雨量_mm,缺失,
附件3_实验集,504,a_降雨量_mm,缺失,
附件3_实验集,531,a_降雨量_mm,缺失,
附件3_实验集,552,a_降雨量_mm,缺失,
附件3_实验集,606,a_降雨量_mm,缺失,
附件3_实验集,642,a_降雨量_mm,缺失,
附件3_实验集,655,a_降雨量_mm,缺失,
附件3_实验集,677,a_降雨量_mm,缺失,
附件3_实验集,708,a_降雨量_mm,缺失,
附件3_实验集,710,a_降雨量_mm,缺失,
附件3_实验集,727,a_降雨量_mm,缺失,
附件3_实验集,751,a_降雨量_mm,缺失,
附件3_实验集,757,a_降雨量_mm,缺失,
附件3_实验集,779,a_降雨量_mm,缺失,
附件3_实验集,802,a_降雨量_mm,缺失,
附件3_实验集,829,a_降雨量_mm,缺失,
附件3_实验集,875,a_降雨量_mm,缺失,
附件3_实验集,915,a_降雨量_mm,缺失,
附件3_实验集,917,a_降雨量_mm,缺失,
附件3_实验集,937,a_降雨量_mm,缺失,
附件3_实验集,963,a_降雨量_mm,缺失,
附件3_实验集,967,a_降雨量_mm,缺失,
附件3_实验集,975,a_降雨量_mm,缺失,
附件3_实验集,980,a_降雨量_mm,缺失,
附件3_实验集,990,a_降雨量_mm,缺失,
附件3_实验集,1052,a_降雨量_mm,缺失,
附件3_实验集,1057,a_降雨量_mm,缺失,
附件3_实验集,1143,a_降雨量_mm,缺失,
附件3_实验集,1155,a_降雨量_mm,缺失,
附件3_实验集,1213,a_降雨量_mm,缺失,
附件3_实验集,1215,a_降雨量_mm,缺失,
附件3_实验集,1236,a_降雨量_mm,缺失,
附件3_实验集,1241,a_降雨量_mm,缺失,
附件3_实验集,1305,a_降雨量_mm,缺失,
附件3_实验集,1307,a_降雨量_mm,缺失,
附件3_实验集,1325,a_降雨量_mm,缺失,
附件3_实验集,1331,a_降雨量_mm,缺失,
附件3_实验集,1335,a_降雨量_mm,缺失,
附件3_实验集,1343,a_降雨量_mm,缺失,
附件3_实验集,1365,a_降雨量_mm,缺失,
附件3_实验集,1398,a_降雨量_mm,缺失,
附件3_实验集,1417,a_降雨量_mm,缺失,
附件3_实验集,1428,a_降雨量_mm,缺失,
附件3_实验集,1468,a_降雨量_mm,缺失,
附件3_实验集,1469,a_降雨量_mm,缺失,
附件3_实验集,1484,a_降雨量_mm,缺失,
附件3_实验集,1505,a_降雨量_mm,缺失,
附件3_实验集,1513,a_降雨量_mm,缺失,
附件3_实验集,1525,a_降雨量_mm,缺失,
附件3_实验集,1544,a_降雨量_mm,缺失,
附件3_实验集,1608,a_降雨量_mm,缺失,
附件3_实验集,1620,a_降雨量_mm,缺失,
附件3_实验集,1636,a_降雨量_mm,缺失,
附件3_实验集,1667,a_降雨量_mm,缺失,
附件3_实验集,1719,a_降雨量_mm,缺失,
附件3_实验集,1779,a_降雨量_mm,缺失,
附件3_实验集,1825,a_降雨量_mm,缺失,
附件3_实验集,1832,a_降雨量_mm,缺失,
附件3_实验集,1837,a_降雨量_mm,缺失,
附件3_实验集,1863,a_降雨量_mm,缺失,
附件3_实验集,1874,a_降雨量_mm,缺失,
附件3_实验集,1888,a_降雨量_mm,缺失,
附件3_实验集,1900,a_降雨量_mm,缺失,
附件3_实验集,1920,a_降雨量_mm,缺失,
附件3_实验集,1936,a_降雨量_mm,缺失,
附件3_实验集,2021,a_降雨量_mm,缺失,
附件3_实验集,2029,a_降雨量_mm,缺失,
附件3_实验集,2033,a_降雨量_mm,缺失,
附件3_实验集,2069,a_降雨量_mm,缺失,
附件3_实验集,2097,a_降雨量_mm,缺失,
附件3_实验集,2124,a_降雨量_mm,缺失,
附件3_实验集,2129,a_降雨量_mm,缺失,
附件3_实验集,2179,a_降雨量_mm,缺失,
附件3_实验集,2190,a_降雨量_mm,缺失,
附件3_实验集,2239,a_降雨量_mm,缺失,
附件3_实验集,2260,a_降雨量_mm,缺失,
附件3_实验集,2278,a_降雨量_mm,缺失,
附件3_实验集,2308,a_降雨量_mm,缺失,
附件3_实验集,2314,a_降雨量_mm,缺失,
附件3_实验集,2315,a_降雨量_mm,缺失,
附件3_实验集,2345,a_降雨量_mm,缺失,
附件3_实验集,2348,a_降雨量_mm,缺失,
附件3_实验集,2381,a_降雨量_mm,缺失,
附件3_实验集,2393,a_降雨量_mm,缺失,
附件3_实验集,2395,a_降雨量_mm,缺失,
附件3_实验集,2396,a_降雨量_mm,缺失,
附件3_实验集,2424,a_降雨量_mm,缺失,
附件3_实验集,2483,a_降雨量_mm,缺失,
附件3_实验集,2495,a_降雨量_mm,缺失,
附件3_实验集,2497,a_降雨量_mm,缺失,
附件3_实验集,2511,a_降雨量_mm,缺失,
附件3_实验集,2530,a_降雨量_mm,缺失,
附件3_实验集,2532,a_降雨量_mm,缺失,
附件3_实验集,2543,a_降雨量_mm,缺失,
附件3_实验集,2544,a_降雨量_mm,缺失,
附件3_实验集,2564,a_降雨量_mm,缺失,
附件3_实验集,2586,a_降雨量_mm,缺失,
附件3_实验集,2601,a_降雨量_mm,缺失,
附件3_实验集,2629,a_降雨量_mm,缺失,
附件3_实验集,2632,a_降雨量_mm,缺失,
附件3_实验集,2636,a_降雨量_mm,缺失,
附件3_实验集,2637,a_降雨量_mm,缺失,
附件3_实验集,2639,a_降雨量_mm,缺失,
附件3_实验集,2663,a_降雨量_mm,缺失,
附件3_实验集,2676,a_降雨量_mm,缺失,
附件3_实验集,2718,a_降雨量_mm,缺失,
附件3_实验集,2723,a_降雨量_mm,缺失,
附件3_实验集,2760,a_降雨量_mm,缺失,
附件3_实验集,2761,a_降雨量_mm,缺失,
附件3_实验集,2770,a_降雨量_mm,缺失,
附件3_实验集,2815,a_降雨量_mm,缺失,
附件3_实验集,2846,a_降雨量_mm,缺失,
附件3_实验集,2870,a_降雨量_mm,缺失,
附件3_实验集,2889,a_降雨量_mm,缺失,
附件3_实验集,2905,a_降雨量_mm,缺失,
附件3_实验集,2909,a_降雨量_mm,缺失,
附件3_实验集,2924,a_降雨量_mm,缺失,
附件3_实验集,2934,a_降雨量_mm,缺失,
附件3_实验集,2972,a_降雨量_mm,缺失,
附件3_实验集,3019,a_降雨量_mm,缺失,
附件3_实验集,3024,a_降雨量_mm,缺失,
附件3_实验集,3045,a_降雨量_mm,缺失,
附件3_实验集,3071,a_降雨量_mm,缺失,
附件3_实验集,3075,a_降雨量_mm,缺失,
附件3_实验集,3079,a_降雨量_mm,缺失,
附件3_实验集,3103,a_降雨量_mm,缺失,
附件3_实验集,3115,a_降雨量_mm,缺失,
附件3_实验集,3120,a_降雨量_mm,缺失,
附件3_实验集,3133,a_降雨量_mm,缺失,
附件3_实验集,3145,a_降雨量_mm,缺失,
附件3_实验集,3149,a_降雨量_mm,缺失,
附件3_实验集,3164,a_降雨量_mm,缺失,
附件3_实验集,3200,a_降雨量_mm,缺失,
附件3_实验集,3214,a_降雨量_mm,缺失,
附件3_实验集,3237,a_降雨量_mm,缺失,
附件3_实验集,3238,a_降雨量_mm,缺失,
附件3_实验集,3241,a_降雨量_mm,缺失,
附件3_实验集,3249,a_降雨量_mm,缺失,
附件3_实验集,3258,a_降雨量_mm,缺失,
附件3_实验集,3268,a_降雨量_mm,缺失,
附件3_实验集,3288,a_降雨量_mm,缺失,
附件3_实验集,3290,a_降雨量_mm,缺失,
附件3_实验集,3351,a_降雨量_mm,缺失,
附件3_实验集,3355,a_降雨量_mm,缺失,
附件3_实验集,3359,a_降雨量_mm,缺失,
附件3_实验集,3393,a_降雨量_mm,缺失,
附件3_实验集,3397,a_降雨量_mm,缺失,
附件3_实验集,3399,a_降雨量_mm,缺失,
附件3_实验集,3405,a_降雨量_mm,缺失,
附件3_实验集,3424,a_降雨量_mm,缺失,
附件3_实验集,3444,a_降雨量_mm,缺失,
附件3_实验集,3451,a_降雨量_mm,缺失,
附件3_实验集,3454,a_降雨量_mm,缺失,
附件3_实验集,3457,a_降雨量_mm,缺失,
附件3_实验集,3498,a_降雨量_mm,缺失,
附件3_实验集,3513,a_降雨量_mm,缺失,
附件3_实验集,3535,a_降雨量_mm,缺失,
附件3_实验集,3549,a_降雨量_mm,缺失,
附件3_实验集,3550,a_降雨量_mm,缺失,
附件3_实验集,3610,a_降雨量_mm,缺失,
附件3_实验集,3659,a_降雨量_mm,缺失,
附件3_实验集,3686,a_降雨量_mm,缺失,
附件3_实验集,3698,a_降雨量_mm,缺失,
附件3_实验集,3743,a_降雨量_mm,缺失,
附件3_实验集,3750,a_降雨量_mm,缺失,
附件3_实验集,3777,a_降雨量_mm,缺失,
附件3_实验集,3802,a_降雨量_mm,缺失,
附件3_实验集,3831,a_降雨量_mm,缺失,
附件3_实验集,3902,a_降雨量_mm,缺失,
附件3_实验集,3914,a_降雨量_mm,缺失,
附件3_实验集,3919,a_降雨量_mm,缺失,
附件3_实验集,3960,a_降雨量_mm,缺失,
附件3_实验集,3964,a_降雨量_mm,缺失,
附件3_实验集,3993,a_降雨量_mm,缺失,
附件3_实验集,3999,a_降雨量_mm,缺失,
附件3_实验集,4016,a_降雨量_mm,缺失,
附件3_实验集,4045,a_降雨量_mm,缺失,
附件3_实验集,4048,a_降雨量_mm,缺失,
附件3_实验集,4051,a_降雨量_mm,缺失,
附件3_实验集,4057,a_降雨量_mm,缺失,
附件3_实验集,4090,a_降雨量_mm,缺失,
附件3_实验集,4103,a_降雨量_mm,缺失,
附件3_实验集,4105,a_降雨量_mm,缺失,
附件3_实验集,4108,a_降雨量_mm,缺失,
附件3_实验集,4118,a_降雨量_mm,缺失,
附件3_实验集,4129,a_降雨量_mm,缺失,
附件3_实验集,4156,a_降雨量_mm,缺失,
附件3_实验集,4175,a_降雨量_mm,缺失,
附件3_实验集,4189,a_降雨量_mm,缺失,
附件3_实验集,4224,a_降雨量_mm,缺失,
附件3_实验集,4292,a_降雨量_mm,缺失,
附件3_实验集,4316,a_降雨量_mm,缺失,
附件3_实验集,4320,a_降雨量_mm,缺失,
附件3_实验集,4391,a_降雨量_mm,缺失,
附件3_实验集,4393,a_降雨量_mm,缺失,
附件3_实验集,4401,a_降雨量_mm,缺失,
附件3_实验集,4454,a_降雨量_mm,缺失,
附件3_实验集,4456,a_降雨量_mm,缺失,
附件3_实验集,4459,a_降雨量_mm,缺失,
附件3_实验集,4528,a_降雨量_mm,缺失,
附件3_实验集,4570,a_降雨量_mm,缺失,
附件3_实验集,4579,a_降雨量_mm,缺失,
附件3_实验集,4588,a_降雨量_mm,缺失,
附件3_实验集,4590,a_降雨量_mm,缺失,
附件3_实验集,4609,a_降雨量_mm,缺失,
附件3_实验集,4632,a_降雨量_mm,缺失,
附件3_实验集,4633,a_降雨量_mm,缺失,
附件3_实验集,4642,a_降雨量_mm,缺失,
附件3_实验集,4741,a_降雨量_mm,缺失,
附件3_实验集,4744,a_降雨量_mm,缺失,
附件3_实验集,4748,a_降雨量_mm,缺失,
附件3_实验集,4772,a_降雨量_mm,缺失,
附件3_实验集,4794,a_降雨量_mm,缺失,
附件3_实验集,4834,a_降雨量_mm,缺失,
附件3_实验集,4861,a_降雨量_mm,缺失,
附件3_实验集,4879,a_降雨量_mm,缺失,
附件3_实验集,4884,a_降雨量_mm,缺失,
附件3_实验集,4907,a_降雨量_mm,缺失,
附件3_实验集,4936,a_降雨量_mm,缺失,
附件3_实验集,4956,a_降雨量_mm,缺失,
附件3_实验集,5,b_孔隙水压力_kPa,缺失,
附件3_实验集,60,b_孔隙水压力_kPa,缺失,
附件3_实验集,82,b_孔隙水压力_kPa,缺失,
附件3_实验集,123,b_孔隙水压力_kPa,缺失,
附件3_实验集,134,b_孔隙水压力_kPa,缺失,
附件3_实验集,148,b_孔隙水压力_kPa,缺失,
附件3_实验集,181,b_孔隙水压力_kPa,缺失,
附件3_实验集,186,b_孔隙水压力_kPa,缺失,
附件3_实验集,207,b_孔隙水压力_kPa,缺失,
附件3_实验集,208,b_孔隙水压力_kPa,缺失,
附件3_实验集,216,b_孔隙水压力_kPa,缺失,
附件3_实验集,234,b_孔隙水压力_kPa,缺失,
附件3_实验集,285,b_孔隙水压力_kPa,缺失,
附件3_实验集,287,b_孔隙水压力_kPa,缺失,
附件3_实验集,289,b_孔隙水压力_kPa,缺失,
附件3_实验集,299,b_孔隙水压力_kPa,缺失,
附件3_实验集,308,b_孔隙水压力_kPa,缺失,
附件3_实验集,324,b_孔隙水压力_kPa,缺失,
附件3_实验集,347,b_孔隙水压力_kPa,缺失,
附件3_实验集,393,b_孔隙水压力_kPa,缺失,
附件3_实验集,433,b_孔隙水压力_kPa,缺失,
附件3_实验集,440,b_孔隙水压力_kPa,缺失,
附件3_实验集,461,b_孔隙水压力_kPa,缺失,
附件3_实验集,547,b_孔隙水压力_kPa,缺失,
附件3_实验集,556,b_孔隙水压力_kPa,缺失,
附件3_实验集,560,b_孔隙水压力_kPa,缺失,
附件3_实验集,576,b_孔隙水压力_kPa,缺失,
附件3_实验集,601,b_孔隙水压力_kPa,缺失,
附件3_实验集,618,b_孔隙水压力_kPa,缺失,
附件3_实验集,637,b_孔隙水压力_kPa,缺失,
附件3_实验集,643,b_孔隙水压力_kPa,缺失,
附件3_实验集,646,b_孔隙水压力_kPa,缺失,
附件3_实验集,651,b_孔隙水压力_kPa,缺失,
附件3_实验集,655,b_孔隙水压力_kPa,缺失,
附件3_实验集,661,b_孔隙水压力_kPa,缺失,
附件3_实验集,666,b_孔隙水压力_kPa,缺失,
附件3_实验集,690,b_孔隙水压力_kPa,缺失,
附件3_实验集,809,b_孔隙水压力_kPa,缺失,
附件3_实验集,821,b_孔隙水压力_kPa,缺失,
附件3_实验集,846,b_孔隙水压力_kPa,缺失,
附件3_实验集,852,b_孔隙水压力_kPa,缺失,
附件3_实验集,853,b_孔隙水压力_kPa,缺失,
附件3_实验集,855,b_孔隙水压力_kPa,缺失,
附件3_实验集,862,b_孔隙水压力_kPa,缺失,
附件3_实验集,904,b_孔隙水压力_kPa,缺失,
附件3_实验集,907,b_孔隙水压力_kPa,缺失,
附件3_实验集,914,b_孔隙水压力_kPa,缺失,
附件3_实验集,959,b_孔隙水压力_kPa,缺失,
附件3_实验集,961,b_孔隙水压力_kPa,缺失,
附件3_实验集,964,b_孔隙水压力_kPa,缺失,
附件3_实验集,968,b_孔隙水压力_kPa,缺失,
附件3_实验集,1025,b_孔隙水压力_kPa,缺失,
附件3_实验集,1034,b_孔隙水压力_kPa,缺失,
附件3_实验集,1100,b_孔隙水压力_kPa,缺失,
附件3_实验集,1110,b_孔隙水压力_kPa,缺失,
附件3_实验集,1113,b_孔隙水压力_kPa,缺失,
附件3_实验集,1158,b_孔隙水压力_kPa,缺失,
附件3_实验集,1168,b_孔隙水压力_kPa,缺失,
附件3_实验集,1183,b_孔隙水压力_kPa,缺失,
附件3_实验集,1190,b_孔隙水压力_kPa,缺失,
附件3_实验集,1210,b_孔隙水压力_kPa,缺失,
附件3_实验集,1235,b_孔隙水压力_kPa,缺失,
附件3_实验集,1245,b_孔隙水压力_kPa,缺失,
附件3_实验集,1247,b_孔隙水压力_kPa,缺失,
附件3_实验集,1257,b_孔隙水压力_kPa,缺失,
附件3_实验集,1264,b_孔隙水压力_kPa,缺失,
附件3_实验集,1302,b_孔隙水压力_kPa,缺失,
附件3_实验集,1321,b_孔隙水压力_kPa,缺失,
附件3_实验集,1343,b_孔隙水压力_kPa,缺失,
附件3_实验集,1358,b_孔隙水压力_kPa,缺失,
附件3_实验集,1359,b_孔隙水压力_kPa,缺失,
附件3_实验集,1362,b_孔隙水压力_kPa,缺失,
附件3_实验集,1374,b_孔隙水压力_kPa,缺失,
附件3_实验集,1391,b_孔隙水压力_kPa,缺失,
附件3_实验集,1395,b_孔隙水压力_kPa,缺失,
附件3_实验集,1418,b_孔隙水压力_kPa,缺失,
附件3_实验集,1427,b_孔隙水压力_kPa,缺失,
附件3_实验集,1432,b_孔隙水压力_kPa,缺失,
附件3_实验集,1445,b_孔隙水压力_kPa,缺失,
附件3_实验集,1474,b_孔隙水压力_kPa,缺失,
附件3_实验集,1493,b_孔隙水压力_kPa,缺失,
附件3_实验集,1494,b_孔隙水压力_kPa,缺失,
附件3_实验集,1505,b_孔隙水压力_kPa,缺失,
附件3_实验集,1510,b_孔隙水压力_kPa,缺失,
附件3_实验集,1543,b_孔隙水压力_kPa,缺失,
附件3_实验集,1554,b_孔隙水压力_kPa,缺失,
附件3_实验集,1565,b_孔隙水压力_kPa,缺失,
附件3_实验集,1581,b_孔隙水压力_kPa,缺失,
附件3_实验集,1612,b_孔隙水压力_kPa,缺失,
附件3_实验集,1662,b_孔隙水压力_kPa,缺失,
附件3_实验集,1723,b_孔隙水压力_kPa,缺失,
附件3_实验集,1741,b_孔隙水压力_kPa,缺失,
附件3_实验集,1758,b_孔隙水压力_kPa,缺失,
附件3_实验集,1769,b_孔隙水压力_kPa,缺失,
附件3_实验集,1771,b_孔隙水压力_kPa,缺失,
附件3_实验集,1781,b_孔隙水压力_kPa,缺失,
附件3_实验集,1848,b_孔隙水压力_kPa,缺失,
附件3_实验集,1852,b_孔隙水压力_kPa,缺失,
附件3_实验集,1871,b_孔隙水压力_kPa,缺失,
附件3_实验集,1891,b_孔隙水压力_kPa,缺失,
附件3_实验集,1894,b_孔隙水压力_kPa,缺失,
附件3_实验集,1906,b_孔隙水压力_kPa,缺失,
附件3_实验集,1913,b_孔隙水压力_kPa,缺失,
附件3_实验集,1918,b_孔隙水压力_kPa,缺失,
附件3_实验集,1924,b_孔隙水压力_kPa,缺失,
附件3_实验集,1926,b_孔隙水压力_kPa,缺失,
附件3_实验集,1986,b_孔隙水压力_kPa,缺失,
附件3_实验集,2001,b_孔隙水压力_kPa,缺失,
附件3_实验集,2010,b_孔隙水压力_kPa,缺失,
附件3_实验集,2022,b_孔隙水压力_kPa,缺失,
附件3_实验集,2029,b_孔隙水压力_kPa,缺失,
附件3_实验集,2043,b_孔隙水压力_kPa,缺失,
附件3_实验集,2052,b_孔隙水压力_kPa,缺失,
附件3_实验集,2057,b_孔隙水压力_kPa,缺失,
附件3_实验集,2063,b_孔隙水压力_kPa,缺失,
附件3_实验集,2121,b_孔隙水压力_kPa,缺失,
附件3_实验集,2124,b_孔隙水压力_kPa,缺失,
附件3_实验集,2163,b_孔隙水压力_kPa,缺失,
附件3_实验集,2166,b_孔隙水压力_kPa,缺失,
附件3_实验集,2185,b_孔隙水压力_kPa,缺失,
附件3_实验集,2212,b_孔隙水压力_kPa,缺失,
附件3_实验集,2219,b_孔隙水压力_kPa,缺失,
附件3_实验集,2235,b_孔隙水压力_kPa,缺失,
附件3_实验集,2272,b_孔隙水压力_kPa,缺失,
附件3_实验集,2302,b_孔隙水压力_kPa,缺失,
附件3_实验集,2304,b_孔隙水压力_kPa,缺失,
附件3_实验集,2346,b_孔隙水压力_kPa,缺失,
附件3_实验集,2350,b_孔隙水压力_kPa,缺失,
附件3_实验集,2416,b_孔隙水压力_kPa,缺失,
附件3_实验集,2439,b_孔隙水压力_kPa,缺失,
附件3_实验集,2440,b_孔隙水压力_kPa,缺失,
附件3_实验集,2479,b_孔隙水压力_kPa,缺失,
附件3_实验集,2521,b_孔隙水压力_kPa,缺失,
附件3_实验集,2538,b_孔隙水压力_kPa,缺失,
附件3_实验集,2577,b_孔隙水压力_kPa,缺失,
附件3_实验集,2596,b_孔隙水压力_kPa,缺失,
附件3_实验集,2621,b_孔隙水压力_kPa,缺失,
附件3_实验集,2641,b_孔隙水压力_kPa,缺失,
附件3_实验集,2645,b_孔隙水压力_kPa,缺失,
附件3_实验集,2653,b_孔隙水压力_kPa,缺失,
附件3_实验集,2665,b_孔隙水压力_kPa,缺失,
附件3_实验集,2714,b_孔隙水压力_kPa,缺失,
附件3_实验集,2753,b_孔隙水压力_kPa,缺失,
附件3_实验集,2764,b_孔隙水压力_kPa,缺失,
附件3_实验集,2767,b_孔隙水压力_kPa,缺失,
附件3_实验集,2769,b_孔隙水压力_kPa,缺失,
附件3_实验集,2773,b_孔隙水压力_kPa,缺失,
附件3_实验集,2804,b_孔隙水压力_kPa,缺失,
附件3_实验集,2863,b_孔隙水压力_kPa,缺失,
附件3_实验集,2888,b_孔隙水压力_kPa,缺失,
附件3_实验集,2908,b_孔隙水压力_kPa,缺失,
附件3_实验集,2925,b_孔隙水压力_kPa,缺失,
附件3_实验集,2927,b_孔隙水压力_kPa,缺失,
附件3_实验集,2932,b_孔隙水压力_kPa,缺失,
附件3_实验集,2954,b_孔隙水压力_kPa,缺失,
附件3_实验集,2958,b_孔隙水压力_kPa,缺失,
附件3_实验集,2968,b_孔隙水压力_kPa,缺失,
附件3_实验集,2973,b_孔隙水压力_kPa,缺失,
附件3_实验集,3057,b_孔隙水压力_kPa,缺失,
附件3_实验集,3091,b_孔隙水压力_kPa,缺失,
附件3_实验集,3106,b_孔隙水压力_kPa,缺失,
附件3_实验集,3112,b_孔隙水压力_kPa,缺失,
附件3_实验集,3128,b_孔隙水压力_kPa,缺失,
附件3_实验集,3147,b_孔隙水压力_kPa,缺失,
附件3_实验集,3177,b_孔隙水压力_kPa,缺失,
附件3_实验集,3214,b_孔隙水压力_kPa,缺失,
附件3_实验集,3218,b_孔隙水压力_kPa,缺失,
附件3_实验集,3220,b_孔隙水压力_kPa,缺失,
附件3_实验集,3230,b_孔隙水压力_kPa,缺失,
附件3_实验集,3295,b_孔隙水压力_kPa,缺失,
附件3_实验集,3323,b_孔隙水压力_kPa,缺失,
附件3_实验集,3375,b_孔隙水压力_kPa,缺失,
附件3_实验集,3398,b_孔隙水压力_kPa,缺失,
附件3_实验集,3399,b_孔隙水压力_kPa,缺失,
附件3_实验集,3411,b_孔隙水压力_kPa,缺失,
附件3_实验集,3412,b_孔隙水压力_kPa,缺失,
附件3_实验集,3445,b_孔隙水压力_kPa,缺失,
附件3_实验集,3456,b_孔隙水压力_kPa,缺失,
附件3_实验集,3457,b_孔隙水压力_kPa,缺失,
附件3_实验集,3462,b_孔隙水压力_kPa,缺失,
附件3_实验集,3484,b_孔隙水压力_kPa,缺失,
附件3_实验集,3489,b_孔隙水压力_kPa,缺失,
附件3_实验集,3496,b_孔隙水压力_kPa,缺失,
附件3_实验集,3506,b_孔隙水压力_kPa,缺失,
附件3_实验集,3508,b_孔隙水压力_kPa,缺失,
附件3_实验集,3511,b_孔隙水压力_kPa,缺失,
附件3_实验集,3514,b_孔隙水压力_kPa,缺失,
附件3_实验集,3530,b_孔隙水压力_kPa,缺失,
附件3_实验集,3545,b_孔隙水压力_kPa,缺失,
附件3_实验集,3555,b_孔隙水压力_kPa,缺失,
附件3_实验集,3559,b_孔隙水压力_kPa,缺失,
附件3_实验集,3562,b_孔隙水压力_kPa,缺失,
附件3_实验集,3594,b_孔隙水压力_kPa,缺失,
附件3_实验集,3595,b_孔隙水压力_kPa,缺失,
附件3_实验集,3639,b_孔隙水压力_kPa,缺失,
附件3_实验集,3670,b_孔隙水压力_kPa,缺失,
附件3_实验集,3672,b_孔隙水压力_kPa,缺失,
附件3_实验集,3673,b_孔隙水压力_kPa,缺失,
附件3_实验集,3686,b_孔隙水压力_kPa,缺失,
附件3_实验集,3693,b_孔隙水压力_kPa,缺失,
附件3_实验集,3729,b_孔隙水压力_kPa,缺失,
附件3_实验集,3755,b_孔隙水压力_kPa,缺失,
附件3_实验集,3767,b_孔隙水压力_kPa,缺失,
附件3_实验集,3776,b_孔隙水压力_kPa,缺失,
附件3_实验集,3778,b_孔隙水压力_kPa,缺失,
附件3_实验集,3792,b_孔隙水压力_kPa,缺失,
附件3_实验集,3831,b_孔隙水压力_kPa,缺失,
附件3_实验集,3863,b_孔隙水压力_kPa,缺失,
附件3_实验集,3865,b_孔隙水压力_kPa,缺失,
附件3_实验集,3929,b_孔隙水压力_kPa,缺失,
附件3_实验集,3941,b_孔隙水压力_kPa,缺失,
附件3_实验集,3973,b_孔隙水压力_kPa,缺失,
附件3_实验集,3986,b_孔隙水压力_kPa,缺失,
附件3_实验集,4024,b_孔隙水压力_kPa,缺失,
附件3_实验集,4042,b_孔隙水压力_kPa,缺失,
附件3_实验集,4062,b_孔隙水压力_kPa,缺失,
附件3_实验集,4086,b_孔隙水压力_kPa,缺失,
附件3_实验集,4117,b_孔隙水压力_kPa,缺失,
附件3_实验集,4138,b_孔隙水压力_kPa,缺失,
附件3_实验集,4144,b_孔隙水压力_kPa,缺失,
附件3_实验集,4166,b_孔隙水压力_kPa,缺失,
附件3_实验集,4171,b_孔隙水压力_kPa,缺失,
附件3_实验集,4204,b_孔隙水压力_kPa,缺失,
附件3_实验集,4213,b_孔隙水压力_kPa,缺失,
附件3_实验集,4233,b_孔隙水压力_kPa,缺失,
附件3_实验集,4247,b_孔隙水压力_kPa,缺失,
附件3_实验集,4314,b_孔隙水压力_kPa,缺失,
附件3_实验集,4323,b_孔隙水压力_kPa,缺失,
附件3_实验集,4324,b_孔隙水压力_kPa,缺失,
附件3_实验集,4333,b_孔隙水压力_kPa,缺失,
附件3_实验集,4337,b_孔隙水压力_kPa,缺失,
附件3_实验集,4353,b_孔隙水压力_kPa,缺失,
附件3_实验集,4373,b_孔隙水压力_kPa,缺失,
附件3_实验集,4377,b_孔隙水压力_kPa,缺失,
附件3_实验集,4404,b_孔隙水压力_kPa,缺失,
附件3_实验集,4422,b_孔隙水压力_kPa,缺失,
附件3_实验集,4424,b_孔隙水压力_kPa,缺失,
附件3_实验集,4428,b_孔隙水压力_kPa,缺失,
附件3_实验集,4462,b_孔隙水压力_kPa,缺失,
附件3_实验集,4471,b_孔隙水压力_kPa,缺失,
附件3_实验集,4479,b_孔隙水压力_kPa,缺失,
附件3_实验集,4489,b_孔隙水压力_kPa,缺失,
附件3_实验集,4495,b_孔隙水压力_kPa,缺失,
附件3_实验集,4520,b_孔隙水压力_kPa,缺失,
附件3_实验集,4525,b_孔隙水压力_kPa,缺失,
附件3_实验集,4578,b_孔隙水压力_kPa,缺失,
附件3_实验集,4581,b_孔隙水压力_kPa,缺失,
附件3_实验集,4600,b_孔隙水压力_kPa,缺失,
附件3_实验集,4628,b_孔隙水压力_kPa,缺失,
附件3_实验集,4656,b_孔隙水压力_kPa,缺失,
附件3_实验集,4659,b_孔隙水压力_kPa,缺失,
附件3_实验集,4696,b_孔隙水压力_kPa,缺失,
附件3_实验集,4724,b_孔隙水压力_kPa,缺失,
附件3_实验集,4731,b_孔隙水压力_kPa,缺失,
附件3_实验集,4736,b_孔隙水压力_kPa,缺失,
附件3_实验集,4737,b_孔隙水压力_kPa,缺失,
附件3_实验集,4790,b_孔隙水压力_kPa,缺失,
附件3_实验集,4813,b_孔隙水压力_kPa,缺失,
附件3_实验集,4906,b_孔隙水压力_kPa,缺失,
附件3_实验集,4920,b_孔隙水压力_kPa,缺失,
附件3_实验集,4926,b_孔隙水压力_kPa,缺失,
附件3_实验集,4952,b_孔隙水压力_kPa,缺失,
附件3_实验集,4954,b_孔隙水压力_kPa,缺失,
附件3_实验集,4956,b_孔隙水压力_kPa,缺失,
附件3_实验集,4959,b_孔隙水压力_kPa,缺失,
附件3_实验集,4966,b_孔隙水压力_kPa,缺失,
附件3_实验集,4990,b_孔隙水压力_kPa,缺失,
附件3_实验集,4995,b_孔隙水压力_kPa,缺失,
附件3_实验集,10,c_微震事件数,缺失,
附件3_实验集,13,c_微震事件数,缺失,
附件3_实验集,22,c_微震事件数,缺失,
附件3_实验集,23,c_微震事件数,缺失,
附件3_实验集,67,c_微震事件数,缺失,
附件3_实验集,90,c_微震事件数,缺失,
附件3_实验集,166,c_微震事件数,缺失,
附件3_实验集,214,c_微震事件数,缺失,
附件3_实验集,248,c_微震事件数,缺失,
附件3_实验集,280,c_微震事件数,缺失,
附件3_实验集,284,c_微震事件数,缺失,
附件3_实验集,287,c_微震事件数,缺失,
附件3_实验集,313,c_微震事件数,缺失,
附件3_实验集,325,c_微震事件数,缺失,
附件3_实验集,348,c_微震事件数,缺失,
附件3_实验集,354,c_微震事件数,缺失,
附件3_实验集,357,c_微震事件数,缺失,
附件3_实验集,366,c_微震事件数,缺失,
附件3_实验集,368,c_微震事件数,缺失,
附件3_实验集,398,c_微震事件数,缺失,
附件3_实验集,444,c_微震事件数,缺失,
附件3_实验集,523,c_微震事件数,缺失,
附件3_实验集,565,c_微震事件数,缺失,
附件3_实验集,577,c_微震事件数,缺失,
附件3_实验集,591,c_微震事件数,缺失,
附件3_实验集,655,c_微震事件数,缺失,
附件3_实验集,705,c_微震事件数,缺失,
附件3_实验集,715,c_微震事件数,缺失,
附件3_实验集,801,c_微震事件数,缺失,
附件3_实验集,802,c_微震事件数,缺失,
附件3_实验集,806,c_微震事件数,缺失,
附件3_实验集,810,c_微震事件数,缺失,
附件3_实验集,811,c_微震事件数,缺失,
附件3_实验集,815,c_微震事件数,缺失,
附件3_实验集,821,c_微震事件数,缺失,
附件3_实验集,840,c_微震事件数,缺失,
附件3_实验集,928,c_微震事件数,缺失,
附件3_实验集,940,c_微震事件数,缺失,
附件3_实验集,945,c_微震事件数,缺失,
附件3_实验集,959,c_微震事件数,缺失,
附件3_实验集,994,c_微震事件数,缺失,
附件3_实验集,1028,c_微震事件数,缺失,
附件3_实验集,1041,c_微震事件数,缺失,
附件3_实验集,1095,c_微震事件数,缺失,
附件3_实验集,1099,c_微震事件数,缺失,
附件3_实验集,1141,c_微震事件数,缺失,
附件3_实验集,1145,c_微震事件数,缺失,
附件3_实验集,1148,c_微震事件数,缺失,
附件3_实验集,1297,c_微震事件数,缺失,
附件3_实验集,1327,c_微震事件数,缺失,
附件3_实验集,1338,c_微震事件数,缺失,
附件3_实验集,1379,c_微震事件数,缺失,
附件3_实验集,1407,c_微震事件数,缺失,
附件3_实验集,1447,c_微震事件数,缺失,
附件3_实验集,1463,c_微震事件数,缺失,
附件3_实验集,1466,c_微震事件数,缺失,
附件3_实验集,1506,c_微震事件数,缺失,
附件3_实验集,1534,c_微震事件数,缺失,
附件3_实验集,1615,c_微震事件数,缺失,
附件3_实验集,1616,c_微震事件数,缺失,
附件3_实验集,1619,c_微震事件数,缺失,
附件3_实验集,1621,c_微震事件数,缺失,
附件3_实验集,1636,c_微震事件数,缺失,
附件3_实验集,1688,c_微震事件数,缺失,
附件3_实验集,1690,c_微震事件数,缺失,
附件3_实验集,1708,c_微震事件数,缺失,
附件3_实验集,1728,c_微震事件数,缺失,
附件3_实验集,1736,c_微震事件数,缺失,
附件3_实验集,1739,c_微震事件数,缺失,
附件3_实验集,1759,c_微震事件数,缺失,
附件3_实验集,1793,c_微震事件数,缺失,
附件3_实验集,1802,c_微震事件数,缺失,
附件3_实验集,1819,c_微震事件数,缺失,
附件3_实验集,1856,c_微震事件数,缺失,
附件3_实验集,1860,c_微震事件数,缺失,
附件3_实验集,1863,c_微震事件数,缺失,
附件3_实验集,1872,c_微震事件数,缺失,
附件3_实验集,1874,c_微震事件数,缺失,
附件3_实验集,1913,c_微震事件数,缺失,
附件3_实验集,1943,c_微震事件数,缺失,
附件3_实验集,1978,c_微震事件数,缺失,
附件3_实验集,2020,c_微震事件数,缺失,
附件3_实验集,2025,c_微震事件数,缺失,
附件3_实验集,2059,c_微震事件数,缺失,
附件3_实验集,2093,c_微震事件数,缺失,
附件3_实验集,2205,c_微震事件数,缺失,
附件3_实验集,2220,c_微震事件数,缺失,
附件3_实验集,2229,c_微震事件数,缺失,
附件3_实验集,2230,c_微震事件数,缺失,
附件3_实验集,2303,c_微震事件数,缺失,
附件3_实验集,2338,c_微震事件数,缺失,
附件3_实验集,2369,c_微震事件数,缺失,
附件3_实验集,2377,c_微震事件数,缺失,
附件3_实验集,2388,c_微震事件数,缺失,
附件3_实验集,2391,c_微震事件数,缺失,
附件3_实验集,2407,c_微震事件数,缺失,
附件3_实验集,2422,c_微震事件数,缺失,
附件3_实验集,2423,c_微震事件数,缺失,
附件3_实验集,2440,c_微震事件数,缺失,
附件3_实验集,2445,c_微震事件数,缺失,
附件3_实验集,2452,c_微震事件数,缺失,
附件3_实验集,2493,c_微震事件数,缺失,
附件3_实验集,2500,c_微震事件数,缺失,
附件3_实验集,2501,c_微震事件数,缺失,
附件3_实验集,2508,c_微震事件数,缺失,
附件3_实验集,2564,c_微震事件数,缺失,
附件3_实验集,2588,c_微震事件数,缺失,
附件3_实验集,2596,c_微震事件数,缺失,
附件3_实验集,2618,c_微震事件数,缺失,
附件3_实验集,2631,c_微震事件数,缺失,
附件3_实验集,2635,c_微震事件数,缺失,
附件3_实验集,2643,c_微震事件数,缺失,
附件3_实验集,2645,c_微震事件数,缺失,
附件3_实验集,2649,c_微震事件数,缺失,
附件3_实验集,2669,c_微震事件数,缺失,
附件3_实验集,2685,c_微震事件数,缺失,
附件3_实验集,2716,c_微震事件数,缺失,
附件3_实验集,2720,c_微震事件数,缺失,
附件3_实验集,2721,c_微震事件数,缺失,
附件3_实验集,2749,c_微震事件数,缺失,
附件3_实验集,2752,c_微震事件数,缺失,
附件3_实验集,2754,c_微震事件数,缺失,
附件3_实验集,2763,c_微震事件数,缺失,
附件3_实验集,2766,c_微震事件数,缺失,
附件3_实验集,2788,c_微震事件数,缺失,
附件3_实验集,2836,c_微震事件数,缺失,
附件3_实验集,2882,c_微震事件数,缺失,
附件3_实验集,2890,c_微震事件数,缺失,
附件3_实验集,2933,c_微震事件数,缺失,
附件3_实验集,2952,c_微震事件数,缺失,
附件3_实验集,2970,c_微震事件数,缺失,
附件3_实验集,2972,c_微震事件数,缺失,
附件3_实验集,3011,c_微震事件数,缺失,
附件3_实验集,3020,c_微震事件数,缺失,
附件3_实验集,3075,c_微震事件数,缺失,
附件3_实验集,3112,c_微震事件数,缺失,
附件3_实验集,3113,c_微震事件数,缺失,
附件3_实验集,3114,c_微震事件数,缺失,
附件3_实验集,3115,c_微震事件数,缺失,
附件3_实验集,3142,c_微震事件数,缺失,
附件3_实验集,3143,c_微震事件数,缺失,
附件3_实验集,3156,c_微震事件数,缺失,
附件3_实验集,3169,c_微震事件数,缺失,
附件3_实验集,3184,c_微震事件数,缺失,
附件3_实验集,3187,c_微震事件数,缺失,
附件3_实验集,3188,c_微震事件数,缺失,
附件3_实验集,3200,c_微震事件数,缺失,
附件3_实验集,3232,c_微震事件数,缺失,
附件3_实验集,3233,c_微震事件数,缺失,
附件3_实验集,3245,c_微震事件数,缺失,
附件3_实验集,3301,c_微震事件数,缺失,
附件3_实验集,3320,c_微震事件数,缺失,
附件3_实验集,3327,c_微震事件数,缺失,
附件3_实验集,3328,c_微震事件数,缺失,
附件3_实验集,3342,c_微震事件数,缺失,
附件3_实验集,3378,c_微震事件数,缺失,
附件3_实验集,3399,c_微震事件数,缺失,
附件3_实验集,3432,c_微震事件数,缺失,
附件3_实验集,3474,c_微震事件数,缺失,
附件3_实验集,3497,c_微震事件数,缺失,
附件3_实验集,3538,c_微震事件数,缺失,
附件3_实验集,3539,c_微震事件数,缺失,
附件3_实验集,3564,c_微震事件数,缺失,
附件3_实验集,3567,c_微震事件数,缺失,
附件3_实验集,3597,c_微震事件数,缺失,
附件3_实验集,3612,c_微震事件数,缺失,
附件3_实验集,3624,c_微震事件数,缺失,
附件3_实验集,3665,c_微震事件数,缺失,
附件3_实验集,3706,c_微震事件数,缺失,
附件3_实验集,3753,c_微震事件数,缺失,
附件3_实验集,3773,c_微震事件数,缺失,
附件3_实验集,3790,c_微震事件数,缺失,
附件3_实验集,3805,c_微震事件数,缺失,
附件3_实验集,3821,c_微震事件数,缺失,
附件3_实验集,3831,c_微震事件数,缺失,
附件3_实验集,3843,c_微震事件数,缺失,
附件3_实验集,3956,c_微震事件数,缺失,
附件3_实验集,3963,c_微震事件数,缺失,
附件3_实验集,3980,c_微震事件数,缺失,
附件3_实验集,4005,c_微震事件数,缺失,
附件3_实验集,4017,c_微震事件数,缺失,
附件3_实验集,4020,c_微震事件数,缺失,
附件3_实验集,4039,c_微震事件数,缺失,
附件3_实验集,4057,c_微震事件数,缺失,
附件3_实验集,4088,c_微震事件数,缺失,
附件3_实验集,4097,c_微震事件数,缺失,
附件3_实验集,4137,c_微震事件数,缺失,
附件3_实验集,4144,c_微震事件数,缺失,
附件3_实验集,4170,c_微震事件数,缺失,
附件3_实验集,4171,c_微震事件数,缺失,
附件3_实验集,4200,c_微震事件数,缺失,
附件3_实验集,4251,c_微震事件数,缺失,
附件3_实验集,4291,c_微震事件数,缺失,
附件3_实验集,4296,c_微震事件数,缺失,
附件3_实验集,4321,c_微震事件数,缺失,
附件3_实验集,4325,c_微震事件数,缺失,
附件3_实验集,4327,c_微震事件数,缺失,
附件3_实验集,4336,c_微震事件数,缺失,
附件3_实验集,4348,c_微震事件数,缺失,
附件3_实验集,4358,c_微震事件数,缺失,
附件3_实验集,4379,c_微震事件数,缺失,
附件3_实验集,4380,c_微震事件数,缺失,
附件3_实验集,4390,c_微震事件数,缺失,
附件3_实验集,4450,c_微震事件数,缺失,
附件3_实验集,4459,c_微震事件数,缺失,
附件3_实验集,4461,c_微震事件数,缺失,
附件3_实验集,4540,c_微震事件数,缺失,
附件3_实验集,4548,c_微震事件数,缺失,
附件3_实验集,4568,c_微震事件数,缺失,
附件3_实验集,4570,c_微震事件数,缺失,
附件3_实验集,4591,c_微震事件数,缺失,
附件3_实验集,4596,c_微震事件数,缺失,
附件3_实验集,4607,c_微震事件数,缺失,
附件3_实验集,4642,c_微震事件数,缺失,
附件3_实验集,4648,c_微震事件数,缺失,
附件3_实验集,4651,c_微震事件数,缺失,
附件3_实验集,4673,c_微震事件数,缺失,
附件3_实验集,4681,c_微震事件数,缺失,
附件3_实验集,4710,c_微震事件数,缺失,
附件3_实验集,4733,c_微震事件数,缺失,
附件3_实验集,4746,c_微震事件数,缺失,
附件3_实验集,4770,c_微震事件数,缺失,
附件3_实验集,4775,c_微震事件数,缺失,
附件3_实验集,4776,c_微震事件数,缺失,
附件3_实验集,4782,c_微震事件数,缺失,
附件3_实验集,4785,c_微震事件数,缺失,
附件3_实验集,4787,c_微震事件数,缺失,
附件3_实验集,4840,c_微震事件数,缺失,
附件3_实验集,4855,c_微震事件数,缺失,
附件3_实验集,4864,c_微震事件数,缺失,
附件3_实验集,4874,c_微震事件数,缺失,
附件3_实验集,4896,c_微震事件数,缺失,
附件3_实验集,4911,c_微震事件数,缺失,
附件3_实验集,4920,c_微震事件数,缺失,
附件3_实验集,4927,c_微震事件数,缺失,
附件3_实验集,4928,c_微震事件数,缺失,
附件3_实验集,4930,c_微震事件数,缺失,
附件3_实验集,4955,c_微震事件数,缺失,
附件3_实验集,4958,c_微震事件数,缺失,
附件3_实验集,4967,c_微震事件数,缺失,
附件3_实验集,4976,c_微震事件数,缺失,
附件3_实验集,4977,c_微震事件数,缺失,
附件3_实验集,4,d_深部位移_mm,缺失,
附件3_实验集,7,d_深部位移_mm,缺失,
附件3_实验集,48,d_深部位移_mm,缺失,
附件3_实验集,61,d_深部位移_mm,缺失,
附件3_实验集,116,d_深部位移_mm,缺失,
附件3_实验集,134,d_深部位移_mm,缺失,
附件3_实验集,140,d_深部位移_mm,缺失,
附件3_实验集,176,d_深部位移_mm,缺失,
附件3_实验集,193,d_深部位移_mm,缺失,
附件3_实验集,211,d_深部位移_mm,缺失,
附件3_实验集,243,d_深部位移_mm,缺失,
附件3_实验集,244,d_深部位移_mm,缺失,
附件3_实验集,270,d_深部位移_mm,缺失,
附件3_实验集,281,d_深部位移_mm,缺失,
附件3_实验集,283,d_深部位移_mm,缺失,
附件3_实验集,286,d_深部位移_mm,缺失,
附件3_实验集,299,d_深部位移_mm,缺失,
附件3_实验集,324,d_深部位移_mm,缺失,
附件3_实验集,329,d_深部位移_mm,缺失,
附件3_实验集,334,d_深部位移_mm,缺失,
附件3_实验集,352,d_深部位移_mm,缺失,
附件3_实验集,391,d_深部位移_mm,缺失,
附件3_实验集,398,d_深部位移_mm,缺失,
附件3_实验集,471,d_深部位移_mm,缺失,
附件3_实验集,484,d_深部位移_mm,缺失,
附件3_实验集,521,d_深部位移_mm,缺失,
附件3_实验集,532,d_深部位移_mm,缺失,
附件3_实验集,570,d_深部位移_mm,缺失,
附件3_实验集,593,d_深部位移_mm,缺失,
附件3_实验集,653,d_深部位移_mm,缺失,
附件3_实验集,659,d_深部位移_mm,缺失,
附件3_实验集,673,d_深部位移_mm,缺失,
附件3_实验集,677,d_深部位移_mm,缺失,
附件3_实验集,692,d_深部位移_mm,缺失,
附件3_实验集,764,d_深部位移_mm,缺失,
附件3_实验集,796,d_深部位移_mm,缺失,
附件3_实验集,798,d_深部位移_mm,缺失,
附件3_实验集,809,d_深部位移_mm,缺失,
附件3_实验集,812,d_深部位移_mm,缺失,
附件3_实验集,823,d_深部位移_mm,缺失,
附件3_实验集,852,d_深部位移_mm,缺失,
附件3_实验集,859,d_深部位移_mm,缺失,
附件3_实验集,863,d_深部位移_mm,缺失,
附件3_实验集,879,d_深部位移_mm,缺失,
附件3_实验集,886,d_深部位移_mm,缺失,
附件3_实验集,891,d_深部位移_mm,缺失,
附件3_实验集,902,d_深部位移_mm,缺失,
附件3_实验集,939,d_深部位移_mm,缺失,
附件3_实验集,954,d_深部位移_mm,缺失,
附件3_实验集,970,d_深部位移_mm,缺失,
附件3_实验集,971,d_深部位移_mm,缺失,
附件3_实验集,984,d_深部位移_mm,缺失,
附件3_实验集,990,d_深部位移_mm,缺失,
附件3_实验集,1000,d_深部位移_mm,缺失,
附件3_实验集,1010,d_深部位移_mm,缺失,
附件3_实验集,1027,d_深部位移_mm,缺失,
附件3_实验集,1033,d_深部位移_mm,缺失,
附件3_实验集,1034,d_深部位移_mm,缺失,
附件3_实验集,1051,d_深部位移_mm,缺失,
附件3_实验集,1066,d_深部位移_mm,缺失,
附件3_实验集,1072,d_深部位移_mm,缺失,
附件3_实验集,1084,d_深部位移_mm,缺失,
附件3_实验集,1112,d_深部位移_mm,缺失,
附件3_实验集,1128,d_深部位移_mm,缺失,
附件3_实验集,1130,d_深部位移_mm,缺失,
附件3_实验集,1171,d_深部位移_mm,缺失,
附件3_实验集,1178,d_深部位移_mm,缺失,
附件3_实验集,1179,d_深部位移_mm,缺失,
附件3_实验集,1192,d_深部位移_mm,缺失,
附件3_实验集,1205,d_深部位移_mm,缺失,
附件3_实验集,1228,d_深部位移_mm,缺失,
附件3_实验集,1252,d_深部位移_mm,缺失,
附件3_实验集,1253,d_深部位移_mm,缺失,
附件3_实验集,1275,d_深部位移_mm,缺失,
附件3_实验集,1291,d_深部位移_mm,缺失,
附件3_实验集,1300,d_深部位移_mm,缺失,
附件3_实验集,1310,d_深部位移_mm,缺失,
附件3_实验集,1311,d_深部位移_mm,缺失,
附件3_实验集,1312,d_深部位移_mm,缺失,
附件3_实验集,1319,d_深部位移_mm,缺失,
附件3_实验集,1321,d_深部位移_mm,缺失,
附件3_实验集,1346,d_深部位移_mm,缺失,
附件3_实验集,1396,d_深部位移_mm,缺失,
附件3_实验集,1430,d_深部位移_mm,缺失,
附件3_实验集,1435,d_深部位移_mm,缺失,
附件3_实验集,1440,d_深部位移_mm,缺失,
附件3_实验集,1471,d_深部位移_mm,缺失,
附件3_实验集,1488,d_深部位移_mm,缺失,
附件3_实验集,1491,d_深部位移_mm,缺失,
附件3_实验集,1531,d_深部位移_mm,缺失,
附件3_实验集,1562,d_深部位移_mm,缺失,
附件3_实验集,1591,d_深部位移_mm,缺失,
附件3_实验集,1599,d_深部位移_mm,缺失,
附件3_实验集,1626,d_深部位移_mm,缺失,
附件3_实验集,1636,d_深部位移_mm,缺失,
附件3_实验集,1653,d_深部位移_mm,缺失,
附件3_实验集,1687,d_深部位移_mm,缺失,
附件3_实验集,1704,d_深部位移_mm,缺失,
附件3_实验集,1714,d_深部位移_mm,缺失,
附件3_实验集,1718,d_深部位移_mm,缺失,
附件3_实验集,1725,d_深部位移_mm,缺失,
附件3_实验集,1743,d_深部位移_mm,缺失,
附件3_实验集,1754,d_深部位移_mm,缺失,
附件3_实验集,1768,d_深部位移_mm,缺失,
附件3_实验集,1786,d_深部位移_mm,缺失,
附件3_实验集,1799,d_深部位移_mm,缺失,
附件3_实验集,1809,d_深部位移_mm,缺失,
附件3_实验集,1835,d_深部位移_mm,缺失,
附件3_实验集,1845,d_深部位移_mm,缺失,
附件3_实验集,1852,d_深部位移_mm,缺失,
附件3_实验集,1860,d_深部位移_mm,缺失,
附件3_实验集,1885,d_深部位移_mm,缺失,
附件3_实验集,1899,d_深部位移_mm,缺失,
附件3_实验集,1919,d_深部位移_mm,缺失,
附件3_实验集,1935,d_深部位移_mm,缺失,
附件3_实验集,1952,d_深部位移_mm,缺失,
附件3_实验集,1956,d_深部位移_mm,缺失,
附件3_实验集,1973,d_深部位移_mm,缺失,
附件3_实验集,1982,d_深部位移_mm,缺失,
附件3_实验集,1995,d_深部位移_mm,缺失,
附件3_实验集,2029,d_深部位移_mm,缺失,
附件3_实验集,2058,d_深部位移_mm,缺失,
附件3_实验集,2084,d_深部位移_mm,缺失,
附件3_实验集,2096,d_深部位移_mm,缺失,
附件3_实验集,2165,d_深部位移_mm,缺失,
附件3_实验集,2177,d_深部位移_mm,缺失,
附件3_实验集,2203,d_深部位移_mm,缺失,
附件3_实验集,2226,d_深部位移_mm,缺失,
附件3_实验集,2228,d_深部位移_mm,缺失,
附件3_实验集,2238,d_深部位移_mm,缺失,
附件3_实验集,2253,d_深部位移_mm,缺失,
附件3_实验集,2264,d_深部位移_mm,缺失,
附件3_实验集,2267,d_深部位移_mm,缺失,
附件3_实验集,2274,d_深部位移_mm,缺失,
附件3_实验集,2276,d_深部位移_mm,缺失,
附件3_实验集,2357,d_深部位移_mm,缺失,
附件3_实验集,2366,d_深部位移_mm,缺失,
附件3_实验集,2377,d_深部位移_mm,缺失,
附件3_实验集,2426,d_深部位移_mm,缺失,
附件3_实验集,2434,d_深部位移_mm,缺失,
附件3_实验集,2449,d_深部位移_mm,缺失,
附件3_实验集,2487,d_深部位移_mm,缺失,
附件3_实验集,2496,d_深部位移_mm,缺失,
附件3_实验集,2516,d_深部位移_mm,缺失,
附件3_实验集,2543,d_深部位移_mm,缺失,
附件3_实验集,2544,d_深部位移_mm,缺失,
附件3_实验集,2545,d_深部位移_mm,缺失,
附件3_实验集,2553,d_深部位移_mm,缺失,
附件3_实验集,2597,d_深部位移_mm,缺失,
附件3_实验集,2627,d_深部位移_mm,缺失,
附件3_实验集,2631,d_深部位移_mm,缺失,
附件3_实验集,2635,d_深部位移_mm,缺失,
附件3_实验集,2644,d_深部位移_mm,缺失,
附件3_实验集,2650,d_深部位移_mm,缺失,
附件3_实验集,2665,d_深部位移_mm,缺失,
附件3_实验集,2674,d_深部位移_mm,缺失,
附件3_实验集,2734,d_深部位移_mm,缺失,
附件3_实验集,2764,d_深部位移_mm,缺失,
附件3_实验集,2784,d_深部位移_mm,缺失,
附件3_实验集,2810,d_深部位移_mm,缺失,
附件3_实验集,2869,d_深部位移_mm,缺失,
附件3_实验集,2880,d_深部位移_mm,缺失,
附件3_实验集,2890,d_深部位移_mm,缺失,
附件3_实验集,2892,d_深部位移_mm,缺失,
附件3_实验集,2894,d_深部位移_mm,缺失,
附件3_实验集,2909,d_深部位移_mm,缺失,
附件3_实验集,2962,d_深部位移_mm,缺失,
附件3_实验集,2986,d_深部位移_mm,缺失,
附件3_实验集,2999,d_深部位移_mm,缺失,
附件3_实验集,3000,d_深部位移_mm,缺失,
附件3_实验集,3028,d_深部位移_mm,缺失,
附件3_实验集,3076,d_深部位移_mm,缺失,
附件3_实验集,3078,d_深部位移_mm,缺失,
附件3_实验集,3083,d_深部位移_mm,缺失,
附件3_实验集,3096,d_深部位移_mm,缺失,
附件3_实验集,3098,d_深部位移_mm,缺失,
附件3_实验集,3118,d_深部位移_mm,缺失,
附件3_实验集,3194,d_深部位移_mm,缺失,
附件3_实验集,3195,d_深部位移_mm,缺失,
附件3_实验集,3218,d_深部位移_mm,缺失,
附件3_实验集,3252,d_深部位移_mm,缺失,
附件3_实验集,3262,d_深部位移_mm,缺失,
附件3_实验集,3282,d_深部位移_mm,缺失,
附件3_实验集,3310,d_深部位移_mm,缺失,
附件3_实验集,3316,d_深部位移_mm,缺失,
附件3_实验集,3328,d_深部位移_mm,缺失,
附件3_实验集,3357,d_深部位移_mm,缺失,
附件3_实验集,3370,d_深部位移_mm,缺失,
附件3_实验集,3388,d_深部位移_mm,缺失,
附件3_实验集,3394,d_深部位移_mm,缺失,
附件3_实验集,3396,d_深部位移_mm,缺失,
附件3_实验集,3426,d_深部位移_mm,缺失,
附件3_实验集,3434,d_深部位移_mm,缺失,
附件3_实验集,3491,d_深部位移_mm,缺失,
附件3_实验集,3494,d_深部位移_mm,缺失,
附件3_实验集,3499,d_深部位移_mm,缺失,
附件3_实验集,3522,d_深部位移_mm,缺失,
附件3_实验集,3525,d_深部位移_mm,缺失,
附件3_实验集,3567,d_深部位移_mm,缺失,
附件3_实验集,3568,d_深部位移_mm,缺失,
附件3_实验集,3573,d_深部位移_mm,缺失,
附件3_实验集,3589,d_深部位移_mm,缺失,
附件3_实验集,3613,d_深部位移_mm,缺失,
附件3_实验集,3624,d_深部位移_mm,缺失,
附件3_实验集,3636,d_深部位移_mm,缺失,
附件3_实验集,3650,d_深部位移_mm,缺失,
附件3_实验集,3701,d_深部位移_mm,缺失,
附件3_实验集,3814,d_深部位移_mm,缺失,
附件3_实验集,3818,d_深部位移_mm,缺失,
附件3_实验集,3820,d_深部位移_mm,缺失,
附件3_实验集,3822,d_深部位移_mm,缺失,
附件3_实验集,3851,d_深部位移_mm,缺失,
附件3_实验集,3859,d_深部位移_mm,缺失,
附件3_实验集,3863,d_深部位移_mm,缺失,
附件3_实验集,3915,d_深部位移_mm,缺失,
附件3_实验集,3938,d_深部位移_mm,缺失,
附件3_实验集,3953,d_深部位移_mm,缺失,
附件3_实验集,3977,d_深部位移_mm,缺失,
附件3_实验集,4004,d_深部位移_mm,缺失,
附件3_实验集,4042,d_深部位移_mm,缺失,
附件3_实验集,4105,d_深部位移_mm,缺失,
附件3_实验集,4111,d_深部位移_mm,缺失,
附件3_实验集,4175,d_深部位移_mm,缺失,
附件3_实验集,4178,d_深部位移_mm,缺失,
附件3_实验集,4180,d_深部位移_mm,缺失,
附件3_实验集,4184,d_深部位移_mm,缺失,
附件3_实验集,4185,d_深部位移_mm,缺失,
附件3_实验集,4207,d_深部位移_mm,缺失,
附件3_实验集,4215,d_深部位移_mm,缺失,
附件3_实验集,4225,d_深部位移_mm,缺失,
附件3_实验集,4235,d_深部位移_mm,缺失,
附件3_实验集,4273,d_深部位移_mm,缺失,
附件3_实验集,4303,d_深部位移_mm,缺失,
附件3_实验集,4306,d_深部位移_mm,缺失,
附件3_实验集,4307,d_深部位移_mm,缺失,
附件3_实验集,4375,d_深部位移_mm,缺失,
附件3_实验集,4377,d_深部位移_mm,缺失,
附件3_实验集,4384,d_深部位移_mm,缺失,
附件3_实验集,4455,d_深部位移_mm,缺失,
附件3_实验集,4466,d_深部位移_mm,缺失,
附件3_实验集,4481,d_深部位移_mm,缺失,
附件3_实验集,4494,d_深部位移_mm,缺失,
附件3_实验集,4520,d_深部位移_mm,缺失,
附件3_实验集,4525,d_深部位移_mm,缺失,
附件3_实验集,4539,d_深部位移_mm,缺失,
附件3_实验集,4561,d_深部位移_mm,缺失,
附件3_实验集,4649,d_深部位移_mm,缺失,
附件3_实验集,4674,d_深部位移_mm,缺失,
附件3_实验集,4729,d_深部位移_mm,缺失,
附件3_实验集,4747,d_深部位移_mm,缺失,
附件3_实验集,4758,d_深部位移_mm,缺失,
附件3_实验集,4762,d_深部位移_mm,缺失,
附件3_实验集,4829,d_深部位移_mm,缺失,
附件3_实验集,4840,d_深部位移_mm,缺失,
附件3_实验集,4846,d_深部位移_mm,缺失,
附件3_实验集,4943,d_深部位移_mm,缺失,
附件3_实验集,4963,d_深部位移_mm,缺失,
附件3_实验集,4981,d_深部位移_mm,缺失,
附件3_实验集,10,b_孔隙水压力_kPa,局部差分突变候选,73.97
附件3_实验集,240,b_孔隙水压力_kPa,局部差分突变候选,102.42
附件3_实验集,311,b_孔隙水压力_kPa,局部差分突变候选,84.99
附件3_实验集,345,b_孔隙水压力_kPa,局部差分突变候选,64.78
附件3_实验集,350,b_孔隙水压力_kPa,局部差分突变候选,88.61
附件3_实验集,880,b_孔隙水压力_kPa,局部差分突变候选,85.35
附件3_实验集,1563,b_孔隙水压力_kPa,局部差分突变候选,62.97
附件3_实验集,1587,b_孔隙水压力_kPa,局部差分突变候选,63.09
附件3_实验集,1674,b_孔隙水压力_kPa,局部差分突变候选,84.74
附件3_实验集,1709,b_孔隙水压力_kPa,局部差分突变候选,73.0989851126037
附件3_实验集,1944,b_孔隙水压力_kPa,局部差分突变候选,66.9
附件3_实验集,2187,b_孔隙水压力_kPa,局部差分突变候选,57.09
附件3_实验集,2209,b_孔隙水压力_kPa,局部差分突变候选,53.41
附件3_实验集,2540,b_孔隙水压力_kPa,局部差分突变候选,75.81
附件3_实验集,2737,b_孔隙水压力_kPa,局部差分突变候选,71.61
附件3_实验集,2833,b_孔隙水压力_kPa,局部差分突变候选,94.47
附件3_实验集,2897,b_孔隙水压力_kPa,局部差分突变候选,95.24
附件3_实验集,2990,b_孔隙水压力_kPa,局部差分突变候选,75.71
附件3_实验集,3377,b_孔隙水压力_kPa,局部差分突变候选,99.93
附件3_实验集,3517,b_孔隙水压力_kPa,局部差分突变候选,82.26
附件3_实验集,4023,b_孔隙水压力_kPa,局部差分突变候选,84.59
附件3_实验集,4312,b_孔隙水压力_kPa,局部差分突变候选,79.76
附件3_实验集,4679,b_孔隙水压力_kPa,局部差分突变候选,54.13
附件3_实验集,240,d_深部位移_mm,局部差分突变候选,44.378
附件3_实验集,614,d_深部位移_mm,局部差分突变候选,44.474
附件3_实验集,770,d_深部位移_mm,局部差分突变候选,26.316
附件3_实验集,862,d_深部位移_mm,局部差分突变候选,29.104
附件3_实验集,1288,d_深部位移_mm,局部差分突变候选,30.675
附件3_实验集,1898,d_深部位移_mm,局部差分突变候选,22.805
附件3_实验集,1944,d_深部位移_mm,局部差分突变候选,34.61
附件3_实验集,2157,d_深部位移_mm,局部差分突变候选,18.681
附件3_实验集,2272,d_深部位移_mm,局部差分突变候选,30.878
附件3_实验集,2342,d_深部位移_mm,局部差分突变候选,22.96
附件3_实验集,2343,d_深部位移_mm,局部差分突变候选,26.191
附件3_实验集,2633,d_深部位移_mm,局部差分突变候选,30.723
附件3_实验集,2883,d_深部位移_mm,局部差分突变候选,31.755
附件3_实验集,2887,d_深部位移_mm,局部差分突变候选,32.422
附件3_实验集,3248,d_深部位移_mm,局部差分突变候选,37.08
附件3_实验集,3507,d_深部位移_mm,局部差分突变候选,30.98
附件3_实验集,3703,d_深部位移_mm,局部差分突变候选,34.384
附件3_实验集,4008,d_深部位移_mm,局部差分突变候选,27.045
附件3_实验集,4156,d_深部位移_mm,局部差分突变候选,42.826
附件3_实验集,4446,d_深部位移_mm,局部差分突变候选,28.271
附件3_实验集,4552,d_深部位移_mm,局部差分突变候选,37.656
附件3_实验集,4557,d_深部位移_mm,局部差分突变候选,36.052
附件3_实验集,4815,d_深部位移_mm,局部差分突变候选,18.59
