时间,阶段标签,平滑速度_mm_h,预警等级编码,预警等级
2024-01-01 16:40:00,1,0.0,0,正常
2024-01-01 16:50:00,1,0.05400000000000005,0,正常
2024-01-01 17:00:00,1,0.05400000000000005,0,正常
2024-01-01 17:10:00,1,0.015000000000000346,0,正常
2024-01-01 17:20:00,1,0.01499999999999968,0,正常
2024-01-01 17:30:00,1,0.02699999999999969,0,正常
2024-01-01 17:40:00,1,0.027000000000000357,0,正常
2024-01-01 17:50:00,1,0.06300000000000039,0,正常
2024-01-01 18:00:00,1,-0.06300000000000039,0,正常
2024-01-01 18:10:00,1,0.06300000000000039,0,正常
2024-01-01 18:20:00,1,0.06299999999999972,0,正常
2024-01-01 18:30:00,1,0.006000000000000005,0,正常
2024-01-01 18:40:00,1,0.006000000000000005,0,正常
2024-01-01 18:50:00,1,0.01799999999999935,0,正常
2024-01-01 19:00:00,1,0.018000000000000016,0,正常
2024-01-01 19:10:00,1,0.018000000000000016,0,正常
2024-01-01 19:20:00,1,0.018000000000000016,0,正常
2024-01-01 19:30:00,1,0.0,0,正常
2024-01-01 19:40:00,1,0.0,0,正常
2024-01-01 19:50:00,1,0.01200000000000001,0,正常
2024-01-01 20:00:00,1,-0.01200000000000001,0,正常
2024-01-01 20:10:00,1,0.01200000000000001,0,正常
2024-01-01 20:20:00,1,0.01200000000000001,0,正常
2024-01-01 20:30:00,1,0.06300000000000039,0,正常
2024-01-01 20:40:00,1,0.06299999999999972,0,正常
2024-01-01 20:50:00,1,0.01200000000000001,0,正常
2024-01-01 21:00:00,1,0.01200000000000001,0,正常
2024-01-01 21:10:00,1,0.13800000000000012,0,正常
2024-01-01 21:20:00,1,0.13800000000000012,0,正常
2024-01-01 21:30:00,1,0.006000000000000005,0,正常
2024-01-01 21:40:00,1,0.006000000000000005,0,正常
2024-01-01 21:50:00,1,0.05099999999999971,0,正常
2024-01-01 22:00:00,1,0.05100000000000038,0,正常
2024-01-01 22:10:00,1,0.020999999999999686,0,正常
2024-01-01 22:20:00,1,0.02100000000000035,0,正常
2024-01-01 22:30:00,1,0.01499999999999968,0,正常
2024-01-01 22:40:00,1,-0.01499999999999968,0,正常
2024-01-01 22:50:00,1,0.01499999999999968,0,正常
2024-01-01 23:00:00,1,0.015000000000000346,0,正常
2024-01-01 23:10:00,1,0.018000000000000016,0,正常
2024-01-01 23:20:00,1,0.018000000000000016,0,正常
2024-01-01 23:30:00,1,0.047999999999999376,0,正常
2024-01-01 23:40:00,1,0.04800000000000004,0,正常
2024-01-01 23:50:00,1,0.05099999999999971,0,正常
2024-01-02 00:00:00,1,0.05100000000000038,0,正常
2024-01-02 00:10:00,1,0.03900000000000037,0,正常
2024-01-02 00:20:00,1,0.0389999999999997,0,正常
2024-01-02 00:30:00,1,0.01200000000000001,0,正常
2024-01-02 00:40:00,1,0.01200000000000001,0,正常
2024-01-02 00:50:00,1,0.01200000000000001,0,正常
2024-01-02 01:00:00,1,0.01200000000000001,0,正常
2024-01-02 01:10:00,1,0.0,0,正常
2024-01-02 01:20:00,1,0.0,0,正常
2024-01-02 01:30:00,1,0.006000000000000005,0,正常
2024-01-02 01:40:00,1,0.006000000000000005,0,正常
2024-01-02 01:50:00,1,0.030000000000000027,0,正常
2024-01-02 02:00:00,1,0.030000000000000027,0,正常
2024-01-02 02:10:00,1,0.030000000000000693,0,正常
2024-01-02 02:20:00,1,0.02999999999999936,0,正常
2024-01-02 02:30:00,1,0.0420000000000007,0,正常
2024-01-02 02:40:00,1,0.04199999999999937,0,正常
2024-01-02 02:50:00,1,0.01200000000000001,0,正常
2024-01-02 03:00:00,1,0.01799999999999935,0,正常
2024-01-02 03:10:00,1,0.0,0,正常
2024-01-02 03:20:00,1,0.02400000000000002,0,正常
2024-01-02 03:30:00,1,0.06000000000000005,0,正常
2024-01-02 03:40:00,1,0.0,0,正常
2024-01-02 03:50:00,1,0.06000000000000005,0,正常
2024-01-02 04:00:00,1,0.0,0,正常
2024-01-02 04:10:00,1,0.1500000000000008,0,正常
2024-01-02 04:20:00,1,0.01200000000000001,0,正常
2024-01-02 04:30:00,1,0.06599999999999939,0,正常
2024-01-02 04:40:00,1,0.02400000000000002,0,正常
2024-01-02 04:50:00,1,0.02400000000000002,0,正常
2024-01-02 05:00:00,1,0.04800000000000004,0,正常
2024-01-02 05:10:00,1,0.08400000000000007,0,正常
2024-01-02 05:20:00,1,0.05399999999999938,0,正常
2024-01-02 05:30:00,1,0.01200000000000001,0,正常
2024-01-02 05:40:00,1,0.03600000000000003,0,正常
2024-01-02 05:50:00,1,0.03600000000000003,0,正常
2024-01-02 06:00:00,1,0.12600000000000078,0,正常
2024-01-02 06:10:00,1,0.18000000000000016,0,正常
2024-01-02 06:20:00,1,0.0779999999999994,0,正常
2024-01-02 06:30:00,1,0.030000000000000693,0,正常
2024-01-02 06:40:00,1,0.25799999999999956,0,正常
2024-01-02 06:50:00,1,0.04199999999999937,0,正常
2024-01-02 07:00:00,1,0.0420000000000007,0,正常
2024-01-02 07:10:00,1,0.08999999999999941,0,正常
2024-01-02 07:20:00,1,0.02400000000000002,0,正常
2024-01-02 07:30:00,1,0.0,0,正常
2024-01-02 07:40:00,1,0.0060000000000006715,0,正常
2024-01-02 07:50:00,1,0.04199999999999937,0,正常
2024-01-02 08:00:00,1,0.0,0,正常
2024-01-02 08:10:00,1,0.0060000000000006715,0,正常
2024-01-02 08:20:00,1,0.01200000000000001,0,正常
2024-01-02 08:30:00,1,0.01799999999999935,0,正常
2024-01-02 08:40:00,1,0.0420000000000007,0,正常
2024-01-02 08:50:00,1,0.06000000000000005,0,正常
2024-01-02 09:00:00,1,0.10199999999999942,0,正常
2024-01-02 09:10:00,1,0.01200000000000001,0,正常
2024-01-02 09:20:00,1,0.054000000000000714,0,正常
2024-01-02 09:30:00,1,0.09600000000000009,0,正常
2024-01-02 09:40:00,1,0.01799999999999935,0,正常
2024-01-02 09:50:00,1,0.07200000000000006,0,正常
2024-01-02 10:00:00,1,0.03600000000000003,0,正常
2024-01-02 10:10:00,1,0.08999999999999941,0,正常
2024-01-02 10:20:00,1,0.19200000000000017,0,正常
2024-01-02 10:30:00,1,0.018000000000000682,0,正常
2024-01-02 10:40:00,1,0.19200000000000017,0,正常
2024-01-02 10:50:00,1,0.02999999999999936,0,正常
2024-01-02 11:00:00,1,0.03600000000000003,0,正常
2024-01-02 11:10:00,1,0.15600000000000014,0,正常
2024-01-02 11:20:00,1,0.13200000000000012,0,正常
2024-01-02 11:30:00,1,0.0,0,正常
2024-01-02 11:40:00,1,0.03600000000000003,0,正常
2024-01-02 11:50:00,1,0.005999999999999339,0,正常
2024-01-02 12:00:00,1,0.0,0,正常
2024-01-02 12:10:00,1,0.0,0,正常
2024-01-02 12:20:00,1,0.0,0,正常
2024-01-02 12:30:00,1,0.15600000000000014,0,正常
2024-01-02 12:40:00,1,0.018000000000000682,0,正常
2024-01-02 12:50:00,1,0.2520000000000002,0,正常
2024-01-02 13:00:00,1,0.09600000000000009,0,正常
2024-01-02 13:10:00,1,0.23999999999999888,0,正常
2024-01-02 13:20:00,1,0.018000000000000682,0,正常
2024-01-02 13:30:00,1,0.01799999999999935,0,正常
2024-01-02 13:40:00,1,0.03600000000000003,0,正常
2024-01-02 13:50:00,1,0.3120000000000003,0,正常
2024-01-02 14:00:00,1,0.02400000000000002,0,正常
2024-01-02 14:10:00,1,0.09600000000000009,0,正常
2024-01-02 14:20:00,1,0.24599999999999955,0,正常
2024-01-02 14:30:00,1,0.1500000000000008,0,正常
2024-01-02 14:40:00,1,0.01200000000000001,0,正常
2024-01-02 14:50:00,1,0.1200000000000001,0,正常
2024-01-02 15:00:00,1,0.08999999999999941,0,正常
2024-01-02 15:10:00,1,0.10200000000000076,0,正常
2024-01-02 15:20:00,1,0.0,0,正常
2024-01-02 15:30:00,1,0.05399999999999938,0,正常
2024-01-02 15:40:00,1,0.0,0,正常
2024-01-02 15:50:00,1,0.01200000000000001,0,正常
2024-01-02 16:00:00,1,0.11399999999999944,0,正常
2024-01-02 16:10:00,1,0.06600000000000072,0,正常
2024-01-02 16:20:00,1,0.06000000000000005,0,正常
2024-01-02 16:30:00,1,0.0,0,正常
2024-01-02 16:40:00,1,0.02999999999999936,0,正常
2024-01-02 16:50:00,1,0.09000000000000075,0,正常
2024-01-02 17:00:00,1,0.0779999999999994,0,正常
2024-01-02 17:10:00,1,0.02400000000000002,0,正常
2024-01-02 17:20:00,1,0.06000000000000005,0,正常
2024-01-02 17:30:00,1,0.0060000000000006715,0,正常
2024-01-02 17:40:00,1,0.44999999999999973,0,正常
2024-01-02 17:50:00,1,0.07200000000000006,0,正常
2024-01-02 18:00:00,1,0.12599999999999945,0,正常
2024-01-02 18:10:00,1,0.07200000000000006,0,正常
2024-01-02 18:20:00,1,0.005999999999999339,0,正常
2024-01-02 18:30:00,1,0.13200000000000145,0,正常
2024-01-02 18:40:00,1,0.1559999999999988,0,正常
2024-01-02 18:50:00,1,0.16800000000000015,0,正常
2024-01-02 19:00:00,1,0.19200000000000017,0,正常
2024-01-02 19:10:00,1,0.2400000000000002,0,正常
2024-01-02 19:20:00,1,0.0420000000000007,0,正常
2024-01-02 19:30:00,1,0.8579999999999988,0,正常
2024-01-02 19:40:00,1,0.0420000000000007,0,正常
2024-01-02 19:50:00,1,0.10199999999999942,0,正常
2024-01-02 20:00:00,1,0.18600000000000083,0,正常
2024-01-02 20:10:00,1,0.18600000000000083,0,正常
2024-01-02 20:20:00,1,0.0359999999999987,0,正常
2024-01-02 20:30:00,1,0.05399999999999938,0,正常
2024-01-02 20:40:00,1,0.054000000000002046,0,正常
2024-01-02 20:50:00,1,0.1139999999999981,0,正常
2024-01-02 21:00:00,1,0.13200000000000145,0,正常
2024-01-02 21:10:00,1,0.1559999999999988,0,正常
2024-01-02 21:20:00,1,0.02400000000000002,0,正常
2024-01-02 21:30:00,1,0.02400000000000002,0,正常
2024-01-02 21:40:00,1,0.012000000000001343,0,正常
2024-01-02 21:50:00,1,0.017999999999998018,0,正常
2024-01-02 22:00:00,1,0.11400000000000077,0,正常
2024-01-02 22:10:00,1,0.395999999999999,0,正常
2024-01-02 22:20:00,1,0.0,0,正常
2024-01-02 22:30:00,1,0.060000000000001386,0,正常
2024-01-02 22:40:00,1,0.2400000000000002,0,正常
2024-01-02 22:50:00,1,0.005999999999999339,0,正常
2024-01-02 23:00:00,1,0.1380000000000008,0,正常
2024-01-02 23:10:00,1,0.1979999999999995,0,正常
2024-01-02 23:20:00,1,0.0,0,正常
2024-01-02 23:30:00,1,0.02400000000000002,0,正常
2024-01-02 23:40:00,1,0.018000000000000682,0,正常
2024-01-02 23:50:00,1,0.19200000000000017,0,正常
2024-01-03 00:00:00,1,0.04199999999999804,0,正常
2024-01-03 00:10:00,1,0.28800000000000026,0,正常
2024-01-03 00:20:00,1,0.054000000000002046,0,正常
2024-01-03 00:30:00,1,0.0359999999999987,0,正常
2024-01-03 00:40:00,1,0.02400000000000002,0,正常
2024-01-03 00:50:00,1,0.011999999999998678,0,正常
2024-01-03 01:00:00,1,0.04800000000000004,0,正常
2024-01-03 01:10:00,1,0.09000000000000075,0,正常
2024-01-03 01:20:00,1,0.4560000000000004,0,正常
2024-01-03 01:30:00,1,0.018000000000000682,0,正常
2024-01-03 01:40:00,1,0.1979999999999995,0,正常
2024-01-03 01:50:00,1,0.0,0,正常
2024-01-03 02:00:00,1,0.2160000000000002,0,正常
2024-01-03 02:10:00,1,0.2519999999999989,0,正常
2024-01-03 02:20:00,1,0.060000000000001386,0,正常
2024-01-03 02:30:00,1,0.16199999999999815,0,正常
2024-01-03 02:40:00,1,0.3420000000000023,0,正常
2024-01-03 02:50:00,1,0.17999999999999883,0,正常
2024-01-03 03:00:00,1,0.09000000000000075,0,正常
2024-01-03 03:10:00,1,0.3360000000000003,0,正常
2024-01-03 03:20:00,1,0.08999999999999808,0,正常
2024-01-03 03:30:00,1,0.030000000000002025,0,正常
2024-01-03 03:40:00,1,0.02999999999999936,0,正常
2024-01-03 03:50:00,1,0.08399999999999874,0,正常
2024-01-03 04:00:00,1,0.030000000000002025,0,正常
2024-01-03 04:10:00,1,0.02999999999999936,0,正常
2024-01-03 04:20:00,1,0.07200000000000006,0,正常
2024-01-03 04:30:00,1,0.0,0,正常
2024-01-03 04:40:00,1,0.26400000000000023,0,正常
2024-01-03 04:50:00,1,0.017999999999998018,0,正常
2024-01-03 05:00:00,1,0.0840000000000014,0,正常
2024-01-03 05:10:00,1,0.30600000000000094,0,正常
2024-01-03 05:20:00,1,0.08999999999999808,0,正常
2024-01-03 05:30:00,1,0.11400000000000077,0,正常
2024-01-03 05:40:00,1,0.005999999999999339,0,正常
2024-01-03 05:50:00,1,0.030000000000002025,0,正常
2024-01-03 06:00:00,1,0.02999999999999936,0,正常
2024-01-03 06:10:00,1,0.08999999999999808,0,正常
2024-01-03 06:20:00,1,0.1200000000000001,0,正常
2024-01-03 06:30:00,1,0.10800000000000143,0,正常
2024-01-03 06:40:00,1,0.10199999999999942,0,正常
2024-01-03 06:50:00,1,0.005999999999999339,0,正常
2024-01-03 07:00:00,1,0.2220000000000022,0,正常
2024-01-03 07:10:00,1,0.3119999999999976,0,正常
2024-01-03 07:20:00,1,0.018000000000000682,0,正常
2024-01-03 07:30:00,1,0.34199999999999964,0,正常
2024-01-03 07:40:00,1,0.012000000000001343,0,正常
2024-01-03 07:50:00,1,0.2699999999999996,0,正常
2024-01-03 08:00:00,1,0.08399999999999874,0,正常
2024-01-03 08:10:00,1,0.13200000000000145,0,正常
2024-01-03 08:20:00,1,0.018000000000000682,0,正常
2024-01-03 08:30:00,1,0.05399999999999938,0,正常
2024-01-03 08:40:00,1,0.07200000000000006,0,正常
2024-01-03 08:50:00,1,0.10199999999999942,0,正常
2024-01-03 09:00:00,1,0.24599999999999955,0,正常
2024-01-03 09:10:00,1,0.02999999999999936,0,正常
2024-01-03 09:20:00,1,0.012000000000001343,0,正常
2024-01-03 09:30:00,1,0.20399999999999885,0,正常
2024-01-03 09:40:00,1,0.15000000000000213,0,正常
2024-01-03 09:50:00,1,0.22799999999999887,0,正常
2024-01-03 10:00:00,1,0.0,0,正常
2024-01-03 10:10:00,1,0.09600000000000009,0,正常
2024-01-03 10:20:00,1,0.0,0,正常
2024-01-03 10:30:00,1,0.02999999999999936,0,正常
2024-01-03 10:40:00,1,0.12599999999999945,0,正常
2024-01-03 10:50:00,1,0.0,0,正常
2024-01-03 11:00:00,1,0.054000000000002046,0,正常
2024-01-03 11:10:00,1,0.036000000000001364,0,正常
2024-01-03 11:20:00,1,0.011999999999998678,0,正常
2024-01-03 11:30:00,1,0.0719999999999974,0,正常
2024-01-03 11:40:00,1,0.036000000000001364,0,正常
2024-01-03 11:50:00,1,0.04800000000000004,0,正常
2024-01-03 12:00:00,1,0.04199999999999804,0,正常
2024-01-03 12:10:00,1,0.17400000000000482,0,正常
2024-01-03 12:20:00,1,0.017999999999995353,0,正常
2024-01-03 12:30:00,1,0.024000000000002686,0,正常
2024-01-03 12:40:00,1,0.0,0,正常
2024-01-03 12:50:00,1,0.0779999999999994,0,正常
2024-01-03 13:00:00,1,0.04800000000000004,0,正常
2024-01-03 13:10:00,1,0.054000000000002046,0,正常
2024-01-03 13:20:00,1,0.10199999999999676,0,正常
2024-01-03 13:30:00,1,0.036000000000001364,0,正常
2024-01-03 13:40:00,1,0.054000000000002046,0,正常
2024-01-03 13:50:00,1,0.005999999999996675,0,正常
2024-01-03 14:00:00,1,0.006000000000002004,0,正常
2024-01-03 14:10:00,1,0.0,0,正常
2024-01-03 14:20:00,1,0.05399999999999672,0,正常
2024-01-03 14:30:00,1,0.07800000000000473,0,正常
2024-01-03 14:40:00,1,0.11399999999999544,0,正常
2024-01-03 14:50:00,1,0.12000000000000277,0,正常
2024-01-03 15:00:00,1,0.05999999999999872,0,正常
2024-01-03 15:10:00,1,0.011999999999998678,0,正常
2024-01-03 15:20:00,1,0.1620000000000008,0,正常
2024-01-03 15:30:00,1,0.018000000000000682,0,正常
2024-01-03 15:40:00,1,0.011999999999998678,0,正常
2024-01-03 15:50:00,1,-0.011999999999998678,0,正常
2024-01-03 16:00:00,1,0.011999999999998678,0,正常
2024-01-03 16:10:00,1,0.012000000000004007,0,正常
2024-01-03 16:20:00,1,0.005999999999996675,0,正常
2024-01-03 16:30:00,1,0.14400000000000013,0,正常
2024-01-03 16:40:00,1,0.054000000000002046,0,正常
2024-01-03 16:50:00,1,0.0719999999999974,0,正常
2024-01-03 17:00:00,1,0.6240000000000006,0,正常
2024-01-03 17:10:00,1,0.24600000000000222,0,正常
2024-01-03 17:20:00,1,0.0840000000000014,0,正常
2024-01-03 17:30:00,1,0.023999999999997357,0,正常
2024-01-03 17:40:00,1,0.006000000000002004,0,正常
2024-01-03 17:50:00,1,0.13799999999999812,0,正常
2024-01-03 18:00:00,1,0.02999999999999936,0,正常
2024-01-03 18:10:00,1,0.04199999999999804,0,正常
2024-01-03 18:20:00,1,0.07800000000000473,0,正常
2024-01-03 18:30:00,1,0.12599999999999945,0,正常
2024-01-03 18:40:00,1,0.06600000000000072,0,正常
2024-01-03 18:50:00,1,0.22199999999999953,0,正常
2024-01-03 19:00:00,1,0.035999999999996035,0,正常
2024-01-03 19:10:00,1,0.036000000000001364,0,正常
2024-01-03 19:20:00,1,0.018000000000000682,0,正常
2024-01-03 19:30:00,1,0.054000000000002046,0,正常
2024-01-03 19:40:00,1,0.04199999999999804,0,正常
2024-01-03 19:50:00,1,0.16799999999999748,0,正常
2024-01-03 20:00:00,1,0.024000000000002686,0,正常
2024-01-03 20:10:00,1,0.02999999999999936,0,正常
2024-01-03 20:20:00,1,0.024000000000002686,0,正常
2024-01-03 20:30:00,1,0.035999999999996035,0,正常
2024-01-03 20:40:00,1,0.2400000000000002,0,正常
2024-01-03 20:50:00,1,0.024000000000002686,0,正常
2024-01-03 21:00:00,1,0.13199999999999612,0,正常
2024-01-03 21:10:00,1,0.09600000000000009,0,正常
2024-01-03 21:20:00,1,0.018000000000000682,0,正常
2024-01-03 21:30:00,1,0.10800000000000409,0,正常
2024-01-03 21:40:00,1,0.10799999999999876,0,正常
2024-01-03 21:50:00,1,0.0,0,正常
2024-01-03 22:00:00,1,0.2760000000000016,0,正常
2024-01-03 22:10:00,1,0.005999999999996675,0,正常
2024-01-03 22:20:00,1,0.3179999999999996,0,正常
2024-01-03 22:30:00,1,0.04800000000000004,0,正常
2024-01-03 22:40:00,1,0.2699999999999996,0,正常
2024-01-03 22:50:00,1,0.10200000000000209,0,正常
2024-01-03 23:00:00,1,0.08999999999999808,0,正常
2024-01-03 23:10:00,1,0.036000000000001364,0,正常
2024-01-03 23:20:00,1,0.10200000000000209,0,正常
2024-01-03 23:30:00,1,0.011999999999998678,0,正常
2024-01-03 23:40:00,1,0.023999999999997357,0,正常
2024-01-03 23:50:00,1,0.006000000000002004,0,正常
2024-01-04 00:00:00,1,0.21599999999999753,0,正常
2024-01-04 00:10:00,1,0.1620000000000008,0,正常
2024-01-04 00:20:00,1,0.036000000000001364,0,正常
2024-01-04 00:30:00,1,0.07200000000000273,0,正常
2024-01-04 00:40:00,1,0.26399999999999757,0,正常
2024-01-04 00:50:00,1,0.054000000000002046,0,正常
2024-01-04 01:00:00,1,0.017999999999995353,0,正常
2024-01-04 01:10:00,1,0.37200000000000166,0,正常
2024-01-04 01:20:00,1,0.11400000000000077,0,正常
2024-01-04 01:30:00,1,0.11400000000000077,0,正常
2024-01-04 01:40:00,1,0.05399999999999672,0,正常
2024-01-04 01:50:00,1,0.036000000000001364,0,正常
2024-01-04 02:00:00,1,0.0,0,正常
2024-01-04 02:10:00,1,0.036000000000001364,0,正常
2024-01-04 02:20:00,1,0.04199999999999804,0,正常
2024-01-04 02:30:00,1,0.09600000000000009,0,正常
2024-01-04 02:40:00,1,0.02999999999999936,0,正常
2024-01-04 02:50:00,1,0.24600000000000222,0,正常
2024-01-04 03:00:00,1,0.10200000000000209,0,正常
2024-01-04 03:10:00,1,0.0,0,正常
2024-01-04 03:20:00,1,0.10199999999999676,0,正常
2024-01-04 03:30:00,1,0.09600000000000009,0,正常
2024-01-04 03:40:00,1,0.06600000000000072,0,正常
2024-01-04 03:50:00,1,0.06600000000000072,0,正常
2024-01-04 04:00:00,1,0.0719999999999974,0,正常
2024-01-04 04:10:00,1,0.12600000000000477,0,正常
2024-01-04 04:20:00,1,0.0,0,正常
2024-01-04 04:30:00,1,0.16799999999999748,0,正常
2024-01-04 04:40:00,1,0.0840000000000014,0,正常
2024-01-04 04:50:00,1,0.10199999999999676,0,正常
2024-01-04 05:00:00,1,0.04200000000000337,0,正常
2024-01-04 05:10:00,1,0.005999999999996675,0,正常
2024-01-04 05:20:00,1,0.06000000000000405,0,正常
2024-01-04 05:30:00,1,0.05399999999999672,0,正常
2024-01-04 05:40:00,1,0.0,0,正常
2024-01-04 05:50:00,1,0.2699999999999996,0,正常
2024-01-04 06:00:00,1,0.012000000000004007,0,正常
2024-01-04 06:10:00,1,0.12599999999999945,0,正常
2024-01-04 06:20:00,1,0.0659999999999954,0,正常
2024-01-04 06:30:00,1,0.018000000000000682,0,正常
2024-01-04 06:40:00,1,0.12000000000000277,0,正常
2024-01-04 06:50:00,1,0.16799999999999748,0,正常
2024-01-04 07:00:00,1,0.06600000000000072,0,正常
2024-01-04 07:10:00,1,0.024000000000002686,0,正常
2024-01-04 07:20:00,1,0.0,0,正常
2024-01-04 07:30:00,1,0.018000000000000682,0,正常
2024-01-04 07:40:00,1,0.0659999999999954,0,正常
2024-01-04 07:50:00,1,0.036000000000001364,0,正常
2024-01-04 08:00:00,1,0.05999999999999872,0,正常
2024-01-04 08:10:00,1,0.0,0,正常
2024-01-04 08:20:00,1,0.12600000000000477,0,正常
2024-01-04 08:30:00,1,0.26399999999999757,0,正常
2024-01-04 08:40:00,1,0.0719999999999974,0,正常
2024-01-04 08:50:00,1,0.17400000000000482,0,正常
2024-01-04 09:00:00,1,0.10799999999999876,0,正常
2024-01-04 09:10:00,1,0.018000000000000682,0,正常
2024-01-04 09:20:00,1,0.0,0,正常
2024-01-04 09:30:00,1,0.02999999999999936,0,正常
2024-01-04 09:40:00,1,0.10199999999999676,0,正常
2024-01-04 09:50:00,1,0.1620000000000008,0,正常
2024-01-04 10:00:00,1,0.05999999999999872,0,正常
2024-01-04 10:10:00,1,0.07200000000000273,0,正常
2024-01-04 10:20:00,1,0.0840000000000014,0,正常
2024-01-04 10:30:00,1,0.018000000000000682,0,正常
2024-01-04 10:40:00,1,0.20999999999999552,0,正常
2024-01-04 10:50:00,1,0.10200000000000209,0,正常
2024-01-04 11:00:00,1,0.1739999999999995,0,正常
2024-01-04 11:10:00,1,0.09600000000000009,0,正常
2024-01-04 11:20:00,1,0.018000000000000682,0,正常
2024-01-04 11:30:00,1,0.0840000000000014,0,正常
2024-01-04 11:40:00,1,0.05999999999999872,0,正常
2024-01-04 11:50:00,1,0.29999999999999893,0,正常
2024-01-04 12:00:00,1,0.0,0,正常
2024-01-04 12:10:00,1,0.04800000000000004,0,正常
2024-01-04 12:20:00,1,0.024000000000002686,0,正常
2024-01-04 12:30:00,1,0.0659999999999954,0,正常
2024-01-04 12:40:00,1,0.018000000000000682,0,正常
2024-01-04 12:50:00,1,0.006000000000002004,0,正常
2024-01-04 13:00:00,1,0.0779999999999994,0,正常
2024-01-04 13:10:00,1,0.19800000000000217,0,正常
2024-01-04 13:20:00,1,0.04800000000000004,0,正常
2024-01-04 13:30:00,1,0.04199999999999804,0,正常
2024-01-04 13:40:00,1,0.02999999999999936,0,正常
2024-01-04 13:50:00,1,0.02999999999999936,0,正常
2024-01-04 14:00:00,1,0.15600000000000414,0,正常
2024-01-04 14:10:00,1,0.005999999999996675,0,正常
2024-01-04 14:20:00,1,0.09600000000000009,0,正常
2024-01-04 14:30:00,1,0.0,0,正常
2024-01-04 14:40:00,1,0.12000000000000277,0,正常
2024-01-04 14:50:00,1,0.1499999999999968,0,正常
2024-01-04 15:00:00,1,0.018000000000000682,0,正常
2024-01-04 15:10:00,1,0.19800000000000217,0,正常
2024-01-04 15:20:00,1,0.005999999999996675,0,正常
2024-01-04 15:30:00,1,0.0779999999999994,0,正常
2024-01-04 15:40:00,1,0.0840000000000014,0,正常
2024-01-04 15:50:00,1,0.02999999999999936,0,正常
2024-01-04 16:00:00,1,0.38400000000000034,0,正常
2024-01-04 16:10:00,1,0.13200000000000145,0,正常
2024-01-04 16:20:00,1,0.04800000000000004,0,正常
2024-01-04 16:30:00,1,0.036000000000001364,0,正常
2024-01-04 16:40:00,1,0.02999999999999936,0,正常
2024-01-04 16:50:00,1,0.0,0,正常
2024-01-04 17:00:00,1,0.10799999999999876,0,正常
2024-01-04 17:10:00,1,0.024000000000002686,0,正常
2024-01-04 17:20:00,1,0.43799999999999706,0,正常
2024-01-04 17:30:00,1,0.006000000000002004,0,正常
2024-01-04 17:40:00,1,0.035999999999996035,0,正常
2024-01-04 17:50:00,1,0.04200000000000337,0,正常
2024-01-04 18:00:00,1,0.2339999999999982,0,正常
2024-01-04 18:10:00,1,0.02999999999999936,0,正常
2024-01-04 18:20:00,1,0.15000000000000213,0,正常
2024-01-04 18:30:00,1,0.0,0,正常
2024-01-04 18:40:00,1,0.12599999999999945,0,正常
2024-01-04 18:50:00,1,0.2699999999999996,0,正常
2024-01-04 19:00:00,1,0.036000000000001364,0,正常
2024-01-04 19:10:00,1,0.04800000000000004,0,正常
2024-01-04 19:20:00,1,0.2699999999999996,0,正常
2024-01-04 19:30:00,1,0.011999999999998678,0,正常
2024-01-04 19:40:00,1,0.45600000000000307,0,正常
2024-01-04 19:50:00,1,0.05399999999999672,0,正常
2024-01-04 20:00:00,1,0.06600000000000072,0,正常
2024-01-04 20:10:00,1,0.011999999999998678,0,正常
2024-01-04 20:20:00,1,0.13800000000000345,0,正常
2024-01-04 20:30:00,1,0.017999999999995353,0,正常
2024-01-04 20:40:00,1,0.006000000000002004,0,正常
2024-01-04 20:50:00,1,0.29999999999999893,0,正常
2024-01-04 21:00:00,1,0.3360000000000003,0,正常
2024-01-04 21:10:00,1,0.2580000000000009,0,正常
2024-01-04 21:20:00,1,0.2640000000000029,0,正常
2024-01-04 21:30:00,1,0.04800000000000004,0,正常
2024-01-04 21:40:00,1,0.02999999999999936,0,正常
2024-01-04 21:50:00,1,0.21599999999999753,0,正常
2024-01-04 22:00:00,1,0.06600000000000072,0,正常
2024-01-04 22:10:00,1,0.11999999999999744,0,正常
2024-01-04 22:20:00,1,0.006000000000002004,0,正常
2024-01-04 22:30:00,1,0.4919999999999991,0,正常
2024-01-04 22:40:00,1,0.395999999999999,0,正常
2024-01-04 22:50:00,1,0.37800000000000367,0,正常
2024-01-04 23:00:00,1,0.3239999999999963,0,正常
2024-01-04 23:10:00,1,0.4320000000000004,0,正常
2024-01-04 23:20:00,1,0.14400000000000013,0,正常
2024-01-04 23:30:00,1,0.04200000000000337,0,正常
2024-01-04 23:40:00,1,0.14400000000000013,0,正常
2024-01-04 23:50:00,1,0.14400000000000013,0,正常
2024-01-05 00:00:00,1,0.0,0,正常
2024-01-05 00:10:00,1,0.018000000000000682,0,正常
2024-01-05 00:20:00,1,0.7799999999999994,0,正常
2024-01-05 00:30:00,1,0.023999999999997357,0,正常
2024-01-05 00:40:00,1,0.05999999999999872,0,正常
2024-01-05 00:50:00,1,0.39000000000000234,0,正常
2024-01-05 01:00:00,1,0.006000000000002004,0,正常
2024-01-05 01:10:00,1,0.0659999999999954,0,正常
2024-01-05 01:20:00,1,0.11400000000000077,0,正常
2024-01-05 01:30:00,1,0.024000000000002686,0,正常
2024-01-05 01:40:00,1,0.023999999999997357,0,正常
2024-01-05 01:50:00,1,0.402000000000001,0,正常
2024-01-05 02:00:00,1,0.1559999999999988,0,正常
2024-01-05 02:10:00,1,0.0779999999999994,0,正常
2024-01-05 02:20:00,1,0.714000000000004,0,正常
2024-01-05 02:30:00,1,0.036000000000001364,0,正常
2024-01-05 02:40:00,1,0.24600000000000222,0,正常
2024-01-05 02:50:00,1,0.19799999999999685,0,正常
2024-01-05 03:00:00,1,0.2699999999999996,0,正常
2024-01-05 03:10:00,1,0.21000000000000085,0,正常
2024-01-05 03:20:00,1,0.018000000000000682,0,正常
2024-01-05 03:30:00,1,0.34199999999999164,0,正常
2024-01-05 03:40:00,1,0.07800000000001006,0,正常
2024-01-05 03:50:00,1,0.1319999999999908,0,正常
2024-01-05 04:00:00,1,0.08400000000000674,0,正常
2024-01-05 04:10:00,1,0.1739999999999995,0,正常
2024-01-05 04:20:00,1,0.6059999999999945,0,正常
2024-01-05 04:30:00,1,0.6780000000000079,0,正常
2024-01-05 04:40:00,1,0.11999999999999744,0,正常
2024-01-05 04:50:00,1,0.0,0,正常
2024-01-05 05:00:00,1,0.4200000000000017,0,正常
2024-01-05 05:10:00,1,0.26399999999999224,0,正常
2024-01-05 05:20:00,1,0.07200000000000273,0,正常
2024-01-05 05:30:00,1,0.5399999999999991,0,正常
2024-01-05 05:40:00,1,0.03000000000000469,0,正常
2024-01-05 05:50:00,1,0.054000000000002046,0,正常
2024-01-05 06:00:00,1,0.0659999999999954,0,正常
2024-01-05 06:10:00,1,0.11400000000000077,0,正常
2024-01-05 06:20:00,1,0.0,0,正常
2024-01-05 06:30:00,1,0.35399999999999565,0,正常
2024-01-05 06:40:00,1,0.2940000000000076,0,正常
2024-01-05 06:50:00,1,0.12599999999999412,0,正常
2024-01-05 07:00:00,1,0.0779999999999994,0,正常
2024-01-05 07:10:00,1,0.0779999999999994,0,正常
2024-01-05 07:20:00,1,0.36599999999999966,0,正常
2024-01-05 07:30:00,1,0.024000000000008015,0,正常
2024-01-05 07:40:00,1,0.12599999999999412,0,正常
2024-01-05 07:50:00,1,0.05999999999999872,0,正常
2024-01-05 08:00:00,1,0.5460000000000065,0,正常
2024-01-05 08:10:00,1,0.08999999999999275,0,正常
2024-01-05 08:20:00,1,0.13200000000000145,0,正常
2024-01-05 08:30:00,1,0.5460000000000065,0,正常
2024-01-05 08:40:00,1,0.6419999999999959,0,正常
2024-01-05 08:50:00,1,0.8400000000000034,0,正常
2024-01-05 09:00:00,1,0.3179999999999943,0,正常
2024-01-05 09:10:00,1,0.6480000000000032,0,正常
2024-01-05 09:20:00,1,0.38400000000000034,0,正常
2024-01-05 09:30:00,1,0.1860000000000035,0,正常
2024-01-05 09:40:00,1,0.5159999999999911,0,正常
2024-01-05 09:50:00,1,0.11400000000000077,0,正常
2024-01-05 10:00:00,1,1.1820000000000057,0,正常
2024-01-05 10:10:00,1,0.737999999999996,0,正常
2024-01-05 10:20:00,1,1.2179999999999964,0,正常
2024-01-05 10:30:00,1,0.23400000000000887,0,正常
2024-01-05 10:40:00,1,0.22799999999999088,0,正常
2024-01-05 10:50:00,1,0.09000000000000341,0,正常
2024-01-05 11:00:00,1,0.018000000000000682,0,正常
2024-01-05 11:10:00,1,0.9059999999999988,0,正常
2024-01-05 11:20:00,1,0.14400000000000546,0,正常
2024-01-05 11:30:00,1,0.5459999999999958,0,正常
2024-01-05 11:40:00,1,0.402000000000001,0,正常
2024-01-05 11:50:00,1,0.10800000000000409,0,正常
2024-01-05 12:00:00,1,0.005999999999996675,0,正常
2024-01-05 12:10:00,1,0.13799999999999812,0,正常
2024-01-05 12:20:00,1,1.2899999999999991,0,正常
2024-01-05 12:30:00,1,0.4800000000000004,0,正常
2024-01-05 12:40:00,1,0.9780000000000015,0,正常
2024-01-05 12:50:00,1,0.08399999999999608,0,正常
2024-01-05 13:00:00,1,1.3079999999999998,0,正常
2024-01-05 13:10:00,1,0.4680000000000071,0,正常
2024-01-05 13:20:00,1,0.7680000000000007,0,正常
2024-01-05 13:30:00,1,0.5339999999999918,0,正常
2024-01-05 13:40:00,1,0.09600000000000009,0,正常
2024-01-05 13:50:00,1,0.5940000000000012,0,正常
2024-01-05 14:00:00,1,0.19200000000000017,0,正常
2024-01-05 14:10:00,1,0.2760000000000069,0,正常
2024-01-05 14:20:00,1,0.01199999999999335,0,正常
2024-01-05 14:30:00,1,1.8780000000000037,0,正常
2024-01-05 14:40:00,1,2.2139999999999986,0,正常
2024-01-05 14:50:00,1,0.0779999999999994,0,正常
2024-01-05 15:00:00,1,0.023999999999997357,0,正常
2024-01-05 15:10:00,1,0.31800000000000495,0,正常
2024-01-05 15:20:00,1,0.005999999999996675,0,正常
2024-01-05 15:30:00,1,0.1860000000000035,0,正常
2024-01-05 15:40:00,1,0.1860000000000035,0,正常
2024-01-05 15:50:00,1,1.097999999999999,0,正常
2024-01-05 16:00:00,1,0.04199999999999804,0,正常
2024-01-05 16:10:00,1,0.29399999999999693,0,正常
2024-01-05 16:20:00,1,0.3119999999999976,0,正常
2024-01-05 16:30:00,1,0.3540000000000063,0,正常
2024-01-05 16:40:00,1,1.1099999999999923,0,正常
2024-01-05 16:50:00,1,0.19200000000000017,0,正常
2024-01-05 17:00:00,1,1.0320000000000036,0,正常
2024-01-05 17:10:00,1,0.11999999999999744,0,正常
2024-01-05 17:20:00,1,0.816000000000006,0,正常
2024-01-05 17:30:00,1,1.1159999999999997,0,正常
2024-01-05 17:40:00,1,0.19799999999999685,0,正常
2024-01-05 17:50:00,1,0.4859999999999971,0,正常
2024-01-05 18:00:00,1,0.13200000000000145,0,正常
2024-01-05 18:10:00,1,1.3020000000000032,0,正常
2024-01-05 18:20:00,1,0.2339999999999982,0,正常
2024-01-05 18:30:00,1,0.13799999999999812,0,正常
2024-01-05 18:40:00,1,0.37800000000000367,0,正常
2024-01-05 18:50:00,1,0.054000000000002046,0,正常
2024-01-05 19:00:00,1,1.3620000000000019,0,正常
2024-01-05 19:10:00,1,0.21599999999999753,0,正常
2024-01-05 19:20:00,1,2.681999999999995,0,正常
2024-01-05 19:30:00,1,0.22800000000000153,0,正常
2024-01-05 19:40:00,1,0.19799999999999685,0,正常
2024-01-05 19:50:00,1,0.8880000000000088,0,正常
2024-01-05 20:00:00,1,0.10799999999999343,0,正常
2024-01-05 20:10:00,1,0.6720000000000006,0,正常
2024-01-05 20:20:00,1,0.5700000000000038,0,正常
2024-01-05 20:30:00,1,0.804000000000002,0,正常
2024-01-05 20:40:00,1,0.41999999999999105,0,正常
2024-01-05 20:50:00,1,0.4200000000000017,0,正常
2024-01-05 21:00:00,1,0.4500000000000064,0,正常
2024-01-05 21:10:00,1,0.7199999999999953,0,正常
2024-01-05 21:20:00,1,1.583999999999996,0,正常
2024-01-05 21:30:00,1,0.4200000000000017,0,正常
2024-01-05 21:40:00,1,0.2880000000000109,0,正常
2024-01-05 21:50:00,1,0.8459999999999894,0,正常
2024-01-05 22:00:00,1,0.054000000000002046,0,正常
2024-01-05 22:10:00,1,0.7439999999999927,0,正常
2024-01-05 22:20:00,1,0.10200000000001808,0,正常
2024-01-05 22:30:00,1,1.907999999999987,0,正常
2024-01-05 22:40:00,1,0.006000000000007333,0,正常
2024-01-05 22:50:00,1,0.0059999999999860165,0,正常
2024-01-05 23:00:00,1,0.5400000000000205,0,正常
2024-01-05 23:10:00,1,1.4699999999999847,0,正常
2024-01-05 23:20:00,1,1.1639999999999944,0,正常
2024-01-05 23:30:00,1,0.4200000000000017,0,正常
2024-01-05 23:40:00,1,0.18600000000001415,0,正常
2024-01-05 23:50:00,1,0.4619999999999891,0,正常
2024-01-06 00:00:00,1,1.4580000000000126,0,正常
2024-01-06 00:10:00,1,1.0559999999999903,0,正常
2024-01-06 00:20:00,1,0.1739999999999995,0,正常
2024-01-06 00:30:00,1,0.27599999999999625,0,正常
2024-01-06 00:40:00,1,0.8879999999999981,0,正常
2024-01-06 00:50:00,1,0.744000000000014,0,正常
2024-01-06 01:00:00,1,0.054000000000002046,0,正常
2024-01-06 01:10:00,1,0.0,0,正常
2024-01-06 01:20:00,1,0.7319999999999993,0,正常
2024-01-06 01:30:00,1,0.8999999999999915,0,正常
2024-01-06 01:40:00,1,0.9120000000000061,0,正常
2024-01-06 01:50:00,1,0.49200000000000443,0,正常
2024-01-06 02:00:00,1,0.47399999999998244,0,正常
2024-01-06 02:10:00,1,2.778000000000006,0,正常
2024-01-06 02:20:00,1,0.5579999999999998,0,正常
2024-01-06 02:30:00,1,0.9600000000000009,0,正常
2024-01-06 02:40:00,1,0.5280000000000058,0,正常
2024-01-06 02:50:00,1,0.38999999999998636,0,正常
2024-01-06 03:00:00,1,0.6600000000000179,0,正常
2024-01-06 03:10:00,1,2.3159999999999954,0,正常
2024-01-06 03:20:00,1,0.6899999999999906,0,正常
2024-01-06 03:30:00,1,1.5600000000000094,0,正常
2024-01-06 03:40:00,1,0.1980000000000075,0,正常
2024-01-06 03:50:00,1,1.3259999999999792,0,正常
2024-01-06 04:00:00,1,0.21600000000000819,0,正常
2024-01-06 04:10:00,1,0.4139999999999944,0,正常
2024-01-06 04:20:00,1,0.9960000000000022,0,正常
2024-01-06 04:30:00,1,0.8820000000000121,0,正常
2024-01-06 04:40:00,1,0.9600000000000009,0,正常
2024-01-06 04:50:00,1,0.5519999999999925,0,正常
2024-01-06 05:00:00,1,1.6319999999999908,0,正常
2024-01-06 05:10:00,1,0.5340000000000131,0,正常
2024-01-06 05:20:00,1,1.8899999999999864,0,正常
2024-01-06 05:30:00,1,1.2780000000000058,0,正常
2024-01-06 05:40:00,1,1.8360000000000056,0,正常
2024-01-06 05:50:00,1,0.1739999999999995,0,正常
2024-01-06 06:00:00,1,0.49200000000000443,0,正常
2024-01-06 06:10:00,1,0.3359999999999843,0,正常
2024-01-06 06:20:00,1,1.3560000000000159,0,正常
2024-01-06 06:30:00,1,0.8879999999999981,0,正常
2024-01-06 06:40:00,1,0.9179999999999922,0,正常
2024-01-06 06:50:00,1,0.6480000000000032,0,正常
2024-01-06 07:00:00,1,0.7680000000000007,0,正常
2024-01-06 07:10:00,1,0.5100000000000051,0,正常
2024-01-06 07:20:00,1,1.5360000000000014,0,正常
2024-01-06 07:30:00,1,0.23999999999999488,0,正常
2024-01-06 07:40:00,1,0.12600000000000477,0,正常
2024-01-06 07:50:00,1,1.9979999999999905,0,正常
2024-01-06 08:00:00,1,0.09600000000001074,0,正常
2024-01-06 08:10:00,1,0.38400000000000034,0,正常
2024-01-06 08:20:00,1,0.4859999999999971,0,正常
2024-01-06 08:30:00,1,0.018000000000000682,0,正常
2024-01-06 08:40:00,1,0.9780000000000015,0,正常
2024-01-06 08:50:00,1,1.3440000000000012,0,正常
2024-01-06 09:00:00,1,1.367999999999988,0,正常
2024-01-06 09:10:00,1,1.0320000000000036,0,正常
2024-01-06 09:20:00,1,0.3599999999999923,0,正常
2024-01-06 09:30:00,1,0.6240000000000165,0,正常
2024-01-06 09:40:00,1,0.10799999999998278,0,正常
2024-01-06 09:50:00,1,2.3700000000000188,0,正常
2024-01-06 10:00:00,1,0.43799999999998107,0,正常
2024-01-06 10:10:00,1,1.0800000000000196,0,正常
2024-01-06 10:20:00,1,1.1639999999999944,0,正常
2024-01-06 10:30:00,1,0.5339999999999918,0,正常
2024-01-06 10:40:00,1,0.01199999999999335,0,正常
2024-01-06 10:50:00,1,0.5340000000000131,0,正常
2024-01-06 11:00:00,1,0.19200000000000017,0,正常
2024-01-06 11:10:00,1,1.7879999999999896,0,正常
2024-01-06 11:20:00,1,1.3620000000000019,0,正常
2024-01-06 11:30:00,1,0.49200000000000443,0,正常
2024-01-06 11:40:00,1,0.4679999999999964,0,正常
2024-01-06 11:50:00,1,0.12600000000000477,0,正常
2024-01-06 12:00:00,1,0.8760000000000048,0,正常
2024-01-06 12:10:00,1,1.127999999999993,0,正常
2024-01-06 12:20:00,1,0.36599999999999966,0,正常
2024-01-06 12:30:00,1,0.19200000000000017,0,正常
2024-01-06 12:40:00,1,0.018000000000000682,0,正常
2024-01-06 12:50:00,1,2.88600000000001,0,正常
2024-01-06 13:00:00,1,0.1319999999999908,0,正常
2024-01-06 13:10:00,1,0.8159999999999954,0,正常
2024-01-06 13:20:00,1,1.4279999999999973,0,正常
2024-01-06 13:30:00,1,0.19200000000000017,0,正常
2024-01-06 13:40:00,1,0.5760000000000005,0,正常
2024-01-06 13:50:00,1,0.3900000000000077,0,正常
2024-01-06 14:00:00,1,0.6899999999999906,0,正常
2024-01-06 14:10:00,1,0.8760000000000048,0,正常
2024-01-06 14:20:00,1,0.5280000000000058,0,正常
2024-01-06 14:30:00,1,0.0420000000000087,0,正常
2024-01-06 14:40:00,1,0.6299999999999812,0,正常
2024-01-06 14:50:00,1,0.9660000000000082,0,正常
2024-01-06 15:00:00,1,0.01199999999999335,0,正常
2024-01-06 15:10:00,1,1.6620000000000061,0,正常
2024-01-06 15:20:00,1,1.2539999999999978,0,正常
2024-01-06 15:30:00,1,0.9239999999999995,0,正常
2024-01-06 15:40:00,1,0.3240000000000123,0,正常
2024-01-06 15:50:00,1,0.8399999999999821,0,正常
2024-01-06 16:00:00,1,0.3240000000000123,0,正常
2024-01-06 16:10:00,1,0.2640000000000029,0,正常
2024-01-06 16:20:00,1,0.13799999999999812,0,正常
2024-01-06 16:30:00,1,1.4099999999999966,0,正常
2024-01-06 16:40:00,1,0.0659999999999954,0,正常
2024-01-06 16:50:00,1,0.347999999999999,0,正常
2024-01-06 17:00:00,1,1.3380000000000152,0,正常
2024-01-06 17:10:00,1,0.1979999999999862,0,正常
2024-01-06 17:20:00,1,2.412000000000006,0,正常
2024-01-06 17:30:00,1,1.043999999999997,0,正常
2024-01-06 17:40:00,1,0.38400000000000034,0,正常
2024-01-06 17:50:00,1,1.049999999999983,0,正常
2024-01-06 18:00:00,1,0.21600000000000819,0,正常
2024-01-06 18:10:00,1,0.7319999999999993,0,正常
2024-01-06 18:20:00,1,0.21000000000002217,0,正常
2024-01-06 18:30:00,1,0.9599999999999795,0,正常
2024-01-06 18:40:00,1,0.6360000000000099,0,正常
2024-01-06 18:50:00,1,0.4380000000000024,0,正常
2024-01-06 19:00:00,1,0.7199999999999847,0,正常
2024-01-06 19:10:00,1,0.5280000000000058,0,正常
2024-01-06 19:20:00,1,0.4439999999999884,0,正常
2024-01-06 19:30:00,1,1.1100000000000136,0,正常
2024-01-06 19:40:00,1,0.12000000000001876,0,正常
2024-01-06 19:50:00,1,0.11399999999999011,0,正常
2024-01-06 20:00:00,1,0.5460000000000065,0,正常
2024-01-06 20:10:00,1,0.21600000000000819,0,正常
2024-01-06 20:20:00,1,1.859999999999971,0,正常
2024-01-06 20:30:00,1,0.6900000000000119,0,正常
2024-01-06 20:40:00,1,0.0,0,正常
2024-01-06 20:50:00,1,0.7260000000000133,0,正常
2024-01-06 21:00:00,1,0.7439999999999714,0,正常
2024-01-06 21:10:00,1,1.7700000000000102,0,正常
2024-01-06 21:20:00,1,1.9200000000000017,0,正常
2024-01-06 21:30:00,1,0.353999999999985,0,正常
2024-01-06 21:40:00,1,1.3140000000000072,0,正常
2024-01-06 21:50:00,1,0.04800000000001603,0,正常
2024-01-06 22:00:00,1,0.8580000000000041,0,正常
2024-01-06 22:10:00,1,0.3419999999999703,0,正常
2024-01-06 22:20:00,1,0.06600000000001671,0,正常
2024-01-06 22:30:00,1,1.5120000000000147,0,正常
2024-01-06 22:40:00,1,0.8339999999999748,0,正常
2024-01-06 22:50:00,1,0.7560000000000286,0,正常
2024-01-06 23:00:00,1,0.20399999999999352,0,正常
2024-01-06 23:10:00,1,0.5519999999999925,0,正常
2024-01-06 23:20:00,1,0.21600000000000819,0,正常
2024-01-06 23:30:00,1,1.055999999999969,0,正常
2024-01-06 23:40:00,1,0.9480000000000075,0,正常
2024-01-06 23:50:00,1,0.018000000000000682,0,正常
2024-01-07 00:00:00,1,0.4140000000000157,0,正常
2024-01-07 00:10:00,1,0.7319999999999993,0,正常
2024-01-07 00:20:00,1,0.6720000000000113,0,正常
2024-01-07 00:30:00,1,1.206000000000003,0,正常
2024-01-07 00:40:00,1,0.05999999999998806,0,正常
2024-01-07 00:50:00,1,0.3359999999999843,0,正常
2024-01-07 01:00:00,1,2.29200000000003,0,正常
2024-01-07 01:10:00,1,0.695999999999998,0,正常
2024-01-07 01:20:00,1,0.4259999999999877,0,正常
2024-01-07 01:30:00,1,0.701999999999984,0,正常
2024-01-07 01:40:00,1,0.8639999999999901,0,正常
2024-01-07 01:50:00,1,0.38400000000000034,0,正常
2024-01-07 02:00:00,1,0.006000000000028649,0,正常
2024-01-07 02:10:00,1,1.1759999999999877,0,正常
2024-01-07 02:20:00,1,0.9480000000000075,0,正常
2024-01-07 02:30:00,1,0.7080000000000126,0,正常
2024-01-07 02:40:00,1,0.70799999999997,0,正常
2024-01-07 02:50:00,1,0.16799999999999216,0,正常
2024-01-07 03:00:00,1,0.054000000000002046,0,正常
2024-01-07 03:10:00,1,0.7800000000000153,0,正常
2024-01-07 03:20:00,1,1.6620000000000061,0,正常
2024-01-07 03:30:00,1,0.23400000000000887,0,正常
2024-01-07 03:40:00,1,0.1980000000000075,0,正常
2024-01-07 03:50:00,1,0.11399999999999011,0,正常
2024-01-07 04:00:00,1,0.25799999999999557,0,正常
2024-01-07 04:10:00,1,0.1980000000000075,0,正常
2024-01-07 04:20:00,1,0.3299999999999983,0,正常
2024-01-07 04:30:00,1,0.3359999999999843,0,正常
2024-01-07 04:40:00,1,1.0680000000000263,0,正常
2024-01-07 04:50:00,1,0.36599999999999966,0,正常
2024-01-07 05:00:00,1,0.32399999999996965,0,正常
2024-01-07 05:10:00,1,0.3240000000000123,0,正常
2024-01-07 05:20:00,1,0.09000000000000341,0,正常
2024-01-07 05:30:00,1,2.021999999999977,0,正常
2024-01-07 05:40:00,1,0.5580000000000211,0,正常
2024-01-07 05:50:00,1,0.353999999999985,0,正常
2024-01-07 06:00:00,1,0.012000000000014666,0,正常
2024-01-07 06:10:00,1,0.28199999999998226,0,正常
2024-01-07 06:20:00,1,0.036000000000001364,0,正常
2024-01-07 06:30:00,1,0.25200000000000955,0,正常
2024-01-07 06:40:00,1,0.3060000000000116,0,正常
2024-01-07 06:50:00,1,0.6119999999999806,0,正常
2024-01-07 07:00:00,1,0.36000000000001364,0,正常
2024-01-07 07:10:00,1,0.25200000000000955,0,正常
2024-01-07 07:20:00,1,0.6059999999999945,0,正常
2024-01-07 07:30:00,1,0.5399999999999778,0,正常
2024-01-07 07:40:00,1,0.20400000000003615,0,正常
2024-01-07 07:50:00,1,0.01799999999995805,0,正常
2024-01-07 08:00:00,1,0.20400000000003615,0,正常
2024-01-07 08:10:00,1,0.3359999999999843,0,正常
2024-01-07 08:20:00,1,0.6599999999999966,0,正常
2024-01-07 08:30:00,1,1.1399999999999864,0,正常
2024-01-07 08:40:00,1,0.15600000000002012,0,正常
2024-01-07 08:50:00,1,0.054000000000002046,0,正常
2024-01-07 09:00:00,1,0.1379999999999768,0,正常
2024-01-07 09:10:00,1,0.8880000000000194,0,正常
2024-01-07 09:20:00,1,0.38400000000000034,0,正常
2024-01-07 09:30:00,1,0.6659999999999826,0,正常
2024-01-07 09:40:00,1,1.3739999999999952,0,正常
2024-01-07 09:50:00,1,9.030000000000015,0,正常
2024-01-07 10:00:00,1,0.6180000000000092,0,正常
2024-01-07 10:10:00,1,1.8719999999999857,0,正常
2024-01-07 10:20:00,1,0.9060000000000201,0,正常
2024-01-07 10:30:00,1,0.36599999999999966,0,正常
2024-01-07 10:40:00,1,0.6540000000000106,0,正常
2024-01-07 10:50:00,1,1.0379999999999683,0,正常
2024-01-07 11:00:00,1,1.8600000000000136,0,正常
2024-01-07 11:10:00,1,0.9599999999999795,0,正常
2024-01-07 11:20:00,1,0.7860000000000014,0,正常
2024-01-07 11:30:00,1,2.6280000000000143,0,正常
2024-01-07 11:40:00,1,1.152000000000001,0,正常
2024-01-07 11:50:00,1,0.347999999999999,0,正常
2024-01-07 12:00:00,1,0.47400000000000375,0,正常
2024-01-07 12:10:00,1,1.2240000000000038,0,正常
2024-01-07 12:20:00,1,0.5820000000000078,0,正常
2024-01-07 12:30:00,1,1.5419999999999874,0,正常
2024-01-07 12:40:00,1,0.030000000000015348,0,正常
2024-01-07 12:50:00,1,0.12600000000000477,0,正常
2024-01-07 13:00:00,1,2.1599999999999966,0,正常
2024-01-07 13:10:00,1,3.2039999999999935,0,正常
2024-01-07 13:20:00,1,0.1980000000000075,0,正常
2024-01-07 13:30:00,1,1.7399999999999949,0,正常
2024-01-07 13:40:00,1,0.11999999999997613,0,正常
2024-01-07 13:50:00,1,0.12600000000000477,0,正常
2024-01-07 14:00:00,1,1.038000000000011,0,正常
2024-01-07 14:10:00,1,1.0259999999999962,0,正常
2024-01-07 14:20:00,1,0.7139999999999986,0,正常
2024-01-07 14:30:00,1,1.4819999999999993,0,正常
2024-01-07 14:40:00,1,0.1740000000000208,0,正常
2024-01-07 14:50:00,1,0.5279999999999632,0,正常
2024-01-07 15:00:00,1,0.34200000000001296,0,正常
2024-01-07 15:10:00,1,2.082000000000008,0,正常
2024-01-07 15:20:00,1,0.47400000000000375,0,正常
2024-01-07 15:30:00,1,0.3119999999999976,0,正常
2024-01-07 15:40:00,1,0.018000000000000682,0,正常
2024-01-07 15:50:00,1,1.8179999999999836,0,正常
2024-01-07 16:00:00,1,2.652000000000001,0,正常
2024-01-07 16:10:00,1,0.23400000000000887,0,正常
2024-01-07 16:20:00,1,0.8700000000000188,0,正常
2024-01-07 16:30:00,1,2.387999999999977,0,正常
2024-01-07 16:40:00,1,0.10200000000001808,0,正常
2024-01-07 16:50:00,1,1.0619999999999976,0,正常
2024-01-07 17:00:00,1,0.4439999999999884,0,正常
2024-01-07 17:10:00,1,0.7680000000000007,0,正常
2024-01-07 17:20:00,1,2.190000000000012,0,正常
2024-01-07 17:30:00,1,1.7099999999999795,0,正常
2024-01-07 17:40:00,1,0.3000000000000256,0,正常
2024-01-07 17:50:00,1,0.29399999999999693,0,正常
2024-01-07 18:00:00,1,0.761999999999972,0,正常
2024-01-07 18:10:00,1,0.5340000000000344,0,正常
2024-01-07 18:20:00,1,0.09599999999998943,0,正常
2024-01-07 18:30:00,1,0.23999999999999488,0,正常
2024-01-07 18:40:00,1,1.6319999999999908,0,正常
2024-01-07 18:50:00,1,0.8880000000000194,0,正常
2024-01-07 19:00:00,1,1.9439999999999884,0,正常
2024-01-07 19:10:00,1,0.9959999999999809,0,正常
2024-01-07 19:20:00,1,2.754000000000019,0,正常
2024-01-07 19:30:00,1,0.8340000000000174,0,正常
2024-01-07 19:40:00,1,0.04199999999998738,0,正常
2024-01-07 19:50:00,1,0.3959999999999724,0,正常
2024-01-07 20:00:00,1,0.060000000000030695,0,正常
2024-01-07 20:10:00,1,0.1379999999999768,0,正常
2024-01-07 20:20:00,1,0.5580000000000211,0,正常
2024-01-07 20:30:00,1,1.956000000000003,0,正常
2024-01-07 20:40:00,1,0.7199999999999847,0,正常
2024-01-07 20:50:00,1,1.206000000000003,0,正常
2024-01-07 21:00:00,1,0.40799999999998704,0,正常
2024-01-07 21:10:00,1,0.9840000000000089,0,正常
2024-01-07 21:20:00,1,0.9600000000000222,0,正常
2024-01-07 21:30:00,1,0.8999999999999915,0,正常
2024-01-07 21:40:00,1,4.2479999999999905,0,正常
2024-01-07 21:50:00,1,1.1759999999999877,0,正常
2024-01-07 22:00:00,1,0.2880000000000109,0,正常
2024-01-07 22:10:00,1,1.4639999999999986,0,正常
2024-01-07 22:20:00,1,0.6900000000000119,0,正常
2024-01-07 22:30:00,1,1.4220000000000113,0,正常
2024-01-07 22:40:00,1,0.6479999999999819,0,正常
2024-01-07 22:50:00,1,1.2360000000000184,0,正常
2024-01-07 23:00:00,1,1.5419999999999874,0,正常
2024-01-07 23:10:00,1,2.2680000000000007,0,正常
2024-01-07 23:20:00,1,0.20399999999999352,0,正常
2024-01-07 23:30:00,1,0.353999999999985,0,正常
2024-01-07 23:40:00,1,0.6660000000000252,0,正常
2024-01-07 23:50:00,1,1.6499999999999915,0,正常
2024-01-08 00:00:00,1,0.4259999999999877,0,正常
2024-01-08 00:10:00,1,0.018000000000000682,0,正常
2024-01-08 00:20:00,1,0.33600000000002694,0,正常
2024-01-08 00:30:00,1,1.211999999999989,0,正常
2024-01-08 00:40:00,1,1.6679999999999922,0,正常
2024-01-08 00:50:00,1,1.1219999999999857,0,正常
2024-01-08 01:00:00,1,0.10200000000001808,0,正常
2024-01-08 01:10:00,1,0.49200000000000443,0,正常
2024-01-08 01:20:00,1,2.832000000000008,0,正常
2024-01-08 01:30:00,1,0.32399999999996965,0,正常
2024-01-08 01:40:00,1,1.7399999999999949,0,正常
2024-01-08 01:50:00,1,1.4100000000000392,0,正常
2024-01-08 02:00:00,1,4.625999999999962,0,正常
2024-01-08 02:10:00,1,1.9920000000000044,0,正常
2024-01-08 02:20:00,1,0.4080000000000297,0,正常
2024-01-08 02:30:00,1,0.14999999999999147,0,正常
2024-01-08 02:40:00,1,0.6180000000000092,0,正常
2024-01-08 02:50:00,1,1.3679999999999666,0,正常
2024-01-08 03:00:00,1,0.4080000000000297,0,正常
2024-01-08 03:10:00,1,1.5479999999999734,0,正常
2024-01-08 03:20:00,1,3.8280000000000314,0,正常
2024-01-08 03:30:00,1,5.447999999999965,0,正常
2024-01-08 03:40:00,1,1.1820000000000164,0,正常
2024-01-08 03:50:00,1,0.12600000000000477,0,正常
2024-01-08 04:00:00,1,2.1779999999999973,0,正常
2024-01-08 04:10:00,1,1.2360000000000184,0,正常
2024-01-08 04:20:00,1,1.2479999999999905,0,正常
2024-01-08 04:30:00,1,2.84399999999998,0,正常
2024-01-08 04:40:00,1,2.748000000000033,0,正常
2024-01-08 04:50:00,1,0.25200000000000955,0,正常
2024-01-08 05:00:00,1,0.011999999999972033,0,正常
2024-01-08 05:10:00,1,1.554000000000002,0,正常
2024-01-08 05:20:00,1,1.6620000000000061,0,正常
2024-01-08 05:30:00,1,1.6199999999999761,0,正常
2024-01-08 05:40:00,1,3.846000000000032,0,正常
2024-01-08 05:50:00,1,0.9179999999999495,0,正常
2024-01-08 06:00:00,1,0.14400000000000546,0,正常
2024-01-08 06:10:00,1,0.12000000000006139,0,正常
2024-01-08 06:20:00,1,1.2419999999999618,0,正常
2024-01-08 06:30:00,1,1.961999999999989,0,正常
2024-01-08 06:40:00,1,0.5820000000000505,0,正常
2024-01-08 06:50:00,1,1.7279999999999802,0,正常
2024-01-08 07:00:00,1,0.5639999999999645,0,正常
2024-01-08 07:10:00,1,0.780000000000058,0,正常
2024-01-08 07:20:00,1,4.031999999999982,0,正常
2024-01-08 07:30:00,1,1.5360000000000014,0,正常
2024-01-08 07:40:00,1,3.9599999999999795,0,正常
2024-01-08 07:50:00,1,0.5159999999999911,0,正常
2024-01-08 08:00:00,1,0.4619999999999891,0,正常
2024-01-08 08:10:00,1,0.7080000000000553,0,正常
2024-01-08 08:20:00,1,3.70799999999997,0,正常
2024-01-08 08:30:00,1,0.9059999999999775,0,正常
2024-01-08 08:40:00,1,0.9120000000000061,0,正常
2024-01-08 08:50:00,1,0.5040000000000191,0,正常
2024-01-08 09:00:00,1,3.3299999999999557,0,正常
2024-01-08 09:10:00,1,0.20400000000003615,0,正常
2024-01-08 09:20:00,1,4.337999999999994,0,正常
2024-01-08 09:30:00,1,1.103999999999985,0,正常
2024-01-08 09:40:00,1,2.1660000000000252,0,正常
2024-01-08 09:50:00,1,0.4019999999999584,0,正常
2024-01-08 10:00:00,1,0.6480000000000246,0,正常
2024-01-08 10:10:00,1,1.146000000000015,0,正常
2024-01-08 10:20:00,1,3.2939999999999543,0,正常
2024-01-08 10:30:00,1,0.27000000000001023,0,正常
2024-01-08 10:40:00,1,0.3660000000000423,0,正常
2024-01-08 10:50:00,1,1.1280000000000143,0,正常
2024-01-08 11:00:00,1,1.6139999999999475,0,正常
2024-01-08 11:10:00,1,3.695999999999998,0,正常
2024-01-08 11:20:00,1,1.2360000000000184,0,正常
2024-01-08 11:30:00,1,0.1500000000000341,0,正常
2024-01-08 11:40:00,1,2.8259999999999366,0,正常
2024-01-08 11:50:00,1,0.14400000000000546,0,正常
2024-01-08 12:00:00,1,0.396000000000015,0,正常
2024-01-08 12:10:00,1,0.3060000000000116,0,正常
2024-01-08 12:20:00,1,0.006000000000028649,0,正常
2024-01-08 12:30:00,1,4.085999999999984,0,正常
2024-01-08 12:40:00,1,0.23999999999995225,0,正常
2024-01-08 12:50:00,1,0.02400000000002933,0,正常
2024-01-08 13:00:00,1,2.387999999999977,0,正常
2024-01-08 13:10:00,1,0.09000000000000341,0,正常
2024-01-08 13:20:00,1,4.134000000000043,0,正常
2024-01-08 13:30:00,1,0.14999999999994884,0,正常
2024-01-08 13:40:00,1,3.162000000000006,0,正常
2024-01-08 13:50:00,1,0.4080000000000723,0,正常
2024-01-08 14:00:00,1,1.4879999999999427,0,正常
2024-01-08 14:10:00,1,0.8400000000000034,0,正常
2024-01-08 14:20:00,1,0.2580000000000382,0,正常
2024-01-08 14:30:00,1,0.0959999999999468,0,正常
2024-01-08 14:40:00,1,1.8120000000000402,0,正常
2024-01-08 14:50:00,1,1.2720000000000198,0,正常
2024-01-08 15:00:00,1,2.8559999999999945,0,正常
2024-01-08 15:10:00,1,0.4199999999999591,0,正常
2024-01-08 15:20:00,1,1.8899999999999864,0,正常
2024-01-08 15:30:00,1,1.3440000000000225,0,正常
2024-01-08 15:40:00,1,0.036000000000001364,0,正常
2024-01-08 15:50:00,1,1.2060000000000457,0,正常
2024-01-08 16:00:00,1,3.2099999999999795,0,正常
2024-01-08 16:10:00,1,1.1219999999999857,0,正常
2024-01-08 16:20:00,1,1.1219999999999857,0,正常
2024-01-08 16:30:00,1,0.29999999999998295,0,正常
2024-01-08 16:40:00,1,2.2080000000000553,0,正常
2024-01-08 16:50:00,1,2.2019999999999413,0,正常
2024-01-08 17:00:00,1,2.346000000000032,0,正常
2024-01-08 17:10:00,1,1.7099999999999795,0,正常
2024-01-08 17:20:00,1,0.3719999999999857,0,正常
2024-01-08 17:30:00,1,0.5820000000000505,0,正常
2024-01-08 17:40:00,1,0.9120000000000061,0,正常
2024-01-08 17:50:00,1,0.9179999999999495,0,正常
2024-01-08 18:00:00,1,0.6480000000000246,0,正常
2024-01-08 18:10:00,1,0.9360000000000355,0,正常
2024-01-08 18:20:00,1,0.9359999999999502,0,正常
2024-01-08 18:30:00,1,1.5060000000000286,0,正常
2024-01-08 18:40:00,1,3.70799999999997,0,正常
2024-01-08 18:50:00,1,0.6000000000000512,0,正常
2024-01-08 19:00:00,1,0.6059999999999945,0,正常
2024-01-08 19:10:00,1,0.1859999999999502,0,正常
2024-01-08 19:20:00,1,2.5740000000000123,0,正常
2024-01-08 19:30:00,1,1.6379999999999768,0,正常
2024-01-08 19:40:00,1,0.5400000000000205,0,正常
2024-01-08 19:50:00,1,1.6440000000000055,0,正常
2024-01-08 20:00:00,1,0.7200000000000273,0,正常
2024-01-08 20:10:00,1,0.1859999999999502,0,正常
2024-01-08 20:20:00,1,0.3240000000000123,0,正常
2024-01-08 20:30:00,1,1.5060000000000286,0,正常
2024-01-08 20:40:00,1,1.7520000000000095,0,正常
2024-01-08 20:50:00,1,0.4259999999999877,0,正常
2024-01-08 21:00:00,1,0.6120000000000232,0,正常
2024-01-08 21:10:00,1,1.7099999999999795,0,正常
2024-01-08 21:20:00,1,0.7139999999999986,0,正常
2024-01-08 21:30:00,1,0.5699999999999932,0,正常
2024-01-08 21:40:00,1,2.4900000000000375,0,正常
2024-01-08 21:50:00,1,0.8699999999999761,0,正常
2024-01-08 22:00:00,1,2.3940000000000055,0,正常
2024-01-08 22:10:00,1,0.365999999999957,0,正常
2024-01-08 22:20:00,1,3.191999999999979,0,正常
2024-01-08 22:30:00,1,2.3160000000000593,0,正常
2024-01-08 22:40:00,1,0.5639999999999645,0,正常
2024-01-08 22:50:00,1,0.43200000000001637,0,正常
2024-01-08 23:00:00,1,3.245999999999981,0,正常
2024-01-08 23:10:00,1,0.5339999999999918,0,正常
2024-01-08 23:20:00,1,1.391999999999996,0,正常
2024-01-08 23:30:00,1,0.79200000000003,0,正常
2024-01-08 23:40:00,1,0.5040000000000191,0,正常
2024-01-08 23:50:00,1,0.365999999999957,0,正常
2024-01-09 00:00:00,1,2.1900000000000546,0,正常
2024-01-09 00:10:00,1,0.1559999999999775,0,正常
2024-01-09 00:20:00,1,0.43799999999995975,0,正常
2024-01-09 00:30:00,1,1.7820000000000675,0,正常
2024-01-09 00:40:00,1,0.4499999999999318,0,正常
2024-01-09 00:50:00,1,0.43200000000001637,0,正常
2024-01-09 01:00:00,1,0.060000000000030695,0,正常
2024-01-09 01:10:00,1,6.953999999999951,0,正常
2024-01-09 01:20:00,1,0.3180000000000689,0,正常
2024-01-09 01:30:00,1,5.20799999999997,0,正常
2024-01-09 01:40:00,1,0.029999999999972715,0,正常
2024-01-09 01:50:00,1,0.9840000000000089,0,正常
2024-01-09 02:00:00,1,1.7400000000000375,0,正常
2024-01-09 02:10:00,1,0.1859999999999502,0,正常
2024-01-09 02:20:00,1,2.8739999999999952,0,正常
2024-01-09 02:30:00,1,0.9000000000000341,0,正常
2024-01-09 02:40:00,1,0.6899999999999693,0,正常
2024-01-09 02:50:00,1,1.038000000000011,0,正常
2024-01-09 03:00:00,1,1.596000000000032,0,正常
2024-01-09 03:10:00,1,0.16799999999994952,0,正常
2024-01-09 03:20:00,1,2.508000000000038,0,正常
2024-01-09 03:30:00,1,1.1519999999999584,0,正常
2024-01-09 03:40:00,1,0.3240000000000123,0,正常
2024-01-09 03:50:00,1,3.738000000000028,0,正常
2024-01-09 04:00:00,1,1.349999999999966,0,正常
2024-01-09 04:10:00,1,2.2860000000000014,0,正常
2024-01-09 04:20:00,1,1.445999999999998,0,正常
2024-01-09 04:30:00,1,0.396000000000015,0,正常
2024-01-09 04:40:00,1,0.6599999999999966,0,正常
2024-01-09 04:50:00,1,0.83400000000006,0,正常
2024-01-09 05:00:00,1,2.1059999999999945,0,正常
2024-01-09 05:10:00,1,0.75,0,正常
2024-01-09 05:20:00,1,1.3079999999999359,0,正常
2024-01-09 05:30:00,1,0.5460000000000491,0,正常
2024-01-09 05:40:00,1,2.862000000000023,0,正常
2024-01-09 05:50:00,1,0.2039999999999509,0,正常
2024-01-09 06:00:00,1,0.70799999999997,0,正常
2024-01-09 06:10:00,1,1.5900000000000034,0,正常
2024-01-09 06:20:00,1,0.9480000000000075,0,正常
2024-01-09 06:30:00,1,0.9540000000000362,0,正常
2024-01-09 06:40:00,1,2.069999999999993,0,正常
2024-01-09 06:50:00,1,0.8220000000000027,0,正常
2024-01-09 07:00:00,1,0.20400000000003615,0,正常
2024-01-09 07:10:00,1,1.8479999999999563,0,正常
2024-01-09 07:20:00,1,0.20400000000003615,0,正常
2024-01-09 07:30:00,1,2.8019999999999925,0,正常
2024-01-09 07:40:00,1,0.5579999999999359,0,正常
2024-01-09 07:50:00,1,0.3780000000000143,0,正常
2024-01-09 08:00:00,1,0.695999999999998,0,正常
2024-01-09 08:10:00,1,0.738000000000028,0,正常
2024-01-09 08:20:00,1,1.745999999999981,0,正常
2024-01-09 08:30:00,1,4.080000000000041,0,正常
2024-01-09 08:40:00,1,1.4819999999999993,0,正常
2024-01-09 08:50:00,1,0.6239999999999952,0,正常
2024-01-09 09:00:00,1,0.6719999999999686,0,正常
2024-01-09 09:10:00,1,0.6660000000000252,0,正常
2024-01-09 09:20:00,1,0.5459999999999638,0,正常
2024-01-09 09:30:00,1,1.2659999999999911,0,正常
2024-01-09 09:40:00,1,0.45000000000001705,0,正常
2024-01-09 09:50:00,1,1.6800000000000068,0,正常
2024-01-09 10:00:00,1,1.45799999999997,0,正常
2024-01-09 10:10:00,1,3.60600000000008,0,正常
2024-01-09 10:20:00,1,0.311999999999955,0,正常
2024-01-09 10:30:00,1,1.4399999999999693,0,正常
2024-01-09 10:40:00,1,0.24600000000006617,0,正常
2024-01-09 10:50:00,1,0.09000000000000341,0,正常
2024-01-09 11:00:00,1,1.9919999999999618,0,正常
2024-01-09 11:10:00,1,2.0100000000000477,0,正常
2024-01-09 11:20:00,1,2.3339999999999748,0,正常
2024-01-09 11:30:00,1,0.04199999999994475,0,正常
2024-01-09 11:40:00,1,0.3060000000000116,0,正常
2024-01-09 11:50:00,1,0.6540000000000532,0,正常
2024-01-09 12:00:00,1,0.31799999999998363,0,正常
2024-01-09 12:10:00,1,3.630000000000024,0,正常
2024-01-09 12:20:00,1,0.38999999999998636,0,正常
2024-01-09 12:30:00,1,0.4739999999999611,0,正常
2024-01-09 12:40:00,1,0.40200000000004366,0,正常
2024-01-09 12:50:00,1,0.5039999999999338,0,正常
2024-01-09 13:00:00,1,0.4140000000000157,0,正常
2024-01-09 13:10:00,1,3.7020000000000266,0,正常
2024-01-09 13:20:00,1,0.5580000000000211,0,正常
2024-01-09 13:30:00,1,0.029999999999972715,0,正常
2024-01-09 13:40:00,1,0.5339999999999918,0,正常
2024-01-09 13:50:00,1,0.7740000000000293,0,正常
2024-01-09 14:00:00,1,1.8839999999999577,0,正常
2024-01-09 14:10:00,1,0.5400000000000205,0,正常
2024-01-09 14:20:00,1,0.18000000000000682,0,正常
2024-01-09 14:30:00,1,1.6379999999999768,0,正常
2024-01-09 14:40:00,1,0.29999999999998295,0,正常
2024-01-09 14:50:00,1,0.22200000000003683,0,正常
2024-01-09 15:00:00,1,2.945999999999998,0,正常
2024-01-09 15:10:00,1,0.08399999999997476,0,正常
2024-01-09 15:20:00,1,0.23400000000000887,0,正常
2024-01-09 15:30:00,1,2.1660000000000252,0,正常
2024-01-09 15:40:00,1,0.4259999999999877,0,正常
2024-01-09 15:50:00,1,2.472000000000037,0,正常
2024-01-09 16:00:00,1,0.9059999999999775,0,正常
2024-01-09 16:10:00,1,3.2939999999999543,0,正常
2024-01-09 16:20:00,1,0.07800000000003138,0,正常
2024-01-09 16:30:00,1,1.6379999999999768,0,正常
2024-01-09 16:40:00,1,0.7860000000000014,0,正常
2024-01-09 16:50:00,1,1.2720000000000198,0,正常
2024-01-09 17:00:00,1,1.211999999999989,0,正常
2024-01-09 17:10:00,1,1.7940000000000396,0,正常
2024-01-09 17:20:00,1,0.27000000000001023,0,正常
2024-01-09 17:30:00,1,2.0519999999999925,0,正常
2024-01-09 17:40:00,1,0.8400000000000034,0,正常
2024-01-09 17:50:00,1,0.04199999999994475,0,正常
2024-01-09 18:00:00,1,1.3860000000000525,0,正常
2024-01-09 18:10:00,1,1.4099999999999966,0,正常
2024-01-09 18:20:00,1,0.7860000000000014,0,正常
2024-01-09 18:30:00,1,0.5819999999999652,0,正常
2024-01-09 18:40:00,1,0.8580000000000041,0,正常
2024-01-09 18:50:00,1,3.450000000000017,0,正常
2024-01-09 19:00:00,1,0.20400000000003615,0,正常
2024-01-09 19:10:00,1,1.6079999999999188,0,正常
2024-01-09 19:20:00,1,0.4560000000000457,0,正常
2024-01-09 19:30:00,1,1.853999999999985,0,正常
2024-01-09 19:40:00,1,0.9059999999999775,0,正常
2024-01-09 19:50:00,1,2.02200000000002,0,正常
2024-01-09 20:00:00,1,0.2459999999999809,0,正常
2024-01-09 20:10:00,1,0.8640000000000327,0,正常
2024-01-09 20:20:00,1,0.07200000000000273,0,正常
2024-01-09 20:30:00,1,1.9979999999999905,0,正常
2024-01-09 20:40:00,1,1.7940000000000396,0,正常
2024-01-09 20:50:00,1,0.804000000000002,0,正常
2024-01-09 21:00:00,1,0.19799999999992224,0,正常
2024-01-09 21:10:00,1,1.842000000000013,0,正常
2024-01-09 21:20:00,1,1.3379999999999939,0,正常
2024-01-09 21:30:00,1,0.16200000000000614,0,正常
2024-01-09 21:40:00,1,2.1599999999999966,0,正常
2024-01-09 21:50:00,1,0.3240000000000123,0,正常
2024-01-09 22:00:00,1,0.49799999999999045,0,正常
2024-01-09 22:10:00,1,1.3800000000000239,0,正常
2024-01-09 22:20:00,1,0.8699999999999761,0,正常
2024-01-09 22:30:00,1,0.29400000000003956,0,正常
2024-01-09 22:40:00,1,2.4599999999999795,0,正常
2024-01-09 22:50:00,1,1.907999999999987,0,正常
2024-01-09 23:00:00,1,1.038000000000011,0,正常
2024-01-09 23:10:00,1,0.79200000000003,0,正常
2024-01-09 23:20:00,1,1.8240000000000123,0,正常
2024-01-09 23:30:00,1,0.018000000000000682,0,正常
2024-01-09 23:40:00,1,0.7139999999999986,0,正常
2024-01-09 23:50:00,1,0.7680000000000007,0,正常
2024-01-10 00:00:00,1,1.127999999999929,0,正常
2024-01-10 00:10:00,1,1.3440000000000225,0,正常
2024-01-10 00:20:00,1,0.43200000000001637,0,正常
2024-01-10 00:30:00,1,3.545999999999964,0,正常
2024-01-10 00:40:00,1,2.3820000000000334,0,正常
2024-01-10 00:50:00,1,0.4919999999999618,0,正常
2024-01-10 01:00:00,1,0.6480000000000246,0,正常
2024-01-10 01:10:00,1,1.5120000000000573,0,正常
2024-01-10 01:20:00,1,0.04199999999994475,0,正常
2024-01-10 01:30:00,1,0.47999999999998977,0,正常
2024-01-10 01:40:00,1,1.5240000000000293,0,正常
2024-01-10 01:50:00,1,1.1820000000000164,0,正常
2024-01-10 02:00:00,1,1.0859999999999843,0,正常
2024-01-10 02:10:00,1,0.8519999999999754,0,正常
2024-01-10 02:20:00,1,2.2680000000000007,0,正常
2024-01-10 02:30:00,1,0.09000000000000341,0,正常
2024-01-10 02:40:00,1,1.0560000000000116,0,正常
2024-01-10 02:50:00,1,0.8280000000000314,0,正常
2024-01-10 03:00:00,1,0.04199999999994475,0,正常
2024-01-10 03:10:00,1,1.3680000000000518,0,正常
2024-01-10 03:20:00,1,0.2039999999999509,0,正常
2024-01-10 03:30:00,1,0.9660000000000082,0,正常
2024-01-10 03:40:00,1,1.4520000000000266,0,正常
2024-01-10 03:50:00,1,0.16200000000000614,0,正常
2024-01-10 04:00:00,1,0.023999999999944066,0,正常
2024-01-10 04:10:00,1,1.3800000000000239,0,正常
2024-01-10 04:20:00,1,0.7560000000000286,0,正常
2024-01-10 04:30:00,1,0.0959999999999468,0,正常
2024-01-10 04:40:00,1,0.16200000000000614,0,正常
2024-01-10 04:50:00,1,0.9360000000000355,0,正常
2024-01-10 05:00:00,1,0.8159999999999741,0,正常
2024-01-10 05:10:00,1,1.2659999999999911,0,正常
2024-01-10 05:20:00,1,1.7580000000000382,0,正常
2024-01-10 05:30:00,1,0.9599999999999795,0,正常
2024-01-10 05:40:00,1,0.07200000000000273,0,正常
2024-01-10 05:50:00,1,0.3719999999999857,0,正常
2024-01-10 06:00:00,1,0.8220000000000027,0,正常
2024-01-10 06:10:00,1,1.0859999999999843,0,正常
2024-01-10 06:20:00,1,2.0400000000000205,0,正常
2024-01-10 06:30:00,1,0.5040000000000191,0,正常
2024-01-10 06:40:00,1,1.6440000000000055,0,正常
2024-01-10 06:50:00,1,1.3080000000000211,0,正常
2024-01-10 07:00:00,1,0.3780000000000143,0,正常
2024-01-10 07:10:00,1,0.5879999999999939,0,正常
2024-01-10 07:20:00,1,0.08399999999997476,0,正常
2024-01-10 07:30:00,1,1.3379999999999939,0,正常
2024-01-10 07:40:00,1,1.9259999999999877,0,正常
2024-01-10 07:50:00,1,0.0479999999999734,0,正常
2024-01-10 08:00:00,1,0.396000000000015,0,正常
2024-01-10 08:10:00,1,0.40200000000004366,0,正常
2024-01-10 08:20:00,1,0.4259999999999877,0,正常
2024-01-10 08:30:00,1,3.353999999999985,0,正常
2024-01-10 08:40:00,1,1.8120000000000402,0,正常
2024-01-10 08:50:00,1,0.9419999999999789,0,正常
2024-01-10 09:00:00,1,0.06599999999997408,0,正常
2024-01-10 09:10:00,1,0.8580000000000041,0,正常
2024-01-10 09:20:00,1,0.036000000000001364,0,正常
2024-01-10 09:30:00,1,0.49799999999999045,0,正常
2024-01-10 09:40:00,1,2.29200000000003,0,正常
2024-01-10 09:50:00,1,1.3679999999999666,0,正常
2024-01-10 10:00:00,1,0.804000000000002,0,正常
2024-01-10 10:10:00,1,0.22799999999998022,0,正常
2024-01-10 10:20:00,1,1.2360000000000184,0,正常
2024-01-10 10:30:00,1,0.5820000000000505,0,正常
2024-01-10 10:40:00,1,1.0979999999999563,0,正常
2024-01-10 10:50:00,1,1.1100000000000136,0,正常
2024-01-10 11:00:00,1,0.19799999999992224,0,正常
2024-01-10 11:10:00,1,0.9600000000001501,0,正常
2024-01-10 11:20:00,1,1.1879999999998745,0,正常
2024-01-10 11:30:00,1,0.3420000000000982,0,正常
2024-01-10 11:40:00,1,0.15599999999989222,0,正常
2024-01-10 11:50:00,1,1.0560000000000969,0,正常
2024-01-10 12:00:00,1,1.565999999999974,0,正常
2024-01-10 12:10:00,1,0.3240000000000123,0,正常
2024-01-10 12:20:00,1,1.2359999999999332,0,正常
2024-01-10 12:30:00,1,0.44400000000007367,0,正常
2024-01-10 12:40:00,1,0.8339999999998895,0,正常
2024-01-10 12:50:00,1,2.466000000000008,0,正常
2024-01-10 13:00:00,1,0.06000000000011596,0,正常
2024-01-10 13:10:00,1,0.1379999999999768,0,正常
2024-01-10 13:20:00,1,0.49799999999999045,0,正常
2024-01-10 13:30:00,1,1.4700000000000273,0,正常
2024-01-10 13:40:00,1,0.6959999999999127,0,正常
2024-01-10 13:50:00,1,0.3480000000001269,0,正常
2024-01-10 14:00:00,1,1.1819999999998458,0,正常
2024-01-10 14:10:00,1,0.7020000000001119,0,正常
2024-01-10 14:20:00,1,0.5639999999999645,0,正常
2024-01-10 14:30:00,1,1.2779999999999632,0,正常
2024-01-10 14:40:00,1,0.5880000000000791,0,正常
2024-01-10 14:50:00,1,0.23999999999995225,0,正常
2024-01-10 15:00:00,1,3.264000000000067,0,正常
2024-01-10 15:10:00,1,0.8759999999999195,0,正常
2024-01-10 15:20:00,1,0.17399999999997817,0,正常
2024-01-10 15:30:00,1,0.8940000000000055,0,正常
2024-01-10 15:40:00,1,0.48000000000007503,0,正常
2024-01-10 15:50:00,1,0.8759999999999195,0,正常
2024-01-10 16:00:00,1,0.8220000000000027,0,正常
2024-01-10 16:10:00,1,0.018000000000085947,0,正常
2024-01-10 16:20:00,1,6.41399999999993,0,正常
2024-01-10 16:30:00,1,2.6940000000000737,0,正常
2024-01-10 16:40:00,1,1.0259999999999536,0,正常
2024-01-10 16:50:00,1,0.15600000000006276,0,正常
2024-01-10 17:00:00,1,1.5,0,正常
2024-01-10 17:10:00,1,0.7199999999998568,0,正常
2024-01-10 17:20:00,1,0.5699999999999932,0,正常
2024-01-10 17:30:00,1,1.2120000000001596,0,正常
2024-01-10 17:40:00,1,0.20999999999997954,0,正常
2024-01-10 17:50:00,1,1.8659999999998718,0,正常
2024-01-10 18:00:00,1,2.064000000000135,0,正常
2024-01-10 18:10:00,1,2.693999999999903,0,正常
2024-01-10 18:20:00,1,0.029999999999972715,0,正常
2024-01-10 18:30:00,1,2.4480000000000928,0,正常
2024-01-10 18:40:00,1,1.4700000000000273,0,正常
2024-01-10 18:50:00,1,0.4619999999999891,0,正常
2024-01-10 19:00:00,1,1.7099999999999795,0,正常
2024-01-10 19:10:00,1,0.3839999999999577,0,正常
2024-01-10 19:20:00,1,0.396000000000015,0,正常
2024-01-10 19:30:00,1,0.3839999999999577,0,正常
2024-01-10 19:40:00,1,0.20400000000012142,0,正常
2024-01-10 19:50:00,1,1.1099999999998431,0,正常
2024-01-10 20:00:00,1,1.956000000000131,0,正常
2024-01-10 20:10:00,1,0.8159999999999741,0,正常
2024-01-10 20:20:00,1,0.46800000000001774,0,正常
2024-01-10 20:30:00,1,1.7399999999999523,0,正常
2024-01-10 20:40:00,1,0.023999999999944066,0,正常
2024-01-10 20:50:00,1,0.05400000000008731,0,正常
2024-01-10 21:00:00,1,0.48599999999993315,0,正常
2024-01-10 21:10:00,1,0.4919999999999618,0,正常
2024-01-10 21:20:00,1,0.768000000000086,0,正常
2024-01-10 21:30:00,1,1.6560000000000628,0,正常
2024-01-10 21:40:00,1,0.11399999999986221,0,正常
2024-01-10 21:50:00,1,0.6600000000000819,0,正常
2024-01-10 22:00:00,1,0.08999999999991815,0,正常
2024-01-10 22:10:00,1,0.41400000000010095,0,正常
2024-01-10 22:20:00,1,1.1579999999999018,0,正常
2024-01-10 22:30:00,1,0.8400000000000887,0,正常
2024-01-10 22:40:00,1,0.9419999999998936,0,正常
2024-01-10 22:50:00,1,1.2240000000000464,0,正常
2024-01-10 23:00:00,1,1.6980000000000928,0,正常
2024-01-10 23:10:00,1,0.5519999999999072,0,正常
2024-01-10 23:20:00,1,0.7740000000001146,0,正常
2024-01-10 23:30:00,1,1.3859999999999673,0,正常
2024-01-10 23:40:00,1,1.2839999999999918,0,正常
2024-01-10 23:50:00,1,2.9279999999999973,0,正常
2024-01-11 00:00:00,1,0.029999999999972715,0,正常
2024-01-11 00:10:00,1,1.0979999999999563,0,正常
2024-01-11 00:20:00,1,1.0259999999999536,0,正常
2024-01-11 00:30:00,1,0.3480000000001269,0,正常
2024-01-11 00:40:00,1,2.3099999999999454,0,正常
2024-01-11 00:50:00,1,0.12000000000006139,0,正常
2024-01-11 01:00:00,1,1.4939999999999714,0,正常
2024-01-11 01:10:00,1,0.20999999999997954,0,正常
2024-01-11 01:20:00,1,0.26400000000006685,0,正常
2024-01-11 01:30:00,1,0.0839999999998895,0,正常
2024-01-11 01:40:00,1,1.0020000000000095,0,正常
2024-01-11 01:50:00,1,2.4780000000000655,0,正常
2024-01-11 02:00:00,1,0.9720000000000368,0,正常
2024-01-11 02:10:00,1,0.15599999999989222,0,正常
2024-01-11 02:20:00,1,0.75,0,正常
2024-01-11 02:30:00,1,0.23400000000009413,0,正常
2024-01-11 02:40:00,1,1.2419999999999618,0,正常
2024-01-11 02:50:00,1,0.9360000000000355,0,正常
2024-01-11 03:00:00,1,0.9239999999999782,0,正常
2024-01-11 03:10:00,1,0.5100000000000477,0,正常
2024-01-11 03:20:00,1,0.8879999999999768,0,正常
2024-01-11 03:30:00,1,0.20999999999997954,0,正常
2024-01-11 03:40:00,1,0.5760000000000218,0,正常
2024-01-11 03:50:00,1,0.689999999999884,0,正常
2024-01-11 04:00:00,1,0.4500000000001023,0,正常
2024-01-11 04:10:00,1,2.1599999999999113,0,正常
2024-01-11 04:20:00,1,0.22800000000006548,0,正常
2024-01-11 04:30:00,1,1.3980000000000246,0,正常
2024-01-11 04:40:00,1,0.6480000000000246,0,正常
2024-01-11 04:50:00,1,0.22799999999989495,0,正常
2024-01-11 05:00:00,1,0.6540000000000532,0,正常
2024-01-11 05:10:00,1,0.5100000000000477,0,正常
2024-01-11 05:20:00,1,1.146000000000015,0,正常
2024-01-11 05:30:00,1,1.0379999999998404,0,正常
2024-01-11 05:40:00,1,0.8700000000000614,0,正常
2024-01-11 05:50:00,1,2.33400000000006,0,正常
2024-01-11 06:00:00,1,0.4079999999999018,0,正常
2024-01-11 06:10:00,1,0.7200000000000273,0,正常
2024-01-11 06:20:00,1,0.09000000000008868,0,正常
2024-01-11 06:30:00,1,1.0740000000000123,0,正常
2024-01-11 06:40:00,1,0.04799999999988813,0,正常
2024-01-11 06:50:00,1,1.434000000000026,0,正常
2024-01-11 07:00:00,1,0.4080000000000723,0,正常
2024-01-11 07:10:00,1,2.5559999999999263,0,正常
2024-01-11 07:20:00,1,1.3680000000000518,0,正常
2024-01-11 07:30:00,1,0.05999999999994543,0,正常
2024-01-11 07:40:00,1,2.1240000000000805,0,正常
2024-01-11 07:50:00,1,0.8339999999998895,0,正常
2024-01-11 08:00:00,1,2.472000000000037,0,正常
2024-01-11 08:10:00,1,0.20999999999997954,0,正常
2024-01-11 08:20:00,1,0.5040000000000191,0,正常
2024-01-11 08:30:00,1,0.8220000000000027,0,正常
2024-01-11 08:40:00,1,3.5820000000000505,0,正常
2024-01-11 08:50:00,1,0.11400000000003274,0,正常
2024-01-11 09:00:00,1,1.5959999999999468,0,正常
2024-01-11 09:10:00,1,0.36000000000001364,0,正常
2024-01-11 09:20:00,1,0.37799999999992906,0,正常
2024-01-11 09:30:00,1,2.5259999999999536,0,正常
2024-01-11 09:40:00,1,0.07200000000000273,0,正常
2024-01-11 09:50:00,1,4.272000000000105,0,正常
2024-01-11 10:00:00,1,0.04200000000003001,0,正常
2024-01-11 10:10:00,1,0.9419999999998936,0,正常
2024-01-11 10:20:00,1,0.5880000000000791,0,正常
2024-01-11 10:30:00,1,0.5639999999999645,0,正常
2024-01-11 10:40:00,1,3.7439999999999714,0,正常
2024-01-11 10:50:00,1,0.04800000000005866,0,正常
2024-01-11 11:00:00,1,0.0,0,正常
2024-01-11 11:10:00,1,0.26999999999992497,0,正常
2024-01-11 11:20:00,1,0.41400000000010095,0,正常
2024-01-11 11:30:00,1,0.79200000000003,0,正常
2024-01-11 11:40:00,1,0.7860000000000014,0,正常
2024-01-11 11:50:00,1,1.2479999999999905,0,正常
2024-01-11 12:00:00,1,0.2759999999999536,0,正常
2024-01-11 12:10:00,1,6.612000000000023,0,正常
2024-01-11 12:20:00,1,2.411999999999921,0,正常
2024-01-11 12:30:00,1,0.7020000000001119,0,正常
2024-01-11 12:40:00,1,0.2339999999999236,0,正常
2024-01-11 12:50:00,1,0.5760000000000218,0,正常
2024-01-11 13:00:00,1,3.216000000000008,0,正常
2024-01-11 13:10:00,1,1.1999999999999318,0,正常
2024-01-11 13:20:00,1,0.46800000000001774,0,正常
2024-01-11 13:30:00,1,0.06599999999997408,0,正常
2024-01-11 13:40:00,1,1.62600000000009,0,正常
2024-01-11 13:50:00,1,1.5119999999998868,0,正常
2024-01-11 14:00:00,1,1.9080000000000723,0,正常
2024-01-11 14:10:00,1,0.7200000000000273,0,正常
2024-01-11 14:20:00,1,0.66599999999994,0,正常
2024-01-11 14:30:00,1,0.6779999999999973,0,正常
2024-01-11 14:40:00,1,1.3260000000000218,0,正常
2024-01-11 14:50:00,1,0.396000000000015,0,正常
2024-01-11 15:00:00,1,3.66599999999994,0,正常
2024-01-11 15:10:00,1,0.41400000000010095,0,正常
2024-01-11 15:20:00,1,1.5599999999999454,0,正常
2024-01-11 15:30:00,1,0.006000000000028649,0,正常
2024-01-11 15:40:00,1,2.981999999999914,0,正常
2024-01-11 15:50:00,1,0.3360000000000696,0,正常
2024-01-11 16:00:00,1,0.5400000000000205,0,正常
2024-01-11 16:10:00,1,1.1579999999999018,0,正常
2024-01-11 16:20:00,1,0.09600000000011732,0,正常
2024-01-11 16:30:00,1,0.9839999999999236,0,正常
2024-01-11 16:40:00,1,0.18000000000000682,0,正常
2024-01-11 16:50:00,1,1.103999999999985,0,正常
2024-01-11 17:00:00,1,0.5820000000000505,0,正常
2024-01-11 17:10:00,1,2.2980000000000587,0,正常
2024-01-11 17:20:00,1,0.21600000000000819,0,正常
2024-01-11 17:30:00,1,2.4059999999998922,0,正常
2024-01-11 17:40:00,1,0.46800000000001774,0,正常
2024-01-11 17:50:00,1,1.1399999999999864,0,正常
2024-01-11 18:00:00,1,1.122000000000071,0,正常
2024-01-11 18:10:00,1,0.8459999999999468,0,正常
2024-01-11 18:20:00,1,3.449999999999932,0,正常
2024-01-11 18:30:00,1,1.5120000000000573,0,正常
2024-01-11 18:40:00,1,2.2980000000000587,0,正常
2024-01-11 18:50:00,1,1.2900000000000205,0,正常
2024-01-11 19:00:00,1,0.9300000000000068,0,正常
2024-01-11 19:10:00,1,1.8059999999999263,0,正常
2024-01-11 19:20:00,1,1.0979999999999563,0,正常
2024-01-11 19:30:00,1,1.103999999999985,0,正常
2024-01-11 19:40:00,1,2.4360000000000355,0,正常
2024-01-11 19:50:00,1,0.7320000000000846,0,正常
2024-01-11 20:00:00,1,0.8099999999999454,0,正常
2024-01-11 20:10:00,1,0.4499999999999318,0,正常
2024-01-11 20:20:00,1,2.891999999999996,0,正常
2024-01-11 20:30:00,1,0.7800000000001432,0,正常
2024-01-11 20:40:00,1,0.1259999999999195,0,正常
2024-01-11 20:50:00,1,2.8980000000000246,0,正常
2024-01-11 21:00:00,1,0.9839999999999236,0,正常
2024-01-11 21:10:00,1,0.10800000000000409,0,正常
2024-01-11 21:20:00,1,1.2479999999999905,0,正常
2024-01-11 21:30:00,1,0.396000000000015,0,正常
2024-01-11 21:40:00,1,1.6620000000000914,0,正常
2024-01-11 21:50:00,1,0.14400000000000546,0,正常
2024-01-11 22:00:00,1,1.9680000000000177,0,正常
2024-01-11 22:10:00,1,1.793999999999869,0,正常
2024-01-11 22:20:00,1,1.6980000000000928,0,正常
2024-01-11 22:30:00,1,1.9079999999999018,0,正常
2024-01-11 22:40:00,1,1.1940000000000737,0,正常
2024-01-11 22:50:00,1,1.5,0,正常
2024-01-11 23:00:00,1,0.22200000000003683,0,正常
2024-01-11 23:10:00,1,0.6959999999999127,0,正常
2024-01-11 23:20:00,1,2.508000000000038,0,正常
2024-01-11 23:30:00,1,1.6739999999999782,0,正常
2024-01-11 23:40:00,1,1.58400000000006,0,正常
2024-01-11 23:50:00,1,0.07800000000003138,0,正常
2024-01-12 00:00:00,1,1.6499999999998636,0,正常
2024-01-12 00:10:00,1,2.819999999999993,0,正常
2024-01-12 00:20:00,1,0.07200000000000273,0,正常
2024-01-12 00:30:00,1,3.768000000000086,0,正常
2024-01-12 00:40:00,1,0.2580000000000382,0,正常
2024-01-12 00:50:00,1,3.533999999999992,0,正常
2024-01-12 01:00:00,1,0.2459999999999809,0,正常
2024-01-12 01:10:00,1,1.9859999999999332,0,正常
2024-01-12 01:20:00,1,0.17399999999997817,0,正常
2024-01-12 01:30:00,1,2.7900000000000205,0,正常
2024-01-12 01:40:00,1,0.3660000000000423,0,正常
2024-01-12 01:50:00,1,0.06599999999997408,0,正常
2024-01-12 02:00:00,1,3.438000000000045,0,正常
2024-01-12 02:10:00,1,0.7679999999999154,0,正常
2024-01-12 02:20:00,1,1.1760000000001583,0,正常
2024-01-12 02:30:00,1,0.28199999999998226,0,正常
2024-01-12 02:40:00,1,0.06599999999997408,0,正常
2024-01-12 02:50:00,1,0.17399999999997817,0,正常
2024-01-12 03:00:00,1,0.20999999999997954,0,正常
2024-01-12 03:10:00,1,0.10199999999997544,0,正常
2024-01-12 03:20:00,1,2.0940000000001078,0,正常
2024-01-12 03:30:00,1,1.5899999999999181,0,正常
2024-01-12 03:40:00,1,6.137999999999977,0,正常
2024-01-12 03:50:00,1,2.112000000000023,0,正常
2024-01-12 04:00:00,1,0.9599999999999795,0,正常
2024-01-12 04:10:00,1,1.9559999999999604,0,正常
2024-01-12 04:20:00,1,4.122000000000071,0,正常
2024-01-12 04:30:00,1,0.5519999999999072,0,正常
2024-01-12 04:40:00,1,0.6300000000001091,0,正常
2024-01-12 04:50:00,1,1.6919999999998936,0,正常
2024-01-12 05:00:00,1,1.3620000000000232,0,正常
2024-01-12 05:10:00,1,1.0860000000000696,0,正常
2024-01-12 05:20:00,1,2.754000000000019,0,正常
2024-01-12 05:30:00,1,1.7639999999998963,0,正常
2024-01-12 05:40:00,1,0.40200000000004366,0,正常
2024-01-12 05:50:00,1,1.3440000000001078,0,正常
2024-01-12 06:00:00,1,0.1919999999998936,0,正常
2024-01-12 06:10:00,1,1.0560000000000969,0,正常
2024-01-12 06:20:00,1,2.2259999999998854,0,正常
2024-01-12 06:30:00,1,0.6059999999999945,0,正常
2024-01-12 06:40:00,1,2.6280000000000996,0,正常
2024-01-12 06:50:00,1,0.011999999999886768,0,正常
2024-01-12 07:00:00,1,0.04800000000005866,0,正常
2024-01-12 07:10:00,1,4.79400000000004,0,正常
2024-01-12 07:20:00,1,2.8980000000000246,0,正常
2024-01-12 07:30:00,1,1.4699999999998568,0,正常
2024-01-12 07:40:00,1,0.7320000000000846,0,正常
2024-01-12 07:50:00,1,0.5400000000000205,0,正常
2024-01-12 08:00:00,1,1.2359999999999332,0,正常
2024-01-12 08:10:00,1,1.3320000000000505,0,正常
2024-01-12 08:20:00,1,0.38999999999998636,0,正常
2024-01-12 08:30:00,1,0.8819999999999482,0,正常
2024-01-12 08:40:00,1,1.1280000000000996,0,正常
2024-01-12 08:50:00,1,0.5159999999999059,0,正常
2024-01-12 09:00:00,1,1.565999999999974,0,正常
2024-01-12 09:10:00,1,0.18000000000000682,0,正常
2024-01-12 09:20:00,1,0.9480000000000928,0,正常
2024-01-12 09:30:00,1,1.061999999999955,0,正常
2024-01-12 09:40:00,1,3.245999999999981,0,正常
2024-01-12 09:50:00,1,0.5520000000000778,0,正常
2024-01-12 10:00:00,1,0.46800000000001774,0,正常
2024-01-12 10:10:00,1,0.9179999999999495,0,正常
2024-01-12 10:20:00,1,0.7200000000000273,0,正常
2024-01-12 10:30:00,1,2.3940000000000055,0,正常
2024-01-12 10:40:00,1,0.6719999999999686,0,正常
2024-01-12 10:50:00,1,1.0679999999999836,0,正常
2024-01-12 11:00:00,1,2.6100000000000136,0,正常
2024-01-12 11:10:00,1,0.18000000000000682,0,正常
2024-01-12 11:20:00,1,1.2240000000000464,0,正常
2024-01-12 11:30:00,1,0.7679999999999154,0,正常
2024-01-12 11:40:00,1,0.5940000000001078,0,正常
2024-01-12 11:50:00,1,0.8999999999998636,0,正常
2024-01-12 12:00:00,1,1.103999999999985,0,正常
2024-01-12 12:10:00,1,1.1760000000001583,0,正常
2024-01-12 12:20:00,1,2.03999999999985,0,正常
2024-01-12 12:30:00,1,0.8040000000000873,0,正常
2024-01-12 12:40:00,1,0.16799999999994952,0,正常
2024-01-12 12:50:00,1,0.353999999999985,0,正常
2024-01-12 13:00:00,1,1.6019999999999754,0,正常
2024-01-12 13:10:00,1,2.0520000000000778,0,正常
2024-01-12 13:20:00,1,0.12000000000006139,0,正常
2024-01-12 13:30:00,1,2.057999999999936,0,正常
2024-01-12 13:40:00,1,0.07800000000003138,0,正常
2024-01-12 13:50:00,1,2.0639999999999645,0,正常
2024-01-12 14:00:00,1,5.70599999999996,0,正常
2024-01-12 14:10:00,1,0.7260000000000559,0,正常
2024-01-12 14:20:00,1,0.16799999999994952,0,正常
2024-01-12 14:30:00,1,2.9700000000000273,0,正常
2024-01-12 14:40:00,1,1.188000000000045,0,正常
2024-01-12 14:50:00,1,0.8519999999999754,0,正常
2024-01-12 15:00:00,1,0.26999999999992497,0,正常
2024-01-12 15:10:00,1,0.9959999999999809,0,正常
2024-01-12 15:20:00,1,0.6420000000001664,0,正常
2024-01-12 15:30:00,1,2.009999999999877,0,正常
2024-01-12 15:40:00,1,1.6440000000000055,0,正常
2024-01-12 15:50:00,1,1.1100000000000136,0,正常
2024-01-12 16:00:00,1,0.9000000000000341,0,正常
2024-01-12 16:10:00,1,0.04800000000005866,0,正常
2024-01-12 16:20:00,1,0.4619999999999891,0,正常
2024-01-12 16:30:00,1,0.58199999999988,0,正常
2024-01-12 16:40:00,1,0.438000000000045,0,正常
2024-01-12 16:50:00,1,1.8660000000000423,0,正常
2024-01-12 17:00:00,1,0.2999999999998977,0,正常
2024-01-12 17:10:00,1,0.12000000000006139,0,正常
2024-01-12 17:20:00,1,1.6980000000000928,0,正常
2024-01-12 17:30:00,1,0.1259999999999195,0,正常
2024-01-12 17:40:00,1,1.1160000000000423,0,正常
2024-01-12 17:50:00,1,0.1379999999999768,0,正常
2024-01-12 18:00:00,1,3.5100000000000477,0,正常
2024-01-12 18:10:00,1,0.5219999999999345,0,正常
2024-01-12 18:20:00,1,0.036000000000001364,0,正常
2024-01-12 18:30:00,1,0.5999999999999659,0,正常
2024-01-12 18:40:00,1,1.2900000000000205,0,正常
2024-01-12 18:50:00,1,0.6120000000000232,0,正常
2024-01-12 19:00:00,1,0.029999999999972715,0,正常
2024-01-12 19:10:00,1,1.9559999999999604,0,正常
2024-01-12 19:20:00,1,0.87600000000009,0,正常
2024-01-12 19:30:00,1,4.133999999999958,0,正常
2024-01-12 19:40:00,1,0.2339999999999236,0,正常
2024-01-12 19:50:00,1,0.9120000000000914,0,正常
2024-01-12 20:00:00,1,0.6540000000000532,0,正常
2024-01-12 20:10:00,1,1.3199999999999932,0,正常
2024-01-12 20:20:00,1,0.04799999999988813,0,正常
2024-01-12 20:30:00,1,1.164000000000101,0,正常
2024-01-12 20:40:00,1,0.8099999999999454,0,正常
2024-01-12 20:50:00,1,1.3320000000000505,0,正常
2024-01-12 21:00:00,1,0.34799999999995634,0,正常
2024-01-12 21:10:00,1,1.7580000000000382,0,正常
2024-01-12 21:20:00,1,0.5219999999999345,0,正常
2024-01-12 21:30:00,1,1.5780000000000314,0,正常
2024-01-12 21:40:00,1,1.4400000000000546,0,正常
2024-01-12 21:50:00,1,0.6120000000000232,0,正常
2024-01-12 22:00:00,1,0.9839999999999236,0,正常
2024-01-12 22:10:00,1,0.8819999999999482,0,正常
2024-01-12 22:20:00,1,0.9780000000000655,0,正常
2024-01-12 22:30:00,1,0.18600000000003547,0,正常
2024-01-12 22:40:00,1,0.7139999999999986,0,正常
2024-01-12 22:50:00,1,0.2339999999999236,0,正常
2024-01-12 23:00:00,1,1.5780000000000314,0,正常
2024-01-12 23:10:00,1,1.5179999999999154,0,正常
2024-01-12 23:20:00,1,0.9960000000001514,0,正常
2024-01-12 23:30:00,1,0.04799999999988813,0,正常
2024-01-12 23:40:00,1,1.2360000000001037,0,正常
2024-01-12 23:50:00,1,1.919999999999959,0,正常
2024-01-13 00:00:00,1,1.2719999999999345,0,正常
2024-01-13 00:10:00,1,0.9540000000001214,0,正常
2024-01-13 00:20:00,1,0.311999999999955,0,正常
2024-01-13 00:30:00,1,0.8879999999999768,0,正常
2024-01-13 00:40:00,1,0.7739999999999441,0,正常
2024-01-13 00:50:00,1,0.3660000000000423,0,正常
2024-01-13 01:00:00,1,0.22200000000003683,0,正常
2024-01-13 01:10:00,1,1.1399999999999864,0,正常
2024-01-13 01:20:00,1,0.7560000000000286,0,正常
2024-01-13 01:30:00,1,0.1379999999999768,0,正常
2024-01-13 01:40:00,1,0.9059999999998922,0,正常
2024-01-13 01:50:00,1,0.22200000000003683,0,正常
2024-01-13 02:00:00,1,0.036000000000001364,0,正常
2024-01-13 02:10:00,1,1.7640000000000668,0,正常
2024-01-13 02:20:00,1,1.0559999999999263,0,正常
2024-01-13 02:30:00,1,0.012000000000057298,0,正常
2024-01-13 02:40:00,1,1.169999999999959,0,正常
2024-01-13 02:50:00,1,0.22200000000003683,0,正常
2024-01-13 03:00:00,1,0.036000000000001364,0,正常
2024-01-13 03:10:00,1,0.38999999999998636,0,正常
2024-01-13 03:20:00,1,1.769999999999925,0,正常
2024-01-13 03:30:00,1,0.2880000000000109,0,正常
2024-01-13 03:40:00,1,0.7980000000000587,0,正常
2024-01-13 03:50:00,1,0.7019999999999413,0,正常
2024-01-13 04:00:00,1,0.2880000000000109,0,正常
2024-01-13 04:10:00,1,1.8840000000001282,0,正常
2024-01-13 04:20:00,1,1.5179999999999154,0,正常
2024-01-13 04:30:00,1,0.036000000000001364,0,正常
2024-01-13 04:40:00,1,0.4740000000000464,0,正常
2024-01-13 04:50:00,1,1.8719999999999004,0,正常
2024-01-13 05:00:00,1,1.188000000000045,0,正常
2024-01-13 05:10:00,1,0.23400000000009413,0,正常
2024-01-13 05:20:00,1,0.16199999999992087,0,正常
2024-01-13 05:30:00,1,0.75,0,正常
2024-01-13 05:40:00,1,0.4740000000000464,0,正常
2024-01-13 05:50:00,1,0.5159999999999059,0,正常
2024-01-13 06:00:00,1,0.5520000000000778,0,正常
2024-01-13 06:10:00,1,0.9179999999999495,0,正常
2024-01-13 06:20:00,1,0.36000000000001364,0,正常
2024-01-13 06:30:00,1,1.0259999999999536,0,正常
2024-01-13 06:40:00,1,0.24000000000012278,0,正常
2024-01-13 06:50:00,1,0.29399999999986903,0,正常
2024-01-13 07:00:00,1,1.1400000000001569,0,正常
2024-01-13 07:10:00,1,0.05399999999991678,0,正常
2024-01-13 07:20:00,1,0.7200000000000273,0,正常
2024-01-13 07:30:00,1,2.430000000000007,0,正常
2024-01-13 07:40:00,1,0.3300000000000409,0,正常
2024-01-13 07:50:00,1,0.3959999999998445,0,正常
2024-01-13 08:00:00,1,1.0260000000001241,0,正常
2024-01-13 08:10:00,1,2.423999999999978,0,正常
2024-01-13 08:20:00,1,1.0319999999999823,0,正常
2024-01-13 08:30:00,1,0.9720000000000368,0,正常
2024-01-13 08:40:00,1,0.29400000000003956,0,正常
2024-01-13 08:50:00,1,1.4699999999998568,0,正常
2024-01-13 09:00:00,1,3.137999999999977,0,正常
2024-01-13 09:10:00,1,1.4040000000000532,0,正常
2024-01-13 09:20:00,1,0.9000000000000341,0,正常
2024-01-13 09:30:00,1,0.2459999999999809,0,正常
2024-01-13 09:40:00,1,11.442000000000064,0,正常
2024-01-13 09:50:00,1,3.3299999999998704,0,正常
2024-01-13 10:00:00,1,1.4700000000000273,0,正常
2024-01-13 10:10:00,1,0.6779999999999973,0,正常
2024-01-13 10:20:00,1,0.5699999999999932,0,正常
2024-01-13 10:30:00,1,3.348000000000127,0,正常
2024-01-13 10:40:00,1,0.6119999999998527,0,正常
2024-01-13 10:50:00,1,2.7360000000001037,0,正常
2024-01-13 11:00:00,1,3.1440000000000055,0,正常
2024-01-13 11:10:00,1,2.976000000000056,0,正常
2024-01-13 11:20:00,1,1.4459999999999127,0,正常
2024-01-13 11:30:00,1,0.9060000000000628,0,正常
2024-01-13 11:40:00,1,0.9660000000000082,0,正常
2024-01-13 11:50:00,1,0.7979999999998881,0,正常
2024-01-13 12:00:00,1,3.108000000000004,0,正常
2024-01-13 12:10:00,1,0.6120000000000232,0,正常
2024-01-13 12:20:00,1,0.48000000000007503,0,正常
2024-01-13 12:30:00,1,6.311999999999955,0,正常
2024-01-13 12:40:00,1,0.5820000000000505,0,正常
2024-01-13 12:50:00,1,0.25200000000000955,0,正常
2024-01-13 13:00:00,1,1.3139999999999645,0,正常
2024-01-13 13:10:00,1,2.4419999999998936,0,正常
2024-01-13 13:20:00,1,4.308000000000106,0,正常
2024-01-13 13:30:00,1,0.011999999999886768,0,正常
2024-01-13 13:40:00,1,5.963999999999999,0,正常
2024-01-13 13:50:00,1,2.244000000000142,0,正常
2024-01-13 14:00:00,1,0.353999999999985,0,正常
2024-01-13 14:10:00,1,0.9599999999999795,0,正常
2024-01-13 14:20:00,1,3.5519999999999072,0,正常
2024-01-13 14:30:00,1,0.012000000000057298,0,正常
2024-01-13 14:40:00,1,2.0520000000000778,0,正常
2024-01-13 14:50:00,1,1.0679999999999836,0,正常
2024-01-13 15:00:00,1,0.10800000000000409,0,正常
2024-01-13 15:10:00,1,1.061999999999955,0,正常
2024-01-13 15:20:00,1,0.5879999999999086,0,正常
2024-01-13 15:30:00,1,0.9060000000000628,0,正常
2024-01-13 15:40:00,1,1.4219999999999686,0,正常
2024-01-13 15:50:00,1,1.7099999999999795,0,正常
2024-01-13 16:00:00,1,1.164000000000101,0,正常
2024-01-13 16:10:00,1,3.8280000000000314,0,正常
2024-01-13 16:20:00,1,1.6139999999998622,0,正常
2024-01-13 16:30:00,1,1.4639999999999986,0,正常
2024-01-13 16:40:00,1,0.3000000000000682,0,正常
2024-01-13 16:50:00,1,2.699999999999932,0,正常
2024-01-13 17:00:00,1,0.41400000000010095,0,正常
2024-01-13 17:10:00,1,0.10800000000000409,0,正常
2024-01-13 17:20:00,1,0.7439999999999714,0,正常
2024-01-13 17:30:00,1,0.19200000000006412,0,正常
2024-01-13 17:40:00,1,1.4099999999999113,0,正常
2024-01-13 17:50:00,1,2.268000000000086,0,正常
2024-01-13 18:00:00,1,3.7679999999999154,0,正常
2024-01-13 18:10:00,1,0.41400000000010095,0,正常
2024-01-13 18:20:00,1,1.7999999999998977,0,正常
2024-01-13 18:30:00,1,3.0780000000000314,0,正常
2024-01-13 18:40:00,1,1.0860000000000696,0,正常
2024-01-13 18:50:00,1,3.4979999999999905,0,正常
2024-01-13 19:00:00,1,2.8439999999999372,0,正常
2024-01-13 19:10:00,1,0.731999999999914,0,正常
2024-01-13 19:20:00,1,4.152000000000044,0,正常
2024-01-13 19:30:00,1,0.006000000000028649,0,正常
2024-01-13 19:40:00,1,0.25200000000000955,0,正常
2024-01-13 19:50:00,1,2.0639999999999645,0,正常
2024-01-13 20:00:00,1,2.069999999999993,0,正常
2024-01-13 20:10:00,1,0.8040000000000873,0,正常
2024-01-13 20:20:00,1,3.1559999999998922,0,正常
2024-01-13 20:30:00,1,1.5660000000001446,0,正常
2024-01-13 20:40:00,1,0.16199999999992087,0,正常
2024-01-13 20:50:00,1,1.8600000000000136,0,正常
2024-01-13 21:00:00,1,0.7019999999999413,0,正常
2024-01-13 21:10:00,1,1.0200000000000955,0,正常
2024-01-13 21:20:00,1,2.0519999999999072,0,正常
2024-01-13 21:30:00,1,0.10199999999997544,0,正常
2024-01-13 21:40:00,1,3.461999999999989,0,正常
2024-01-13 21:50:00,1,0.7620000000000573,0,正常
2024-01-13 22:00:00,1,0.29400000000003956,0,正常
2024-01-13 22:10:00,1,0.05999999999994543,0,正常
2024-01-13 22:20:00,1,1.476000000000056,0,正常
2024-01-13 22:30:00,1,2.976000000000056,0,正常
2024-01-13 22:40:00,1,1.4519999999999413,0,正常
2024-01-13 22:50:00,1,0.7620000000000573,0,正常
2024-01-13 23:00:00,1,2.141999999999996,0,正常
2024-01-13 23:10:00,1,2.4599999999999795,0,正常
2024-01-13 23:20:00,1,2.4899999999999523,0,正常
2024-01-13 23:30:00,1,0.2459999999999809,0,正常
2024-01-13 23:40:00,1,0.5520000000000778,0,正常
2024-01-13 23:50:00,1,1.5419999999998595,0,正常
2024-01-14 00:00:00,1,0.07200000000000273,0,正常
2024-01-14 00:10:00,1,2.088000000000079,0,正常
2024-01-14 00:20:00,1,2.7660000000000764,0,正常
2024-01-14 00:30:00,1,0.10799999999983356,0,正常
2024-01-14 00:40:00,1,0.4860000000001037,0,正常
2024-01-14 00:50:00,1,2.9099999999999113,0,正常
2024-01-14 01:00:00,1,0.6779999999999973,0,正常
2024-01-14 01:10:00,1,0.13800000000014734,0,正常
2024-01-14 01:20:00,1,3.3839999999999577,0,正常
2024-01-14 01:30:00,1,2.16599999999994,0,正常
2024-01-14 01:40:00,1,1.6560000000000628,0,正常
2024-01-14 01:50:00,1,0.6480000000000246,0,正常
2024-01-14 02:00:00,1,3.6179999999998813,0,正常
2024-01-14 02:10:00,1,1.1820000000000164,0,正常
2024-01-14 02:20:00,1,0.26400000000006685,0,正常
2024-01-14 02:30:00,1,5.220000000000027,0,正常
2024-01-14 02:40:00,1,1.0979999999999563,0,正常
2024-01-14 02:50:00,1,1.5480000000000587,0,正常
2024-01-14 03:00:00,1,0.16799999999994952,0,正常
2024-01-14 03:10:00,1,0.5339999999999918,0,正常
2024-01-14 03:20:00,1,1.8419999999999277,0,正常
2024-01-14 03:30:00,1,1.0020000000000095,0,正常
2024-01-14 03:40:00,1,0.28199999999998226,0,正常
2024-01-14 03:50:00,1,1.8180000000001542,0,正常
2024-01-14 04:00:00,1,2.015999999999906,0,正常
2024-01-14 04:10:00,1,0.5400000000000205,0,正常
2024-01-14 04:20:00,1,4.025999999999954,0,正常
2024-01-14 04:30:00,1,0.6840000000000259,0,正常
2024-01-14 04:40:00,1,4.830000000000041,0,正常
2024-01-14 04:50:00,1,1.9499999999999318,0,正常
2024-01-14 05:00:00,1,0.12600000000009004,0,正常
2024-01-14 05:10:00,1,1.7399999999999523,0,正常
2024-01-14 05:20:00,1,0.9539999999999509,0,正常
2024-01-14 05:30:00,1,3.0780000000000314,0,正常
2024-01-14 05:40:00,1,0.036000000000001364,0,正常
2024-01-14 05:50:00,1,1.6440000000000055,0,正常
2024-01-14 06:00:00,1,4.404000000000053,0,正常
2024-01-14 06:10:00,1,0.9959999999999809,0,正常
2024-01-14 06:20:00,1,1.1820000000000164,0,正常
2024-01-14 06:30:00,1,1.1219999999999004,0,正常
2024-01-14 06:40:00,1,0.21600000000000819,0,正常
2024-01-14 06:50:00,1,0.8940000000000055,0,正常
2024-01-14 07:00:00,1,2.598000000000127,0,正常
2024-01-14 07:10:00,1,1.3799999999999386,0,正常
2024-01-14 07:20:00,1,0.7379999999999427,0,正常
2024-01-14 07:30:00,1,1.0920000000000982,0,正常
2024-01-14 07:40:00,1,2.076000000000022,0,正常
2024-01-14 07:50:00,1,2.8619999999998527,0,正常
2024-01-14 08:00:00,1,1.5900000000000887,0,正常
2024-01-14 08:10:00,1,0.40200000000004366,0,正常
2024-01-14 08:20:00,1,0.45599999999996044,0,正常
2024-01-14 08:30:00,1,7.614000000000033,0,正常
2024-01-14 08:40:00,1,0.9359999999998649,0,正常
2024-01-14 08:50:00,1,0.030000000000143245,0,正常
2024-01-14 09:00:00,1,2.12399999999991,0,正常
2024-01-14 09:10:00,1,1.2839999999999918,0,正常
2024-01-14 09:20:00,1,0.6960000000000832,0,正常
2024-01-14 09:30:00,1,0.6299999999999386,0,正常
2024-01-14 09:40:00,1,1.1100000000000136,0,正常
2024-01-14 09:50:00,1,1.7940000000000396,0,正常
2024-01-14 10:00:00,1,0.7799999999999727,0,正常
2024-01-14 10:10:00,1,1.2299999999999045,0,正常
2024-01-14 10:20:00,1,1.4220000000001392,0,正常
2024-01-14 10:30:00,1,2.2860000000000014,0,正常
2024-01-14 10:40:00,1,0.7139999999999986,0,正常
2024-01-14 10:50:00,1,0.21600000000000819,0,正常
2024-01-14 11:00:00,1,3.353999999999985,0,正常
2024-01-14 11:10:00,1,1.9799999999999045,0,正常
2024-01-14 11:20:00,1,3.569999999999993,0,正常
2024-01-14 11:30:00,1,4.565999999999974,0,正常
2024-01-14 11:40:00,1,2.3880000000001473,0,正常
2024-01-14 11:50:00,1,0.11999999999989086,0,正常
2024-01-14 12:00:00,1,3.4440000000000737,0,正常
2024-01-14 12:10:00,1,0.006000000000028649,0,正常
2024-01-14 12:20:00,1,0.7979999999998881,0,正常
2024-01-14 12:30:00,1,2.976000000000056,0,正常
2024-01-14 12:40:00,1,2.12399999999991,0,正常
2024-01-14 12:50:00,1,4.1280000000001,0,正常
2024-01-14 13:00:00,1,0.3240000000000123,0,正常
2024-01-14 13:10:00,1,0.6719999999999686,0,正常
2024-01-14 13:20:00,1,1.3439999999999372,0,正常
2024-01-14 13:30:00,1,4.788000000000011,0,正常
2024-01-14 13:40:00,1,2.37600000000009,0,正常
2024-01-14 13:50:00,1,1.33199999999988,0,正常
2024-01-14 14:00:00,1,3.7320000000000846,0,正常
2024-01-14 14:10:00,1,2.9099999999999113,0,正常
2024-01-14 14:20:00,1,1.0620000000001255,0,正常
2024-01-14 14:30:00,1,0.33599999999989905,0,正常
2024-01-14 14:40:00,1,0.2880000000000109,0,正常
2024-01-14 14:50:00,1,2.5860000000000696,0,正常
2024-01-14 15:00:00,1,1.085999999999899,0,正常
2024-01-14 15:10:00,1,0.5340000000001623,0,正常
2024-01-14 15:20:00,1,2.8019999999999072,0,正常
2024-01-14 15:30:00,1,1.2660000000000764,0,正常
2024-01-14 15:40:00,1,1.5,0,正常
2024-01-14 15:50:00,1,1.9079999999999018,0,正常
2024-01-14 16:00:00,1,1.0139999999998963,0,正常
2024-01-14 16:10:00,1,2.538000000000011,0,正常
2024-01-14 16:20:00,1,0.4619999999999891,0,正常
2024-01-14 16:30:00,1,2.33400000000006,0,正常
2024-01-14 16:40:00,1,0.7020000000001119,0,正常
2024-01-14 16:50:00,1,0.9780000000000655,0,正常
2024-01-14 17:00:00,1,1.8479999999999563,0,正常
2024-01-14 17:10:00,1,0.8220000000000027,0,正常
2024-01-14 17:20:00,1,0.7859999999998308,0,正常
2024-01-14 17:30:00,1,1.6920000000002346,0,正常
2024-01-14 17:40:00,1,1.33199999999988,0,正常
2024-01-14 17:50:00,1,0.13199999999994816,0,正常
2024-01-14 18:00:00,1,1.2780000000001337,0,正常
2024-01-14 18:10:00,1,3.5579999999997654,0,正常
2024-01-14 18:20:00,1,2.8020000000002483,0,正常
2024-01-14 18:30:00,1,0.9899999999997817,0,正常
2024-01-14 18:40:00,1,2.6040000000001555,0,正常
2024-01-14 18:50:00,1,0.28199999999981173,0,正常
2024-01-14 19:00:00,1,0.13200000000028922,0,正常
2024-01-14 19:10:00,1,0.11999999999989086,0,正常
2024-01-14 19:20:00,1,2.3579999999998336,0,正常
2024-01-14 19:30:00,1,1.914000000000101,0,正常
2024-01-14 19:40:00,1,0.12600000000009004,0,正常
2024-01-14 19:50:00,1,1.5120000000000573,0,正常
2024-01-14 20:00:00,1,1.0559999999999263,0,正常
2024-01-14 20:10:00,1,0.30599999999992633,0,正常
2024-01-14 20:20:00,1,2.8920000000001664,0,正常
2024-01-14 20:30:00,1,0.70799999999997,0,正常
2024-01-14 20:40:00,1,3.1019999999999754,0,正常
2024-01-14 20:50:00,1,0.7620000000000573,0,正常
2024-01-14 21:00:00,1,0.7200000000000273,0,正常
2024-01-14 21:10:00,1,2.0579999999997654,0,正常
2024-01-14 21:20:00,1,0.04200000000003001,0,正常
2024-01-14 21:30:00,1,1.33199999999988,0,正常
2024-01-14 21:40:00,1,0.2760000000002947,0,正常
2024-01-14 21:50:00,1,2.3579999999998336,0,正常
2024-01-14 22:00:00,1,0.40200000000004366,0,正常
2024-01-14 22:10:00,1,2.1480000000000246,0,正常
2024-01-14 22:20:00,1,0.4199999999999591,0,正常
2024-01-14 22:30:00,1,1.169999999999959,0,正常
2024-01-14 22:40:00,1,0.3000000000000682,0,正常
2024-01-14 22:50:00,1,4.475999999999885,0,正常
2024-01-14 23:00:00,1,0.006000000000199179,0,正常
2024-01-14 23:10:00,1,2.7719999999999345,0,正常
2024-01-14 23:20:00,1,0.005999999999858119,0,正常
2024-01-14 23:30:00,1,2.0520000000002483,0,正常
2024-01-14 23:40:00,1,3.7799999999999727,0,正常
2024-01-14 23:50:00,1,1.5359999999998308,0,正常
2024-01-15 00:00:00,1,1.6739999999999782,0,正常
2024-01-15 00:10:00,1,0.46800000000018827,0,正常
2024-01-15 00:20:00,1,1.9859999999997626,0,正常
2024-01-15 00:30:00,1,1.2660000000000764,0,正常
2024-01-15 00:40:00,1,0.3120000000001255,0,正常
2024-01-15 00:50:00,1,3.8159999999998035,0,正常
2024-01-15 01:00:00,1,1.788000000000011,0,正常
2024-01-15 01:10:00,1,0.018000000000256478,0,正常
2024-01-15 01:20:00,1,2.327999999999861,0,正常
2024-01-15 01:30:00,1,2.3220000000000027,0,正常
2024-01-15 01:40:00,1,0.8220000000000027,0,正常
2024-01-15 01:50:00,1,1.6860000000000355,0,正常
2024-01-15 02:00:00,1,1.6199999999998909,0,正常
2024-01-15 02:10:00,1,1.3380000000000791,0,正常
2024-01-15 02:20:00,1,5.183999999999855,0,正常
2024-01-15 02:30:00,1,0.3120000000001255,0,正常
2024-01-15 02:40:00,1,1.793999999999869,0,正常
2024-01-15 02:50:00,1,0.38999999999998636,0,正常
2024-01-15 03:00:00,1,3.1860000000000355,0,正常
2024-01-15 03:10:00,1,1.4700000000000273,0,正常
2024-01-15 03:20:00,1,0.3540000000001555,0,正常
2024-01-15 03:30:00,1,3.251999999999839,0,正常
2024-01-15 03:40:00,1,0.16800000000012005,0,正常
2024-01-15 03:50:00,1,1.9020000000000437,0,正常
2024-01-15 04:00:00,1,1.99799999999982,0,正常
2024-01-15 04:10:00,1,4.3139999999999645,0,正常
2024-01-15 04:20:00,1,1.9080000000002428,0,正常
2024-01-15 04:30:00,1,0.11400000000003274,0,正常
2024-01-15 04:40:00,1,1.211999999999989,0,正常
2024-01-15 04:50:00,1,2.2799999999999727,0,正常
2024-01-15 05:00:00,1,0.2759999999999536,0,正常
2024-01-15 05:10:00,1,0.6719999999997981,0,正常
2024-01-15 05:20:00,1,3.75,0,正常
2024-01-15 05:30:00,1,0.8220000000000027,0,正常
2024-01-15 05:40:00,1,1.254000000000019,0,正常
2024-01-15 05:50:00,1,0.3660000000002128,0,正常
2024-01-15 06:00:00,1,0.9419999999998936,0,正常
2024-01-15 06:10:00,1,2.244000000000142,0,正常
2024-01-15 06:20:00,1,0.6179999999997108,0,正常
2024-01-15 06:30:00,1,2.880000000000109,0,正常
2024-01-15 06:40:00,1,2.910000000000082,0,正常
2024-01-15 06:50:00,1,0.22800000000006548,0,正常
2024-01-15 07:00:00,1,0.11999999999989086,0,正常
2024-01-15 07:10:00,1,0.9419999999998936,0,正常
2024-01-15 07:20:00,1,2.1840000000001965,0,正常
2024-01-15 07:30:00,1,2.6100000000000136,0,正常
2024-01-15 07:40:00,1,0.4619999999999891,0,正常
2024-01-15 07:50:00,1,1.2839999999999918,0,正常
2024-01-15 08:00:00,1,1.745999999999981,0,正常
2024-01-15 08:10:00,1,2.20799999999997,0,正常
2024-01-15 08:20:00,1,1.3380000000000791,0,正常
2024-01-15 08:30:00,1,1.6319999999999482,0,正常
2024-01-15 08:40:00,1,1.5899999999999181,0,正常
2024-01-15 08:50:00,1,0.017999999999915417,0,正常
2024-01-15 09:00:00,1,2.0100000000002183,0,正常
2024-01-15 09:10:00,1,1.8239999999998417,0,正常
2024-01-15 09:20:00,1,1.79400000000021,0,正常
2024-01-15 09:30:00,1,1.1759999999998172,0,正常
2024-01-15 09:40:00,1,0.6300000000001091,0,正常
2024-01-15 09:50:00,1,1.4700000000000273,0,正常
2024-01-15 10:00:00,1,1.4400000000000546,0,正常
2024-01-15 10:10:00,1,1.2719999999999345,0,正常
2024-01-15 10:20:00,1,3.251999999999839,0,正常
2024-01-15 10:30:00,1,2.370000000000232,0,正常
2024-01-15 10:40:00,1,1.5720000000000027,0,正常
2024-01-15 10:50:00,1,1.6739999999999782,0,正常
2024-01-15 11:00:00,1,0.6059999999999945,0,正常
2024-01-15 11:10:00,1,0.6719999999997981,0,正常
2024-01-15 11:20:00,1,5.279999999999973,0,正常
2024-01-15 11:30:00,1,1.0920000000000982,0,正常
2024-01-15 11:40:00,1,1.830000000000041,0,正常
2024-01-15 11:50:00,1,0.33599999999989905,0,正常
2024-01-15 12:00:00,1,0.8519999999999754,0,正常
2024-01-15 12:10:00,1,0.6480000000000246,0,正常
2024-01-15 12:20:00,1,2.0280000000001337,0,正常
2024-01-15 12:30:00,1,3.383999999999787,0,正常
2024-01-15 12:40:00,1,0.40200000000004366,0,正常
2024-01-15 12:50:00,1,1.0500000000000682,0,正常
2024-01-15 13:00:00,1,1.961999999999989,0,正常
2024-01-15 13:10:00,1,1.0200000000000955,0,正常
2024-01-15 13:20:00,1,3.5999999999997954,0,正常
2024-01-15 13:30:00,1,0.036000000000171894,0,正常
2024-01-15 13:40:00,1,0.8399999999999181,0,正常
2024-01-15 13:50:00,1,1.3500000000001364,0,正常
2024-01-15 14:00:00,1,0.8819999999999482,0,正常
2024-01-15 14:10:00,1,2.91599999999994,0,正常
2024-01-15 14:20:00,1,0.7979999999998881,0,正常
2024-01-15 14:30:00,1,3.25200000000018,0,正常
2024-01-15 14:40:00,1,1.2839999999999918,0,正常
2024-01-15 14:50:00,1,1.3980000000000246,0,正常
2024-01-15 15:00:00,1,0.023999999999773536,0,正常
2024-01-15 15:10:00,1,3.5640000000003056,0,正常
2024-01-15 15:20:00,1,0.13799999999980628,0,正常
2024-01-15 15:30:00,1,1.8000000000000682,0,正常
2024-01-15 15:40:00,1,1.24799999999982,0,正常
2024-01-15 15:50:00,1,0.498000000000161,0,正常
2024-01-15 16:00:00,1,1.830000000000041,0,正常
2024-01-15 16:10:00,1,0.0,0,正常
2024-01-15 16:20:00,1,1.206000000000131,0,正常
2024-01-15 16:30:00,1,1.8659999999998718,0,正常
2024-01-15 16:40:00,1,6.5219999999999345,0,正常
2024-01-15 16:50:00,1,1.0559999999999263,0,正常
2024-01-15 17:00:00,1,4.308000000000106,0,正常
2024-01-15 17:10:00,1,3.7740000000001146,0,正常
2024-01-15 17:20:00,1,1.3919999999998254,0,正常
2024-01-15 17:30:00,1,0.05999999999994543,0,正常
2024-01-15 17:40:00,1,0.0900000000002592,0,正常
2024-01-15 17:50:00,1,3.3299999999997,0,正常
2024-01-15 18:00:00,1,0.31799999999998363,0,正常
2024-01-15 18:10:00,1,1.0560000000002674,0,正常
2024-01-15 18:20:00,1,0.5579999999997654,0,正常
2024-01-15 18:30:00,1,1.8899999999999864,0,正常
2024-01-15 18:40:00,1,0.45600000000013097,0,正常
2024-01-15 18:50:00,1,2.7660000000000764,0,正常
2024-01-15 19:00:00,1,1.2179999999998472,0,正常
2024-01-15 19:10:00,1,0.8400000000002592,0,正常
2024-01-15 19:20:00,1,2.339999999999918,0,正常
2024-01-15 19:30:00,1,0.23999999999978172,0,正常
2024-01-15 19:40:00,1,2.244000000000142,0,正常
2024-01-15 19:50:00,1,3.414000000000101,0,正常
2024-01-15 20:00:00,1,3.1140000000000327,0,正常
2024-01-15 20:10:00,1,0.2459999999999809,0,正常
2024-01-15 20:20:00,1,5.129999999999768,0,正常
2024-01-15 20:30:00,1,0.498000000000161,0,正常
2024-01-15 20:40:00,1,0.9419999999998936,0,正常
2024-01-15 20:50:00,1,1.3380000000000791,0,正常
2024-01-15 21:00:00,1,3.8519999999999754,0,正常
2024-01-15 21:10:00,1,0.2700000000000955,0,正常
2024-01-15 21:20:00,1,0.6359999999999673,0,正常
2024-01-15 21:30:00,1,1.788000000000011,0,正常
2024-01-15 21:40:00,1,1.6199999999998909,0,正常
2024-01-15 21:50:00,1,1.1159999999998718,0,正常
2024-01-15 22:00:00,1,0.5340000000003329,0,正常
2024-01-15 22:10:00,1,2.7779999999997926,0,正常
2024-01-15 22:20:00,1,0.8099999999999454,0,正常
2024-01-15 22:30:00,1,3.9420000000002346,0,正常
2024-01-15 22:40:00,1,1.7579999999996971,0,正常
2024-01-15 22:50:00,1,0.4740000000000464,0,正常
2024-01-15 23:00:00,1,4.122000000000071,0,正常
2024-01-15 23:10:00,1,0.75,0,正常
2024-01-15 23:20:00,1,0.14400000000000546,0,正常
2024-01-15 23:30:00,1,2.508000000000038,0,正常
2024-01-15 23:40:00,1,1.1940000000000737,0,正常
2024-01-15 23:50:00,1,0.7559999999998581,0,正常
2024-01-16 00:00:00,1,1.290000000000191,0,正常
2024-01-16 00:10:00,1,3.66599999999994,0,正常
2024-01-16 00:20:00,1,0.959999999999809,0,正常
2024-01-16 00:30:00,1,0.4740000000000464,0,正常
2024-01-16 00:40:00,1,2.3460000000001173,0,正常
2024-01-16 00:50:00,1,2.1779999999999973,0,正常
2024-01-16 01:00:00,1,1.4459999999999127,0,正常
2024-01-16 01:10:00,1,2.3519999999999754,0,正常
2024-01-16 01:20:00,1,2.046000000000049,0,正常
2024-01-16 01:30:00,1,4.122000000000071,0,正常
2024-01-16 01:40:00,1,1.0319999999998117,0,正常
2024-01-16 01:50:00,1,1.164000000000101,0,正常
2024-01-16 02:00:00,1,2.423999999999978,0,正常
2024-01-16 02:10:00,1,0.13199999999994816,0,正常
2024-01-16 02:20:00,1,1.919999999999959,0,正常
2024-01-16 02:30:00,1,2.5260000000002947,0,正常
2024-01-16 02:40:00,1,2.25,0,正常
2024-01-16 02:50:00,1,2.2739999999997735,0,正常
2024-01-16 03:00:00,1,3.203999999999951,0,正常
2024-01-16 03:10:00,1,0.40800000000024284,0,正常
2024-01-16 03:20:00,1,0.18600000000003547,0,正常
2024-01-16 03:30:00,1,1.7759999999999536,0,正常
2024-01-16 03:40:00,1,2.1119999999998527,0,正常
2024-01-16 03:50:00,1,1.9020000000000437,0,正常
2024-01-16 04:00:00,1,0.5580000000001064,0,正常
2024-01-16 04:10:00,1,2.0699999999998226,0,正常
2024-01-16 04:20:00,1,0.2759999999999536,0,正常
2024-01-16 04:30:00,1,3.2280000000000655,0,正常
2024-01-16 04:40:00,1,0.4499999999999318,0,正常
2024-01-16 04:50:00,1,1.9800000000002456,0,正常
2024-01-16 05:00:00,1,1.5779999999998608,0,正常
2024-01-16 05:10:00,1,2.37600000000009,0,正常
2024-01-16 05:20:00,1,1.62600000000009,0,正常
2024-01-16 05:30:00,1,0.5759999999996808,0,正常
2024-01-16 05:40:00,1,1.5600000000002865,0,正常
2024-01-16 05:50:00,1,1.6379999999998063,0,正常
2024-01-16 06:00:00,1,1.7580000000000382,0,正常
2024-01-16 06:10:00,1,0.6900000000000546,0,正常
2024-01-16 06:20:00,1,1.3380000000000791,0,正常
2024-01-16 06:30:00,1,2.9459999999999127,0,正常
2024-01-16 06:40:00,1,1.3439999999999372,0,正常
2024-01-16 06:50:00,1,2.1000000000001364,0,正常
2024-01-16 07:00:00,1,4.24799999999982,0,正常
2024-01-16 07:10:00,1,0.45600000000013097,0,正常
2024-01-16 07:20:00,1,1.1879999999998745,0,正常
2024-01-16 07:30:00,1,0.37799999999992906,0,正常
2024-01-16 07:40:00,1,2.748000000000161,0,正常
2024-01-16 07:50:00,1,2.9759999999998854,0,正常
2024-01-16 08:00:00,1,2.202000000000112,0,正常
2024-01-16 08:10:00,1,0.024000000000114596,0,正常
2024-01-16 08:20:00,1,1.2359999999997626,0,正常
2024-01-16 08:30:00,1,0.954000000000292,0,正常
2024-01-16 08:40:00,1,3.0659999999998035,0,正常
2024-01-16 08:50:00,1,1.7820000000001528,0,正常
2024-01-16 09:00:00,1,0.5339999999999918,0,正常
2024-01-16 09:10:00,1,1.3919999999998254,0,正常
2024-01-16 09:20:00,1,4.745999999999981,0,正常
2024-01-16 09:30:00,1,0.3360000000002401,0,正常
2024-01-16 09:40:00,1,1.0619999999997844,0,正常
2024-01-16 09:50:00,1,1.745999999999981,0,正常
2024-01-16 10:00:00,1,0.3120000000001255,0,正常
2024-01-16 10:10:00,1,0.4499999999999318,0,正常
2024-01-16 10:20:00,1,2.5620000000001255,0,正常
2024-01-16 10:30:00,1,3.2339999999999236,0,正常
2024-01-16 10:40:00,1,0.4619999999999891,0,正常
2024-01-16 10:50:00,1,2.16599999999994,0,正常
2024-01-16 11:00:00,1,0.3540000000001555,0,正常
2024-01-16 11:10:00,1,4.326000000000022,0,正常
2024-01-16 11:20:00,1,0.8519999999999754,0,正常
2024-01-16 11:30:00,1,1.45799999999997,0,正常
2024-01-16 11:40:00,1,1.0919999999997572,0,正常
2024-01-16 11:50:00,1,0.12600000000009004,0,正常
2024-01-16 12:00:00,1,1.332000000000221,0,正常
2024-01-16 12:10:00,1,1.2419999999999618,0,正常
2024-01-16 12:20:00,1,0.875999999999749,0,正常
2024-01-16 12:30:00,1,0.42000000000030013,0,正常
2024-01-16 12:40:00,1,2.1119999999998527,0,正常
2024-01-16 12:50:00,1,0.5040000000000191,0,正常
2024-01-16 13:00:00,1,0.11999999999989086,0,正常
2024-01-16 13:10:00,1,1.1399999999999864,0,正常
2024-01-16 13:20:00,1,0.540000000000191,0,正常
2024-01-16 13:30:00,1,1.1879999999998745,0,正常
2024-01-16 13:40:00,1,1.919999999999959,0,正常
2024-01-16 13:50:00,1,1.5299999999999727,0,正常
2024-01-16 14:00:00,1,1.5,0,正常
2024-01-16 14:10:00,1,1.8960000000001855,0,正常
2024-01-16 14:20:00,1,0.5159999999997353,0,正常
2024-01-16 14:30:00,1,1.00200000000018,0,正常
2024-01-16 14:40:00,1,0.2759999999999536,0,正常
2024-01-16 14:50:00,1,0.62399999999991,0,正常
2024-01-16 15:00:00,1,2.3040000000000873,0,正常
2024-01-16 15:10:00,1,1.5540000000000873,0,正常
2024-01-16 15:20:00,1,0.17399999999997817,0,正常
2024-01-16 15:30:00,1,0.30599999999992633,0,正常
2024-01-16 15:40:00,1,1.0320000000001528,0,正常
2024-01-16 15:50:00,1,1.0919999999997572,0,正常
2024-01-16 16:00:00,1,1.1399999999999864,0,正常
2024-01-16 16:10:00,1,0.582000000000221,0,正常
2024-01-16 16:20:00,1,0.04200000000003001,0,正常
2024-01-16 16:30:00,1,2.8499999999997954,0,正常
2024-01-16 16:40:00,1,0.9840000000002647,0,正常
2024-01-16 16:50:00,1,0.5159999999997353,0,正常
2024-01-16 17:00:00,1,1.0679999999999836,0,正常
2024-01-16 17:10:00,1,1.3800000000001091,0,正常
2024-01-16 17:20:00,1,1.7219999999998663,0,正常
2024-01-16 17:30:00,1,0.582000000000221,0,正常
2024-01-16 17:40:00,1,0.13199999999994816,0,正常
2024-01-16 17:50:00,1,2.046000000000049,0,正常
2024-01-16 18:00:00,1,3.3119999999997844,0,正常
2024-01-16 18:10:00,1,0.5760000000000218,0,正常
2024-01-16 18:20:00,1,7.75200000000018,0,正常
2024-01-16 18:30:00,1,3.377999999999929,0,正常
2024-01-16 18:40:00,1,3.618000000000052,0,正常
2024-01-16 18:50:00,1,1.9320000000000164,0,正常
2024-01-16 19:00:00,1,2.20799999999997,0,正常
2024-01-16 19:10:00,1,3.414000000000101,1,关注
2024-01-16 19:20:00,1,1.8659999999998718,1,关注
2024-01-16 19:30:00,1,6.119999999999891,1,关注
2024-01-16 19:40:00,1,0.7980000000002292,0,正常
2024-01-16 19:50:00,1,3.2339999999999236,0,正常
2024-01-16 20:00:00,1,1.7700000000000955,0,正常
2024-01-16 20:10:00,1,3.797999999999888,0,正常
2024-01-16 20:20:00,1,0.9480000000000928,0,正常
2024-01-16 20:30:00,1,4.073999999999842,0,正常
2024-01-16 20:40:00,1,3.6059999999999945,0,正常
2024-01-16 20:50:00,1,0.6779999999999973,0,正常
2024-01-16 21:00:00,1,3.714000000000169,0,正常
2024-01-16 21:10:00,1,0.8519999999999754,0,正常
2024-01-16 21:20:00,1,2.1119999999998527,0,正常
2024-01-16 21:30:00,1,1.3260000000000218,0,正常
2024-01-16 21:40:00,1,1.9740000000000464,0,正常
2024-01-16 21:50:00,1,1.3619999999998527,0,正常
2024-01-16 22:00:00,1,4.824000000000183,0,正常
2024-01-16 22:10:00,1,2.0999999999997954,0,正常
2024-01-16 22:20:00,1,1.458000000000311,0,正常
2024-01-16 22:30:00,1,2.4719999999998663,0,正常
2024-01-16 22:40:00,1,2.29200000000003,0,正常
2024-01-16 22:50:00,1,2.5319999999998117,0,正常
2024-01-16 23:00:00,1,4.152000000000044,0,正常
2024-01-16 23:10:00,1,0.9480000000000928,0,正常
2024-01-16 23:20:00,1,5.399999999999864,0,正常
2024-01-16 23:30:00,1,2.62800000000027,0,正常
2024-01-16 23:40:00,1,0.8099999999999454,0,正常
2024-01-16 23:50:00,1,1.6140000000000327,0,正常
2024-01-17 00:00:00,1,5.483999999999924,0,正常
2024-01-17 00:10:00,1,3.959999999999809,0,正常
2024-01-17 00:20:00,1,4.662000000000262,0,正常
2024-01-17 00:30:00,1,0.9360000000000355,0,正常
2024-01-17 00:40:00,1,2.0519999999999072,0,正常
2024-01-17 00:50:00,1,2.6579999999999018,0,正常
2024-01-17 01:00:00,1,3.839999999999918,0,正常
2024-01-17 01:10:00,1,4.45799999999997,0,正常
2024-01-17 01:20:00,1,0.3360000000002401,0,正常
2024-01-17 01:30:00,1,6.881999999999948,0,正常
2024-01-17 01:40:00,1,4.301999999999907,0,正常
2024-01-17 01:50:00,1,0.4079999999999018,0,正常
2024-01-17 02:00:00,1,3.7800000000003138,0,正常
2024-01-17 02:10:00,1,0.5339999999999918,0,正常
2024-01-17 02:20:00,1,5.195999999999913,0,正常
2024-01-17 02:30:00,1,1.751999999999839,0,正常
2024-01-17 02:40:00,1,3.9780000000000655,0,正常
2024-01-17 02:50:00,1,0.024000000000114596,0,正常
2024-01-17 03:00:00,1,1.5179999999999154,0,正常
2024-01-17 03:10:00,1,5.214000000000169,0,正常
2024-01-17 03:20:00,1,0.5219999999999345,0,正常
2024-01-17 03:30:00,1,1.830000000000041,0,正常
2024-01-17 03:40:00,1,3.713999999999828,0,正常
2024-01-17 03:50:00,1,5.274000000000115,0,正常
2024-01-17 04:00:00,1,0.5519999999999072,0,正常
2024-01-17 04:10:00,1,0.12600000000009004,0,正常
2024-01-17 04:20:00,1,0.8640000000000327,0,正常
2024-01-17 04:30:00,1,0.07200000000000273,0,正常
2024-01-17 04:40:00,1,3.4439999999997326,0,正常
2024-01-17 04:50:00,1,1.79400000000021,0,正常
2024-01-17 05:00:00,1,2.910000000000082,0,正常
2024-01-17 05:10:00,1,1.6619999999999209,0,正常
2024-01-17 05:20:00,1,2.9879999999999427,0,正常
2024-01-17 05:30:00,1,2.868000000000052,0,正常
2024-01-17 05:40:00,1,0.8099999999999454,0,正常
2024-01-17 05:50:00,1,0.8279999999998608,0,正常
2024-01-17 06:00:00,1,5.094000000000278,0,正常
2024-01-17 06:10:00,1,0.75,0,正常
2024-01-17 06:20:00,1,2.879999999999768,0,正常
2024-01-17 06:30:00,1,4.3559999999999945,0,正常
2024-01-17 06:40:00,1,1.6920000000002346,0,正常
2024-01-17 06:50:00,1,2.3099999999999454,0,正常
2024-01-17 07:00:00,1,2.8019999999999072,0,正常
2024-01-17 07:10:00,1,0.3000000000000682,0,正常
2024-01-17 07:20:00,1,1.6199999999998909,0,正常
2024-01-17 07:30:00,1,4.9799999999999045,0,正常
2024-01-17 07:40:00,1,0.8940000000000055,0,正常
2024-01-17 07:50:00,1,3.204000000000292,0,正常
2024-01-17 08:00:00,1,0.6779999999999973,0,正常
2024-01-17 08:10:00,1,2.9879999999999427,0,正常
2024-01-17 08:20:00,1,4.296000000000049,0,正常
2024-01-17 08:30:00,1,1.4819999999997435,0,正常
2024-01-17 08:40:00,1,2.381999999999948,0,正常
2024-01-17 08:50:00,1,2.328000000000202,0,正常
2024-01-17 09:00:00,1,3.990000000000123,0,正常
2024-01-17 09:10:00,1,0.11999999999989086,0,正常
2024-01-17 09:20:00,1,2.3999999999998636,0,正常
2024-01-17 09:30:00,1,1.6500000000002046,0,正常
2024-01-17 09:40:00,1,0.9119999999999209,0,正常
2024-01-17 09:50:00,1,4.24799999999982,0,正常
2024-01-17 10:00:00,1,1.66800000000012,0,正常
2024-01-17 10:10:00,1,1.5479999999998881,0,正常
2024-01-17 10:20:00,1,1.7700000000000955,0,正常
2024-01-17 10:30:00,1,0.036000000000171894,0,正常
2024-01-17 10:40:00,1,5.669999999999959,0,正常
2024-01-17 10:50:00,1,0.5999999999997954,0,正常
2024-01-17 11:00:00,1,2.3220000000000027,0,正常
2024-01-17 11:10:00,1,4.014000000000237,0,正常
2024-01-17 11:20:00,1,0.6059999999999945,0,正常
2024-01-17 11:30:00,1,2.1539999999998827,0,正常
2024-01-17 11:40:00,1,3.83400000000006,0,正常
2024-01-17 11:50:00,1,0.8040000000000873,0,正常
2024-01-17 12:00:00,1,2.4839999999999236,0,正常
2024-01-17 12:10:00,1,14.910000000000082,0,正常
2024-01-17 12:20:00,1,3.3119999999997844,0,正常
2024-01-17 12:30:00,1,2.532000000000153,0,正常
2024-01-17 12:40:00,1,1.625999999999749,0,正常
2024-01-17 12:50:00,1,4.098000000000297,0,正常
2024-01-17 13:00:00,1,6.191999999999894,0,正常
2024-01-17 13:10:00,1,7.751999999999839,0,正常
2024-01-17 13:20:00,1,2.994000000000142,0,正常
2024-01-17 13:30:00,1,3.3659999999998718,0,正常
2024-01-17 13:40:00,1,6.809999999999945,1,关注
2024-01-17 13:50:00,1,4.87800000000027,1,关注
2024-01-17 14:00:00,1,2.796000000000049,1,关注
2024-01-17 14:10:00,1,2.83199999999988,1,关注
2024-01-17 14:20:00,1,3.702000000000112,1,关注
2024-01-17 14:30:00,1,1.0739999999998417,0,正常
2024-01-17 14:40:00,1,5.195999999999913,0,正常
2024-01-17 14:50:00,1,0.2880000000000109,0,正常
2024-01-17 15:00:00,1,5.298000000000229,0,正常
2024-01-17 15:10:00,1,4.259999999999877,0,正常
2024-01-17 15:20:00,1,7.41599999999994,0,正常
2024-01-17 15:30:00,1,4.326000000000022,0,正常
2024-01-17 15:40:00,1,1.1879999999998745,0,正常
2024-01-17 15:50:00,1,5.514000000000237,0,正常
2024-01-17 16:00:00,1,1.5120000000000573,0,正常
2024-01-17 16:10:00,1,4.949999999999932,0,正常
2024-01-17 16:20:00,1,5.555999999999926,0,正常
2024-01-17 16:30:00,1,5.244000000000142,0,正常
2024-01-17 16:40:00,1,2.1899999999997135,0,正常
2024-01-17 16:50:00,1,6.150000000000205,0,正常
2024-01-17 17:00:00,1,5.357999999999834,1,关注
2024-01-17 17:10:00,1,2.076000000000022,1,关注
2024-01-17 17:20:00,1,1.2360000000001037,0,正常
2024-01-17 17:30:00,1,4.343999999999937,0,正常
2024-01-17 17:40:00,1,2.1539999999998827,0,正常
2024-01-17 17:50:00,1,8.946000000000254,0,正常
2024-01-17 18:00:00,1,2.7779999999997926,0,正常
2024-01-17 18:10:00,1,1.290000000000191,0,正常
2024-01-17 18:20:00,1,1.8959999999998445,0,正常
2024-01-17 18:30:00,1,7.241999999999962,0,正常
2024-01-17 18:40:00,1,5.718000000000188,0,正常
2024-01-17 18:50:00,1,1.085999999999899,0,正常
2024-01-17 19:00:00,1,2.7660000000000764,0,正常
2024-01-17 19:10:00,1,5.339999999999918,0,正常
2024-01-17 19:20:00,1,7.038000000000011,0,正常
2024-01-17 19:30:00,1,2.508000000000038,0,正常
2024-01-17 19:40:00,1,3.8640000000000327,0,正常
2024-01-17 19:50:00,1,5.130000000000109,1,关注
2024-01-17 20:00:00,1,2.6459999999998445,1,关注
2024-01-17 20:10:00,1,4.37399999999991,1,关注
2024-01-17 20:20:00,1,2.20799999999997,1,关注
2024-01-17 20:30:00,1,0.13800000000014734,0,正常
2024-01-17 20:40:00,1,3.3899999999999864,0,正常
2024-01-17 20:50:00,1,1.5479999999998881,0,正常
2024-01-17 21:00:00,1,2.58600000000024,0,正常
2024-01-17 21:10:00,1,0.8159999999998035,0,正常
2024-01-17 21:20:00,1,6.101999999999975,0,正常
2024-01-17 21:30:00,1,3.7620000000000573,0,正常
2024-01-17 21:40:00,1,2.838000000000079,0,正常
2024-01-17 21:50:00,1,4.805999999999926,0,正常
2024-01-17 22:00:00,1,1.6499999999998636,0,正常
2024-01-17 22:10:00,1,6.198000000000093,0,正常
2024-01-17 22:20:00,1,4.013999999999896,0,正常
2024-01-17 22:30:00,1,1.4640000000001692,0,正常
2024-01-17 22:40:00,1,6.4799999999999045,0,正常
2024-01-17 22:50:00,1,1.0679999999999836,0,正常
2024-01-17 23:00:00,1,5.62800000000027,0,正常
2024-01-17 23:10:00,1,3.161999999999921,0,正常
2024-01-17 23:20:00,1,1.919999999999959,0,正常
2024-01-17 23:30:00,1,2.8859999999999673,0,正常
2024-01-17 23:40:00,1,3.8099999999999454,0,正常
2024-01-17 23:50:00,1,7.2299999999999045,1,关注
2024-01-18 00:00:00,1,1.5060000000001992,0,正常
2024-01-18 00:10:00,1,3.5999999999997954,0,正常
2024-01-18 00:20:00,1,1.662000000000262,0,正常
2024-01-18 00:30:00,1,4.535999999999831,0,正常
2024-01-18 00:40:00,1,1.8479999999999563,0,正常
2024-01-18 00:50:00,1,4.122000000000071,0,正常
2024-01-18 01:00:00,1,4.877999999999929,0,正常
2024-01-18 01:10:00,1,2.0639999999999645,0,正常
2024-01-18 01:20:00,1,3.456000000000131,1,关注
2024-01-18 01:30:00,1,0.62399999999991,0,正常
2024-01-18 01:40:00,1,2.124000000000251,0,正常
2024-01-18 01:50:00,1,1.583999999999719,0,正常
2024-01-18 02:00:00,1,5.711999999999989,0,正常
2024-01-18 02:10:00,1,0.87600000000009,0,正常
2024-01-18 02:20:00,1,2.1959999999999127,0,正常
2024-01-18 02:30:00,1,2.8440000000002783,0,正常
2024-01-18 02:40:00,1,2.8859999999999673,0,正常
2024-01-18 02:50:00,1,8.561999999999784,0,正常
2024-01-18 03:00:00,1,0.37200000000007094,0,正常
2024-01-18 03:10:00,1,2.5620000000001255,0,正常
2024-01-18 03:20:00,1,3.1919999999998936,0,正常
2024-01-18 03:30:00,1,3.161999999999921,0,正常
2024-01-18 03:40:00,1,5.298000000000229,0,正常
2024-01-18 03:50:00,1,4.398000000000025,0,正常
2024-01-18 04:00:00,1,0.8099999999999454,0,正常
2024-01-18 04:10:00,1,1.3980000000000246,0,正常
2024-01-18 04:20:00,1,2.501999999999839,0,正常
2024-01-18 04:30:00,1,4.698000000000093,0,正常
2024-01-18 04:40:00,1,0.13199999999994816,0,正常
2024-01-18 04:50:00,1,0.09600000000011732,0,正常
2024-01-18 05:00:00,1,4.139999999999986,0,正常
2024-01-18 05:10:00,1,7.841999999999757,0,正常
2024-01-18 05:20:00,1,3.173999999999978,0,正常
2024-01-18 05:30:00,1,0.21600000000000819,0,正常
2024-01-18 05:40:00,1,2.9760000000002265,0,正常
2024-01-18 05:50:00,1,1.7039999999999509,0,正常
2024-01-18 06:00:00,1,3.0120000000000573,0,正常
2024-01-18 06:10:00,1,2.8019999999999072,0,正常
2024-01-18 06:20:00,1,0.5939999999999372,0,正常
2024-01-18 06:30:00,1,1.9440000000000737,0,正常
2024-01-18 06:40:00,1,4.398000000000025,0,正常
2024-01-18 06:50:00,1,0.035999999999830834,0,正常
2024-01-18 07:00:00,1,0.8280000000002019,0,正常
2024-01-18 07:10:00,1,12.551999999999907,0,正常
2024-01-18 07:20:00,1,6.330000000000041,0,正常
2024-01-18 07:30:00,1,3.9419999999998936,0,正常
2024-01-18 07:40:00,1,2.2379999999999427,0,正常
2024-01-18 07:50:00,1,5.4780000000000655,0,正常
2024-01-18 08:00:00,1,3.953999999999951,1,关注
2024-01-18 08:10:00,1,2.1000000000001364,1,关注
2024-01-18 08:20:00,1,3.1440000000000055,1,关注
2024-01-18 08:30:00,1,3.881999999999948,1,关注
2024-01-18 08:40:00,1,1.3080000000001064,0,正常
2024-01-18 08:50:00,1,2.8139999999999645,0,正常
2024-01-18 09:00:00,1,4.535999999999831,0,正常
2024-01-18 09:10:00,1,3.036000000000172,0,正常
2024-01-18 09:20:00,1,7.589999999999918,0,正常
2024-01-18 09:30:00,1,3.240000000000123,0,正常
2024-01-18 09:40:00,1,2.5559999999999263,1,关注
2024-01-18 09:50:00,1,3.1919999999998936,1,关注
2024-01-18 10:00:00,1,5.351999999999975,1,关注
2024-01-18 10:10:00,1,4.398000000000025,1,关注
2024-01-18 10:20:00,1,1.8660000000002128,1,关注
2024-01-18 10:30:00,1,4.301999999999907,1,关注
2024-01-18 10:40:00,1,4.350000000000136,1,关注
2024-01-18 10:50:00,1,5.183999999999855,1,关注
2024-01-18 11:00:00,1,2.8439999999999372,1,关注
2024-01-18 11:10:00,1,2.87399999999991,1,关注
2024-01-18 11:20:00,1,5.54400000000021,1,关注
2024-01-18 11:30:00,1,1.751999999999839,0,正常
2024-01-18 11:40:00,1,0.18000000000017735,0,正常
2024-01-18 11:50:00,1,2.3159999999998035,0,正常
2024-01-18 12:00:00,1,2.3940000000000055,0,正常
2024-01-18 12:10:00,1,2.669999999999959,0,正常
2024-01-18 12:20:00,1,3.8519999999999754,0,正常
2024-01-18 12:30:00,1,5.5200000000000955,0,正常
2024-01-18 12:40:00,1,3.1980000000000928,1,关注
2024-01-18 12:50:00,1,2.6820000000000164,1,关注
2024-01-18 13:00:00,1,5.819999999999823,1,关注
2024-01-18 13:10:00,1,0.07200000000000273,0,正常
2024-01-18 13:20:00,1,1.6860000000000355,0,正常
2024-01-18 13:30:00,1,4.290000000000191,0,正常
2024-01-18 13:40:00,1,4.709999999999809,0,正常
2024-01-18 13:50:00,1,0.3660000000002128,0,正常
2024-01-18 14:00:00,1,1.1219999999997299,0,正常
2024-01-18 14:10:00,1,3.6360000000003083,0,正常
2024-01-18 14:20:00,1,5.099999999999795,0,正常
2024-01-18 14:30:00,1,2.2260000000002265,0,正常
2024-01-18 14:40:00,1,1.751999999999839,0,正常
2024-01-18 14:50:00,1,4.0620000000001255,0,正常
2024-01-18 15:00:00,1,0.4919999999999618,0,正常
2024-01-18 15:10:00,1,3.911999999999921,0,正常
2024-01-18 15:20:00,1,3.3959999999998445,0,正常
2024-01-18 15:30:00,1,6.4380000000002156,0,正常
2024-01-18 15:40:00,1,2.2739999999997735,0,正常
2024-01-18 15:50:00,1,0.39600000000018554,0,正常
2024-01-18 16:00:00,1,2.1419999999998254,0,正常
2024-01-18 16:10:00,1,2.7660000000000764,0,正常
2024-01-18 16:20:00,1,2.12399999999991,0,正常
2024-01-18 16:30:00,1,8.34000000000026,0,正常
2024-01-18 16:40:00,1,1.9859999999997626,0,正常
2024-01-18 16:50:00,1,2.54400000000021,1,关注
2024-01-18 17:00:00,1,1.2419999999999618,0,正常
2024-01-18 17:10:00,1,0.14400000000000546,0,正常
2024-01-18 17:20:00,1,7.043999999999869,0,正常
2024-01-18 17:30:00,1,2.826000000000022,0,正常
2024-01-18 17:40:00,1,2.9760000000002265,0,正常
2024-01-18 17:50:00,1,1.6919999999998936,0,正常
2024-01-18 18:00:00,1,0.6119999999998527,0,正常
2024-01-18 18:10:00,1,3.449999999999932,0,正常
2024-01-18 18:20:00,1,1.00200000000018,0,正常
2024-01-18 18:30:00,1,1.8659999999998718,0,正常
2024-01-18 18:40:00,1,3.8040000000000873,0,正常
2024-01-18 18:50:00,1,1.6980000000000928,0,正常
2024-01-18 19:00:00,1,6.047999999999888,0,正常
2024-01-18 19:10:00,1,2.699999999999932,0,正常
2024-01-18 19:20:00,1,2.6340000000001282,0,正常
2024-01-18 19:30:00,1,0.62399999999991,0,正常
2024-01-18 19:40:00,1,3.504000000000019,0,正常
2024-01-18 19:50:00,1,2.286000000000172,0,正常
2024-01-18 20:00:00,1,1.5779999999998608,0,正常
2024-01-18 20:10:00,1,2.9339999999998554,0,正常
2024-01-18 20:20:00,1,2.328000000000202,0,正常
2024-01-18 20:30:00,1,4.343999999999937,0,正常
2024-01-18 20:40:00,1,4.45799999999997,0,正常
2024-01-18 20:50:00,1,1.1820000000000164,0,正常
2024-01-18 21:00:00,1,1.788000000000011,0,正常
2024-01-18 21:10:00,1,4.566000000000145,0,正常
2024-01-18 21:20:00,1,2.076000000000022,0,正常
2024-01-18 21:30:00,1,0.6779999999999973,0,正常
2024-01-18 21:40:00,1,3.491999999999962,0,正常
2024-01-18 21:50:00,1,3.881999999999948,0,正常
2024-01-18 22:00:00,1,3.8579999999998336,0,正常
2024-01-18 22:10:00,1,4.758000000000038,0,正常
2024-01-18 22:20:00,1,3.5100000000002183,0,正常
2024-01-18 22:30:00,1,1.8719999999997299,1,关注
2024-01-18 22:40:00,1,2.2320000000000846,1,关注
2024-01-18 22:50:00,1,0.83400000000006,0,正常
2024-01-18 23:00:00,1,3.49799999999982,0,正常
2024-01-18 23:10:00,1,1.9800000000002456,0,正常
2024-01-18 23:20:00,1,0.37799999999992906,0,正常
2024-01-18 23:30:00,1,4.427999999999997,0,正常
2024-01-18 23:40:00,1,2.543999999999869,0,正常
2024-01-18 23:50:00,1,0.14400000000000546,0,正常
2024-01-19 00:00:00,1,3.408000000000243,0,正常
2024-01-19 00:10:00,1,1.2719999999999345,0,正常
2024-01-19 00:20:00,1,6.317999999999984,0,正常
2024-01-19 00:30:00,1,1.6560000000000628,0,正常
2024-01-19 00:40:00,1,2.3579999999998336,0,正常
2024-01-19 00:50:00,1,1.8000000000000682,0,正常
2024-01-19 01:00:00,1,2.95799999999997,0,正常
2024-01-19 01:10:00,1,1.2299999999999045,0,正常
2024-01-19 01:20:00,1,0.75,0,正常
2024-01-19 01:30:00,1,2.2200000000000273,0,正常
2024-01-19 01:40:00,1,1.3800000000001091,0,正常
2024-01-19 01:50:00,1,1.7639999999998963,0,正常
2024-01-19 02:00:00,1,1.1999999999999318,0,正常
2024-01-19 02:10:00,1,0.8640000000000327,0,正常
2024-01-19 02:20:00,1,1.8899999999999864,0,正常
2024-01-19 02:30:00,1,2.8980000000000246,0,正常
2024-01-19 02:40:00,1,1.3559999999999945,0,正常
2024-01-19 02:50:00,1,0.4619999999999891,0,正常
2024-01-19 03:00:00,1,2.7360000000001037,0,正常
2024-01-19 03:10:00,1,3.6120000000001937,0,正常
2024-01-19 03:20:00,1,1.919999999999959,0,正常
2024-01-19 03:30:00,1,0.5339999999999918,0,正常
2024-01-19 03:40:00,1,2.0699999999998226,0,正常
2024-01-19 03:50:00,1,1.71000000000015,0,正常
2024-01-19 04:00:00,1,3.209999999999809,0,正常
2024-01-19 04:10:00,1,0.3240000000001828,0,正常
2024-01-19 04:20:00,1,2.1959999999999127,0,正常
2024-01-19 04:30:00,1,2.95799999999997,0,正常
2024-01-19 04:40:00,1,0.8580000000001746,0,正常
2024-01-19 04:50:00,1,2.2200000000000273,0,正常
2024-01-19 05:00:00,1,1.0379999999996699,0,正常
2024-01-19 05:10:00,1,2.874000000000251,0,正常
2024-01-19 05:20:00,1,1.4459999999999127,0,正常
2024-01-19 05:30:00,1,1.0679999999999836,0,正常
2024-01-19 05:40:00,1,3.372000000000071,0,正常
2024-01-19 05:50:00,1,2.3999999999998636,0,正常
2024-01-19 06:00:00,1,1.8660000000002128,0,正常
2024-01-19 06:10:00,1,4.991999999999962,0,正常
2024-01-19 06:20:00,1,0.8879999999998063,0,正常
2024-01-19 06:30:00,1,1.4400000000000546,0,正常
2024-01-19 06:40:00,1,3.9299999999998363,0,正常
2024-01-19 06:50:00,1,1.0560000000002674,0,正常
2024-01-19 07:00:00,1,0.503999999999678,0,正常
2024-01-19 07:10:00,1,0.9420000000002346,0,正常
2024-01-19 07:20:00,1,1.4640000000001692,0,正常
2024-01-19 07:30:00,1,2.6820000000000164,0,正常
2024-01-19 07:40:00,1,0.011999999999716238,0,正常
2024-01-19 07:50:00,1,4.206000000000131,0,正常
2024-01-19 08:00:00,1,1.6980000000000928,0,正常
2024-01-19 08:10:00,1,0.23999999999978172,0,正常
2024-01-19 08:20:00,1,0.6959999999999127,0,正常
2024-01-19 08:30:00,1,3.744000000000142,0,正常
2024-01-19 08:40:00,1,2.616000000000213,0,正常
2024-01-19 08:50:00,1,2.177999999999656,0,正常
2024-01-19 09:00:00,1,0.18600000000037653,0,正常
2024-01-19 09:10:00,1,3.4799999999995634,0,正常
2024-01-19 09:20:00,1,1.0740000000005239,0,正常
2024-01-19 09:30:00,1,0.4379999999998745,0,正常
2024-01-19 09:40:00,1,5.682000000000016,0,正常
2024-01-19 09:50:00,1,0.9959999999996398,0,正常
2024-01-19 10:00:00,1,0.8880000000001473,0,正常
2024-01-19 10:10:00,1,0.7380000000002838,0,正常
2024-01-19 10:20:00,1,5.177999999999656,0,正常
2024-01-19 10:30:00,1,2.3099999999999454,0,正常
2024-01-19 10:40:00,1,0.012000000000398359,0,正常
2024-01-19 10:50:00,1,5.597999999999956,0,正常
2024-01-19 11:00:00,1,0.8640000000000327,0,正常
2024-01-19 11:10:00,1,3.539999999999509,0,正常
2024-01-19 11:20:00,1,0.2039999999999509,0,正常
2024-01-19 11:30:00,1,0.6180000000003929,0,正常
2024-01-19 11:40:00,1,0.04199999999968895,0,正常
2024-01-19 11:50:00,1,0.6840000000001965,0,正常
2024-01-19 12:00:00,1,0.7799999999999727,0,正常
2024-01-19 12:10:00,1,4.290000000000191,0,正常
2024-01-19 12:20:00,1,0.7079999999996289,0,正常
2024-01-19 12:30:00,1,2.0580000000004475,0,正常
2024-01-19 12:40:00,1,1.001999999999498,0,正常
2024-01-19 12:50:00,1,0.3060000000002674,0,正常
2024-01-19 13:00:00,1,4.950000000000273,0,正常
2024-01-19 13:10:00,1,0.07799999999951979,0,正常
2024-01-19 13:20:00,1,2.046000000000049,0,正常
2024-01-19 13:30:00,1,3.3479999999999563,0,正常
2024-01-19 13:40:00,1,0.14400000000000546,0,正常
2024-01-19 13:50:00,1,1.2180000000005293,0,正常
2024-01-19 14:00:00,1,2.843999999999596,0,正常
2024-01-19 14:10:00,1,0.3900000000003274,0,正常
2024-01-19 14:20:00,1,0.22199999999952524,0,正常
2024-01-19 14:30:00,1,1.0740000000005239,0,正常
2024-01-19 14:40:00,1,3.7619999999997162,0,正常
2024-01-19 14:50:00,1,0.8399999999999181,0,正常
2024-01-19 15:00:00,1,0.024000000000114596,0,正常
2024-01-19 15:10:00,1,1.2239999999997053,0,正常
2024-01-19 15:20:00,1,3.0060000000005402,0,正常
2024-01-19 15:30:00,1,0.22199999999952524,0,正常
2024-01-19 15:40:00,1,1.9200000000003001,0,正常
2024-01-19 15:50:00,1,3.0719999999996617,0,正常
2024-01-19 16:00:00,1,0.7320000000004256,0,正常
2024-01-19 16:10:00,1,0.6959999999999127,0,正常
2024-01-19 16:20:00,1,3.461999999999989,0,正常
2024-01-19 16:30:00,1,0.875999999999749,0,正常
2024-01-19 16:40:00,1,0.9720000000002074,0,正常
2024-01-19 16:50:00,1,3.41399999999976,0,正常
2024-01-19 17:00:00,1,0.7259999999998854,0,正常
2024-01-19 17:10:00,1,0.012000000000398359,0,正常
2024-01-19 17:20:00,1,0.7259999999998854,0,正常
2024-01-19 17:30:00,1,5.304000000000087,0,正常
2024-01-19 17:40:00,1,0.31799999999998363,0,正常
2024-01-19 17:50:00,1,1.9020000000000437,0,正常
2024-01-19 18:00:00,1,1.5,0,正常
2024-01-19 18:10:00,1,1.5359999999998308,0,正常
2024-01-19 18:20:00,1,2.0279999999997926,0,正常
2024-01-19 18:30:00,1,2.832000000000562,0,正常
2024-01-19 18:40:00,1,3.137999999999465,0,正常
2024-01-19 18:50:00,1,2.7660000000000764,0,正常
2024-01-19 19:00:00,1,0.7020000000004529,0,正常
2024-01-19 19:10:00,1,1.3079999999997654,0,正常
2024-01-19 19:20:00,1,1.872000000000071,0,正常
2024-01-19 19:30:00,1,0.3660000000002128,0,正常
2024-01-19 19:40:00,1,0.023999999999432475,0,正常
2024-01-19 19:50:00,1,1.8060000000002674,0,正常
2024-01-19 20:00:00,1,1.8479999999999563,0,正常
2024-01-19 20:10:00,1,2.1959999999999127,0,正常
2024-01-19 20:20:00,1,0.17399999999997817,0,正常
2024-01-19 20:30:00,1,0.3900000000003274,0,正常
2024-01-19 20:40:00,1,2.7779999999997926,0,正常
2024-01-19 20:50:00,1,1.6380000000001473,0,正常
2024-01-19 21:00:00,1,2.4299999999998363,0,正常
2024-01-19 21:10:00,1,0.6540000000002237,0,正常
2024-01-19 21:20:00,1,2.8500000000001364,0,正常
2024-01-19 21:30:00,1,0.5760000000000218,0,正常
2024-01-19 21:40:00,1,0.6719999999997981,0,正常
2024-01-19 21:50:00,1,1.3679999999997108,0,正常
2024-01-19 22:00:00,1,1.9919999999999618,0,正常
2024-01-19 22:10:00,1,0.7140000000001692,0,正常
2024-01-19 22:20:00,1,3.372000000000071,0,正常
2024-01-19 22:30:00,1,0.2039999999999509,0,正常
2024-01-19 22:40:00,1,0.37799999999992906,0,正常
2024-01-19 22:50:00,1,1.8600000000003547,0,正常
2024-01-19 23:00:00,1,2.25,0,正常
2024-01-19 23:10:00,1,1.4459999999999127,0,正常
2024-01-19 23:20:00,1,2.2259999999998854,0,正常
2024-01-19 23:30:00,1,0.27599999999961256,0,正常
2024-01-19 23:40:00,1,0.16800000000012005,0,正常
2024-01-19 23:50:00,1,3.882000000000289,0,正常
2024-01-20 00:00:00,1,1.3979999999996835,0,正常
2024-01-20 00:10:00,1,0.012000000000398359,0,正常
2024-01-20 00:20:00,1,2.5199999999997544,0,正常
2024-01-20 00:30:00,1,0.4379999999998745,0,正常
2024-01-20 00:40:00,1,0.04800000000022919,0,正常
2024-01-20 00:50:00,1,0.8159999999998035,0,正常
2024-01-20 01:00:00,1,0.4079999999999018,0,正常
2024-01-20 01:10:00,1,2.2560000000005402,0,正常
2024-01-20 01:20:00,1,2.508000000000038,0,正常
2024-01-20 01:30:00,1,1.4039999999995416,0,正常
2024-01-20 01:40:00,1,0.5040000000003602,0,正常
2024-01-20 01:50:00,1,1.6739999999999782,0,正常
2024-01-20 02:00:00,1,0.419999999999618,0,正常
2024-01-20 02:10:00,1,1.6799999999998363,0,正常
2024-01-20 02:20:00,1,0.8820000000002892,0,正常
2024-01-20 02:30:00,1,1.4340000000001965,0,正常
2024-01-20 02:40:00,1,1.2360000000001037,0,正常
2024-01-20 02:50:00,1,1.6379999999994652,0,正常
2024-01-20 03:00:00,1,2.5140000000005784,0,正常
2024-01-20 03:10:00,1,0.42599999999947613,0,正常
2024-01-20 03:20:00,1,0.42600000000015825,0,正常
2024-01-20 03:30:00,1,0.9239999999999782,0,正常
2024-01-20 03:40:00,1,0.31799999999998363,0,正常
2024-01-20 03:50:00,1,1.2660000000000764,0,正常
2024-01-20 04:00:00,1,2.1419999999998254,0,正常
2024-01-20 04:10:00,1,2.08199999999988,0,正常
2024-01-20 04:20:00,1,9.270000000000437,0,正常
2024-01-20 04:30:00,1,2.5679999999999836,0,正常
2024-01-20 04:40:00,1,3.4860000000001037,0,正常
2024-01-20 04:50:00,1,0.5699999999994816,0,正常
2024-01-20 05:00:00,1,2.412000000000262,0,正常
2024-01-20 05:10:00,1,1.1820000000000164,0,正常
2024-01-20 05:20:00,1,1.16399999999976,0,正常
2024-01-20 05:30:00,1,3.0599999999999454,0,正常
2024-01-20 05:40:00,1,0.8520000000003165,0,正常
2024-01-20 05:50:00,1,2.91599999999994,0,正常
2024-01-20 06:00:00,1,1.7039999999999509,0,正常
2024-01-20 06:10:00,1,4.398000000000366,0,正常
2024-01-20 06:20:00,1,1.0319999999994707,0,正常
2024-01-20 06:30:00,1,3.954000000000633,0,正常
2024-01-20 06:40:00,1,0.7079999999996289,0,正常
2024-01-20 06:50:00,1,4.1700000000003,0,正常
2024-01-20 07:00:00,1,2.957999999999629,0,正常
2024-01-20 07:10:00,1,1.4400000000000546,0,正常
2024-01-20 07:20:00,1,0.8220000000003438,0,正常
2024-01-20 07:30:00,1,2.3519999999996344,0,正常
2024-01-20 07:40:00,1,3.630000000000109,0,正常
2024-01-20 07:50:00,1,0.10800000000017462,0,正常
2024-01-20 08:00:00,1,0.011999999999716238,0,正常
2024-01-20 08:10:00,1,2.580000000000382,0,正常
2024-01-20 08:20:00,1,0.029999999999972715,0,正常
2024-01-20 08:30:00,1,1.001999999999498,0,正常
2024-01-20 08:40:00,1,1.7039999999999509,0,正常
2024-01-20 08:50:00,1,0.6120000000005348,0,正常
2024-01-20 09:00:00,1,2.1599999999993997,0,正常
2024-01-20 09:10:00,1,1.6980000000000928,0,正常
2024-01-20 09:20:00,1,0.4079999999999018,0,正常
2024-01-20 09:30:00,1,0.8580000000001746,0,正常
2024-01-20 09:40:00,1,2.5560000000002674,0,正常
2024-01-20 09:50:00,1,1.5659999999998035,0,正常
2024-01-20 10:00:00,1,0.3600000000003547,0,正常
2024-01-20 10:10:00,1,4.152000000000044,0,正常
2024-01-20 10:20:00,1,3.8940000000000055,0,正常
2024-01-20 10:30:00,1,0.005999999999858119,0,正常
2024-01-20 10:40:00,1,1.3559999999999945,0,正常
2024-01-20 10:50:00,1,1.0139999999998963,0,正常
2024-01-20 11:00:00,1,1.5959999999997763,0,正常
2024-01-20 11:10:00,1,0.5880000000004202,0,正常
2024-01-20 11:20:00,1,1.8539999999998145,0,正常
2024-01-20 11:30:00,1,0.2880000000000109,0,正常
2024-01-20 11:40:00,1,2.1119999999998527,0,正常
2024-01-20 11:50:00,1,1.6739999999999782,0,正常
2024-01-20 12:00:00,1,0.6719999999997981,0,正常
2024-01-20 12:10:00,1,1.908000000000584,0,正常
2024-01-20 12:20:00,1,1.169999999999618,0,正常
2024-01-20 12:30:00,1,0.15600000000040382,0,正常
2024-01-20 12:40:00,1,0.959999999999809,0,正常
2024-01-20 12:50:00,1,1.1339999999997872,0,正常
2024-01-20 13:00:00,1,2.8019999999999072,0,正常
2024-01-20 13:10:00,1,0.2880000000000109,0,正常
2024-01-20 13:20:00,1,0.7559999999998581,0,正常
2024-01-20 13:30:00,1,3.450000000000273,0,正常
2024-01-20 13:40:00,1,1.2719999999999345,0,正常
2024-01-20 13:50:00,1,1.5659999999998035,0,正常
2024-01-20 14:00:00,1,2.08800000000042,0,正常
2024-01-20 14:10:00,1,1.3559999999999945,0,正常
2024-01-20 14:20:00,1,0.9119999999995798,0,正常
2024-01-20 14:30:00,1,0.5820000000005621,0,正常
2024-01-20 14:40:00,1,0.9839999999999236,0,正常
2024-01-20 14:50:00,1,3.671999999999798,0,正常
2024-01-20 15:00:00,1,1.6739999999999782,0,正常
2024-01-20 15:10:00,1,1.1820000000000164,0,正常
2024-01-20 15:20:00,1,1.3859999999999673,0,正常
2024-01-20 15:30:00,1,0.4860000000001037,0,正常
2024-01-20 15:40:00,1,0.40200000000004366,0,正常
2024-01-20 15:50:00,1,1.7999999999997272,0,正常
2024-01-20 16:00:00,1,0.83400000000006,0,正常
2024-01-20 16:10:00,1,1.8660000000002128,0,正常
2024-01-20 16:20:00,1,0.7980000000002292,0,正常
2024-01-20 16:30:00,1,1.3439999999995962,0,正常
2024-01-20 16:40:00,1,0.7440000000001419,0,正常
2024-01-20 16:50:00,1,1.5299999999999727,0,正常
2024-01-20 17:00:00,1,0.37799999999992906,0,正常
2024-01-20 17:10:00,1,0.9899999999997817,0,正常
2024-01-20 17:20:00,1,3.83400000000006,0,正常
2024-01-20 17:30:00,1,0.21000000000049113,0,正常
2024-01-20 17:40:00,1,3.875999999999749,0,正常
2024-01-20 17:50:00,1,0.5160000000000764,0,正常
2024-01-20 18:00:00,1,0.035999999999830834,0,正常
2024-01-20 18:10:00,1,2.076000000000022,0,正常
2024-01-20 18:20:00,1,2.1419999999998254,0,正常
2024-01-20 18:30:00,1,0.2520000000001801,0,正常
2024-01-20 18:40:00,1,0.11400000000003274,0,正常
2024-01-20 18:50:00,1,0.5100000000002183,0,正常
2024-01-20 19:00:00,1,0.8099999999999454,0,正常
2024-01-20 19:10:00,1,0.42600000000015825,0,正常
2024-01-20 19:20:00,1,2.585999999999558,0,正常
2024-01-20 19:30:00,1,0.6959999999999127,0,正常
2024-01-20 19:40:00,1,1.6980000000000928,0,正常
2024-01-20 19:50:00,1,1.3980000000003656,0,正常
2024-01-20 20:00:00,1,0.11999999999989086,0,正常
2024-01-20 20:10:00,1,0.04799999999954707,0,正常
2024-01-20 20:20:00,1,1.3559999999999945,0,正常
2024-01-20 20:30:00,1,0.18600000000037653,0,正常
2024-01-20 20:40:00,1,1.5659999999998035,0,正常
2024-01-20 20:50:00,1,3.1080000000001746,0,正常
2024-01-20 21:00:00,1,0.5460000000000491,0,正常
2024-01-20 21:10:00,1,0.3120000000001255,0,正常
2024-01-20 21:20:00,1,2.177999999999656,0,正常
2024-01-20 21:30:00,1,1.211999999999989,0,正常
2024-01-20 21:40:00,1,2.034000000000333,0,正常
2024-01-20 21:50:00,1,2.880000000000109,0,正常
2024-01-20 22:00:00,1,0.10199999999963438,0,正常
2024-01-20 22:10:00,1,1.1339999999997872,0,正常
2024-01-20 22:20:00,1,0.75,0,正常
2024-01-20 22:30:00,1,0.3840000000004693,0,正常
2024-01-20 22:40:00,1,6.011999999999716,0,正常
2024-01-20 22:50:00,1,5.958000000000311,0,正常
2024-01-20 23:00:00,1,2.9339999999995143,0,正常
2024-01-20 23:10:00,1,0.330000000000382,0,正常
2024-01-20 23:20:00,1,1.127999999999929,0,正常
2024-01-20 23:30:00,1,2.5799999999997,0,正常
2024-01-20 23:40:00,1,0.1800000000005184,0,正常
2024-01-20 23:50:00,1,1.1159999999995307,0,正常
2024-01-21 00:00:00,1,1.2360000000001037,0,正常
2024-01-21 00:10:00,1,1.2000000000002728,0,正常
2024-01-21 00:20:00,1,0.6359999999999673,0,正常
2024-01-21 00:30:00,1,4.055999999999585,0,正常
2024-01-21 00:40:00,1,1.206000000000131,0,正常
2024-01-21 00:50:00,1,1.41599999999994,0,正常
2024-01-21 01:00:00,1,0.2639999999998963,0,正常
2024-01-21 01:10:00,1,4.746000000000322,0,正常
2024-01-21 01:20:00,1,0.32399999999984175,0,正常
2024-01-21 01:30:00,1,0.09600000000045839,0,正常
2024-01-21 01:40:00,1,2.789999999999509,0,正常
2024-01-21 01:50:00,1,0.7680000000002565,0,正常
2024-01-21 02:00:00,1,3.546000000000049,0,正常
2024-01-21 02:10:00,1,0.4379999999998745,0,正常
2024-01-21 02:20:00,1,2.9340000000001965,0,正常
2024-01-21 02:30:00,1,1.4519999999997708,0,正常
2024-01-21 02:40:00,1,2.1000000000001364,0,正常
2024-01-21 02:50:00,1,2.6520000000000437,0,正常
2024-01-21 03:00:00,1,0.8459999999997763,0,正常
2024-01-21 03:10:00,1,1.1520000000000437,0,正常
2024-01-21 03:20:00,1,0.8159999999998035,0,正常
2024-01-21 03:30:00,1,2.3099999999999454,0,正常
2024-01-21 03:40:00,1,2.1480000000003656,0,正常
2024-01-21 03:50:00,1,0.3120000000001255,0,正常
2024-01-21 04:00:00,1,1.631999999999607,0,正常
2024-01-21 04:10:00,1,0.9300000000005184,0,正常
2024-01-21 04:20:00,1,1.0739999999998417,0,正常
2024-01-21 04:30:00,1,2.4359999999996944,0,正常
2024-01-21 04:40:00,1,6.0,0,正常
2024-01-21 04:50:00,1,2.6820000000000164,0,正常
2024-01-21 05:00:00,1,2.790000000000191,0,正常
2024-01-21 05:10:00,1,3.288000000000011,0,正常
2024-01-21 05:20:00,1,2.6760000000001583,1,关注
2024-01-21 05:30:00,1,1.16399999999976,0,正常
2024-01-21 05:40:00,1,0.7440000000001419,0,正常
2024-01-21 05:50:00,1,2.1839999999995143,0,正常
2024-01-21 06:00:00,1,3.492000000000644,0,正常
2024-01-21 06:10:00,1,2.381999999999607,0,正常
2024-01-21 06:20:00,1,0.14999999999986358,0,正常
2024-01-21 06:30:00,1,1.1040000000004966,0,正常
2024-01-21 06:40:00,1,2.201999999999771,0,正常
2024-01-21 06:50:00,1,0.4860000000001037,0,正常
2024-01-21 07:00:00,1,2.2679999999995744,0,正常
2024-01-21 07:10:00,1,0.5460000000000491,0,正常
2024-01-21 07:20:00,1,1.038000000000011,0,正常
2024-01-21 07:30:00,1,1.2660000000000764,0,正常
2024-01-21 07:40:00,1,0.8399999999999181,0,正常
2024-01-21 07:50:00,1,2.376000000000431,0,正常
2024-01-21 08:00:00,1,0.07799999999951979,0,正常
2024-01-21 08:10:00,1,4.332000000000562,0,正常
2024-01-21 08:20:00,1,0.8999999999998636,0,正常
2024-01-21 08:30:00,1,0.791999999999689,0,正常
2024-01-21 08:40:00,1,1.211999999999989,0,正常
2024-01-21 08:50:00,1,1.4100000000000819,0,正常
2024-01-21 09:00:00,1,1.2419999999999618,0,正常
2024-01-21 09:10:00,1,0.8820000000002892,0,正常
2024-01-21 09:20:00,1,3.546000000000049,0,正常
2024-01-21 09:30:00,1,1.1039999999998145,0,正常
2024-01-21 09:40:00,1,3.923999999999978,0,正常
2024-01-21 09:50:00,1,2.1540000000002237,0,正常
2024-01-21 10:00:00,1,4.391999999999825,0,正常
2024-01-21 10:10:00,1,1.0679999999999836,0,正常
2024-01-21 10:20:00,1,3.299999999999727,0,正常
2024-01-21 10:30:00,1,1.8600000000003547,0,正常
2024-01-21 10:40:00,1,0.7859999999998308,0,正常
2024-01-21 10:50:00,1,0.13800000000014734,0,正常
2024-01-21 11:00:00,1,2.6579999999999018,0,正常
2024-01-21 11:10:00,1,1.1579999999999018,0,正常
2024-01-21 11:20:00,1,1.7339999999999236,0,正常
2024-01-21 11:30:00,1,3.5940000000002783,0,正常
2024-01-21 11:40:00,1,3.0,0,正常
2024-01-21 11:50:00,1,1.4279999999996562,0,正常
2024-01-21 12:00:00,1,1.75200000000018,0,正常
2024-01-21 12:10:00,1,2.130000000000109,0,正常
2024-01-21 12:20:00,1,3.1499999999998636,0,正常
2024-01-21 12:30:00,1,0.6540000000002237,0,正常
2024-01-21 12:40:00,1,0.4439999999997326,0,正常
2024-01-21 12:50:00,1,8.975999999999885,0,正常
2024-01-21 13:00:00,1,0.12000000000057298,0,正常
2024-01-21 13:10:00,1,5.633999999999787,0,正常
2024-01-21 13:20:00,1,1.0139999999998963,0,正常
2024-01-21 13:30:00,1,3.3539999999998145,0,正常
2024-01-21 13:40:00,1,0.4860000000001037,0,正常
2024-01-21 13:50:00,1,2.214000000000169,0,正常
2024-01-21 14:00:00,1,3.6119999999998527,0,正常
2024-01-21 14:10:00,1,2.616000000000213,0,正常
2024-01-21 14:20:00,1,3.1919999999995525,0,正常
2024-01-21 14:30:00,1,1.2300000000002456,0,正常
2024-01-21 14:40:00,1,2.958000000000311,0,正常
2024-01-21 14:50:00,1,3.4499999999995907,0,正常
2024-01-21 15:00:00,1,0.6300000000001091,0,正常
2024-01-21 15:10:00,1,1.9079999999999018,0,正常
2024-01-21 15:20:00,1,3.1080000000001746,0,正常
2024-01-21 15:30:00,1,3.005999999999858,0,正常
2024-01-21 15:40:00,1,0.1020000000003165,0,正常
2024-01-21 15:50:00,1,1.6199999999998909,0,正常
2024-01-21 16:00:00,1,0.4919999999999618,0,正常
2024-01-21 16:10:00,1,1.6499999999998636,0,正常
2024-01-21 16:20:00,1,2.339999999999918,0,正常
2024-01-21 16:30:00,1,0.06599999999980355,0,正常
2024-01-21 16:40:00,1,11.83800000000042,0,正常
2024-01-21 16:50:00,1,0.5160000000000764,0,正常
2024-01-21 17:00:00,1,0.6300000000001091,0,正常
2024-01-21 17:10:00,1,0.06599999999980355,0,正常
2024-01-21 17:20:00,1,3.744000000000142,0,正常
2024-01-21 17:30:00,1,0.4739999999997053,0,正常
2024-01-21 17:40:00,1,6.828000000000202,0,正常
2024-01-21 17:50:00,1,0.9720000000002074,0,正常
2024-01-21 18:00:00,1,4.349999999999454,0,正常
2024-01-21 18:10:00,1,0.7980000000002292,0,正常
2024-01-21 18:20:00,1,1.5540000000000873,0,正常
2024-01-21 18:30:00,1,0.5279999999997926,0,正常
2024-01-21 18:40:00,1,0.44400000000041473,0,正常
2024-01-21 18:50:00,1,1.3499999999994543,0,正常
2024-01-21 19:00:00,1,1.3800000000001091,0,正常
2024-01-21 19:10:00,1,1.5899999999999181,0,正常
2024-01-21 19:20:00,1,5.322000000000344,0,正常
2024-01-21 19:30:00,1,1.4400000000000546,0,正常
2024-01-21 19:40:00,1,0.5339999999996508,0,正常
2024-01-21 19:50:00,1,4.2240000000003874,0,正常
2024-01-21 20:00:00,1,0.7439999999994598,0,正常
2024-01-21 20:10:00,1,1.211999999999989,0,正常
2024-01-21 20:20:00,1,1.956000000000131,0,正常
2024-01-21 20:30:00,1,0.75,0,正常
2024-01-21 20:40:00,1,1.6440000000000055,0,正常
2024-01-21 20:50:00,1,4.284000000000333,0,正常
2024-01-21 21:00:00,1,2.5799999999997,0,正常
2024-01-21 21:10:00,1,1.1700000000003001,0,正常
2024-01-21 21:20:00,1,2.1839999999995143,0,正常
2024-01-21 21:30:00,1,1.9800000000002456,0,正常
2024-01-21 21:40:00,1,0.44400000000041473,0,正常
2024-01-21 21:50:00,1,2.6039999999998145,0,正常
2024-01-21 22:00:00,1,0.4139999999997599,0,正常
2024-01-21 22:10:00,1,0.34799999999995634,0,正常
2024-01-21 22:20:00,1,1.542000000000371,0,正常
2024-01-21 22:30:00,1,3.7259999999998854,0,正常
2024-01-21 22:40:00,1,2.4839999999999236,0,正常
2024-01-21 22:50:00,1,5.351999999999634,0,正常
2024-01-21 23:00:00,1,2.5680000000006658,0,正常
2024-01-21 23:10:00,1,3.3599999999996726,0,正常
2024-01-21 23:20:00,1,0.45000000000027285,0,正常
2024-01-21 23:30:00,1,4.001999999999498,0,正常
2024-01-21 23:40:00,1,0.6840000000001965,0,正常
2024-01-21 23:50:00,1,0.5940000000002783,0,正常
2024-01-22 00:00:00,1,1.0199999999997544,0,正常
2024-01-22 00:10:00,1,0.7799999999999727,0,正常
2024-01-22 00:20:00,1,1.709999999999809,0,正常
2024-01-22 00:30:00,1,1.41599999999994,0,正常
2024-01-22 00:40:00,1,5.16599999999994,0,正常
2024-01-22 00:50:00,1,1.0560000000002674,0,正常
2024-01-22 01:00:00,1,1.4340000000001965,0,正常
2024-01-22 01:10:00,1,0.37200000000007094,0,正常
2024-01-22 01:20:00,1,0.4439999999997326,0,正常
2024-01-22 01:30:00,1,0.91800000000012,0,正常
2024-01-22 01:40:00,1,0.58199999999988,0,正常
2024-01-22 01:50:00,1,2.375999999999749,0,正常
2024-01-22 02:00:00,1,1.788000000000011,0,正常
2024-01-22 02:10:00,1,1.038000000000011,0,正常
2024-01-22 02:20:00,1,1.0560000000002674,0,正常
2024-01-22 02:30:00,1,1.5959999999997763,0,正常
2024-01-22 02:40:00,1,2.6340000000004693,0,正常
2024-01-22 02:50:00,1,1.9379999999998745,0,正常
2024-01-22 03:00:00,1,1.206000000000131,0,正常
2024-01-22 03:10:00,1,3.3299999999997,0,正常
2024-01-22 03:20:00,1,1.5120000000003984,0,正常
2024-01-22 03:30:00,1,0.629999999999427,0,正常
2024-01-22 03:40:00,1,0.19200000000023465,0,正常
2024-01-22 03:50:00,1,0.7319999999997435,0,正常
2024-01-22 04:00:00,1,0.5940000000002783,0,正常
2024-01-22 04:10:00,1,1.0979999999999563,0,正常
2024-01-22 04:20:00,1,3.9420000000002346,0,正常
2024-01-22 04:30:00,1,0.58199999999988,0,正常
2024-01-22 04:40:00,1,2.1840000000001965,0,正常
2024-01-22 04:50:00,1,0.209999999999809,0,正常
2024-01-22 05:00:00,1,0.5879999999997381,0,正常
2024-01-22 05:10:00,1,2.0940000000002783,0,正常
2024-01-22 05:20:00,1,4.698000000000093,0,正常
2024-01-22 05:30:00,1,0.08999999999991815,0,正常
2024-01-22 05:40:00,1,2.369999999999891,0,正常
2024-01-22 05:50:00,1,2.0640000000003056,0,正常
2024-01-22 06:00:00,1,1.0739999999998417,0,正常
2024-01-22 06:10:00,1,0.19199999999955253,0,正常
2024-01-22 06:20:00,1,3.612000000000535,0,正常
2024-01-22 06:30:00,1,0.2819999999994707,0,正常
2024-01-22 06:40:00,1,3.4200000000003,0,正常
2024-01-22 06:50:00,1,1.043999999999869,0,正常
2024-01-22 07:00:00,1,0.14400000000000546,0,正常
2024-01-22 07:10:00,1,1.7160000000003492,0,正常
2024-01-22 07:20:00,1,2.2319999999997435,0,正常
2024-01-22 07:30:00,1,0.05400000000008731,0,正常
2024-01-22 07:40:00,1,0.39600000000018554,0,正常
2024-01-22 07:50:00,1,4.949999999999591,0,正常
2024-01-22 08:00:00,1,0.7799999999999727,0,正常
2024-01-22 08:10:00,1,0.91800000000012,0,正常
2024-01-22 08:20:00,1,3.660000000000082,0,正常
2024-01-22 08:30:00,1,0.209999999999809,0,正常
2024-01-22 08:40:00,1,3.3900000000003274,0,正常
2024-01-22 08:50:00,1,0.1619999999995798,0,正常
2024-01-22 09:00:00,1,0.6900000000000546,0,正常
2024-01-22 09:10:00,1,4.2719999999999345,0,正常
2024-01-22 09:20:00,1,0.7560000000005402,0,正常
2024-01-22 09:30:00,1,2.3940000000000055,0,正常
2024-01-22 09:40:00,1,2.129999999999427,0,正常
2024-01-22 09:50:00,1,0.1500000000005457,0,正常
2024-01-22 10:00:00,1,1.2179999999998472,0,正常
2024-01-22 10:10:00,1,4.122000000000071,0,正常
2024-01-22 10:20:00,1,1.5179999999995744,0,正常
2024-01-22 10:30:00,1,0.9600000000004911,0,正常
2024-01-22 10:40:00,1,0.27599999999961256,0,正常
2024-01-22 10:50:00,1,0.07800000000020191,0,正常
2024-01-22 11:00:00,1,1.7820000000001528,0,正常
2024-01-22 11:10:00,1,1.5659999999998035,0,正常
2024-01-22 11:20:00,1,1.9679999999998472,0,正常
2024-01-22 11:30:00,1,1.043999999999869,0,正常
2024-01-22 11:40:00,1,0.24000000000046384,0,正常
2024-01-22 11:50:00,1,2.843999999999596,0,正常
2024-01-22 12:00:00,1,0.2760000000002947,0,正常
2024-01-22 12:10:00,1,2.4480000000000928,0,正常
2024-01-22 12:20:00,1,1.2719999999999345,0,正常
2024-01-22 12:30:00,1,1.41599999999994,0,正常
2024-01-22 12:40:00,1,2.412000000000262,0,正常
2024-01-22 12:50:00,1,1.1159999999995307,0,正常
2024-01-22 13:00:00,1,0.8699999999998909,0,正常
2024-01-22 13:10:00,1,0.21000000000049113,0,正常
2024-01-22 13:20:00,1,4.24799999999982,0,正常
2024-01-22 13:30:00,1,1.5959999999997763,0,正常
2024-01-22 13:40:00,1,0.9780000000000655,0,正常
2024-01-22 13:50:00,1,1.5540000000000873,0,正常
2024-01-22 14:00:00,1,1.6499999999998636,0,正常
2024-01-22 14:10:00,1,2.9759999999998854,0,正常
2024-01-22 14:20:00,1,0.6180000000003929,0,正常
2024-01-22 14:30:00,1,2.1359999999999673,0,正常
2024-01-22 14:40:00,1,1.961999999999989,0,正常
2024-01-22 14:50:00,1,0.4439999999997326,0,正常
2024-01-22 15:00:00,1,0.10800000000017462,0,正常
2024-01-22 15:10:00,1,2.6820000000000164,0,正常
2024-01-22 15:20:00,1,0.9059999999997217,0,正常
2024-01-22 15:30:00,1,1.8480000000006385,0,正常
2024-01-22 15:40:00,1,0.6119999999998527,0,正常
2024-01-22 15:50:00,1,0.7740000000001146,0,正常
2024-01-22 16:00:00,1,1.038000000000011,0,正常
2024-01-22 16:10:00,1,1.1339999999997872,0,正常
2024-01-22 16:20:00,1,5.016000000000076,0,正常
2024-01-22 16:30:00,1,0.16800000000012005,0,正常
2024-01-22 16:40:00,1,0.791999999999689,0,正常
2024-01-22 16:50:00,1,0.37799999999992906,0,正常
2024-01-22 17:00:00,1,2.3159999999998035,0,正常
2024-01-22 17:10:00,1,0.06600000000048567,0,正常
2024-01-22 17:20:00,1,1.4039999999995416,0,正常
2024-01-22 17:30:00,1,1.8479999999999563,0,正常
2024-01-22 17:40:00,1,0.204000000000633,0,正常
2024-01-22 17:50:00,1,1.33199999999988,0,正常
2024-01-22 18:00:00,1,3.4320000000000164,0,正常
2024-01-22 18:10:00,1,0.1559999999997217,0,正常
2024-01-22 18:20:00,1,0.39600000000018554,0,正常
2024-01-22 18:30:00,1,0.4979999999998199,0,正常
2024-01-22 18:40:00,1,0.2760000000002947,0,正常
2024-01-22 18:50:00,1,2.867999999999711,0,正常
2024-01-22 19:00:00,1,0.5760000000000218,0,正常
2024-01-22 19:10:00,1,1.7399999999997817,0,正常
2024-01-22 19:20:00,1,0.8160000000004857,0,正常
2024-01-22 19:30:00,1,0.3899999999996453,0,正常
2024-01-22 19:40:00,1,1.58400000000006,0,正常
2024-01-22 19:50:00,1,1.2419999999999618,0,正常
2024-01-22 20:00:00,1,0.18600000000037653,0,正常
2024-01-22 20:10:00,1,0.029999999999972715,0,正常
2024-01-22 20:20:00,1,1.169999999999618,0,正常
2024-01-22 20:30:00,1,2.4660000000003492,0,正常
2024-01-22 20:40:00,1,0.19800000000009277,0,正常
2024-01-22 20:50:00,1,2.9759999999998854,0,正常
2024-01-22 21:00:00,1,1.4519999999997708,0,正常
2024-01-22 21:10:00,1,0.04800000000022919,0,正常
2024-01-22 21:20:00,1,1.6980000000000928,0,正常
2024-01-22 21:30:00,1,1.3559999999999945,0,正常
2024-01-22 21:40:00,1,0.05399999999940519,0,正常
2024-01-22 21:50:00,1,0.11400000000003274,0,正常
2024-01-22 22:00:00,1,0.4860000000001037,0,正常
2024-01-22 22:10:00,1,0.5519999999999072,0,正常
2024-01-22 22:20:00,1,1.3859999999999673,0,正常
2024-01-22 22:30:00,1,0.5340000000003329,0,正常
2024-01-22 22:40:00,1,2.339999999999918,0,正常
2024-01-22 22:50:00,1,0.011999999999716238,0,正常
2024-01-22 23:00:00,1,0.13800000000014734,0,正常
2024-01-22 23:10:00,1,1.3260000000000218,0,正常
2024-01-22 23:20:00,1,0.7559999999998581,0,正常
2024-01-22 23:30:00,1,1.9380000000005566,0,正常
2024-01-22 23:40:00,1,0.09599999999977626,0,正常
2024-01-22 23:50:00,1,0.42600000000015825,0,正常
2024-01-23 00:00:00,1,1.6499999999998636,0,正常
2024-01-23 00:10:00,1,0.1559999999997217,0,正常
2024-01-23 00:20:00,1,0.07800000000020191,0,正常
2024-01-23 00:30:00,1,1.4280000000003383,0,正常
2024-01-23 00:40:00,1,1.0499999999997272,0,正常
2024-01-23 00:50:00,1,0.32399999999984175,0,正常
2024-01-23 01:00:00,1,4.800000000000409,0,正常
2024-01-23 01:10:00,1,0.8399999999999181,0,正常
2024-01-23 01:20:00,1,1.1099999999996726,0,正常
2024-01-23 01:30:00,1,1.5480000000002292,0,正常
2024-01-23 01:40:00,1,0.10800000000017462,0,正常
2024-01-23 01:50:00,1,4.6440000000000055,0,正常
2024-01-23 02:00:00,1,0.3599999999996726,0,正常
2024-01-23 02:10:00,1,0.19200000000023465,0,正常
2024-01-23 02:20:00,1,1.872000000000071,0,正常
2024-01-23 02:30:00,1,0.32999999999969987,0,正常
2024-01-23 02:40:00,1,0.5279999999997926,0,正常
2024-01-23 02:50:00,1,4.056000000000267,0,正常
2024-01-23 03:00:00,1,1.4640000000001692,0,正常
2024-01-23 03:10:00,1,0.16800000000012005,0,正常
2024-01-23 03:20:00,1,0.4439999999997326,0,正常
2024-01-23 03:30:00,1,0.6359999999999673,0,正常
2024-01-23 03:40:00,1,0.8880000000001473,0,正常
2024-01-23 03:50:00,1,0.6600000000000819,0,正常
2024-01-23 04:00:00,1,0.5279999999997926,0,正常
2024-01-23 04:10:00,1,1.0199999999997544,0,正常
2024-01-23 04:20:00,1,1.3980000000003656,0,正常
2024-01-23 04:30:00,1,0.32399999999984175,0,正常
2024-01-23 04:40:00,1,2.6039999999998145,0,正常
2024-01-23 04:50:00,1,0.29399999999986903,0,正常
2024-01-23 05:00:00,1,0.17399999999997817,0,正常
2024-01-23 05:10:00,1,2.711999999999989,0,正常
2024-01-23 05:20:00,1,0.83400000000006,0,正常
2024-01-23 05:30:00,1,0.1500000000005457,0,正常
2024-01-23 05:40:00,1,0.4439999999997326,0,正常
2024-01-23 05:50:00,1,1.4940000000001419,0,正常
2024-01-23 06:00:00,1,0.2039999999999509,0,正常
2024-01-23 06:10:00,1,0.6540000000002237,0,正常
2024-01-23 06:20:00,1,1.3079999999997654,0,正常
2024-01-23 06:30:00,1,0.04800000000022919,0,正常
2024-01-23 06:40:00,1,0.35399999999981446,0,正常
2024-01-23 06:50:00,1,1.3139999999996235,0,正常
2024-01-23 07:00:00,1,1.3140000000003056,0,正常
2024-01-23 07:10:00,1,1.1160000000002128,0,正常
2024-01-23 07:20:00,1,0.029999999999972715,0,正常
2024-01-23 07:30:00,1,0.08400000000006003,0,正常
2024-01-23 07:40:00,1,0.75,0,正常
2024-01-23 07:50:00,1,2.9459999999999127,0,正常
2024-01-23 08:00:00,1,0.12599999999974898,0,正常
2024-01-23 08:10:00,1,0.6540000000002237,0,正常
2024-01-23 08:20:00,1,0.06599999999980355,0,正常
2024-01-23 08:30:00,1,0.005999999999858119,0,正常
2024-01-23 08:40:00,1,0.08400000000006003,0,正常
2024-01-23 08:50:00,1,0.2520000000001801,0,正常
2024-01-23 09:00:00,1,0.6239999999995689,0,正常
2024-01-23 09:10:00,1,0.3420000000000982,0,正常
2024-01-23 09:20:00,1,0.3900000000003274,0,正常
2024-01-23 09:30:00,1,1.541999999999689,0,正常
2024-01-23 09:40:00,1,0.18600000000037653,0,正常
2024-01-23 09:50:00,1,1.4640000000001692,0,正常
2024-01-23 10:00:00,1,0.14400000000000546,0,正常
2024-01-23 10:10:00,1,9.131999999999607,0,正常
2024-01-23 10:20:00,1,0.29399999999986903,0,正常
2024-01-23 10:30:00,1,0.8220000000003438,0,正常
2024-01-23 10:40:00,1,2.994000000000142,0,正常
2024-01-23 10:50:00,1,0.05399999999940519,0,正常
2024-01-23 11:00:00,1,0.04800000000022919,0,正常
2024-01-23 11:10:00,1,2.3040000000000873,0,正常
2024-01-23 11:20:00,1,0.996000000000322,0,正常
2024-01-23 11:30:00,1,1.6379999999994652,0,正常
2024-01-23 11:40:00,1,0.19800000000009277,0,正常
2024-01-23 11:50:00,1,3.2339999999999236,0,正常
2024-01-23 12:00:00,1,2.868000000000393,0,正常
2024-01-23 12:10:00,1,0.209999999999809,0,正常
2024-01-23 12:20:00,1,1.7699999999997544,0,正常
2024-01-23 12:30:00,1,1.4640000000001692,0,正常
2024-01-23 12:40:00,1,1.5,0,正常
2024-01-23 12:50:00,1,0.8099999999999454,0,正常
2024-01-23 13:00:00,1,0.06599999999980355,0,正常
2024-01-23 13:10:00,1,0.45600000000013097,0,正常
2024-01-23 13:20:00,1,2.1359999999999673,0,正常
2024-01-23 13:30:00,1,1.3080000000004475,0,正常
2024-01-23 13:40:00,1,0.4679999999998472,0,正常
2024-01-23 13:50:00,1,0.5939999999995962,0,正常
2024-01-23 14:00:00,1,0.26400000000057844,0,正常
2024-01-23 14:10:00,1,2.08199999999988,0,正常
2024-01-23 14:20:00,1,0.07199999999966167,0,正常
2024-01-23 14:30:00,1,1.2600000000002183,0,正常
2024-01-23 14:40:00,1,3.503999999999678,0,正常
2024-01-23 14:50:00,1,0.6660000000006221,0,正常
2024-01-23 15:00:00,1,4.229999999999563,0,正常
2024-01-23 15:10:00,1,1.4040000000002237,0,正常
2024-01-23 15:20:00,1,2.214000000000169,0,正常
2024-01-23 15:30:00,1,0.1859999999996944,0,正常
2024-01-23 15:40:00,1,0.8459999999997763,0,正常
2024-01-23 15:50:00,1,0.47400000000038744,0,正常
2024-01-23 16:00:00,1,2.2679999999995744,0,正常
2024-01-23 16:10:00,1,1.6739999999999782,0,正常
2024-01-23 16:20:00,1,0.8040000000000873,0,正常
2024-01-23 16:30:00,1,0.2639999999998963,0,正常
2024-01-23 16:40:00,1,0.5760000000000218,0,正常
2024-01-23 16:50:00,1,0.8220000000003438,0,正常
2024-01-23 17:00:00,1,0.029999999999972715,0,正常
2024-01-23 17:10:00,1,0.5640000000003056,0,正常
2024-01-23 17:20:00,1,0.1079999999994925,0,正常
2024-01-23 17:30:00,1,2.6879999999998745,0,正常
2024-01-23 17:40:00,1,0.414000000000442,0,正常
2024-01-23 17:50:00,1,1.253999999999678,0,正常
2024-01-23 18:00:00,1,1.6800000000005184,0,正常
2024-01-23 18:10:00,1,0.32999999999969987,0,正常
2024-01-23 18:20:00,1,0.8520000000003165,0,正常
2024-01-23 18:30:00,1,0.6899999999993724,0,正常
2024-01-23 18:40:00,1,0.5580000000004475,0,正常
2024-01-23 18:50:00,1,6.089999999999918,0,正常
2024-01-23 19:00:00,1,2.4839999999999236,0,正常
2024-01-23 19:10:00,1,4.182000000000016,0,正常
2024-01-23 19:20:00,1,1.3200000000001637,0,正常
2024-01-23 19:30:00,1,0.035999999999830834,0,正常
2024-01-23 19:40:00,1,3.9780000000000655,0,正常
2024-01-23 19:50:00,1,2.1000000000001364,0,正常
2024-01-23 20:00:00,1,1.2719999999999345,0,正常
2024-01-23 20:10:00,1,0.5160000000000764,0,正常
2024-01-23 20:20:00,1,2.08199999999988,0,正常
2024-01-23 20:30:00,1,0.024000000000114596,0,正常
2024-01-23 20:40:00,1,0.5460000000000491,0,正常
2024-01-23 20:50:00,1,0.4079999999999018,0,正常
2024-01-23 21:00:00,1,0.04199999999968895,0,正常
2024-01-23 21:10:00,1,4.673999999999978,0,正常
2024-01-23 21:20:00,1,0.05400000000008731,0,正常
2024-01-23 21:30:00,1,0.2880000000000109,0,正常
2024-01-23 21:40:00,1,1.3980000000003656,0,正常
2024-01-23 21:50:00,1,1.5299999999999727,0,正常
2024-01-23 22:00:00,1,0.2880000000000109,0,正常
2024-01-23 22:10:00,1,0.19199999999955253,0,正常
2024-01-23 22:20:00,1,0.5040000000003602,0,正常
2024-01-23 22:30:00,1,0.6539999999995416,0,正常
2024-01-23 22:40:00,1,1.0979999999999563,0,正常
2024-01-23 22:50:00,1,1.6380000000001473,0,正常
2024-01-23 23:00:00,1,0.16800000000012005,0,正常
2024-01-23 23:10:00,1,0.2339999999999236,0,正常
2024-01-23 23:20:00,1,1.4700000000000273,0,正常
2024-01-23 23:30:00,1,0.5460000000000491,0,正常
2024-01-23 23:40:00,1,0.2760000000002947,0,正常
2024-01-23 23:50:00,1,0.7079999999996289,0,正常
2024-01-24 00:00:00,1,0.6900000000000546,0,正常
2024-01-24 00:10:00,1,0.7200000000000273,0,正常
2024-01-24 00:20:00,1,1.4759999999998854,0,正常
2024-01-24 00:30:00,1,0.6720000000004802,0,正常
2024-01-24 00:40:00,1,0.11399999999935062,0,正常
2024-01-24 00:50:00,1,1.0679999999999836,0,正常
2024-01-24 01:00:00,1,0.11400000000003274,0,正常
2024-01-24 01:10:00,1,1.290000000000191,0,正常
2024-01-24 01:20:00,1,0.6180000000003929,0,正常
2024-01-24 01:30:00,1,3.6959999999999127,0,正常
2024-01-24 01:40:00,1,0.7619999999997162,0,正常
2024-01-24 01:50:00,1,2.66399999999976,0,正常
2024-01-24 02:00:00,1,1.7340000000006057,0,正常
2024-01-24 02:10:00,1,2.291999999999689,0,正常
2024-01-24 02:20:00,1,2.6100000000003547,0,正常
2024-01-24 02:30:00,1,1.7279999999993834,0,正常
2024-01-24 02:40:00,1,0.09600000000045839,0,正常
2024-01-24 02:50:00,1,1.4759999999998854,0,正常
2024-01-24 03:00:00,1,0.5279999999997926,0,正常
2024-01-24 03:10:00,1,2.717999999999847,0,正常
2024-01-24 03:20:00,1,2.382000000000289,0,正常
2024-01-24 03:30:00,1,0.9120000000002619,0,正常
2024-01-24 03:40:00,1,1.4039999999995416,0,正常
2024-01-24 03:50:00,1,1.4100000000000819,0,正常
2024-01-24 04:00:00,1,0.08999999999991815,0,正常
2024-01-24 04:10:00,1,2.6760000000001583,0,正常
2024-01-24 04:20:00,1,0.6719999999997981,0,正常
2024-01-24 04:30:00,1,4.368000000000393,0,正常
2024-01-24 04:40:00,1,2.0639999999996235,0,正常
2024-01-24 04:50:00,1,0.48000000000024556,0,正常
2024-01-24 05:00:00,1,1.8839999999997872,0,正常
2024-01-24 05:10:00,1,0.44400000000041473,0,正常
2024-01-24 05:20:00,1,1.0259999999996126,0,正常
2024-01-24 05:30:00,1,0.43200000000001637,0,正常
2024-01-24 05:40:00,1,3.4020000000000437,0,正常
2024-01-24 05:50:00,1,0.19200000000023465,0,正常
2024-01-24 06:00:00,1,1.5119999999997162,0,正常
2024-01-24 06:10:00,1,0.624000000000251,0,正常
2024-01-24 06:20:00,1,0.58199999999988,0,正常
2024-01-24 06:30:00,1,0.1799999999998363,0,正常
2024-01-24 06:40:00,1,1.536000000000513,0,正常
2024-01-24 06:50:00,1,2.633999999999787,0,正常
2024-01-24 07:00:00,1,1.1939999999997326,0,正常
2024-01-24 07:10:00,1,0.22800000000006548,0,正常
2024-01-24 07:20:00,1,0.7920000000003711,0,正常
2024-01-24 07:30:00,1,3.1440000000000055,0,正常
2024-01-24 07:40:00,1,1.16399999999976,0,正常
2024-01-24 07:50:00,1,1.2300000000002456,0,正常
2024-01-24 08:00:00,1,0.1859999999996944,0,正常
2024-01-24 08:10:00,1,1.1820000000000164,0,正常
2024-01-24 08:20:00,1,0.07800000000020191,0,正常
2024-01-24 08:30:00,1,1.1159999999995307,0,正常
2024-01-24 08:40:00,1,0.15600000000040382,0,正常
2024-01-24 08:50:00,1,2.328000000000202,0,正常
2024-01-24 09:00:00,1,1.6799999999998363,0,正常
2024-01-24 09:10:00,1,0.7259999999998854,0,正常
2024-01-24 09:20:00,1,2.0940000000002783,0,正常
2024-01-24 09:30:00,1,1.2059999999994488,0,正常
2024-01-24 09:40:00,1,1.4400000000000546,0,正常
2024-01-24 09:50:00,1,0.5219999999999345,0,正常
2024-01-24 10:00:00,1,0.19800000000009277,0,正常
2024-01-24 10:10:00,1,1.5899999999999181,0,正常
2024-01-24 10:20:00,1,1.4820000000004256,0,正常
2024-01-24 10:30:00,1,0.3899999999996453,0,正常
2024-01-24 10:40:00,1,0.04800000000022919,0,正常
2024-01-24 10:50:00,1,2.74799999999982,0,正常
2024-01-24 11:00:00,1,0.40200000000004366,0,正常
2024-01-24 11:10:00,1,1.0560000000002674,0,正常
2024-01-24 11:20:00,1,2.117999999999711,0,正常
2024-01-24 11:30:00,1,2.4420000000002346,0,正常
2024-01-24 11:40:00,1,0.6300000000001091,0,正常
2024-01-24 11:50:00,1,0.5099999999995362,0,正常
2024-01-24 12:00:00,1,1.58400000000006,0,正常
2024-01-24 12:10:00,1,2.046000000000049,0,正常
2024-01-24 12:20:00,1,0.16200000000026193,0,正常
2024-01-24 12:30:00,1,0.3120000000001255,0,正常
2024-01-24 12:40:00,1,2.333999999999378,0,正常
2024-01-24 12:50:00,1,0.9000000000005457,0,正常
2024-01-24 13:00:00,1,0.4379999999998745,0,正常
2024-01-24 13:10:00,1,1.709999999999809,0,正常
2024-01-24 13:20:00,1,0.22800000000006548,0,正常
2024-01-24 13:30:00,1,0.8459999999997763,0,正常
2024-01-24 13:40:00,1,0.036000000000512955,0,正常
2024-01-24 13:50:00,1,0.07199999999966167,0,正常
2024-01-24 14:00:00,1,2.0279999999997926,0,正常
2024-01-24 14:10:00,1,0.3360000000002401,0,正常
2024-01-24 14:20:00,1,0.029999999999972715,0,正常
2024-01-24 14:30:00,1,1.038000000000011,0,正常
2024-01-24 14:40:00,1,0.11400000000003274,0,正常
2024-01-24 14:50:00,1,1.3260000000000218,0,正常
2024-01-24 15:00:00,1,0.9059999999997217,0,正常
2024-01-24 15:10:00,1,0.3840000000004693,0,正常
2024-01-24 15:20:00,1,4.961999999999989,0,正常
2024-01-24 15:30:00,1,0.3120000000001255,0,正常
2024-01-24 15:40:00,1,1.7699999999997544,0,正常
2024-01-24 15:50:00,1,0.4739999999997053,0,正常
2024-01-24 16:00:00,1,0.5940000000002783,0,正常
2024-01-24 16:10:00,1,1.91399999999976,0,正常
2024-01-24 16:20:00,1,0.06600000000048567,0,正常
2024-01-24 16:30:00,1,1.169999999999618,0,正常
2024-01-24 16:40:00,1,0.024000000000114596,0,正常
2024-01-24 16:50:00,1,1.9439999999997326,0,正常
2024-01-24 17:00:00,1,1.6920000000002346,0,正常
2024-01-24 17:10:00,1,0.6540000000002237,0,正常
2024-01-24 17:20:00,1,1.2360000000001037,0,正常
2024-01-24 17:30:00,1,0.6539999999995416,0,正常
2024-01-24 17:40:00,1,0.8099999999999454,0,正常
2024-01-24 17:50:00,1,0.330000000000382,0,正常
2024-01-24 18:00:00,1,0.9119999999995798,0,正常
2024-01-24 18:10:00,1,0.786000000000513,0,正常
2024-01-24 18:20:00,1,0.09599999999977626,0,正常
2024-01-24 18:30:00,1,1.2419999999999618,0,正常
2024-01-24 18:40:00,1,0.9780000000000655,0,正常
2024-01-24 18:50:00,1,0.19800000000009277,0,正常
2024-01-24 19:00:00,1,1.8479999999999563,0,正常
2024-01-24 19:10:00,1,0.011999999999716238,0,正常
2024-01-24 19:20:00,1,0.7140000000001692,0,正常
2024-01-24 19:30:00,1,0.37799999999992906,0,正常
2024-01-24 19:40:00,1,1.7039999999999509,0,正常
2024-01-24 19:50:00,1,0.07800000000020191,0,正常
2024-01-24 20:00:00,1,3.540000000000191,0,正常
2024-01-24 20:10:00,1,0.017999999999574356,0,正常
2024-01-24 20:20:00,1,0.04800000000022919,0,正常
2024-01-24 20:30:00,1,1.6499999999998636,0,正常
2024-01-24 20:40:00,1,0.5040000000003602,0,正常
2024-01-24 20:50:00,1,0.14999999999986358,0,正常
2024-01-24 21:00:00,1,0.66599999999994,0,正常
2024-01-24 21:10:00,1,0.05400000000008731,0,正常
2024-01-24 21:20:00,1,1.5119999999997162,0,正常
2024-01-24 21:30:00,1,1.127999999999929,0,正常
2024-01-24 21:40:00,1,0.6480000000003656,0,正常
2024-01-24 21:50:00,1,0.4139999999997599,0,正常
2024-01-24 22:00:00,1,0.5579999999997654,0,正常
2024-01-24 22:10:00,1,0.4619999999999891,0,正常
2024-01-24 22:20:00,1,0.26400000000057844,0,正常
2024-01-24 22:30:00,1,0.9539999999999509,0,正常
2024-01-24 22:40:00,1,0.5939999999995962,0,正常
2024-01-24 22:50:00,1,1.1760000000001583,0,正常
2024-01-24 23:00:00,1,0.11999999999989086,0,正常
2024-01-24 23:10:00,1,1.1400000000003274,0,正常
2024-01-24 23:20:00,1,0.13799999999946522,0,正常
2024-01-24 23:30:00,1,0.5040000000003602,0,正常
2024-01-24 23:40:00,1,0.5219999999999345,0,正常
2024-01-24 23:50:00,1,1.127999999999929,0,正常
2024-01-25 00:00:00,1,0.2639999999998963,0,正常
2024-01-25 00:10:00,1,2.00400000000036,0,正常
2024-01-25 00:20:00,1,0.27599999999961256,0,正常
2024-01-25 00:30:00,1,0.05400000000008731,0,正常
2024-01-25 00:40:00,1,0.7920000000003711,0,正常
2024-01-25 00:50:00,1,0.5519999999999072,0,正常
2024-01-25 01:00:00,1,0.9059999999997217,0,正常
2024-01-25 01:10:00,1,0.9539999999999509,0,正常
2024-01-25 01:20:00,1,0.018000000000256478,0,正常
2024-01-25 01:30:00,1,0.8999999999998636,0,正常
2024-01-25 01:40:00,1,0.7859999999998308,0,正常
2024-01-25 01:50:00,1,0.16200000000026193,0,正常
2024-01-25 02:00:00,1,0.07800000000020191,0,正常
2024-01-25 02:10:00,1,0.1619999999995798,0,正常
2024-01-25 02:20:00,1,0.37200000000007094,0,正常
2024-01-25 02:30:00,1,0.018000000000256478,0,正常
2024-01-25 02:40:00,1,0.27599999999961256,0,正常
2024-01-25 02:50:00,1,0.08999999999991815,0,正常
2024-01-25 03:00:00,1,0.6180000000003929,0,正常
2024-01-25 03:10:00,1,1.8839999999997872,0,正常
2024-01-25 03:20:00,1,1.0139999999998963,0,正常
2024-01-25 03:30:00,1,0.1020000000003165,0,正常
2024-01-25 03:40:00,1,0.2520000000001801,0,正常
2024-01-25 03:50:00,1,0.5160000000000764,0,正常
2024-01-25 04:00:00,1,0.05999999999994543,0,正常
2024-01-25 04:10:00,1,0.40200000000004366,0,正常
2024-01-25 04:20:00,1,0.7859999999998308,0,正常
2024-01-25 04:30:00,1,0.017999999999574356,0,正常
2024-01-25 04:40:00,1,0.19200000000023465,0,正常
2024-01-25 04:50:00,1,0.2880000000000109,0,正常
2024-01-25 05:00:00,1,0.029999999999972715,0,正常
2024-01-25 05:10:00,1,0.66599999999994,0,正常
2024-01-25 05:20:00,1,0.4619999999999891,0,正常
2024-01-25 05:30:00,1,0.1020000000003165,0,正常
2024-01-25 05:40:00,1,0.23999999999978172,0,正常
2024-01-25 05:50:00,1,0.209999999999809,0,正常
2024-01-25 06:00:00,1,0.26400000000057844,0,正常
2024-01-25 06:10:00,1,0.07199999999966167,0,正常
2024-01-25 06:20:00,1,0.21599999999966712,0,正常
2024-01-25 06:30:00,1,0.3900000000003274,0,正常
2024-01-25 06:40:00,1,1.2239999999997053,0,正常
2024-01-25 06:50:00,1,0.3420000000000982,0,正常
2024-01-25 07:00:00,1,0.9839999999999236,0,正常
2024-01-25 07:10:00,1,0.2820000000001528,0,正常
2024-01-25 07:20:00,1,0.1020000000003165,0,正常
2024-01-25 07:30:00,1,0.5579999999997654,0,正常
2024-01-25 07:40:00,1,0.6959999999999127,0,正常
2024-01-25 07:50:00,1,1.2360000000001037,0,正常
2024-01-25 08:00:00,1,0.4860000000001037,0,正常
2024-01-25 08:10:00,1,0.09599999999977626,0,正常
2024-01-25 08:20:00,1,0.9120000000002619,0,正常
2024-01-25 08:30:00,1,0.8219999999996617,0,正常
2024-01-25 08:40:00,1,0.6420000000005075,0,正常
2024-01-25 08:50:00,1,0.07199999999966167,0,正常
2024-01-25 09:00:00,1,0.7319999999997435,0,正常
2024-01-25 09:10:00,1,0.4680000000005293,0,正常
2024-01-25 09:20:00,1,0.3839999999997872,0,正常
2024-01-25 09:30:00,1,0.7259999999998854,0,正常
2024-01-25 09:40:00,1,1.2419999999999618,0,正常
2024-01-25 09:50:00,1,0.708000000000311,0,正常
2024-01-25 10:00:00,1,0.05400000000008731,0,正常
2024-01-25 10:10:00,1,0.11400000000003274,0,正常
2024-01-25 10:20:00,1,0.2339999999999236,0,正常
2024-01-25 10:30:00,1,0.7439999999994598,0,正常
2024-01-25 10:40:00,1,0.07800000000020191,0,正常
2024-01-25 10:50:00,1,0.22200000000020736,0,正常
2024-01-25 11:00:00,1,1.1099999999996726,0,正常
2024-01-25 11:10:00,1,0.0,0,正常
2024-01-25 11:20:00,1,0.9000000000005457,0,正常
2024-01-25 11:30:00,1,0.14999999999986358,0,正常
2024-01-25 11:40:00,1,0.0,0,正常
2024-01-25 11:50:00,1,1.625999999999749,0,正常
2024-01-25 12:00:00,1,1.3260000000000218,0,正常
2024-01-25 12:10:00,1,0.3360000000002401,0,正常
2024-01-25 12:20:00,1,0.5099999999995362,0,正常
2024-01-25 12:30:00,1,0.48000000000024556,0,正常
2024-01-25 12:40:00,1,0.23999999999978172,0,正常
2024-01-25 12:50:00,1,0.10800000000017462,0,正常
2024-01-25 13:00:00,1,0.024000000000114596,0,正常
2024-01-25 13:10:00,1,1.6140000000000327,0,正常
2024-01-25 13:20:00,1,0.27599999999961256,0,正常
2024-01-25 13:30:00,1,0.414000000000442,0,正常
2024-01-25 13:40:00,1,0.1319999999996071,0,正常
2024-01-25 13:50:00,1,0.624000000000251,0,正常
2024-01-25 14:00:00,1,0.1799999999998363,0,正常
2024-01-25 14:10:00,1,1.3859999999999673,0,正常
2024-01-25 14:20:00,1,0.08400000000006003,0,正常
2024-01-25 14:30:00,1,0.24000000000046384,0,正常
2024-01-25 14:40:00,1,0.0,0,正常
2024-01-25 14:50:00,1,0.335999999999558,0,正常
2024-01-25 15:00:00,1,0.11999999999989086,0,正常
2024-01-25 15:10:00,1,0.3060000000002674,0,正常
2024-01-25 15:20:00,1,0.17399999999997817,0,正常
2024-01-25 15:30:00,1,0.06599999999980355,0,正常
2024-01-25 15:40:00,1,0.5160000000000764,0,正常
2024-01-25 15:50:00,1,0.042000000000371074,0,正常
2024-01-25 16:00:00,1,0.17399999999997817,0,正常
2024-01-25 16:10:00,1,0.17399999999997817,0,正常
2024-01-25 16:20:00,1,0.011999999999716238,0,正常
2024-01-25 16:30:00,1,0.0,0,正常
2024-01-25 16:40:00,1,0.37200000000007094,0,正常
2024-01-25 16:50:00,1,0.04800000000022919,0,正常
2024-01-25 17:00:00,1,0.08999999999991815,0,正常
2024-01-25 17:10:00,1,0.06599999999980355,0,正常
2024-01-25 17:20:00,1,0.09599999999977626,0,正常
2024-01-25 17:30:00,1,0.2760000000002947,0,正常
2024-01-25 17:40:00,1,0.011999999999716238,0,正常
2024-01-25 17:50:00,1,0.036000000000512955,0,正常
2024-01-25 18:00:00,1,0.0,0,正常
2024-01-25 18:10:00,1,0.023999999999432475,0,正常
2024-01-25 18:20:00,1,0.14400000000000546,0,正常
2024-01-25 18:30:00,1,0.00600000000054024,0,正常
2024-01-25 18:40:00,1,0.10199999999963438,0,正常
2024-01-25 18:50:00,1,0.0,0,正常
2024-01-25 19:00:00,1,0.0,0,正常
2024-01-25 19:10:00,1,0.1020000000003165,0,正常
2024-01-25 19:20:00,1,0.005999999999858119,0,正常
2024-01-25 19:30:00,1,0.0,0,正常
2024-01-25 19:40:00,1,0.08999999999991815,0,正常
2024-01-25 19:50:00,1,0.1020000000003165,0,正常
2024-01-25 20:00:00,1,0.0,0,正常
2024-01-25 20:10:00,1,0.04799999999954707,0,正常
2024-01-25 20:20:00,1,0.08999999999991815,0,正常
2024-01-25 20:30:00,1,0.024000000000114596,0,正常
2024-01-25 20:40:00,1,0.0,0,正常
2024-01-25 20:50:00,1,0.005999999999858119,0,正常
2024-01-25 21:00:00,1,0.06000000000062755,0,正常
2024-01-25 21:10:00,1,0.023999999999432475,0,正常
2024-01-25 21:20:00,1,0.05400000000008731,0,正常
2024-01-25 21:30:00,1,0.012000000000398359,0,正常
2024-01-25 21:40:00,1,0.04799999999954707,0,正常
2024-01-25 21:50:00,1,0.0,0,正常
2024-01-25 22:00:00,1,0.0,0,正常
2024-01-25 22:10:00,1,0.05400000000008731,0,正常
2024-01-25 22:20:00,1,0.029999999999972715,0,正常
2024-01-25 22:30:00,1,0.0,0,正常
2024-01-25 22:40:00,1,0.029999999999972715,0,正常
2024-01-25 22:50:00,1,0.14400000000000546,0,正常
2024-01-25 23:00:00,1,0.0,0,正常
2024-01-25 23:10:00,1,-0.14400000000000546,0,正常
2024-01-25 23:20:00,1,0.14400000000000546,0,正常
2024-01-25 23:30:00,1,0.036000000000512955,0,正常
2024-01-25 23:40:00,1,0.0,0,正常
2024-01-25 23:50:00,1,0.0,0,正常
2024-01-26 00:00:00,1,0.0,0,正常
2024-01-26 00:10:00,1,0.029999999999972715,0,正常
2024-01-26 00:20:00,1,0.035999999999830834,0,正常
2024-01-26 00:30:00,1,0.0,0,正常
2024-01-26 00:40:00,1,0.024000000000114596,0,正常
2024-01-26 00:50:00,1,0.017999999999574356,0,正常
2024-01-26 01:00:00,1,0.005999999999858119,0,正常
2024-01-26 01:10:00,1,0.0,0,正常
2024-01-26 01:20:00,1,0.0,0,正常
2024-01-26 01:30:00,1,0.0,0,正常
2024-01-26 01:40:00,1,0.0,0,正常
2024-01-26 01:50:00,1,0.0,0,正常
2024-01-26 02:00:00,1,0.0,0,正常
2024-01-26 02:10:00,1,0.029999999999972715,0,正常
2024-01-26 02:20:00,1,0.0,0,正常
2024-01-26 02:30:00,1,-0.029999999999972715,0,正常
2024-01-26 02:40:00,1,0.029999999999972715,0,正常
2024-01-26 02:50:00,1,0.042000000000371074,0,正常
2024-01-26 03:00:00,1,0.04199999999968895,0,正常
2024-01-26 03:10:00,1,-0.04199999999968895,0,正常
2024-01-26 03:20:00,1,0.0,0,正常
2024-01-26 03:30:00,1,-0.042000000000371074,0,正常
2024-01-26 03:40:00,1,0.0,0,正常
2024-01-26 03:50:00,1,0.042000000000371074,0,正常
2024-01-26 04:00:00,1,-0.042000000000371074,0,正常
2024-01-26 04:10:00,1,0.042000000000371074,0,正常
2024-01-26 04:20:00,1,0.0,0,正常
2024-01-26 04:30:00,1,0.0,0,正常
2024-01-26 04:40:00,1,0.0,0,正常
2024-01-26 04:50:00,1,-0.042000000000371074,0,正常
2024-01-26 05:00:00,1,0.0,0,正常
2024-01-26 05:10:00,1,0.0,0,正常
2024-01-26 05:20:00,1,-0.029999999999972715,0,正常
2024-01-26 05:30:00,1,0.029999999999972715,0,正常
2024-01-26 05:40:00,1,-0.029999999999972715,0,正常
2024-01-26 05:50:00,1,0.0,0,正常
2024-01-26 06:00:00,1,0.029999999999972715,0,正常
2024-01-26 06:10:00,1,0.0,0,正常
2024-01-26 06:20:00,1,-0.029999999999972715,0,正常
2024-01-26 06:30:00,1,0.029999999999972715,0,正常
2024-01-26 06:40:00,1,0.042000000000371074,0,正常
2024-01-26 06:50:00,1,0.0,0,正常
2024-01-26 07:00:00,1,0.04199999999968895,0,正常
2024-01-26 07:10:00,1,0.0,0,正常
2024-01-26 07:20:00,1,0.0,0,正常
2024-01-26 07:30:00,1,0.0,0,正常
2024-01-26 07:40:00,1,0.0,0,正常
2024-01-26 07:50:00,1,-0.04199999999968895,0,正常
2024-01-26 08:00:00,1,0.04199999999968895,0,正常
2024-01-26 08:10:00,1,0.0,0,正常
2024-01-26 08:20:00,1,0.0,0,正常
2024-01-26 08:30:00,1,0.00600000000054024,0,正常
2024-01-26 08:40:00,1,-0.00600000000054024,0,正常
2024-01-26 08:50:00,1,-0.04199999999968895,0,正常
2024-01-26 09:00:00,1,0.0,0,正常
2024-01-26 09:10:00,1,-0.018000000000256478,0,正常
2024-01-26 09:20:00,1,0.0,0,正常
2024-01-26 09:30:00,1,0.0,0,正常
2024-01-26 09:40:00,1,0.0,0,正常
2024-01-26 09:50:00,1,0.0,0,正常
2024-01-26 10:00:00,1,0.0,0,正常
2024-01-26 10:10:00,1,-0.024000000000114596,0,正常
2024-01-26 10:20:00,1,0.0,0,正常
2024-01-26 10:30:00,1,0.0,0,正常
2024-01-26 10:40:00,1,0.024000000000114596,0,正常
2024-01-26 10:50:00,1,0.018000000000256478,0,正常
2024-01-26 11:00:00,1,0.0,0,正常
2024-01-26 11:10:00,1,0.0,0,正常
2024-01-26 11:20:00,1,0.0,0,正常
2024-01-26 11:30:00,1,0.0,0,正常
2024-01-26 11:40:00,1,0.0,0,正常
2024-01-26 11:50:00,1,0.0,0,正常
2024-01-26 12:00:00,1,0.0,0,正常
2024-01-26 12:10:00,1,0.0,0,正常
2024-01-26 12:20:00,1,0.0,0,正常
2024-01-26 12:30:00,1,0.0,0,正常
2024-01-26 12:40:00,1,0.04199999999968895,0,正常
2024-01-26 12:50:00,1,0.0,0,正常
2024-01-26 13:00:00,1,0.0,0,正常
2024-01-26 13:10:00,1,0.00600000000054024,0,正常
2024-01-26 13:20:00,1,0.0,0,正常
2024-01-26 13:30:00,1,0.0,0,正常
2024-01-26 13:40:00,1,0.0,0,正常
2024-01-26 13:50:00,1,0.0,0,正常
2024-01-26 14:00:00,1,0.0,0,正常
2024-01-26 14:10:00,1,0.0,0,正常
2024-01-26 14:20:00,1,0.0,0,正常
2024-01-26 14:30:00,1,0.0,0,正常
2024-01-26 14:40:00,1,0.017999999999574356,0,正常
2024-01-26 14:50:00,1,0.0,0,正常
2024-01-26 15:00:00,1,0.005999999999858119,0,正常
2024-01-26 15:10:00,1,0.04800000000022919,0,正常
2024-01-26 15:20:00,1,0.0,0,正常
2024-01-26 15:30:00,1,0.0,0,正常
2024-01-26 15:40:00,1,0.005999999999858119,0,正常
2024-01-26 15:50:00,1,0.00600000000054024,0,正常
2024-01-26 16:00:00,1,0.0,0,正常
2024-01-26 16:10:00,1,0.0,0,正常
2024-01-26 16:20:00,1,0.0,0,正常
2024-01-26 16:30:00,1,0.04799999999954707,0,正常
2024-01-26 16:40:00,1,0.0,0,正常
2024-01-26 16:50:00,1,0.0,0,正常
2024-01-26 17:00:00,1,-0.04799999999954707,0,正常
2024-01-26 17:10:00,1,-0.00600000000054024,0,正常
2024-01-26 17:20:00,1,0.0,0,正常
2024-01-26 17:30:00,1,-0.005999999999858119,0,正常
2024-01-26 17:40:00,1,-0.04800000000022919,0,正常
2024-01-26 17:50:00,1,0.0,0,正常
2024-01-26 18:00:00,1,0.0,0,正常
2024-01-26 18:10:00,1,0.0,0,正常
2024-01-26 18:20:00,1,0.0,0,正常
2024-01-26 18:30:00,1,0.04800000000022919,0,正常
2024-01-26 18:40:00,1,0.005999999999858119,0,正常
2024-01-26 18:50:00,1,0.0,0,正常
2024-01-26 19:00:00,1,-0.005999999999858119,0,正常
2024-01-26 19:10:00,1,0.005999999999858119,0,正常
2024-01-26 19:20:00,1,0.00600000000054024,0,正常
2024-01-26 19:30:00,1,0.0,0,正常
2024-01-26 19:40:00,1,-0.00600000000054024,0,正常
2024-01-26 19:50:00,1,0.00600000000054024,0,正常
2024-01-26 20:00:00,1,0.0,0,正常
2024-01-26 20:10:00,1,0.0,0,正常
2024-01-26 20:20:00,1,0.04799999999954707,0,正常
2024-01-26 20:30:00,1,0.024000000000114596,0,正常
2024-01-26 20:40:00,1,0.0,0,正常
2024-01-26 20:50:00,1,-0.024000000000114596,0,正常
2024-01-26 21:00:00,1,-0.04799999999954707,0,正常
2024-01-26 21:10:00,1,0.04799999999954707,0,正常
2024-01-26 21:20:00,1,0.024000000000114596,0,正常
2024-01-26 21:30:00,1,0.0,0,正常
2024-01-26 21:40:00,1,0.0,0,正常
2024-01-26 21:50:00,1,0.0,0,正常
2024-01-26 22:00:00,1,0.0,0,正常
2024-01-26 22:10:00,1,0.0,0,正常
2024-01-26 22:20:00,1,-0.024000000000114596,0,正常
2024-01-26 22:30:00,1,0.024000000000114596,0,正常
2024-01-26 22:40:00,1,0.0,0,正常
2024-01-26 22:50:00,1,0.0,0,正常
2024-01-26 23:00:00,1,-0.024000000000114596,0,正常
2024-01-26 23:10:00,1,0.0,0,正常
2024-01-26 23:20:00,1,0.0,0,正常
2024-01-26 23:30:00,1,0.024000000000114596,0,正常
2024-01-26 23:40:00,1,0.0,0,正常
2024-01-26 23:50:00,1,0.0,0,正常
2024-01-27 00:00:00,1,0.0,0,正常
2024-01-27 00:10:00,1,0.0,0,正常
2024-01-27 00:20:00,1,0.0,0,正常
2024-01-27 00:30:00,1,0.0,0,正常
2024-01-27 00:40:00,1,0.0,0,正常
2024-01-27 00:50:00,1,0.0,0,正常
2024-01-27 01:00:00,1,0.0,0,正常
2024-01-27 01:10:00,1,0.0,0,正常
2024-01-27 01:20:00,1,0.011999999999716238,0,正常
2024-01-27 01:30:00,1,0.07200000000034379,0,正常
2024-01-27 01:40:00,1,-0.07200000000034379,0,正常
2024-01-27 01:50:00,1,0.07200000000034379,0,正常
2024-01-27 02:00:00,1,-0.07200000000034379,0,正常
2024-01-27 02:10:00,1,-0.011999999999716238,0,正常
2024-01-27 02:20:00,1,0.0,0,正常
2024-01-27 02:30:00,1,0.0,0,正常
2024-01-27 02:40:00,1,0.0,0,正常
2024-01-27 02:50:00,1,0.0,0,正常
2024-01-27 03:00:00,1,-0.04199999999968895,0,正常
2024-01-27 03:10:00,1,-0.024000000000114596,0,正常
2024-01-27 03:20:00,1,0.0,0,正常
2024-01-27 03:30:00,1,-0.005999999999858119,0,正常
2024-01-27 03:40:00,1,0.0,0,正常
2024-01-27 03:50:00,1,0.0,0,正常
2024-01-27 04:00:00,1,0.0,0,正常
2024-01-27 04:10:00,1,0.0,0,正常
2024-01-27 04:20:00,1,0.0,0,正常
2024-01-27 04:30:00,1,0.0,0,正常
2024-01-27 04:40:00,1,0.0,0,正常
2024-01-27 04:50:00,1,0.005999999999858119,0,正常
2024-01-27 05:00:00,1,0.0,0,正常
2024-01-27 05:10:00,1,0.024000000000114596,0,正常
2024-01-27 05:20:00,1,0.04199999999968895,0,正常
2024-01-27 05:30:00,1,0.0,0,正常
2024-01-27 05:40:00,1,0.0,0,正常
2024-01-27 05:50:00,1,0.0,0,正常
2024-01-27 06:00:00,1,-0.04199999999968895,0,正常
2024-01-27 06:10:00,1,0.0,0,正常
2024-01-27 06:20:00,1,0.0,0,正常
2024-01-27 06:30:00,1,0.04199999999968895,0,正常
2024-01-27 06:40:00,1,0.0,0,正常
2024-01-27 06:50:00,1,0.0,0,正常
2024-01-27 07:00:00,1,0.0,0,正常
2024-01-27 07:10:00,1,0.0,0,正常
2024-01-27 07:20:00,1,0.011999999999716238,0,正常
2024-01-27 07:30:00,1,-0.011999999999716238,0,正常
2024-01-27 07:40:00,1,0.0,0,正常
2024-01-27 07:50:00,1,0.011999999999716238,0,正常
2024-01-27 08:00:00,1,0.029999999999972715,0,正常
2024-01-27 08:10:00,1,0.0,0,正常
2024-01-27 08:20:00,1,0.042000000000371074,0,正常
2024-01-27 08:30:00,1,0.08400000000006003,0,正常
2024-01-27 08:40:00,1,0.0,0,正常
2024-01-27 08:50:00,1,0.0,0,正常
2024-01-27 09:00:00,1,0.017999999999574356,0,正常
2024-01-27 09:10:00,1,0.0,0,正常
2024-01-27 09:20:00,1,0.0,0,正常
2024-01-27 09:30:00,1,0.0,0,正常
2024-01-27 09:40:00,1,0.0,0,正常
2024-01-27 09:50:00,1,0.0,0,正常
2024-01-27 10:00:00,1,0.030000000000654836,0,正常
2024-01-27 10:10:00,1,-0.030000000000654836,0,正常
2024-01-27 10:20:00,1,0.0,0,正常
2024-01-27 10:30:00,1,0.030000000000654836,0,正常
2024-01-27 10:40:00,1,0.07199999999966167,0,正常
2024-01-27 10:50:00,1,-0.07199999999966167,0,正常
2024-01-27 11:00:00,1,0.0,0,正常
2024-01-27 11:10:00,1,0.0,0,正常
2024-01-27 11:20:00,1,0.0,0,正常
2024-01-27 11:30:00,1,0.0,0,正常
2024-01-27 11:40:00,1,0.0,0,正常
2024-01-27 11:50:00,1,0.0,0,正常
2024-01-27 12:00:00,1,0.0,0,正常
2024-01-27 12:10:00,1,0.0,0,正常
2024-01-27 12:20:00,1,0.0,0,正常
2024-01-27 12:30:00,1,0.0,0,正常
2024-01-27 12:40:00,1,0.0,0,正常
2024-01-27 12:50:00,1,0.0,0,正常
2024-01-27 13:00:00,1,0.0,0,正常
2024-01-27 13:10:00,1,0.0,0,正常
2024-01-27 13:20:00,1,0.07199999999966167,0,正常
2024-01-27 13:30:00,1,0.0,0,正常
2024-01-27 13:40:00,1,0.011999999999716238,0,正常
2024-01-27 13:50:00,1,0.0,0,正常
2024-01-27 14:00:00,1,0.018000000000256478,0,正常
2024-01-27 14:10:00,1,0.05400000000008731,0,正常
2024-01-27 14:20:00,1,0.011999999999716238,0,正常
2024-01-27 14:30:00,1,-0.011999999999716238,0,正常
2024-01-27 14:40:00,1,0.0,0,正常
2024-01-27 14:50:00,1,0.0,0,正常
2024-01-27 15:00:00,1,0.0,0,正常
2024-01-27 15:10:00,1,0.024000000000114596,0,正常
2024-01-27 15:20:00,1,0.0,0,正常
2024-01-27 15:30:00,1,0.024000000000114596,0,正常
2024-01-27 15:40:00,1,-0.012000000000398359,0,正常
2024-01-27 15:50:00,1,0.012000000000398359,0,正常
2024-01-27 16:00:00,1,0.023999999999432475,0,正常
2024-01-27 16:10:00,1,0.0,0,正常
2024-01-27 16:20:00,1,0.14400000000000546,0,正常
2024-01-27 16:30:00,1,-0.08400000000006003,0,正常
2024-01-27 16:40:00,1,0.08400000000006003,0,正常
2024-01-27 16:50:00,1,0.036000000000512955,0,正常
2024-01-27 17:00:00,1,0.011999999999716238,0,正常
2024-01-27 17:10:00,1,0.0,0,正常
2024-01-27 17:20:00,1,0.0,0,正常
2024-01-27 17:30:00,1,0.0,0,正常
2024-01-27 17:40:00,1,0.024000000000114596,0,正常
2024-01-27 17:50:00,1,0.018000000000256478,0,正常
2024-01-27 18:00:00,1,0.0,0,正常
2024-01-27 18:10:00,1,0.0,0,正常
2024-01-27 18:20:00,1,0.017999999999574356,0,正常
2024-01-27 18:30:00,1,0.042000000000371074,0,正常
2024-01-27 18:40:00,1,0.0,0,正常
2024-01-27 18:50:00,1,0.0,0,正常
2024-01-27 19:00:00,1,0.0,0,正常
2024-01-27 19:10:00,1,0.0,0,正常
2024-01-27 19:20:00,1,0.0,0,正常
2024-01-27 19:30:00,1,0.023999999999432475,0,正常
2024-01-27 19:40:00,1,0.0,0,正常
2024-01-27 19:50:00,1,0.00600000000054024,0,正常
2024-01-27 20:00:00,1,0.017999999999574356,0,正常
2024-01-27 20:10:00,1,0.0,0,正常
2024-01-27 20:20:00,1,0.029999999999972715,0,正常
2024-01-27 20:30:00,1,-0.029999999999972715,0,正常
2024-01-27 20:40:00,1,0.029999999999972715,0,正常
2024-01-27 20:50:00,1,0.012000000000398359,0,正常
2024-01-27 21:00:00,1,0.024000000000114596,0,正常
2024-01-27 21:10:00,1,0.05399999999940519,0,正常
2024-01-27 21:20:00,1,-0.05399999999940519,0,正常
2024-01-27 21:30:00,1,0.0,0,正常
2024-01-27 21:40:00,1,0.0,0,正常
2024-01-27 21:50:00,1,0.05399999999940519,0,正常
2024-01-27 22:00:00,1,0.04800000000022919,0,正常
2024-01-27 22:10:00,1,0.0,0,正常
2024-01-27 22:20:00,1,0.04800000000022919,0,正常
2024-01-27 22:30:00,1,0.0,0,正常
2024-01-27 22:40:00,1,0.011999999999716238,0,正常
2024-01-27 22:50:00,1,-0.011999999999716238,0,正常
2024-01-27 23:00:00,1,0.0,0,正常
2024-01-27 23:10:00,1,0.011999999999716238,0,正常
2024-01-27 23:20:00,1,0.018000000000256478,0,正常
2024-01-27 23:30:00,1,0.024000000000114596,0,正常
2024-01-27 23:40:00,1,0.005999999999858119,0,正常
2024-01-27 23:50:00,1,0.0,0,正常
2024-01-28 00:00:00,1,0.0,0,正常
2024-01-28 00:10:00,1,0.0,0,正常
2024-01-28 00:20:00,1,0.05400000000008731,0,正常
2024-01-28 00:30:00,1,0.0,0,正常
2024-01-28 00:40:00,1,0.0,0,正常
2024-01-28 00:50:00,1,0.0,0,正常
2024-01-28 01:00:00,1,0.005999999999858119,0,正常
2024-01-28 01:10:00,1,0.029999999999972715,0,正常
2024-01-28 01:20:00,1,-0.029999999999972715,0,正常
2024-01-28 01:30:00,1,0.029999999999972715,0,正常
2024-01-28 01:40:00,1,0.0,0,正常
2024-01-28 01:50:00,1,-0.029999999999972715,0,正常
2024-01-28 02:00:00,1,0.029999999999972715,0,正常
2024-01-28 02:10:00,1,0.0,0,正常
2024-01-28 02:20:00,1,0.035999999999830834,0,正常
2024-01-28 02:30:00,1,0.0,0,正常
2024-01-28 02:40:00,1,0.029999999999972715,0,正常
2024-01-28 02:50:00,1,0.04800000000022919,0,正常
2024-01-28 03:00:00,1,0.0,0,正常
2024-01-28 03:10:00,1,0.06599999999980355,0,正常
2024-01-28 03:20:00,1,0.0,0,正常
2024-01-28 03:30:00,1,0.0,0,正常
2024-01-28 03:40:00,1,0.0,0,正常
2024-01-28 03:50:00,1,0.012000000000398359,0,正常
2024-01-28 04:00:00,1,0.0,0,正常
2024-01-28 04:10:00,1,0.0,0,正常
2024-01-28 04:20:00,1,-0.012000000000398359,0,正常
2024-01-28 04:30:00,1,0.012000000000398359,0,正常
2024-01-28 04:40:00,1,-0.012000000000398359,0,正常
2024-01-28 04:50:00,1,0.0,0,正常
2024-01-28 05:00:00,1,0.0,0,正常
2024-01-28 05:10:00,1,0.0,0,正常
2024-01-28 05:20:00,1,-0.06599999999980355,0,正常
2024-01-28 05:30:00,1,-0.04800000000022919,0,正常
2024-01-28 05:40:00,1,-0.024000000000114596,0,正常
2024-01-28 05:50:00,1,0.024000000000114596,0,正常
2024-01-28 06:00:00,1,0.0,0,正常
2024-01-28 06:10:00,1,0.04800000000022919,0,正常
2024-01-28 06:20:00,1,0.06599999999980355,0,正常
2024-01-28 06:30:00,1,0.0,0,正常
2024-01-28 06:40:00,1,0.0,0,正常
2024-01-28 06:50:00,1,0.0,0,正常
2024-01-28 07:00:00,1,0.0,0,正常
2024-01-28 07:10:00,1,0.0,0,正常
2024-01-28 07:20:00,1,-0.06599999999980355,0,正常
2024-01-28 07:30:00,1,0.0,0,正常
2024-01-28 07:40:00,1,0.0,0,正常
2024-01-28 07:50:00,1,-0.07200000000034379,0,正常
2024-01-28 08:00:00,1,0.07200000000034379,0,正常
2024-01-28 08:10:00,1,0.0,0,正常
2024-01-28 08:20:00,1,0.0,0,正常
2024-01-28 08:30:00,1,0.0,0,正常
2024-01-28 08:40:00,1,-0.07200000000034379,0,正常
2024-01-28 08:50:00,1,-0.005999999999858119,0,正常
2024-01-28 09:00:00,1,0.0,0,正常
2024-01-28 09:10:00,1,0.005999999999858119,0,正常
2024-01-28 09:20:00,1,0.0,0,正常
2024-01-28 09:30:00,1,0.0,0,正常
2024-01-28 09:40:00,1,0.07200000000034379,0,正常
2024-01-28 09:50:00,1,-0.07200000000034379,0,正常
2024-01-28 10:00:00,1,0.07200000000034379,0,正常
2024-01-28 10:10:00,1,0.0,0,正常
2024-01-28 10:20:00,1,0.0,0,正常
2024-01-28 10:30:00,1,-0.07200000000034379,0,正常
2024-01-28 10:40:00,1,0.0,0,正常
2024-01-28 10:50:00,1,0.0,0,正常
2024-01-28 11:00:00,1,0.07200000000034379,0,正常
2024-01-28 11:10:00,1,0.0,0,正常
2024-01-28 11:20:00,1,-0.07200000000034379,0,正常
2024-01-28 11:30:00,1,0.0,0,正常
2024-01-28 11:40:00,1,-0.005999999999858119,0,正常
2024-01-28 11:50:00,1,0.0,0,正常
2024-01-28 12:00:00,1,-0.06599999999980355,0,正常
2024-01-28 12:10:00,1,0.0,0,正常
2024-01-28 12:20:00,1,0.0,0,正常
2024-01-28 12:30:00,1,0.0,0,正常
2024-01-28 12:40:00,1,0.0,0,正常
2024-01-28 12:50:00,1,0.0,0,正常
2024-01-28 13:00:00,1,0.0,0,正常
2024-01-28 13:10:00,1,-0.005999999999858119,0,正常
2024-01-28 13:20:00,1,0.0,0,正常
2024-01-28 13:30:00,1,0.0,0,正常
2024-01-28 13:40:00,1,-0.012000000000398359,0,正常
2024-01-28 13:50:00,1,0.0,0,正常
2024-01-28 14:00:00,1,-0.005999999999858119,0,正常
2024-01-28 14:10:00,1,0.0,0,正常
2024-01-28 14:20:00,1,0.005999999999858119,0,正常
2024-01-28 14:30:00,1,0.0,0,正常
2024-01-28 14:40:00,1,0.0,0,正常
2024-01-28 14:50:00,1,-0.005999999999858119,0,正常
2024-01-28 15:00:00,1,0.005999999999858119,0,正常
2024-01-28 15:10:00,1,0.012000000000398359,0,正常
2024-01-28 15:20:00,1,0.005999999999858119,0,正常
2024-01-28 15:30:00,1,0.0,0,正常
2024-01-28 15:40:00,1,0.0,0,正常
2024-01-28 15:50:00,1,0.0,0,正常
2024-01-28 16:00:00,1,-0.005999999999858119,0,正常
2024-01-28 16:10:00,1,-0.012000000000398359,0,正常
2024-01-28 16:20:00,1,0.0,0,正常
2024-01-28 16:30:00,1,0.0,0,正常
2024-01-28 16:40:00,1,0.0,0,正常
2024-01-28 16:50:00,1,0.0,0,正常
2024-01-28 17:00:00,1,0.0,0,正常
2024-01-28 17:10:00,1,0.0,0,正常
2024-01-28 17:20:00,1,0.0,0,正常
2024-01-28 17:30:00,1,0.0,0,正常
2024-01-28 17:40:00,1,0.0,0,正常
2024-01-28 17:50:00,1,0.0,0,正常
2024-01-28 18:00:00,1,0.0,0,正常
2024-01-28 18:10:00,1,0.0,0,正常
2024-01-28 18:20:00,1,0.0,0,正常
2024-01-28 18:30:00,1,0.0,0,正常
2024-01-28 18:40:00,1,0.0,0,正常
2024-01-28 18:50:00,1,0.012000000000398359,0,正常
2024-01-28 19:00:00,1,0.005999999999858119,0,正常
2024-01-28 19:10:00,1,0.05999999999994543,0,正常
2024-01-28 19:20:00,1,-0.05999999999994543,0,正常
2024-01-28 19:30:00,1,0.0,0,正常
2024-01-28 19:40:00,1,-0.018000000000256478,0,正常
2024-01-28 19:50:00,1,0.0,0,正常
2024-01-28 20:00:00,1,0.018000000000256478,0,正常
2024-01-28 20:10:00,1,0.0,0,正常
2024-01-28 20:20:00,1,0.011999999999716238,0,正常
2024-01-28 20:30:00,1,0.0,0,正常
2024-01-28 20:40:00,1,0.0,0,正常
2024-01-28 20:50:00,1,0.04800000000022919,0,正常
2024-01-28 21:00:00,1,-0.04800000000022919,0,正常
2024-01-28 21:10:00,1,-0.011999999999716238,0,正常
2024-01-28 21:20:00,1,0.0,0,正常
2024-01-28 21:30:00,1,0.0,0,正常
2024-01-28 21:40:00,1,-0.018000000000256478,0,正常
2024-01-28 21:50:00,1,0.0,0,正常
2024-01-28 22:00:00,1,0.018000000000256478,0,正常
2024-01-28 22:10:00,1,0.0,0,正常
2024-01-28 22:20:00,1,0.011999999999716238,0,正常
2024-01-28 22:30:00,1,0.0,0,正常
2024-01-28 22:40:00,1,0.04800000000022919,0,正常
2024-01-28 22:50:00,1,-0.04800000000022919,0,正常
2024-01-28 23:00:00,1,-0.029999999999972715,0,正常
2024-01-28 23:10:00,1,0.0,0,正常
2024-01-28 23:20:00,1,0.0,0,正常
2024-01-28 23:30:00,1,0.0,0,正常
2024-01-28 23:40:00,1,0.0,0,正常
2024-01-28 23:50:00,1,0.0,0,正常
2024-01-29 00:00:00,1,-0.005999999999858119,0,正常
2024-01-29 00:10:00,1,0.0,0,正常
2024-01-29 00:20:00,1,0.005999999999858119,0,正常
2024-01-29 00:30:00,1,0.0,0,正常
2024-01-29 00:40:00,1,0.0,0,正常
2024-01-29 00:50:00,1,0.0,0,正常
2024-01-29 01:00:00,1,0.0,0,正常
2024-01-29 01:10:00,1,0.0,0,正常
2024-01-29 01:20:00,1,0.0,0,正常
2024-01-29 01:30:00,1,0.0,0,正常
2024-01-29 01:40:00,1,0.0,0,正常
2024-01-29 01:50:00,1,0.0,0,正常
2024-01-29 02:00:00,1,0.0,0,正常
2024-01-29 02:10:00,1,0.0,0,正常
2024-01-29 02:20:00,1,-0.005999999999858119,0,正常
2024-01-29 02:30:00,1,0.0,0,正常
2024-01-29 02:40:00,1,0.005999999999858119,0,正常
2024-01-29 02:50:00,1,-0.005999999999858119,0,正常
2024-01-29 03:00:00,1,0.0,0,正常
2024-01-29 03:10:00,1,0.0,0,正常
2024-01-29 03:20:00,1,0.005999999999858119,0,正常
2024-01-29 03:30:00,1,0.0,0,正常
2024-01-29 03:40:00,1,0.012000000000398359,0,正常
2024-01-29 03:50:00,1,0.0,0,正常
2024-01-29 04:00:00,1,0.0,0,正常
2024-01-29 04:10:00,1,0.0,0,正常
2024-01-29 04:20:00,1,0.0,0,正常
2024-01-29 04:30:00,1,-0.005999999999858119,0,正常
2024-01-29 04:40:00,1,0.0,0,正常
2024-01-29 04:50:00,1,0.005999999999858119,0,正常
2024-01-29 05:00:00,1,0.017999999999574356,0,正常
2024-01-29 05:10:00,1,0.0,0,正常
2024-01-29 05:20:00,1,0.0,0,正常
2024-01-29 05:30:00,1,0.0,0,正常
2024-01-29 05:40:00,1,0.0,0,正常
2024-01-29 05:50:00,1,-0.017999999999574356,0,正常
2024-01-29 06:00:00,1,0.0,0,正常
2024-01-29 06:10:00,1,0.0,0,正常
2024-01-29 06:20:00,1,-0.005999999999858119,0,正常
2024-01-29 06:30:00,1,0.0,0,正常
2024-01-29 06:40:00,1,0.0,0,正常
2024-01-29 06:50:00,1,0.005999999999858119,0,正常
2024-01-29 07:00:00,1,0.0,0,正常
2024-01-29 07:10:00,1,-0.005999999999858119,0,正常
2024-01-29 07:20:00,1,0.0,0,正常
2024-01-29 07:30:00,1,0.005999999999858119,0,正常
2024-01-29 07:40:00,1,-0.005999999999858119,0,正常
2024-01-29 07:50:00,1,0.0,0,正常
2024-01-29 08:00:00,1,0.0,0,正常
2024-01-29 08:10:00,1,0.005999999999858119,0,正常
2024-01-29 08:20:00,1,-0.005999999999858119,0,正常
2024-01-29 08:30:00,1,0.0,0,正常
2024-01-29 08:40:00,1,-0.00600000000054024,0,正常
2024-01-29 08:50:00,1,0.00600000000054024,0,正常
2024-01-29 09:00:00,1,0.005999999999858119,0,正常
2024-01-29 09:10:00,1,0.0,0,正常
2024-01-29 09:20:00,1,0.017999999999574356,0,正常
2024-01-29 09:30:00,1,0.0,0,正常
2024-01-29 09:40:00,1,0.0,0,正常
2024-01-29 09:50:00,1,0.012000000000398359,0,正常
2024-01-29 10:00:00,1,-0.012000000000398359,0,正常
2024-01-29 10:10:00,1,0.012000000000398359,0,正常
2024-01-29 10:20:00,1,0.024000000000114596,0,正常
2024-01-29 10:30:00,1,-0.024000000000114596,0,正常
2024-01-29 10:40:00,1,-0.012000000000398359,0,正常
2024-01-29 10:50:00,1,-0.017999999999574356,0,正常
2024-01-29 11:00:00,1,0.0,0,正常
2024-01-29 11:10:00,1,-0.005999999999858119,0,正常
2024-01-29 11:20:00,1,-0.00600000000054024,0,正常
2024-01-29 11:30:00,1,-0.005999999999858119,0,正常
2024-01-29 11:40:00,1,0.0,0,正常
2024-01-29 11:50:00,1,0.0,0,正常
2024-01-29 12:00:00,1,0.005999999999858119,0,正常
2024-01-29 12:10:00,1,0.0,0,正常
2024-01-29 12:20:00,1,0.00600000000054024,0,正常
2024-01-29 12:30:00,1,0.005999999999858119,0,正常
2024-01-29 12:40:00,1,-0.005999999999858119,0,正常
2024-01-29 12:50:00,1,0.005999999999858119,0,正常
2024-01-29 13:00:00,1,0.0,0,正常
2024-01-29 13:10:00,1,0.0,0,正常
2024-01-29 13:20:00,1,0.0,0,正常
2024-01-29 13:30:00,1,-0.005999999999858119,0,正常
2024-01-29 13:40:00,1,0.0,0,正常
2024-01-29 13:50:00,1,0.0,0,正常
2024-01-29 14:00:00,1,-0.012000000000398359,0,正常
2024-01-29 14:10:00,1,0.0,0,正常
2024-01-29 14:20:00,1,-0.005999999999858119,0,正常
2024-01-29 14:30:00,1,0.0,0,正常
2024-01-29 14:40:00,1,0.005999999999858119,0,正常
2024-01-29 14:50:00,1,0.0,0,正常
2024-01-29 15:00:00,1,0.0,0,正常
2024-01-29 15:10:00,1,-0.005999999999858119,0,正常
2024-01-29 15:20:00,1,-0.012000000000398359,0,正常
2024-01-29 15:30:00,1,0.012000000000398359,0,正常
2024-01-29 15:40:00,1,0.0,0,正常
2024-01-29 15:50:00,1,0.0,0,正常
2024-01-29 16:00:00,1,0.0,0,正常
2024-01-29 16:10:00,1,-0.012000000000398359,0,正常
2024-01-29 16:20:00,1,-0.029999999999972715,0,正常
2024-01-29 16:30:00,1,0.0,0,正常
2024-01-29 16:40:00,1,-0.0839999999993779,0,正常
2024-01-29 16:50:00,1,0.0839999999993779,0,正常
2024-01-29 17:00:00,1,-0.0839999999993779,0,正常
2024-01-29 17:10:00,1,0.0,0,正常
2024-01-29 17:20:00,1,0.09599999999977626,0,正常
2024-01-29 17:30:00,1,-0.09599999999977626,0,正常
2024-01-29 17:40:00,1,0.09599999999977626,0,正常
2024-01-29 17:50:00,1,0.017999999999574356,0,正常
2024-01-29 18:00:00,1,0.012000000000398359,0,正常
2024-01-29 18:10:00,1,0.0,0,正常
2024-01-29 18:20:00,1,-0.012000000000398359,0,正常
2024-01-29 18:30:00,1,-0.017999999999574356,0,正常
2024-01-29 18:40:00,1,-0.09599999999977626,0,正常
2024-01-29 18:50:00,1,0.0,0,正常
2024-01-29 19:00:00,1,0.09599999999977626,0,正常
2024-01-29 19:10:00,1,0.017999999999574356,0,正常
2024-01-29 19:20:00,1,0.012000000000398359,0,正常
2024-01-29 19:30:00,1,0.005999999999858119,0,正常
2024-01-29 19:40:00,1,0.0,0,正常
2024-01-29 19:50:00,1,0.0,0,正常
2024-01-29 20:00:00,1,0.0,0,正常
2024-01-29 20:10:00,1,0.0,0,正常
2024-01-29 20:20:00,1,0.0,0,正常
2024-01-29 20:30:00,1,-0.005999999999858119,0,正常
2024-01-29 20:40:00,1,0.0,0,正常
2024-01-29 20:50:00,1,0.0,0,正常
2024-01-29 21:00:00,1,0.005999999999858119,0,正常
2024-01-29 21:10:00,1,0.0,0,正常
2024-01-29 21:20:00,1,0.012000000000398359,0,正常
2024-01-29 21:30:00,1,0.0,0,正常
2024-01-29 21:40:00,1,0.029999999999972715,0,正常
2024-01-29 21:50:00,1,0.0,0,正常
2024-01-29 22:00:00,1,0.0,0,正常
2024-01-29 22:10:00,1,0.0,0,正常
2024-01-29 22:20:00,1,0.0,0,正常
2024-01-29 22:30:00,1,0.0,0,正常
2024-01-29 22:40:00,1,-0.024000000000114596,0,正常
2024-01-29 22:50:00,1,-0.005999999999858119,0,正常
2024-01-29 23:00:00,1,0.005999999999858119,0,正常
2024-01-29 23:10:00,1,0.024000000000114596,0,正常
2024-01-29 23:20:00,1,0.0,0,正常
2024-01-29 23:30:00,1,-0.024000000000114596,0,正常
2024-01-29 23:40:00,1,-0.005999999999858119,0,正常
2024-01-29 23:50:00,1,0.0,0,正常
2024-01-30 00:00:00,1,0.005999999999858119,0,正常
2024-01-30 00:10:00,1,0.0,0,正常
2024-01-30 00:20:00,1,-0.005999999999858119,0,正常
2024-01-30 00:30:00,1,0.0,0,正常
2024-01-30 00:40:00,1,0.005999999999858119,0,正常
2024-01-30 00:50:00,1,0.024000000000114596,0,正常
2024-01-30 01:00:00,1,-0.024000000000114596,0,正常
2024-01-30 01:10:00,1,0.0,0,正常
2024-01-30 01:20:00,1,0.0,0,正常
2024-01-30 01:30:00,1,-0.024000000000114596,0,正常
2024-01-30 01:40:00,1,0.0,0,正常
2024-01-30 01:50:00,1,0.0,0,正常
2024-01-30 02:00:00,1,0.0,0,正常
2024-01-30 02:10:00,1,0.024000000000114596,0,正常
2024-01-30 02:20:00,1,-0.024000000000114596,0,正常
2024-01-30 02:30:00,1,0.024000000000114596,0,正常
2024-01-30 02:40:00,1,0.0,0,正常
2024-01-30 02:50:00,1,0.024000000000114596,0,正常
2024-01-30 03:00:00,1,0.0,0,正常
2024-01-30 03:10:00,1,0.0,0,正常
2024-01-30 03:20:00,1,0.023999999999432475,0,正常
2024-01-30 03:30:00,1,-0.023999999999432475,0,正常
2024-01-30 03:40:00,1,0.0,0,正常
2024-01-30 03:50:00,1,0.0,0,正常
2024-01-30 04:00:00,1,0.023999999999432475,0,正常
2024-01-30 04:10:00,1,0.0,0,正常
2024-01-30 04:20:00,1,0.0,0,正常
2024-01-30 04:30:00,1,0.05400000000008731,0,正常
2024-01-30 04:40:00,1,0.012000000000398359,0,正常
2024-01-30 04:50:00,1,0.04799999999954707,0,正常
2024-01-30 05:00:00,1,0.0,0,正常
2024-01-30 05:10:00,1,-0.04799999999954707,0,正常
2024-01-30 05:20:00,1,0.04799999999954707,0,正常
2024-01-30 05:30:00,1,0.0,0,正常
2024-01-30 05:40:00,1,0.0,0,正常
2024-01-30 05:50:00,1,0.0,0,正常
2024-01-30 06:00:00,1,-0.04799999999954707,0,正常
2024-01-30 06:10:00,1,0.04799999999954707,0,正常
2024-01-30 06:20:00,1,0.0,0,正常
2024-01-30 06:30:00,1,0.0,0,正常
2024-01-30 06:40:00,1,0.0,0,正常
2024-01-30 06:50:00,1,0.0,0,正常
2024-01-30 07:00:00,1,0.0,0,正常
2024-01-30 07:10:00,1,0.012000000000398359,0,正常
2024-01-30 07:20:00,1,0.017999999999574356,0,正常
2024-01-30 07:30:00,1,0.0,0,正常
2024-01-30 07:40:00,1,0.024000000000114596,0,正常
2024-01-30 07:50:00,1,-0.024000000000114596,0,正常
2024-01-30 08:00:00,1,0.024000000000114596,0,正常
2024-01-30 08:10:00,1,-0.024000000000114596,0,正常
2024-01-30 08:20:00,1,0.0,0,正常
2024-01-30 08:30:00,1,0.0,0,正常
2024-01-30 08:40:00,1,-0.017999999999574356,0,正常
2024-01-30 08:50:00,1,0.017999999999574356,0,正常
2024-01-30 09:00:00,1,-0.017999999999574356,0,正常
2024-01-30 09:10:00,1,-0.012000000000398359,0,正常
2024-01-30 09:20:00,1,0.012000000000398359,0,正常
2024-01-30 09:30:00,1,-0.012000000000398359,0,正常
2024-01-30 09:40:00,1,0.0,0,正常
2024-01-30 09:50:00,1,0.0,0,正常
2024-01-30 10:00:00,1,0.012000000000398359,0,正常
2024-01-30 10:10:00,1,0.0,0,正常
2024-01-30 10:20:00,1,0.0,0,正常
2024-01-30 10:30:00,1,0.0,0,正常
2024-01-30 10:40:00,1,0.017999999999574356,0,正常
2024-01-30 10:50:00,1,-0.017999999999574356,0,正常
2024-01-30 11:00:00,1,-0.012000000000398359,0,正常
2024-01-30 11:10:00,1,0.0,0,正常
2024-01-30 11:20:00,1,0.0,0,正常
2024-01-30 11:30:00,1,0.0,0,正常
2024-01-30 11:40:00,1,0.0,0,正常
2024-01-30 11:50:00,1,0.0,0,正常
2024-01-30 12:00:00,1,0.012000000000398359,0,正常
2024-01-30 12:10:00,1,-0.012000000000398359,0,正常
2024-01-30 12:20:00,1,0.0,0,正常
2024-01-30 12:30:00,1,0.0,0,正常
2024-01-30 12:40:00,1,0.0,0,正常
2024-01-30 12:50:00,1,0.029999999999972715,0,正常
2024-01-30 13:00:00,1,-0.029999999999972715,0,正常
2024-01-30 13:10:00,1,0.029999999999972715,0,正常
2024-01-30 13:20:00,1,-0.029999999999972715,0,正常
2024-01-30 13:30:00,1,0.029999999999972715,0,正常
2024-01-30 13:40:00,1,0.0,0,正常
2024-01-30 13:50:00,1,-0.029999999999972715,0,正常
2024-01-30 14:00:00,1,0.0,0,正常
2024-01-30 14:10:00,1,0.0,0,正常
2024-01-30 14:20:00,1,0.0,0,正常
2024-01-30 14:30:00,1,0.0,0,正常
2024-01-30 14:40:00,1,0.029999999999972715,0,正常
2024-01-30 14:50:00,1,0.0,0,正常
2024-01-30 15:00:00,1,-0.029999999999972715,0,正常
2024-01-30 15:10:00,1,0.0,0,正常
2024-01-30 15:20:00,1,0.0,0,正常
2024-01-30 15:30:00,1,0.0,0,正常
2024-01-30 15:40:00,1,-0.04799999999954707,0,正常
2024-01-30 15:50:00,1,0.0,0,正常
2024-01-30 16:00:00,1,0.04799999999954707,0,正常
2024-01-30 16:10:00,1,0.0,0,正常
2024-01-30 16:20:00,1,0.029999999999972715,0,正常
2024-01-30 16:30:00,1,0.024000000000114596,0,正常
2024-01-30 16:40:00,1,0.005999999999858119,0,正常
2024-01-30 16:50:00,1,0.0,0,正常
2024-01-30 17:00:00,1,-0.005999999999858119,0,正常
2024-01-30 17:10:00,1,0.0,0,正常
2024-01-30 17:20:00,1,0.005999999999858119,0,正常
2024-01-30 17:30:00,1,-0.005999999999858119,0,正常
2024-01-30 17:40:00,1,0.0,0,正常
2024-01-30 17:50:00,1,0.0,0,正常
2024-01-30 18:00:00,1,0.005999999999858119,0,正常
2024-01-30 18:10:00,1,-0.005999999999858119,0,正常
2024-01-30 18:20:00,1,0.0,0,正常
2024-01-30 18:30:00,1,0.005999999999858119,0,正常
2024-01-30 18:40:00,1,0.0,0,正常
2024-01-30 18:50:00,1,0.0,0,正常
2024-01-30 19:00:00,1,0.018000000000256478,0,正常
2024-01-30 19:10:00,1,-0.018000000000256478,0,正常
2024-01-30 19:20:00,1,-0.005999999999858119,0,正常
2024-01-30 19:30:00,1,-0.029999999999972715,0,正常
2024-01-30 19:40:00,1,0.0,0,正常
2024-01-30 19:50:00,1,0.029999999999972715,0,正常
2024-01-30 20:00:00,1,0.005999999999858119,0,正常
2024-01-30 20:10:00,1,-0.005999999999858119,0,正常
2024-01-30 20:20:00,1,0.0,0,正常
2024-01-30 20:30:00,1,0.005999999999858119,0,正常
2024-01-30 20:40:00,1,0.0,0,正常
2024-01-30 20:50:00,1,-0.005999999999858119,0,正常
2024-01-30 21:00:00,1,-0.029999999999972715,0,正常
2024-01-30 21:10:00,1,0.0,0,正常
2024-01-30 21:20:00,1,-0.024000000000114596,0,正常
2024-01-30 21:30:00,1,0.0,0,正常
2024-01-30 21:40:00,1,0.0,0,正常
2024-01-30 21:50:00,1,-0.029999999999972715,0,正常
2024-01-30 22:00:00,1,0.0,0,正常
2024-01-30 22:10:00,1,0.0,0,正常
2024-01-30 22:20:00,1,0.0,0,正常
2024-01-30 22:30:00,1,0.029999999999972715,0,正常
2024-01-30 22:40:00,1,0.0,0,正常
2024-01-30 22:50:00,1,-0.029999999999972715,0,正常
2024-01-30 23:00:00,1,0.0,0,正常
2024-01-30 23:10:00,1,0.0,0,正常
2024-01-30 23:20:00,1,0.0,0,正常
2024-01-30 23:30:00,1,0.0,0,正常
2024-01-30 23:40:00,1,0.029999999999972715,0,正常
2024-01-30 23:50:00,1,0.0,0,正常
2024-01-31 00:00:00,1,0.0,0,正常
2024-01-31 00:10:00,1,-0.029999999999972715,0,正常
2024-01-31 00:20:00,1,0.0,0,正常
2024-01-31 00:30:00,1,0.0,0,正常
2024-01-31 00:40:00,1,0.0,0,正常
2024-01-31 00:50:00,1,-0.024000000000114596,0,正常
2024-01-31 01:00:00,1,-0.017999999999574356,0,正常
2024-01-31 01:10:00,1,0.0,0,正常
2024-01-31 01:20:00,1,0.0,0,正常
2024-01-31 01:30:00,1,0.0,0,正常
2024-01-31 01:40:00,1,-0.005999999999858119,0,正常
2024-01-31 01:50:00,1,0.0,0,正常
2024-01-31 02:00:00,1,0.0,0,正常
2024-01-31 02:10:00,1,0.005999999999858119,0,正常
2024-01-31 02:20:00,1,0.0,0,正常
2024-01-31 02:30:00,1,-0.005999999999858119,0,正常
2024-01-31 02:40:00,1,0.0,0,正常
2024-01-31 02:50:00,1,0.0,0,正常
2024-01-31 03:00:00,1,0.0,0,正常
2024-01-31 03:10:00,1,0.0,0,正常
2024-01-31 03:20:00,1,-0.029999999999972715,0,正常
2024-01-31 03:30:00,1,-0.018000000000256478,0,正常
2024-01-31 03:40:00,1,0.018000000000256478,0,正常
2024-01-31 03:50:00,1,0.0,0,正常
2024-01-31 04:00:00,1,0.029999999999972715,0,正常
2024-01-31 04:10:00,1,0.0,0,正常
2024-01-31 04:20:00,1,0.005999999999858119,0,正常
2024-01-31 04:30:00,1,0.017999999999574356,0,正常
2024-01-31 04:40:00,1,0.0,0,正常
2024-01-31 04:50:00,1,0.024000000000114596,0,正常
2024-01-31 05:00:00,1,0.0,0,正常
2024-01-31 05:10:00,1,0.05400000000008731,0,正常
2024-01-31 05:20:00,1,0.05400000000008731,0,正常
2024-01-31 05:30:00,1,0.0,0,正常
2024-01-31 05:40:00,1,0.018000000000256478,0,正常
2024-01-31 05:50:00,1,0.005999999999858119,0,正常
2024-01-31 06:00:00,1,0.011999999999716238,0,正常
2024-01-31 06:10:00,1,0.0,0,正常
2024-01-31 06:20:00,1,0.024000000000114596,0,正常
2024-01-31 06:30:00,1,0.0,0,正常
2024-01-31 06:40:00,1,0.029999999999972715,0,正常
2024-01-31 06:50:00,1,0.0,0,正常
2024-01-31 07:00:00,1,0.04800000000022919,0,正常
2024-01-31 07:10:00,1,0.024000000000114596,0,正常
2024-01-31 07:20:00,1,0.0,0,正常
2024-01-31 07:30:00,1,0.04199999999968895,0,正常
2024-01-31 07:40:00,1,0.0,0,正常
2024-01-31 07:50:00,1,0.0,0,正常
2024-01-31 08:00:00,1,0.0,0,正常
2024-01-31 08:10:00,1,0.0,0,正常
2024-01-31 08:20:00,1,0.035999999999830834,0,正常
2024-01-31 08:30:00,1,0.029999999999972715,0,正常
2024-01-31 08:40:00,1,0.04800000000022919,0,正常
2024-01-31 08:50:00,1,0.0,0,正常
2024-01-31 09:00:00,1,0.0,0,正常
2024-01-31 09:10:00,1,0.024000000000114596,0,正常
2024-01-31 09:20:00,1,0.0,0,正常
2024-01-31 09:30:00,1,0.005999999999858119,0,正常
2024-01-31 09:40:00,1,0.14400000000000546,0,正常
2024-01-31 09:50:00,1,0.042000000000371074,0,正常
2024-01-31 10:00:00,1,0.05399999999940519,0,正常
2024-01-31 10:10:00,1,0.0,0,正常
2024-01-31 10:20:00,1,0.07200000000034379,0,正常
2024-01-31 10:30:00,1,0.0,0,正常
2024-01-31 10:40:00,1,0.0,0,正常
2024-01-31 10:50:00,1,0.07800000000020191,0,正常
2024-01-31 11:00:00,1,0.011999999999716238,0,正常
2024-01-31 11:10:00,1,0.32999999999969987,0,正常
2024-01-31 11:20:00,1,0.11400000000003274,0,正常
2024-01-31 11:30:00,1,0.036000000000512955,0,正常
2024-01-31 11:40:00,1,0.0,0,正常
2024-01-31 11:50:00,1,0.07199999999966167,0,正常
2024-01-31 12:00:00,1,0.13200000000028922,0,正常
2024-01-31 12:10:00,1,0.0,0,正常
2024-01-31 12:20:00,1,0.05400000000008731,0,正常
2024-01-31 12:30:00,1,0.0,0,正常
2024-01-31 12:40:00,1,0.27599999999961256,0,正常
2024-01-31 12:50:00,1,0.018000000000256478,0,正常
2024-01-31 13:00:00,1,0.1559999999997217,0,正常
2024-01-31 13:10:00,1,0.05400000000008731,0,正常
2024-01-31 13:20:00,1,0.35399999999981446,0,正常
2024-01-31 13:30:00,1,0.4380000000005566,0,正常
2024-01-31 13:40:00,1,8.711999999999989,0,正常
2024-01-31 13:50:00,1,1.4879999999996016,0,正常
2024-01-31 14:00:00,1,1.3260000000000218,0,正常
2024-01-31 14:10:00,1,3.6000000000001364,0,正常
2024-01-31 14:20:00,1,5.190000000000055,0,正常
2024-01-31 14:30:00,1,2.843999999999596,0,正常
2024-01-31 14:40:00,1,3.1860000000003765,0,正常
2024-01-31 14:50:00,1,0.66599999999994,0,正常
2024-01-31 15:00:00,1,5.214000000000169,0,正常
2024-01-31 15:10:00,1,3.3059999999995853,0,正常
2024-01-31 15:20:00,1,4.938000000000557,0,正常
2024-01-31 15:30:00,1,2.087999999999738,0,正常
2024-01-31 15:40:00,1,6.419999999999618,0,正常
2024-01-31 15:50:00,1,1.578000000000202,0,正常
2024-01-31 16:00:00,1,6.024000000000115,0,正常
2024-01-31 16:10:00,1,3.8940000000000055,0,正常
2024-01-31 16:20:00,1,5.010000000000218,0,正常
2024-01-31 16:30:00,1,3.9299999999998363,0,正常
2024-01-31 16:40:00,1,5.633999999999787,0,正常
2024-01-31 16:50:00,1,1.8900000000003274,1,关注
2024-01-31 17:00:00,1,1.4819999999997435,0,正常
2024-01-31 17:10:00,1,6.383999999999787,0,正常
2024-01-31 17:20:00,1,0.18600000000037653,0,正常
2024-01-31 17:30:00,1,1.9439999999997326,0,正常
2024-01-31 17:40:00,1,3.9480000000000928,0,正常
2024-01-31 17:50:00,1,3.132000000000289,0,正常
2024-01-31 18:00:00,1,2.508000000000038,0,正常
2024-01-31 18:10:00,1,2.2319999999997435,0,正常
2024-01-31 18:20:00,1,4.973999999999705,1,关注
2024-01-31 18:30:00,1,1.1340000000004693,0,正常
2024-01-31 18:40:00,1,2.6820000000000164,0,正常
2024-01-31 18:50:00,1,4.889999999999645,0,正常
2024-01-31 19:00:00,1,0.5880000000004202,0,正常
2024-01-31 19:10:00,1,4.9379999999998745,0,正常
2024-01-31 19:20:00,1,0.3660000000002128,0,正常
2024-01-31 19:30:00,1,1.7699999999997544,0,正常
2024-01-31 19:40:00,1,2.087999999999738,0,正常
2024-01-31 19:50:00,1,0.29399999999986903,0,正常
2024-01-31 20:00:00,1,4.734000000000606,0,正常
2024-01-31 20:10:00,1,1.835999999999558,0,正常
2024-01-31 20:20:00,1,2.1359999999999673,0,正常
2024-01-31 20:30:00,1,0.8940000000000055,0,正常
2024-01-31 20:40:00,1,2.1780000000003383,0,正常
2024-01-31 20:50:00,1,2.130000000000109,0,正常
2024-01-31 21:00:00,1,0.2639999999998963,0,正常
2024-01-31 21:10:00,1,3.3899999999996453,0,正常
2024-01-31 21:20:00,1,1.7820000000001528,0,正常
2024-01-31 21:30:00,1,0.5940000000002783,0,正常
2024-01-31 21:40:00,1,5.41199999999958,0,正常
2024-01-31 21:50:00,1,0.91800000000012,0,正常
2024-01-31 22:00:00,1,0.7920000000003711,0,正常
2024-01-31 22:10:00,1,0.32399999999984175,0,正常
2024-01-31 22:20:00,1,2.3580000000001746,0,正常
2024-01-31 22:30:00,1,2.9759999999998854,0,正常
2024-01-31 22:40:00,1,0.2639999999998963,0,正常
2024-01-31 22:50:00,1,0.32999999999969987,0,正常
2024-01-31 23:00:00,1,0.018000000000256478,0,正常
2024-01-31 23:10:00,1,2.3640000000000327,0,正常
2024-01-31 23:20:00,1,0.31799999999998363,0,正常
2024-01-31 23:30:00,1,1.0739999999998417,0,正常
2024-01-31 23:40:00,1,0.42600000000015825,0,正常
2024-01-31 23:50:00,1,0.10800000000017462,0,正常
2024-02-01 00:00:00,1,1.3499999999994543,0,正常
2024-02-01 00:10:00,1,1.7100000000004911,0,正常
2024-02-01 00:20:00,1,1.6019999999996344,0,正常
2024-02-01 00:30:00,1,0.3660000000002128,0,正常
2024-02-01 00:40:00,1,0.13800000000014734,0,正常
2024-02-01 00:50:00,1,1.7819999999994707,0,正常
2024-02-01 01:00:00,1,0.00600000000054024,0,正常
2024-02-01 01:10:00,1,0.8879999999994652,0,正常
2024-02-01 01:20:00,1,0.32400000000052387,0,正常
2024-02-01 01:30:00,1,0.6359999999999673,0,正常
2024-02-01 01:40:00,1,0.4860000000001037,0,正常
2024-02-01 01:50:00,1,0.10199999999963438,0,正常
2024-02-01 02:00:00,1,0.13800000000014734,0,正常
2024-02-01 02:10:00,1,0.2520000000001801,0,正常
2024-02-01 02:20:00,1,0.22800000000006548,0,正常
2024-02-01 02:30:00,1,0.09599999999977626,0,正常
2024-02-01 02:40:00,1,0.39600000000018554,0,正常
2024-02-01 02:50:00,1,0.0,0,正常
2024-02-01 03:00:00,1,0.3899999999996453,0,正常
2024-02-01 03:10:00,1,0.209999999999809,0,正常
2024-02-01 03:20:00,1,1.00200000000018,0,正常
2024-02-01 03:30:00,1,2.1959999999999127,0,正常
2024-02-01 03:40:00,1,4.368000000000393,0,正常
2024-02-01 03:50:00,1,0.5519999999999072,0,正常
2024-02-01 04:00:00,1,1.2660000000000764,0,正常
2024-02-01 04:10:00,1,5.489999999999782,0,正常
2024-02-01 04:20:00,1,1.5720000000003438,0,正常
2024-02-01 04:30:00,1,2.753999999999678,0,正常
2024-02-01 04:40:00,1,1.5299999999999727,0,正常
2024-02-01 04:50:00,1,1.8839999999997872,0,正常
2024-02-01 05:00:00,1,2.496000000000322,0,正常
2024-02-01 05:10:00,1,2.4359999999996944,0,正常
2024-02-01 05:20:00,1,10.404000000000224,0,正常
2024-02-01 05:30:00,1,6.948000000000093,0,正常
2024-02-01 05:40:00,1,12.894000000000005,1,关注
2024-02-01 05:50:00,1,7.494000000000142,1,关注
2024-02-01 06:00:00,1,10.853999999999814,1,关注
2024-02-01 06:10:00,1,11.184000000000196,2,警戒
2024-02-01 06:20:00,1,11.813999999999623,2,警戒
2024-02-01 06:30:00,1,6.293999999999869,2,警戒
2024-02-01 06:40:00,1,12.078000000000202,2,警戒
2024-02-01 06:50:00,1,8.724000000000387,2,警戒
2024-02-01 07:00:00,1,11.459999999999809,2,警戒
2024-02-01 07:10:00,1,8.519999999999754,2,警戒
2024-02-01 07:20:00,1,11.448000000000093,2,警戒
2024-02-01 07:30:00,1,9.768000000000256,2,警戒
2024-02-01 07:40:00,1,9.593999999999596,2,警戒
2024-02-01 07:50:00,1,10.589999999999918,2,警戒
2024-02-01 08:00:00,1,9.942000000000235,2,警戒
2024-02-01 08:10:00,1,10.176000000000158,3,危险
2024-02-01 08:20:00,1,9.095999999999776,2,警戒
2024-02-01 08:30:00,1,4.026000000000295,1,关注
2024-02-01 08:40:00,1,14.36999999999989,1,关注
2024-02-01 08:50:00,1,12.605999999999995,1,关注
2024-02-01 09:00:00,1,9.70199999999977,1,关注
2024-02-01 09:10:00,1,10.614000000000033,1,关注
2024-02-01 09:20:00,1,8.195999999999913,1,关注
2024-02-01 09:30:00,1,8.724000000000387,2,警戒
2024-02-01 09:40:00,1,11.645999999999503,2,警戒
2024-02-01 09:50:00,1,11.898000000000366,2,警戒
2024-02-01 10:00:00,1,8.508000000000038,2,警戒
2024-02-01 10:10:00,1,9.024000000000115,2,警戒
2024-02-01 10:20:00,1,11.304000000000087,2,警戒
2024-02-01 10:30:00,1,11.087999999999738,2,警戒
2024-02-01 10:40:00,1,8.826000000000022,2,警戒
2024-02-01 10:50:00,1,11.040000000000191,2,警戒
2024-02-01 11:00:00,1,9.347999999999956,2,警戒
2024-02-01 11:10:00,1,9.185999999999694,2,警戒
2024-02-01 11:20:00,1,9.671999999999798,2,警戒
2024-02-01 11:30:00,1,9.570000000000164,2,警戒
2024-02-01 11:40:00,1,9.66599999999994,2,警戒
2024-02-01 11:50:00,1,9.732000000000426,2,警戒
2024-02-01 12:00:00,1,10.859999999999673,2,警戒
2024-02-01 12:10:00,1,17.945999999999913,3,危险
2024-02-01 12:20:00,1,1.9919999999999618,1,关注
2024-02-01 12:30:00,1,12.04800000000023,1,关注
2024-02-01 12:40:00,1,7.961999999999989,1,关注
2024-02-01 12:50:00,1,11.111999999999853,1,关注
2024-02-01 13:00:00,1,7.368000000000393,1,关注
2024-02-01 13:10:00,1,12.191999999999553,1,关注
2024-02-01 13:20:00,1,7.961999999999989,2,警戒
2024-02-01 13:30:00,1,13.42200000000048,2,警戒
2024-02-01 13:40:00,1,8.441999999999553,2,警戒
2024-02-01 13:50:00,1,9.576000000000022,2,警戒
2024-02-01 14:00:00,1,10.961999999999989,2,警戒
2024-02-01 14:10:00,1,7.542000000000371,2,警戒
2024-02-01 14:20:00,1,10.236000000000104,2,警戒
2024-02-01 14:30:00,1,20.099999999999454,2,警戒
2024-02-01 14:40:00,1,6.059999999999945,2,警戒
2024-02-01 14:50:00,1,3.33600000000024,1,关注
2024-02-01 15:00:00,1,11.261999999999716,1,关注
2024-02-01 15:10:00,1,12.102000000000317,1,关注
2024-02-01 15:20:00,1,11.38200000000029,1,关注
2024-02-01 15:30:00,1,6.713999999999487,1,关注
2024-02-01 15:40:00,1,10.344000000000278,1,关注
2024-02-01 15:50:00,1,11.111999999999853,2,警戒
2024-02-01 16:00:00,1,8.982000000000426,2,警戒
2024-02-01 16:10:00,1,10.277999999999793,2,警戒
2024-02-01 16:20:00,1,8.639999999999645,2,警戒
2024-02-01 16:30:00,1,11.292000000000371,2,警戒
2024-02-01 16:40:00,1,10.038000000000011,2,警戒
2024-02-01 16:50:00,1,10.19999999999959,2,警戒
2024-02-01 17:00:00,1,10.278000000000475,2,警戒
2024-02-01 17:10:00,1,8.225999999999885,2,警戒
2024-02-01 17:20:00,1,8.562000000000126,2,警戒
2024-02-01 17:30:00,1,11.633999999999787,2,警戒
2024-02-01 17:40:00,1,7.344000000000278,2,警戒
2024-02-01 17:50:00,1,12.371999999999389,2,警戒
2024-02-01 18:00:00,1,8.25600000000054,2,警戒
2024-02-01 18:10:00,1,12.335999999999558,2,警戒
2024-02-01 18:20:00,1,9.654000000000224,2,警戒
2024-02-01 18:30:00,1,8.801999999999907,2,警戒
2024-02-01 18:40:00,1,10.1700000000003,2,警戒
2024-02-01 18:50:00,1,11.789999999999509,2,警戒
2024-02-01 19:00:00,1,10.074000000000524,2,警戒
2024-02-01 19:10:00,1,9.857999999999493,2,警戒
2024-02-01 19:20:00,1,8.96400000000017,2,警戒
2024-02-01 19:30:00,1,11.91599999999994,2,警戒
2024-02-01 19:40:00,1,10.5,2,警戒
2024-02-01 19:50:00,1,7.385999999999967,2,警戒
2024-02-01 20:00:00,1,10.66800000000012,2,警戒
2024-02-01 20:10:00,1,9.25200000000018,2,警戒
2024-02-01 20:20:00,1,10.343999999999596,2,警戒
2024-02-01 20:30:00,1,9.228000000000065,2,警戒
2024-02-01 20:40:00,1,8.855999999999995,2,警戒
2024-02-01 20:50:00,1,11.604000000000497,2,警戒
2024-02-01 21:00:00,1,11.147999999999683,2,警戒
2024-02-01 21:10:00,1,16.66800000000012,2,警戒
2024-02-01 21:20:00,1,4.00200000000018,1,关注
2024-02-01 21:30:00,1,8.567999999999984,1,关注
2024-02-01 21:40:00,1,1.1759999999994761,0,正常
2024-02-01 21:50:00,1,15.4200000000003,0,正常
2024-02-01 22:00:00,1,10.9200000000003,0,正常
2024-02-01 22:10:00,1,10.799999999999727,0,正常
2024-02-01 22:20:00,1,12.491999999999962,0,正常
2024-02-01 22:30:00,1,8.448000000000093,0,正常
2024-02-01 22:40:00,1,10.109999999999673,2,警戒
2024-02-01 22:50:00,1,7.968000000000529,2,警戒
2024-02-01 23:00:00,1,9.917999999999438,2,警戒
2024-02-01 23:10:00,1,11.868000000000393,2,警戒
2024-02-01 23:20:00,1,8.027999999999793,2,警戒
2024-02-01 23:30:00,1,10.146000000000186,2,警戒
2024-02-01 23:40:00,1,8.49599999999964,2,警戒
2024-02-01 23:50:00,1,10.722000000000207,2,警戒
2024-02-02 00:00:00,1,10.206000000000131,2,警戒
2024-02-02 00:10:00,1,8.74799999999982,2,警戒
2024-02-02 00:20:00,1,7.122000000000071,2,警戒
2024-02-02 00:30:00,1,8.921999999999798,2,警戒
2024-02-02 00:40:00,1,11.508000000000038,2,警戒
2024-02-02 00:50:00,1,2.6760000000001583,1,关注
2024-02-02 01:00:00,1,15.594000000000278,1,关注
2024-02-02 01:10:00,1,11.123999999999569,1,关注
2024-02-02 01:20:00,1,5.664000000000442,1,关注
2024-02-02 01:30:00,1,12.791999999999689,1,关注
2024-02-02 01:40:00,1,8.96400000000017,1,关注
2024-02-02 01:50:00,1,9.065999999999804,2,警戒
2024-02-02 02:00:00,1,9.551999999999907,2,警戒
2024-02-02 02:10:00,1,10.54800000000023,2,警戒
2024-02-02 02:20:00,1,9.312000000000126,2,警戒
2024-02-02 02:30:00,1,6.630000000000109,2,警戒
2024-02-02 02:40:00,1,10.553999999999405,2,警戒
2024-02-02 02:50:00,1,8.25600000000054,2,警戒
2024-02-02 03:00:00,1,10.266000000000076,2,警戒
2024-02-02 03:10:00,1,9.864000000000033,2,警戒
2024-02-02 03:20:00,1,11.219999999999345,2,警戒
2024-02-02 03:30:00,1,9.702000000000453,2,警戒
2024-02-02 03:40:00,1,11.351999999999634,2,警戒
2024-02-02 03:50:00,1,5.118000000000393,1,关注
2024-02-02 04:00:00,1,13.109999999999673,1,关注
2024-02-02 04:10:00,1,9.360000000000355,1,关注
2024-02-02 04:20:00,1,11.711999999999989,1,关注
2024-02-02 04:30:00,1,6.923999999999978,1,关注
2024-02-02 04:40:00,1,10.919999999999618,1,关注
2024-02-02 04:50:00,1,11.83800000000042,2,警戒
2024-02-02 05:00:00,1,8.32799999999952,2,警戒
2024-02-02 05:10:00,1,11.520000000000437,2,警戒
2024-02-02 05:20:00,1,9.647999999999683,2,警戒
2024-02-02 05:30:00,1,10.626000000000431,2,警戒
2024-02-02 05:40:00,1,7.241999999999962,2,警戒
2024-02-02 05:50:00,1,10.811999999999443,2,警戒
2024-02-02 06:00:00,1,12.366000000000213,2,警戒
2024-02-02 06:10:00,1,7.25400000000036,2,警戒
2024-02-02 06:20:00,1,10.229999999999563,2,警戒
2024-02-02 06:30:00,1,9.86999999999989,2,警戒
2024-02-02 06:40:00,1,11.076000000000022,2,警戒
2024-02-02 06:50:00,1,9.38400000000047,2,警戒
2024-02-02 07:00:00,1,8.423999999999978,2,警戒
2024-02-02 07:10:00,1,12.258000000000038,2,警戒
2024-02-02 07:20:00,1,10.289999999999509,2,警戒
2024-02-02 07:30:00,1,9.426000000000158,2,警戒
2024-02-02 07:40:00,1,8.958000000000311,2,警戒
2024-02-02 07:50:00,1,11.597999999999956,2,警戒
2024-02-02 08:00:00,1,10.211999999999989,2,警戒
2024-02-02 08:10:00,1,12.078000000000202,2,警戒
2024-02-02 08:20:00,1,8.723999999999705,2,警戒
2024-02-02 08:30:00,1,10.266000000000076,2,警戒
2024-02-02 08:40:00,1,8.826000000000022,2,警戒
2024-02-02 08:50:00,1,9.143999999999323,2,警戒
2024-02-02 09:00:00,1,9.210000000000491,2,警戒
2024-02-02 09:10:00,1,9.036000000000513,2,警戒
2024-02-02 09:20:00,1,12.047999999998865,2,警戒
2024-02-02 09:30:00,1,10.530000000000655,2,警戒
2024-02-02 09:40:00,1,7.925999999999476,2,警戒
2024-02-02 09:50:00,1,23.6820000000007,2,警戒
2024-02-02 10:00:00,1,7.685999999999694,2,警戒
2024-02-02 10:10:00,1,8.394000000000688,2,警戒
2024-02-02 10:20:00,1,4.079999999999018,1,关注
2024-02-02 10:30:00,1,7.026000000000295,1,关注
2024-02-02 10:40:00,1,11.580000000000382,1,关注
2024-02-02 10:50:00,1,9.809999999999945,1,关注
2024-02-02 11:00:00,1,9.725999999999203,1,关注
2024-02-02 11:10:00,1,8.658000000001266,1,关注
2024-02-02 11:20:00,1,12.02999999999929,2,警戒
2024-02-02 11:30:00,1,7.242000000000644,2,警戒
2024-02-02 11:40:00,1,10.36199999999917,2,警戒
2024-02-02 11:50:00,1,12.923999999999978,2,警戒
2024-02-02 12:00:00,1,7.326000000000022,2,警戒
2024-02-02 12:10:00,1,11.940000000000055,2,警戒
2024-02-02 12:20:00,1,10.919999999999618,2,警戒
2024-02-02 12:30:00,1,9.564000000000306,2,警戒
2024-02-02 12:40:00,1,8.520000000000437,2,警戒
2024-02-02 12:50:00,1,11.95199999999977,2,警戒
2024-02-02 13:00:00,1,7.704000000000633,2,警戒
2024-02-02 13:10:00,1,10.763999999999214,2,警戒
2024-02-02 13:20:00,1,20.50800000000072,2,警戒
2024-02-02 13:30:00,1,1.7399999999997817,0,正常
2024-02-02 13:40:00,1,7.5659999999998035,0,正常
2024-02-02 13:50:00,1,9.978000000000065,0,正常
2024-02-02 14:00:00,1,11.093999999999596,0,正常
2024-02-02 14:10:00,1,8.532000000000153,0,正常
2024-02-02 14:20:00,1,11.483999999999924,0,正常
2024-02-02 14:30:00,1,7.368000000000393,2,警戒
2024-02-02 14:40:00,1,12.852000000000317,2,警戒
2024-02-02 14:50:00,1,7.961999999999989,2,警戒
2024-02-02 15:00:00,1,10.494000000000142,2,警戒
2024-02-02 15:10:00,1,2.0339999999996508,1,关注
2024-02-02 15:20:00,1,19.055999999999585,1,关注
2024-02-02 15:30:00,1,7.451999999999771,1,关注
2024-02-02 15:40:00,1,12.834000000000742,1,关注
2024-02-02 15:50:00,1,6.6599999999994,1,关注
2024-02-02 16:00:00,1,11.538000000000011,1,关注
2024-02-02 16:10:00,1,10.812000000000808,2,警戒
2024-02-02 16:20:00,1,11.639999999998963,2,警戒
2024-02-02 16:30:00,1,5.280000000000655,1,关注
2024-02-02 16:40:00,1,12.624000000000251,1,关注
2024-02-02 16:50:00,1,8.729999999999563,1,关注
2024-02-02 17:00:00,1,11.27999999999929,1,关注
2024-02-02 17:10:00,1,6.744000000000142,1,关注
2024-02-02 17:20:00,1,10.530000000000655,1,关注
2024-02-02 17:30:00,1,9.713999999999487,2,警戒
2024-02-02 17:40:00,1,9.534000000001015,2,警戒
2024-02-02 17:50:00,1,9.875999999999749,2,警戒
2024-02-02 18:00:00,1,12.33600000000024,2,警戒
2024-02-02 18:10:00,1,11.087999999999738,3,危险
2024-02-02 18:20:00,1,15.809999999999945,3,危险
2024-02-02 18:30:00,1,0.34799999999995634,0,正常
2024-02-02 18:40:00,1,10.961999999999989,0,正常
2024-02-02 18:50:00,1,10.374000000000251,0,正常
2024-02-02 19:00:00,1,9.395999999998821,0,正常
2024-02-02 19:10:00,1,13.314000000000306,0,正常
2024-02-02 19:20:00,1,8.796000000000731,0,正常
2024-02-02 19:30:00,1,9.665999999999258,2,警戒
2024-02-02 19:40:00,1,8.261999999999716,2,警戒
2024-02-02 19:50:00,1,9.696000000001277,2,警戒
2024-02-02 20:00:00,1,8.747999999999138,2,警戒
2024-02-02 20:10:00,1,8.874000000000251,2,警戒
2024-02-02 20:20:00,1,14.957999999999629,2,警戒
2024-02-02 20:30:00,1,6.966000000000349,2,警戒
2024-02-02 20:40:00,1,11.460000000000491,2,警戒
2024-02-02 20:50:00,1,9.233999999999924,2,警戒
2024-02-02 21:00:00,1,10.337999999999738,2,警戒
2024-02-02 21:10:00,1,8.267999999999574,2,警戒
2024-02-02 21:20:00,1,12.359999999999673,2,警戒
2024-02-02 21:30:00,1,6.5580000000004475,2,警戒
2024-02-02 21:40:00,1,13.188000000000557,2,警戒
2024-02-02 21:50:00,1,7.451999999999771,2,警戒
2024-02-02 22:00:00,1,8.225999999999203,2,警戒
2024-02-02 22:10:00,1,11.502000000000862,2,警戒
2024-02-02 22:20:00,1,10.853999999999814,2,警戒
2024-02-02 22:30:00,1,9.786000000000513,2,警戒
2024-02-02 22:40:00,1,9.815999999999804,2,警戒
2024-02-02 22:50:00,1,8.66399999999976,2,警戒
2024-02-02 23:00:00,1,11.352000000000317,2,警戒
2024-02-02 23:10:00,1,0.43799999999919237,0,正常
2024-02-02 23:20:00,1,21.516000000000076,0,正常
2024-02-02 23:30:00,1,7.283999999999651,0,正常
2024-02-02 23:40:00,1,11.63400000000047,0,正常
2024-02-02 23:50:00,1,7.685999999999694,0,正常
2024-02-03 00:00:00,1,11.148000000001048,0,正常
2024-02-03 00:10:00,1,11.627999999999247,2,警戒
2024-02-03 00:20:00,1,9.714000000000851,2,警戒
2024-02-03 00:30:00,1,8.885999999999967,2,警戒
2024-02-03 00:40:00,1,8.681999999999334,2,警戒
2024-02-03 00:50:00,1,7.757999999999356,2,警戒
2024-02-03 01:00:00,1,11.946000000001277,2,警戒
2024-02-03 01:10:00,1,9.605999999999312,2,警戒
2024-02-03 01:20:00,1,11.375999999999749,2,警戒
2024-02-03 01:30:00,1,9.30600000000095,2,警戒
2024-02-03 01:40:00,1,8.645999999998821,2,警戒
2024-02-03 01:50:00,1,11.490000000001146,2,警戒
2024-02-03 02:00:00,1,12.095999999999094,2,警戒
2024-02-03 02:10:00,1,6.792000000000371,2,警戒
2024-02-03 02:20:00,1,10.728000000000065,2,警戒
2024-02-03 02:30:00,1,9.011999999999716,2,警戒
2024-02-03 02:40:00,1,10.416000000000622,2,警戒
2024-02-03 02:50:00,2,10.973999999999705,2,警戒
2024-02-03 03:00:00,2,8.681999999999334,2,警戒
2024-02-03 03:10:00,2,10.30200000000059,2,警戒
2024-02-03 03:20:00,2,10.589999999999236,2,警戒
2024-02-03 03:30:00,2,9.276000000000295,2,警戒
2024-02-03 03:40:00,2,11.928000000000338,2,警戒
2024-02-03 03:50:00,2,8.435999999999694,2,警戒
2024-02-03 04:00:00,2,0.27000000000043656,0,正常
2024-02-03 04:10:00,2,19.229999999999563,0,正常
2024-02-03 04:20:00,2,10.866000000000895,0,正常
2024-02-03 04:30:00,2,9.251999999999498,0,正常
2024-02-03 04:40:00,2,11.141999999999825,0,正常
2024-02-03 04:50:00,2,11.777999999999793,0,正常
2024-02-03 05:00:00,2,9.38400000000047,2,警戒
2024-02-03 05:10:00,2,8.292000000000371,2,警戒
2024-02-03 05:20:00,2,10.949999999998909,2,警戒
2024-02-03 05:30:00,2,8.55600000000095,2,警戒
2024-02-03 05:40:00,2,10.608000000000175,2,警戒
2024-02-03 05:50:00,2,10.373999999998887,2,警戒
2024-02-03 06:00:00,2,19.75800000000072,2,警戒
2024-02-03 06:10:00,2,0.5640000000003056,0,正常
2024-02-03 06:20:00,2,9.293999999999869,0,正常
2024-02-03 06:30:00,2,10.99199999999928,0,正常
2024-02-03 06:40:00,2,9.264000000000578,0,正常
2024-02-03 06:50:00,2,7.140000000000327,0,正常
2024-02-03 07:00:00,2,13.007999999999356,0,正常
2024-02-03 07:10:00,2,9.473999999999705,2,警戒
2024-02-03 07:20:00,2,11.292000000000371,2,警戒
2024-02-03 07:30:00,2,16.87199999999939,2,警戒
2024-02-03 07:40:00,2,2.742000000000644,1,关注
2024-02-03 07:50:00,2,8.897999999999683,1,关注
2024-02-03 08:00:00,2,9.036000000000513,1,关注
2024-02-03 08:10:00,2,11.789999999999509,1,关注
2024-02-03 08:20:00,2,8.982000000000426,1,关注
2024-02-03 08:30:00,2,12.150000000000546,1,关注
2024-02-03 08:40:00,2,9.40199999999868,2,警戒
2024-02-03 08:50:00,2,10.026000000000295,2,警戒
2024-02-03 09:00:00,2,7.733999999999924,2,警戒
2024-02-03 09:10:00,2,11.124000000000251,2,警戒
2024-02-03 09:20:00,2,10.776000000000295,2,警戒
2024-02-03 09:30:00,2,7.608000000000175,2,警戒
2024-02-03 09:40:00,2,12.222000000000207,2,警戒
2024-02-03 09:50:00,2,10.931999999999334,2,警戒
2024-02-03 10:00:00,2,10.08600000000024,2,警戒
2024-02-03 10:10:00,2,10.320000000000164,2,警戒
2024-02-03 10:20:00,2,10.739999999999782,2,警戒
2024-02-03 10:30:00,2,7.080000000000382,2,警戒
2024-02-03 10:40:00,2,11.36999999999989,2,警戒
2024-02-03 10:50:00,2,10.200000000000273,2,警戒
2024-02-03 11:00:00,2,8.153999999999542,2,警戒
2024-02-03 11:10:00,2,11.267999999999574,2,警戒
2024-02-03 11:20:00,2,7.824000000000524,2,警戒
2024-02-03 11:30:00,2,10.54800000000023,2,警戒
2024-02-03 11:40:00,2,11.849999999999454,2,警戒
2024-02-03 11:50:00,2,9.0,2,警戒
2024-02-03 12:00:00,2,10.175999999999476,2,警戒
2024-02-03 12:10:00,2,9.804000000000087,2,警戒
2024-02-03 12:20:00,2,8.178000000000338,2,警戒
2024-02-03 12:30:00,2,12.059999999999945,2,警戒
2024-02-03 12:40:00,2,9.467999999999847,2,警戒
2024-02-03 12:50:00,2,10.398000000001048,2,警戒
2024-02-03 13:00:00,2,9.791999999999007,2,警戒
2024-02-03 13:10:00,2,10.242000000000644,2,警戒
2024-02-03 13:20:00,2,10.54800000000023,3,危险
2024-02-03 13:30:00,2,10.133999999999105,3,危险
2024-02-03 13:40:00,2,8.328000000000884,2,警戒
2024-02-03 13:50:00,2,11.621999999999389,2,警戒
2024-02-03 14:00:00,2,8.83199999999988,2,警戒
2024-02-03 14:10:00,2,11.106000000000677,2,警戒
2024-02-03 14:20:00,2,10.709999999999127,2,警戒
2024-02-03 14:30:00,2,9.989999999999782,2,警戒
2024-02-03 14:40:00,2,8.664000000001124,2,警戒
2024-02-03 14:50:00,2,8.855999999999312,2,警戒
2024-02-03 15:00:00,2,3.6780000000003383,1,关注
2024-02-03 15:10:00,2,15.75,1,关注
2024-02-03 15:20:00,2,11.771999999999935,1,关注
2024-02-03 15:30:00,2,10.385999999999967,1,关注
2024-02-03 15:40:00,2,5.802000000000589,1,关注
2024-02-03 15:50:00,2,13.685999999999694,1,关注
2024-02-03 16:00:00,2,17.48999999999978,2,警戒
2024-02-03 16:10:00,2,3.24599999999964,1,关注
2024-02-03 16:20:00,2,8.087999999999738,1,关注
2024-02-03 16:30:00,2,10.890000000000327,1,关注
2024-02-03 16:40:00,2,9.378000000000611,1,关注
2024-02-03 16:50:00,2,11.981999999999061,1,关注
2024-02-03 17:00:00,2,9.378000000000611,1,关注
2024-02-03 17:10:00,2,9.071999999999662,2,警戒
2024-02-03 17:20:00,2,9.858000000000175,2,警戒
2024-02-03 17:30:00,2,10.656000000000404,2,警戒
2024-02-03 17:40:00,2,11.489999999999782,2,警戒
2024-02-03 17:50:00,2,9.38400000000047,2,警戒
2024-02-03 18:00:00,2,10.385999999999967,2,警戒
2024-02-03 18:10:00,2,9.971999999998843,3,危险
2024-02-03 18:20:00,2,8.41800000000012,2,警戒
2024-02-03 18:30:00,2,9.828000000000884,2,警戒
2024-02-03 18:40:00,2,11.141999999999825,2,警戒
2024-02-03 18:50:00,2,9.419999999999618,2,警戒
2024-02-03 19:00:00,2,10.818000000000666,2,警戒
2024-02-03 19:10:00,2,10.152000000000044,2,警戒
2024-02-03 19:20:00,2,9.58199999999988,3,危险
2024-02-03 19:30:00,2,9.288000000000011,3,危险
2024-02-03 19:40:00,2,11.25,3,危险
2024-02-03 19:50:00,2,9.0,2,警戒
2024-02-03 20:00:00,2,9.228000000000065,2,警戒
2024-02-03 20:10:00,2,10.19399999999905,2,警戒
2024-02-03 20:20:00,2,11.850000000000819,2,警戒
2024-02-03 20:30:00,2,9.503999999998996,2,警戒
2024-02-03 20:40:00,2,10.914000000001124,2,警戒
2024-02-03 20:50:00,2,9.761999999999716,2,警戒
2024-02-03 21:00:00,2,7.57799999999952,2,警戒
2024-02-03 21:10:00,2,10.13400000000047,2,警戒
2024-02-03 21:20:00,2,11.292000000000371,2,警戒
2024-02-03 21:30:00,2,8.609999999999673,2,警戒
2024-02-03 21:40:00,2,12.959999999999127,2,警戒
2024-02-03 21:50:00,2,7.464000000000851,2,警戒
2024-02-03 22:00:00,2,1.9739999999997053,1,关注
2024-02-03 22:10:00,2,19.805999999999585,1,关注
2024-02-03 22:20:00,2,9.222000000000207,1,关注
2024-02-03 22:30:00,2,8.760000000000218,1,关注
2024-02-03 22:40:00,2,10.830000000000382,1,关注
2024-02-03 22:50:00,2,8.711999999999989,1,关注
2024-02-03 23:00:00,2,9.593999999999596,2,警戒
2024-02-03 23:10:00,2,12.852000000000317,2,警戒
2024-02-03 23:20:00,2,8.592000000000098,2,警戒
2024-02-03 23:30:00,2,10.565999999999804,2,警戒
2024-02-03 23:40:00,2,10.308000000000447,2,警戒
2024-02-03 23:50:00,2,5.375999999999749,2,警戒
2024-02-04 00:00:00,2,16.1579999999999,2,警戒
2024-02-04 00:10:00,2,8.969999999999345,2,警戒
2024-02-04 00:20:00,2,8.034000000001015,2,警戒
2024-02-04 00:30:00,2,11.567999999999302,2,警戒
2024-02-04 00:40:00,2,7.109999999999673,2,警戒
2024-02-04 00:50:00,2,12.059999999999945,2,警戒
2024-02-04 01:00:00,2,10.596000000000458,2,警戒
2024-02-04 01:10:00,2,11.820000000000164,2,警戒
2024-02-04 01:20:00,2,8.304000000000087,2,警戒
2024-02-04 01:30:00,2,9.972000000000207,2,警戒
2024-02-04 01:40:00,2,10.206000000000131,2,警戒
2024-02-04 01:50:00,2,1.4519999999997708,0,正常
2024-02-04 02:00:00,2,18.162000000000262,0,正常
2024-02-04 02:10:00,2,9.797999999998865,0,正常
2024-02-04 02:20:00,2,10.458000000000993,0,正常
2024-02-04 02:30:00,2,10.043999999999869,0,正常
2024-02-04 02:40:00,2,9.86999999999989,0,正常
2024-02-04 02:50:00,2,9.815999999999804,3,危险
2024-02-04 03:00:00,2,10.403999999999542,3,危险
2024-02-04 03:10:00,2,9.486000000000786,3,危险
2024-02-04 03:20:00,2,9.731999999999061,3,危险
2024-02-04 03:30:00,2,0.9300000000012005,0,正常
2024-02-04 03:40:00,2,15.551999999999225,0,正常
2024-02-04 03:50:00,2,12.396000000000186,0,正常
2024-02-04 04:00:00,2,10.973999999999705,0,正常
2024-02-04 04:10:00,2,9.774000000000797,0,正常
2024-02-04 04:20:00,2,9.11999999999989,0,正常
2024-02-04 04:30:00,2,12.065999999999804,2,警戒
2024-02-04 04:40:00,2,11.57399999999916,2,警戒
2024-02-04 04:50:00,2,8.328000000000884,2,警戒
2024-02-04 05:00:00,2,9.02999999999929,2,警戒
2024-02-04 05:10:00,2,7.385999999999967,2,警戒
2024-02-04 05:20:00,2,13.866000000000895,2,警戒
2024-02-04 05:30:00,2,9.233999999999924,2,警戒
2024-02-04 05:40:00,2,13.140000000000327,2,警戒
2024-02-04 05:50:00,2,8.231999999999061,2,警戒
2024-02-04 06:00:00,2,8.862000000000535,2,警戒
2024-02-04 06:10:00,2,7.187999999999192,2,警戒
2024-02-04 06:20:00,2,14.256000000001222,2,警戒
2024-02-04 06:30:00,2,8.747999999999138,2,警戒
2024-02-04 06:40:00,2,8.472000000000207,2,警戒
2024-02-04 06:50:00,2,17.92200000000048,2,警戒
2024-02-04 07:00:00,2,4.1460000000001855,1,关注
2024-02-04 07:10:00,2,8.225999999999203,1,关注
2024-02-04 07:20:00,2,10.476000000000568,1,关注
2024-02-04 07:30:00,2,10.295999999999367,1,关注
2024-02-04 07:40:00,2,9.761999999999716,1,关注
2024-02-04 07:50:00,2,11.616000000000895,1,关注
2024-02-04 08:00:00,2,7.127999999999247,2,警戒
2024-02-04 08:10:00,2,12.846000000000458,2,警戒
2024-02-04 08:20:00,2,6.0659999999998035,2,警戒
2024-02-04 08:30:00,2,12.432000000000698,2,警戒
2024-02-04 08:40:00,2,9.929999999999836,2,警戒
2024-02-04 08:50:00,2,9.983999999999924,2,警戒
2024-02-04 09:00:00,2,9.329999999999018,2,警戒
2024-02-04 09:10:00,2,9.618000000000393,2,警戒
2024-02-04 09:20:00,2,7.91399999999976,2,警戒
2024-02-04 09:30:00,2,3.6780000000003383,1,关注
2024-02-04 09:40:00,2,28.925999999999476,1,关注
2024-02-04 09:50:00,2,5.358000000000175,1,关注
2024-02-04 10:00:00,2,6.042000000000371,1,关注
2024-02-04 10:10:00,2,8.166000000000622,1,关注
2024-02-04 10:20:00,2,11.339999999999236,1,关注
2024-02-04 10:30:00,2,11.20199999999977,1,关注
2024-02-04 10:40:00,2,8.070000000000164,1,关注
2024-02-04 10:50:00,2,10.320000000000164,2,警戒
2024-02-04 11:00:00,2,9.732000000000426,2,警戒
2024-02-04 11:10:00,2,12.461999999999989,2,警戒
2024-02-04 11:20:00,2,8.153999999999542,2,警戒
2024-02-04 11:30:00,2,11.304000000000087,2,警戒
2024-02-04 11:40:00,2,7.482000000000426,2,警戒
2024-02-04 11:50:00,2,11.609999999999673,2,警戒
2024-02-04 12:00:00,2,10.043999999999869,2,警戒
2024-02-04 12:10:00,2,9.641999999999825,2,警戒
2024-02-04 12:20:00,2,8.55600000000095,2,警戒
2024-02-04 12:30:00,2,13.373999999998887,2,警戒
2024-02-04 12:40:00,2,7.656000000000404,2,警戒
2024-02-04 12:50:00,2,11.08199999999988,2,警戒
2024-02-04 13:00:00,2,9.185999999999694,2,警戒
2024-02-04 13:10:00,2,9.79800000000023,2,警戒
2024-02-04 13:20:00,2,11.67600000000084,2,警戒
2024-02-04 13:30:00,2,4.109999999999673,1,关注
2024-02-04 13:40:00,2,12.738000000000284,1,关注
2024-02-04 13:50:00,2,10.703999999999269,1,关注
2024-02-04 14:00:00,2,12.282000000000153,1,关注
2024-02-04 14:10:00,2,6.119999999999891,1,关注
2024-02-04 14:20:00,2,14.32799999999952,1,关注
2024-02-04 14:30:00,2,9.042000000000371,2,警戒
2024-02-04 14:40:00,2,4.967999999999847,1,关注
2024-02-04 14:50:00,2,3.3539999999998145,1,关注
2024-02-04 15:00:00,2,17.112000000000535,1,关注
2024-02-04 15:10:00,2,2.213999999999487,1,关注
2024-02-04 15:20:00,2,19.566000000001168,1,关注
2024-02-04 15:30:00,2,10.82399999999916,1,关注
2024-02-04 15:40:00,2,11.315999999999804,1,关注
2024-02-04 15:50:00,2,10.34400000000096,1,关注
2024-02-04 16:00:00,2,8.297999999998865,1,关注
2024-02-04 16:10:00,2,11.09400000000096,2,警戒
2024-02-04 16:20:00,2,8.561999999999443,2,警戒
2024-02-04 16:30:00,2,11.580000000000382,2,警戒
2024-02-04 16:40:00,2,11.580000000000382,2,警戒
2024-02-04 16:50:00,2,7.019999999999072,2,警戒
2024-02-04 17:00:00,2,10.47000000000071,2,警戒
2024-02-04 17:10:00,2,9.744000000000142,2,警戒
2024-02-04 17:20:00,2,13.157999999999902,2,警戒
2024-02-04 17:30:00,2,8.399999999999181,2,警戒
2024-02-04 17:40:00,2,9.0900000000006,2,警戒
2024-02-04 17:50:00,2,10.596000000000458,2,警戒
2024-02-04 18:00:00,2,8.9099999999994,2,警戒
2024-02-04 18:10:00,2,12.114000000000033,2,警戒
2024-02-04 18:20:00,2,11.153999999999542,2,警戒
2024-02-04 18:30:00,2,9.558000000000447,2,警戒
2024-02-04 18:40:00,2,6.755999999999858,2,警戒
2024-02-04 18:50:00,2,11.238000000000284,2,警戒
2024-02-04 19:00:00,2,10.061999999999443,2,警戒
2024-02-04 19:10:00,2,11.75400000000036,2,警戒
2024-02-04 19:20:00,2,8.394000000000688,2,警戒
2024-02-04 19:30:00,2,9.521999999999935,2,警戒
2024-02-04 19:40:00,2,9.425999999999476,2,警戒
2024-02-04 19:50:00,2,10.11599999999953,2,警戒
2024-02-04 20:00:00,2,9.954000000000633,2,警戒
2024-02-04 20:10:00,2,10.86599999999953,2,警戒
2024-02-04 20:20:00,2,10.608000000000175,3,危险
2024-02-04 20:30:00,2,10.16399999999976,3,危险
2024-02-04 20:40:00,2,9.299999999999727,3,危险
2024-02-04 20:50:00,2,11.202000000001135,3,危险
2024-02-04 21:00:00,2,11.837999999999738,3,危险
2024-02-04 21:10:00,2,5.903999999999542,2,警戒
2024-02-04 21:20:00,2,12.99599999999964,2,警戒
2024-02-04 21:30:00,2,7.34400000000096,2,警戒
2024-02-04 21:40:00,2,11.483999999999924,2,警戒
2024-02-04 21:50:00,2,7.8179999999993015,2,警戒
2024-02-04 22:00:00,2,10.907999999999902,2,警戒
2024-02-04 22:10:00,2,8.868000000000393,2,警戒
2024-02-04 22:20:00,2,11.657999999999902,2,警戒
2024-02-04 22:30:00,2,11.267999999999574,2,警戒
2024-02-04 22:40:00,2,9.276000000000295,2,警戒
2024-02-04 22:50:00,2,9.75,2,警戒
2024-02-04 23:00:00,2,9.204000000000633,2,警戒
2024-02-04 23:10:00,2,11.064000000000306,2,警戒
2024-02-04 23:20:00,2,8.315999999999804,2,警戒
2024-02-04 23:30:00,2,11.621999999999389,2,警戒
2024-02-04 23:40:00,2,0.9000000000005457,0,正常
2024-02-04 23:50:00,2,14.795999999999367,0,正常
2024-02-05 00:00:00,2,12.684000000000196,0,正常
2024-02-05 00:10:00,2,9.606000000000677,0,正常
2024-02-05 00:20:00,2,10.481999999999061,0,正常
2024-02-05 00:30:00,2,10.764000000000578,0,正常
2024-02-05 00:40:00,2,11.621999999999389,3,危险
2024-02-05 00:50:00,2,8.55600000000095,2,警戒
2024-02-05 01:00:00,2,11.765999999998712,2,警戒
2024-02-05 01:10:00,2,7.83600000000024,2,警戒
2024-02-05 01:20:00,2,12.024000000000797,2,警戒
2024-02-05 01:30:00,2,8.532000000000153,2,警戒
2024-02-05 01:40:00,2,7.997999999999138,2,警戒
2024-02-05 01:50:00,2,11.454000000000633,2,警戒
2024-02-05 02:00:00,2,8.178000000000338,2,警戒
2024-02-05 02:10:00,2,0.48599999999942156,0,正常
2024-02-05 02:20:00,2,3.8460000000004584,0,正常
2024-02-05 02:30:00,2,4.91399999999976,0,正常
2024-02-05 02:40:00,2,0.17399999999997817,0,正常
2024-02-05 02:50:00,2,0.3360000000002401,0,正常
2024-02-05 03:00:00,2,0.12599999999974898,0,正常
2024-02-05 03:10:00,2,0.042000000000371074,0,正常
2024-02-05 03:20:00,2,0.11400000000003274,0,正常
2024-02-05 03:30:00,2,0.1619999999988977,0,正常
2024-02-05 03:40:00,2,0.11999999999989086,0,正常
2024-02-05 03:50:00,2,0.0,0,正常
2024-02-05 04:00:00,2,0.09000000000060027,0,正常
2024-02-05 04:10:00,2,0.6180000000003929,0,正常
2024-02-05 04:20:00,2,0.10199999999895226,0,正常
2024-02-05 04:30:00,2,0.0,0,正常
2024-02-05 04:40:00,2,0.06600000000116779,0,正常
2024-02-05 04:50:00,2,0.08999999999923602,0,正常
2024-02-05 05:00:00,2,0.1980000000007749,0,正常
2024-02-05 05:10:00,2,0.005999999999858119,0,正常
2024-02-05 05:20:00,2,0.12599999999974898,0,正常
2024-02-05 05:30:00,2,0.04800000000022919,0,正常
2024-02-05 05:40:00,2,0.03599999999914871,0,正常
2024-02-05 05:50:00,2,0.0,0,正常
2024-02-05 06:00:00,2,0.01200000000108048,0,正常
2024-02-05 06:10:00,2,0.023999999999432475,0,正常
2024-02-05 06:20:00,2,0.0,0,正常
2024-02-05 06:30:00,2,0.0,0,正常
2024-02-05 06:40:00,2,0.005999999999858119,0,正常
2024-02-05 06:50:00,2,0.036000000000512955,0,正常
2024-02-05 07:00:00,2,0.011999999999716238,0,正常
2024-02-05 07:10:00,2,0.011999999999716238,0,正常
2024-02-05 07:20:00,2,0.042000000000371074,0,正常
2024-02-05 07:30:00,2,0.017999999999574356,0,正常
2024-02-05 07:40:00,2,0.005999999999858119,0,正常
2024-02-05 07:50:00,2,0.0,0,正常
2024-02-05 08:00:00,2,0.0,0,正常
2024-02-05 08:10:00,2,0.0,0,正常
2024-02-05 08:20:00,2,0.0,0,正常
2024-02-05 08:30:00,2,0.042000000000371074,0,正常
2024-02-05 08:40:00,2,0.005999999999858119,0,正常
2024-02-05 08:50:00,2,0.0,0,正常
2024-02-05 09:00:00,2,0.005999999999858119,0,正常
2024-02-05 09:10:00,2,0.09600000000045839,0,正常
2024-02-05 09:20:00,2,0.0,0,正常
2024-02-05 09:30:00,2,0.023999999999432475,0,正常
2024-02-05 09:40:00,2,0.0,0,正常
2024-02-05 09:50:00,2,0.08400000000074215,0,正常
2024-02-05 10:00:00,2,0.0,0,正常
2024-02-05 10:10:00,2,0.0,0,正常
2024-02-05 10:20:00,2,0.04199999999900683,0,正常
2024-02-05 10:30:00,2,0.0,0,正常
2024-02-05 10:40:00,2,0.01200000000108048,0,正常
2024-02-05 10:50:00,2,0.023999999999432475,0,正常
2024-02-05 11:00:00,2,0.07799999999951979,0,正常
2024-02-05 11:10:00,2,0.024000000000796717,0,正常
2024-02-05 11:20:00,2,0.005999999999858119,0,正常
2024-02-05 11:30:00,2,0.0,0,正常
2024-02-05 11:40:00,2,0.005999999999858119,0,正常
2024-02-05 11:50:00,2,0.0,0,正常
2024-02-05 12:00:00,2,0.0,0,正常
2024-02-05 12:10:00,2,0.0,0,正常
2024-02-05 12:20:00,2,0.0,0,正常
2024-02-05 12:30:00,2,0.0,0,正常
2024-02-05 12:40:00,2,0.0,0,正常
2024-02-05 12:50:00,2,0.0,0,正常
2024-02-05 13:00:00,2,0.0,0,正常
2024-02-05 13:10:00,2,0.005999999999858119,0,正常
2024-02-05 13:20:00,2,0.0,0,正常
2024-02-05 13:30:00,2,0.0,0,正常
2024-02-05 13:40:00,2,0.005999999999858119,0,正常
2024-02-05 13:50:00,2,0.042000000000371074,0,正常
2024-02-05 14:00:00,2,0.011999999999716238,0,正常
2024-02-05 14:10:00,2,0.0,0,正常
2024-02-05 14:20:00,2,0.024000000000796717,0,正常
2024-02-05 14:30:00,2,-0.024000000000796717,0,正常
2024-02-05 14:40:00,2,0.0,0,正常
2024-02-05 14:50:00,2,-0.011999999999716238,0,正常
2024-02-05 15:00:00,2,0.011999999999716238,0,正常
2024-02-05 15:10:00,2,0.024000000000796717,0,正常
2024-02-05 15:20:00,2,0.0,0,正常
2024-02-05 15:30:00,2,0.0,0,正常
2024-02-05 15:40:00,2,0.017999999999574356,0,正常
2024-02-05 15:50:00,2,0.005999999999858119,0,正常
2024-02-05 16:00:00,2,-0.023999999999432475,0,正常
2024-02-05 16:10:00,2,0.0,0,正常
2024-02-05 16:20:00,2,0.0,0,正常
2024-02-05 16:30:00,2,0.0,0,正常
2024-02-05 16:40:00,2,0.023999999999432475,0,正常
2024-02-05 16:50:00,2,0.0,0,正常
2024-02-05 17:00:00,2,0.0,0,正常
2024-02-05 17:10:00,2,0.017999999999574356,0,正常
2024-02-05 17:20:00,2,0.0,0,正常
2024-02-05 17:30:00,2,0.005999999999858119,0,正常
2024-02-05 17:40:00,2,-0.005999999999858119,0,正常
2024-02-05 17:50:00,2,0.005999999999858119,0,正常
2024-02-05 18:00:00,2,0.01200000000108048,0,正常
2024-02-05 18:10:00,2,-0.01200000000108048,0,正常
2024-02-05 18:20:00,2,0.0,0,正常
2024-02-05 18:30:00,2,0.0,0,正常
2024-02-05 18:40:00,2,0.0,0,正常
2024-02-05 18:50:00,2,0.0,0,正常
2024-02-05 19:00:00,2,0.0,0,正常
2024-02-05 19:10:00,2,0.01200000000108048,0,正常
2024-02-05 19:20:00,2,0.0,0,正常
2024-02-05 19:30:00,2,0.0,0,正常
2024-02-05 19:40:00,2,0.0,0,正常
2024-02-05 19:50:00,2,0.0,0,正常
2024-02-05 20:00:00,2,0.04799999999886495,0,正常
2024-02-05 20:10:00,2,-0.04799999999886495,0,正常
2024-02-05 20:20:00,2,-0.005999999999858119,0,正常
2024-02-05 20:30:00,2,0.0,0,正常
2024-02-05 20:40:00,2,0.005999999999858119,0,正常
2024-02-05 20:50:00,2,-0.005999999999858119,0,正常
2024-02-05 21:00:00,2,0.005999999999858119,0,正常
2024-02-05 21:10:00,2,0.0,0,正常
2024-02-05 21:20:00,2,-0.005999999999858119,0,正常
2024-02-05 21:30:00,2,0.0,0,正常
2024-02-05 21:40:00,2,0.005999999999858119,0,正常
2024-02-05 21:50:00,2,-0.005999999999858119,0,正常
2024-02-05 22:00:00,2,0.0,0,正常
2024-02-05 22:10:00,2,0.005999999999858119,0,正常
2024-02-05 22:20:00,2,0.0,0,正常
2024-02-05 22:30:00,2,0.04799999999886495,0,正常
2024-02-05 22:40:00,2,0.0,0,正常
2024-02-05 22:50:00,2,0.0,0,正常
2024-02-05 23:00:00,2,0.024000000000796717,0,正常
2024-02-05 23:10:00,2,0.0,0,正常
2024-02-05 23:20:00,2,0.0,0,正常
2024-02-05 23:30:00,2,0.036000000000512955,0,正常
2024-02-05 23:40:00,2,0.0,0,正常
2024-02-05 23:50:00,2,0.0,0,正常
2024-02-06 00:00:00,2,0.0,0,正常
2024-02-06 00:10:00,2,0.0,0,正常
2024-02-06 00:20:00,2,0.0,0,正常
2024-02-06 00:30:00,2,0.0,0,正常
2024-02-06 00:40:00,2,0.0,0,正常
2024-02-06 00:50:00,2,0.0,0,正常
2024-02-06 01:00:00,2,-0.036000000000512955,0,正常
2024-02-06 01:10:00,2,0.036000000000512955,0,正常
2024-02-06 01:20:00,2,0.0,0,正常
2024-02-06 01:30:00,2,0.0,0,正常
2024-02-06 01:40:00,2,0.0,0,正常
2024-02-06 01:50:00,2,0.023999999999432475,0,正常
2024-02-06 02:00:00,2,0.0,0,正常
2024-02-06 02:10:00,2,-0.023999999999432475,0,正常
2024-02-06 02:20:00,2,0.0,0,正常
2024-02-06 02:30:00,2,0.023999999999432475,0,正常
2024-02-06 02:40:00,2,0.05999999999994543,0,正常
2024-02-06 02:50:00,2,0.0,0,正常
2024-02-06 03:00:00,2,0.0,0,正常
2024-02-06 03:10:00,2,0.0,0,正常
2024-02-06 03:20:00,2,0.030000000000654836,0,正常
2024-02-06 03:30:00,2,0.0,0,正常
2024-02-06 03:40:00,2,0.0,0,正常
2024-02-06 03:50:00,2,0.08999999999923602,0,正常
2024-02-06 04:00:00,2,0.017999999999574356,0,正常
2024-02-06 04:10:00,2,0.0,0,正常
2024-02-06 04:20:00,2,0.030000000000654836,0,正常
2024-02-06 04:30:00,2,0.023999999999432475,0,正常
2024-02-06 04:40:00,2,0.005999999999858119,0,正常
2024-02-06 04:50:00,2,0.0,0,正常
2024-02-06 05:00:00,2,0.006000000001222361,0,正常
2024-02-06 05:10:00,2,0.0,0,正常
2024-02-06 05:20:00,2,0.0,0,正常
2024-02-06 05:30:00,2,0.09599999999909414,0,正常
2024-02-06 05:40:00,2,0.0,0,正常
2024-02-06 05:50:00,2,0.07199999999966167,0,正常
2024-02-06 06:00:00,2,0.0,0,正常
2024-02-06 06:10:00,2,0.01200000000108048,0,正常
2024-02-06 06:20:00,2,0.017999999999574356,0,正常
2024-02-06 06:30:00,2,0.005999999999858119,0,正常
2024-02-06 06:40:00,2,0.017999999999574356,0,正常
2024-02-06 06:50:00,2,0.005999999999858119,0,正常
2024-02-06 07:00:00,2,0.01200000000108048,0,正常
2024-02-06 07:10:00,2,0.10199999999895226,0,正常
2024-02-06 07:20:00,2,0.05400000000008731,0,正常
2024-02-06 07:30:00,2,0.036000000000512955,0,正常
2024-02-06 07:40:00,2,0.011999999999716238,0,正常
2024-02-06 07:50:00,2,0.0,0,正常
2024-02-06 08:00:00,2,0.036000000000512955,0,正常
2024-02-06 08:10:00,2,0.011999999999716238,0,正常
2024-02-06 08:20:00,2,0.017999999999574356,0,正常
2024-02-06 08:30:00,2,0.0180000000009386,0,正常
2024-02-06 08:40:00,2,0.03599999999914871,0,正常
2024-02-06 08:50:00,2,0.042000000000371074,0,正常
2024-02-06 09:00:00,2,0.011999999999716238,0,正常
2024-02-06 09:10:00,2,0.0,0,正常
2024-02-06 09:20:00,2,0.1859999999996944,0,正常
2024-02-06 09:30:00,2,0.006000000001222361,0,正常
2024-02-06 09:40:00,2,0.07199999999966167,0,正常
2024-02-06 09:50:00,2,0.05400000000008731,0,正常
2024-02-06 10:00:00,2,0.0,0,正常
2024-02-06 10:10:00,2,0.04800000000022919,0,正常
2024-02-06 10:20:00,2,0.04799999999886495,0,正常
2024-02-06 10:30:00,2,0.18000000000120053,0,正常
2024-02-06 10:40:00,2,0.0,0,正常
2024-02-06 10:50:00,2,0.005999999999858119,0,正常
2024-02-06 11:00:00,2,0.16800000000012005,0,正常
2024-02-06 11:10:00,2,0.10799999999881038,0,正常
2024-02-06 11:20:00,2,0.04800000000022919,0,正常
2024-02-06 11:30:00,2,0.05999999999994543,0,正常
2024-02-06 11:40:00,2,0.19200000000091677,0,正常
2024-02-06 11:50:00,2,0.005999999999858119,0,正常
2024-02-06 12:00:00,2,0.011999999999716238,0,正常
2024-02-06 12:10:00,2,0.4619999999999891,0,正常
2024-02-06 12:20:00,2,0.05999999999994543,0,正常
2024-02-06 12:30:00,2,0.011999999999716238,0,正常
2024-02-06 12:40:00,2,0.35399999999981446,0,正常
2024-02-06 12:50:00,2,0.0,0,正常
2024-02-06 13:00:00,2,0.0,0,正常
2024-02-06 13:10:00,2,0.44400000000041473,0,正常
2024-02-06 13:20:00,2,0.27000000000043656,0,正常
2024-02-06 13:30:00,2,0.11400000000003274,0,正常
2024-02-06 13:40:00,2,0.6059999999993124,0,正常
2024-02-06 13:50:00,2,0.39600000000018554,0,正常
2024-02-06 14:00:00,2,0.9239999999999782,0,正常
2024-02-06 14:10:00,2,0.6180000000003929,0,正常
2024-02-06 14:20:00,2,0.09599999999909414,0,正常
2024-02-06 14:30:00,2,0.18000000000120053,0,正常
2024-02-06 14:40:00,2,0.005999999999858119,0,正常
2024-02-06 14:50:00,2,0.25199999999949796,0,正常
2024-02-06 15:00:00,2,0.3780000000006112,0,正常
2024-02-06 15:10:00,2,1.1099999999996726,0,正常
2024-02-06 15:20:00,2,0.5279999999997926,0,正常
2024-02-06 15:30:00,2,0.713999999999487,0,正常
2024-02-06 15:40:00,2,0.12600000000111322,0,正常
2024-02-06 15:50:00,2,0.12599999999974898,0,正常
2024-02-06 16:00:00,2,0.3179999999993015,0,正常
2024-02-06 16:10:00,2,0.04800000000022919,0,正常
2024-02-06 16:20:00,2,0.06599999999980355,0,正常
2024-02-06 16:30:00,2,0.9359999999996944,0,正常
2024-02-06 16:40:00,2,0.47400000000106957,0,正常
2024-02-06 16:50:00,2,11.273999999999432,0,正常
2024-02-06 17:00:00,2,0.6959999999999127,0,正常
2024-02-06 17:10:00,2,0.2760000000002947,0,正常
2024-02-06 17:20:00,2,1.0320000000001528,0,正常
2024-02-06 17:30:00,2,2.08199999999988,0,正常
2024-02-06 17:40:00,2,0.19199999999955253,0,正常
2024-02-06 17:50:00,2,0.042000000000371074,0,正常
2024-02-06 18:00:00,2,0.1500000000005457,0,正常
2024-02-06 18:10:00,2,2.129999999998745,0,正常
2024-02-06 18:20:00,2,0.7080000000009932,0,正常
2024-02-06 18:30:00,2,0.9959999999996398,0,正常
2024-02-06 18:40:00,2,0.9600000000004911,0,正常
2024-02-06 18:50:00,2,1.33199999999988,0,正常
2024-02-06 19:00:00,2,0.3899999999989632,0,正常
2024-02-06 19:10:00,2,1.0500000000010914,0,正常
2024-02-06 19:20:00,2,0.023999999999432475,0,正常
2024-02-06 19:30:00,2,1.536000000000513,0,正常
2024-02-06 19:40:00,2,0.6419999999998254,0,正常
2024-02-06 19:50:00,2,0.9239999999999782,0,正常
2024-02-06 20:00:00,2,0.2820000000001528,0,正常
2024-02-06 20:10:00,2,1.6379999999994652,0,正常
2024-02-06 20:20:00,2,1.5960000000004584,0,正常
2024-02-06 20:30:00,2,0.029999999999290594,0,正常
2024-02-06 20:40:00,2,1.8960000000001855,0,正常
2024-02-06 20:50:00,2,0.6120000000005348,0,正常
2024-02-06 21:00:00,2,0.9239999999999782,0,正常
2024-02-06 21:10:00,2,0.5879999999997381,0,正常
2024-02-06 21:20:00,2,0.0,0,正常
2024-02-06 21:30:00,2,0.8520000000003165,0,正常
2024-02-06 21:40:00,2,0.8640000000000327,0,正常
2024-02-06 21:50:00,2,0.05999999999994543,0,正常
2024-02-06 22:00:00,2,1.542000000000371,0,正常
2024-02-06 22:10:00,2,0.1319999999996071,0,正常
2024-02-06 22:20:00,2,2.2319999999990614,0,正常
2024-02-06 22:30:00,2,0.030000000000654836,0,正常
2024-02-06 22:40:00,2,1.5599999999999454,0,正常
2024-02-06 22:50:00,2,0.58199999999988,0,正常
2024-02-06 23:00:00,2,0.3659999999995307,0,正常
2024-02-06 23:10:00,2,0.8160000000011678,0,正常
2024-02-06 23:20:00,2,2.49599999999964,0,正常
2024-02-06 23:30:00,2,0.25199999999949796,0,正常
2024-02-06 23:40:00,2,0.12599999999974898,0,正常
2024-02-06 23:50:00,2,1.0260000000002947,0,正常
2024-02-07 00:00:00,2,0.31200000000080763,0,正常
2024-02-07 00:10:00,2,2.076000000000022,0,正常
2024-02-07 00:20:00,2,0.6839999999988322,0,正常
2024-02-07 00:30:00,2,0.5100000000002183,0,正常
2024-02-07 00:40:00,2,1.248000000000502,0,正常
2024-02-07 00:50:00,2,0.1799999999998363,0,正常
2024-02-07 01:00:00,2,0.6300000000001091,0,正常
2024-02-07 01:10:00,2,0.43199999999933425,0,正常
2024-02-07 01:20:00,2,1.0920000000000982,0,正常
2024-02-07 01:30:00,2,0.8520000000003165,0,正常
2024-02-07 01:40:00,2,1.5119999999997162,0,正常
2024-02-07 01:50:00,2,0.5219999999999345,0,正常
2024-02-07 02:00:00,2,0.4920000000006439,0,正常
2024-02-07 02:10:00,2,0.5760000000000218,0,正常
2024-02-07 02:20:00,2,1.038000000000011,0,正常
2024-02-07 02:30:00,2,0.9839999999999236,0,正常
2024-02-07 02:40:00,2,0.875999999999749,0,正常
2024-02-07 02:50:00,2,0.8040000000000873,0,正常
2024-02-07 03:00:00,2,0.7980000000002292,0,正常
2024-02-07 03:10:00,2,0.875999999999749,0,正常
2024-02-07 03:20:00,2,1.542000000000371,0,正常
2024-02-07 03:30:00,2,1.463999999999487,0,正常
2024-02-07 03:40:00,2,0.31200000000080763,0,正常
2024-02-07 03:50:00,2,0.5519999999992251,0,正常
2024-02-07 04:00:00,2,0.8099999999999454,0,正常
2024-02-07 04:10:00,2,0.7559999999998581,0,正常
2024-02-07 04:20:00,2,1.2900000000008731,0,正常
2024-02-07 04:30:00,2,0.23999999999978172,0,正常
2024-02-07 04:40:00,2,0.3599999999996726,0,正常
2024-02-07 04:50:00,2,0.6180000000003929,0,正常
2024-02-07 05:00:00,2,0.023999999999432475,0,正常
2024-02-07 05:10:00,2,1.0020000000008622,0,正常
2024-02-07 05:20:00,2,0.9719999999988431,0,正常
2024-02-07 05:30:00,2,0.042000000000371074,0,正常
2024-02-07 05:40:00,2,3.252000000000862,0,正常
2024-02-07 05:50:00,2,0.0839999999993779,0,正常
2024-02-07 06:00:00,2,0.030000000000654836,0,正常
2024-02-07 06:10:00,2,1.038000000000011,0,正常
2024-02-07 06:20:00,2,0.8159999999998035,0,正常
2024-02-07 06:30:00,2,0.19199999999955253,0,正常
2024-02-07 06:40:00,2,0.0,0,正常
2024-02-07 06:50:00,2,2.112000000000535,0,正常
2024-02-07 07:00:00,2,0.05999999999994543,0,正常
2024-02-07 07:10:00,2,0.2639999999992142,0,正常
2024-02-07 07:20:00,2,0.8520000000003165,0,正常
2024-02-07 07:30:00,2,1.4760000000005675,0,正常
2024-02-07 07:40:00,2,0.8699999999998909,0,正常
2024-02-07 07:50:00,2,0.91800000000012,0,正常
2024-02-07 08:00:00,2,2.381999999999607,0,正常
2024-02-07 08:10:00,2,0.5999999999994543,0,正常
2024-02-07 08:20:00,2,0.15600000000040382,0,正常
2024-02-07 08:30:00,2,0.4679999999998472,0,正常
2024-02-07 08:40:00,2,0.42599999999947613,0,正常
2024-02-07 08:50:00,2,0.7680000000009386,0,正常
2024-02-07 09:00:00,2,0.9059999999990396,0,正常
2024-02-07 09:10:00,2,0.21000000000049113,0,正常
2024-02-07 09:20:00,2,1.169999999999618,0,正常
2024-02-07 09:30:00,2,0.042000000000371074,0,正常
2024-02-07 09:40:00,2,0.09600000000045839,0,正常
2024-02-07 09:50:00,2,1.3979999999996835,0,正常
2024-02-07 10:00:00,2,0.545999999999367,0,正常
2024-02-07 10:10:00,2,0.006000000001222361,0,正常
2024-02-07 10:20:00,2,0.40200000000004366,0,正常
2024-02-07 10:30:00,2,0.07799999999951979,0,正常
2024-02-07 10:40:00,2,0.47999999999956344,0,正常
2024-02-07 10:50:00,2,2.5560000000009495,0,正常
2024-02-07 11:00:00,2,1.9679999999998472,0,正常
2024-02-07 11:10:00,2,0.35399999999981446,0,正常
2024-02-07 11:20:00,2,0.2339999999999236,0,正常
2024-02-07 11:30:00,2,0.19799999999941065,0,正常
2024-02-07 11:40:00,2,0.08400000000074215,0,正常
2024-02-07 11:50:00,2,0.6300000000001091,0,正常
2024-02-07 12:00:00,2,0.875999999999749,0,正常
2024-02-07 12:10:00,2,0.2820000000001528,0,正常
2024-02-07 12:20:00,2,0.5160000000000764,0,正常
2024-02-07 12:30:00,2,0.4499999999989086,0,正常
2024-02-07 12:40:00,2,1.0020000000008622,0,正常
2024-02-07 12:50:00,2,0.20399999999926877,0,正常
2024-02-07 13:00:00,2,1.5,0,正常
2024-02-07 13:10:00,2,1.0020000000008622,0,正常
2024-02-07 13:20:00,2,0.3179999999993015,0,正常
2024-02-07 13:30:00,2,0.036000000000512955,0,正常
2024-02-07 13:40:00,2,0.5219999999999345,0,正常
2024-02-07 13:50:00,2,0.7799999999992906,0,正常
2024-02-07 14:00:00,2,1.3020000000005894,0,正常
2024-02-07 14:10:00,2,0.39600000000018554,0,正常
2024-02-07 14:20:00,2,0.3840000000004693,0,正常
2024-02-07 14:30:00,2,0.24599999999963984,0,正常
2024-02-07 14:40:00,2,0.3179999999993015,0,正常
2024-02-07 14:50:00,2,0.07800000000088403,0,正常
2024-02-07 15:00:00,2,0.6900000000000546,0,正常
2024-02-07 15:10:00,2,0.6839999999988322,0,正常
2024-02-07 15:20:00,2,0.8820000000009713,0,正常
2024-02-07 15:30:00,2,0.6959999999999127,0,正常
2024-02-07 15:40:00,2,0.9959999999996398,0,正常
2024-02-07 15:50:00,2,1.1340000000004693,0,正常
2024-02-07 16:00:00,2,0.23999999999978172,0,正常
2024-02-07 16:10:00,2,0.1020000000003165,0,正常
2024-02-07 16:20:00,2,0.3179999999993015,0,正常
2024-02-07 16:30:00,2,1.038000000000011,0,正常
2024-02-07 16:40:00,2,0.45600000000013097,0,正常
2024-02-07 16:50:00,2,1.2779999999997926,0,正常
2024-02-07 17:00:00,2,0.024000000000796717,0,正常
2024-02-07 17:10:00,2,0.05999999999994543,0,正常
2024-02-07 17:20:00,2,0.0839999999993779,0,正常
2024-02-07 17:30:00,2,0.030000000000654836,0,正常
2024-02-07 17:40:00,2,1.253999999998996,0,正常
2024-02-07 17:50:00,2,0.75,0,正常
2024-02-07 18:00:00,2,1.0740000000005239,0,正常
2024-02-07 18:10:00,2,1.6439999999993233,0,正常
2024-02-07 18:20:00,2,0.45600000000013097,0,正常
2024-02-07 18:30:00,2,0.6780000000003383,0,正常
2024-02-07 18:40:00,2,1.4400000000000546,0,正常
2024-02-07 18:50:00,2,0.31800000000066575,0,正常
2024-02-07 19:00:00,2,0.48599999999942156,0,正常
2024-02-07 19:10:00,2,0.26400000000057844,0,正常
2024-02-07 19:20:00,2,0.05400000000008731,0,正常
2024-02-07 19:30:00,2,1.8959999999988213,0,正常
2024-02-07 19:40:00,2,0.6780000000003383,0,正常
2024-02-07 19:50:00,2,0.8580000000001746,0,正常
2024-02-07 20:00:00,2,0.6840000000001965,0,正常
2024-02-07 20:10:00,2,0.37799999999924694,0,正常
2024-02-07 20:20:00,2,0.1020000000003165,0,正常
2024-02-07 20:30:00,2,0.05999999999994543,0,正常
2024-02-07 20:40:00,2,0.31800000000066575,0,正常
2024-02-07 20:50:00,2,1.1099999999996726,0,正常
2024-02-07 21:00:00,2,0.05400000000008731,0,正常
2024-02-07 21:10:00,2,1.001999999999498,0,正常
2024-02-07 21:20:00,2,0.47400000000106957,0,正常
2024-02-07 21:30:00,2,1.001999999999498,0,正常
2024-02-07 21:40:00,2,0.7980000000002292,0,正常
2024-02-07 21:50:00,2,0.8459999999990941,0,正常
2024-02-07 22:00:00,2,0.05400000000008731,0,正常
2024-02-07 22:10:00,2,0.5100000000002183,0,正常
2024-02-07 22:20:00,2,0.011999999999716238,0,正常
2024-02-07 22:30:00,2,1.5120000000010805,0,正常
2024-02-07 22:40:00,2,1.8479999999999563,0,正常
2024-02-07 22:50:00,2,1.4519999999997708,0,正常
2024-02-07 23:00:00,2,0.0839999999993779,0,正常
2024-02-07 23:10:00,2,0.0180000000009386,0,正常
2024-02-07 23:20:00,2,0.5760000000000218,0,正常
2024-02-07 23:30:00,2,0.10199999999895226,0,正常
2024-02-07 23:40:00,2,3.324000000000524,0,正常
2024-02-07 23:50:00,2,0.35399999999981446,0,正常
2024-02-08 00:00:00,2,0.32400000000052387,0,正常
2024-02-08 00:10:00,2,0.05400000000008731,0,正常
2024-02-08 00:20:00,2,0.1619999999988977,0,正常
2024-02-08 00:30:00,2,0.47400000000106957,0,正常
2024-02-08 00:40:00,2,0.5519999999992251,0,正常
2024-02-08 00:50:00,2,0.5400000000008731,0,正常
2024-02-08 01:00:00,2,1.2359999999994216,0,正常
2024-02-08 01:10:00,2,1.295999999999367,0,正常
2024-02-08 01:20:00,2,0.534000000001015,0,正常
2024-02-08 01:30:00,2,0.2880000000000109,0,正常
2024-02-08 01:40:00,2,1.3260000000000218,0,正常
2024-02-08 01:50:00,2,0.04199999999900683,0,正常
2024-02-08 02:00:00,2,0.006000000001222361,0,正常
2024-02-08 02:10:00,2,0.25199999999949796,0,正常
2024-02-08 02:20:00,2,0.786000000000513,0,正常
2024-02-08 02:30:00,2,0.2639999999992142,0,正常
2024-02-08 02:40:00,2,0.6060000000006767,0,正常
2024-02-08 02:50:00,2,2.66399999999976,0,正常
2024-02-08 03:00:00,2,2.171999999999116,0,正常
2024-02-08 03:10:00,2,0.6420000000011896,0,正常
2024-02-08 03:20:00,2,1.883999999999105,0,正常
2024-02-08 03:30:00,2,2.7719999999999345,0,正常
2024-02-08 03:40:00,2,0.11999999999989086,0,正常
2024-02-08 03:50:00,2,0.1020000000003165,0,正常
2024-02-08 04:00:00,2,0.04800000000022919,0,正常
2024-02-08 04:10:00,2,0.07799999999951979,0,正常
2024-02-08 04:20:00,2,3.036000000000513,0,正常
2024-02-08 04:30:00,2,0.35399999999981446,0,正常
2024-02-08 04:40:00,2,1.2960000000007312,0,正常
2024-02-08 04:50:00,2,0.7019999999997708,0,正常
2024-02-08 05:00:00,2,1.2899999999995089,0,正常
2024-02-08 05:10:00,2,1.1039999999998145,0,正常
2024-02-08 05:20:00,2,0.4860000000007858,0,正常
2024-02-08 05:30:00,2,0.14999999999918145,0,正常
2024-02-08 05:40:00,2,1.416000000000622,0,正常
2024-02-08 05:50:00,2,1.7699999999990723,0,正常
2024-02-08 06:00:00,2,0.7980000000002292,0,正常
2024-02-08 06:10:00,2,0.2880000000000109,0,正常
2024-02-08 06:20:00,2,0.05400000000008731,0,正常
2024-02-08 06:30:00,2,1.0499999999997272,0,正常
2024-02-08 06:40:00,2,3.624000000000251,0,正常
2024-02-08 06:50:00,2,0.39600000000018554,0,正常
2024-02-08 07:00:00,2,0.9899999999997817,0,正常
2024-02-08 07:10:00,2,3.0119999999997162,0,正常
2024-02-08 07:20:00,2,0.1200000000012551,0,正常
2024-02-08 07:30:00,2,0.7799999999992906,0,正常
2024-02-08 07:40:00,2,0.4320000000006985,0,正常
2024-02-08 07:50:00,2,0.04199999999900683,0,正常
2024-02-08 08:00:00,2,0.31200000000080763,0,正常
2024-02-08 08:10:00,2,1.295999999999367,0,正常
2024-02-08 08:20:00,2,1.3560000000006767,0,正常
2024-02-08 08:30:00,2,0.3659999999995307,0,正常
2024-02-08 08:40:00,2,0.017999999999574356,0,正常
2024-02-08 08:50:00,2,1.998000000000502,0,正常
2024-02-08 09:00:00,2,0.8699999999998909,0,正常
2024-02-08 09:10:00,2,0.6959999999999127,0,正常
2024-02-08 09:20:00,2,2.41800000000012,0,正常
2024-02-08 09:30:00,2,1.2359999999994216,0,正常
2024-02-08 09:40:00,2,0.08400000000074215,0,正常
2024-02-08 09:50:00,2,3.9419999999995525,0,正常
2024-02-08 10:00:00,2,0.8340000000007421,0,正常
2024-02-08 10:10:00,2,0.91800000000012,0,正常
2024-02-08 10:20:00,2,0.5699999999987995,0,正常
2024-02-08 10:30:00,2,2.1780000000003383,0,正常
2024-02-08 10:40:00,2,0.09600000000045839,0,正常
2024-02-08 10:50:00,2,0.9899999999997817,0,正常
2024-02-08 11:00:00,2,0.40200000000004366,0,正常
2024-02-08 11:10:00,2,0.10800000000017462,0,正常
2024-02-08 11:20:00,2,9.906000000000404,0,正常
2024-02-08 11:30:00,2,1.6199999999998909,0,正常
2024-02-08 11:40:00,2,1.001999999999498,0,正常
2024-02-08 11:50:00,2,0.036000000000512955,0,正常
2024-02-08 12:00:00,2,3.3959999999988213,0,正常
2024-02-08 12:10:00,2,0.10800000000017462,0,正常
2024-02-08 12:20:00,2,1.4340000000001965,0,正常
2024-02-08 12:30:00,2,0.954000000000633,0,正常
2024-02-08 12:40:00,2,2.2619999999997162,0,正常
2024-02-08 12:50:00,2,1.7160000000003492,0,正常
2024-02-08 13:00:00,2,1.6439999999993233,0,正常
2024-02-08 13:10:00,2,1.6859999999996944,0,正常
2024-02-08 13:20:00,2,1.7100000000004911,0,正常
2024-02-08 13:30:00,2,0.011999999999716238,0,正常
2024-02-08 13:40:00,2,0.7800000000006548,0,正常
2024-02-08 13:50:00,2,0.7079999999996289,0,正常
2024-02-08 14:00:00,2,1.9020000000000437,0,正常
2024-02-08 14:10:00,2,1.4459999999999127,0,正常
2024-02-08 14:20:00,2,1.2000000000002728,0,正常
2024-02-08 14:30:00,2,0.3900000000003274,0,正常
2024-02-08 14:40:00,2,1.0679999999993015,0,正常
2024-02-08 14:50:00,2,0.22200000000020736,0,正常
2024-02-08 15:00:00,2,0.3900000000003274,0,正常
2024-02-08 15:10:00,2,2.507999999999356,0,正常
2024-02-08 15:20:00,2,0.04800000000022919,0,正常
2024-02-08 15:30:00,2,2.963999999999487,0,正常
2024-02-08 15:40:00,2,0.624000000000251,0,正常
2024-02-08 15:50:00,2,2.17200000000048,0,正常
2024-02-08 16:00:00,2,0.3719999999993888,0,正常
2024-02-08 16:10:00,2,5.394000000000688,0,正常
2024-02-08 16:20:00,2,0.44400000000041473,0,正常
2024-02-08 16:30:00,2,3.7679999999995744,0,正常
2024-02-08 16:40:00,2,0.7320000000004256,0,正常
2024-02-08 16:50:00,2,0.38399999999910506,0,正常
2024-02-08 17:00:00,2,0.4860000000007858,0,正常
2024-02-08 17:10:00,2,0.0839999999993779,0,正常
2024-02-08 17:20:00,2,3.0599999999999454,0,正常
2024-02-08 17:30:00,2,2.423999999999978,0,正常
2024-02-08 17:40:00,2,0.875999999999749,0,正常
2024-02-08 17:50:00,2,0.42000000000098225,0,正常
2024-02-08 18:00:00,2,0.5339999999996508,0,正常
2024-02-08 18:10:00,2,5.3159999999998035,0,正常
2024-02-08 18:20:00,2,1.5900000000006003,0,正常
2024-02-08 18:30:00,2,0.5519999999992251,0,正常
2024-02-08 18:40:00,2,0.21000000000049113,0,正常
2024-02-08 18:50:00,2,0.875999999999749,0,正常
2024-02-08 19:00:00,2,1.7399999999997817,0,正常
2024-02-08 19:10:00,2,5.489999999999782,0,正常
2024-02-08 19:20:00,2,0.9359999999996944,0,正常
2024-02-08 19:30:00,2,2.4360000000010587,0,正常
2024-02-08 19:40:00,2,0.8999999999991815,0,正常
2024-02-08 19:50:00,2,1.6860000000010587,0,正常
2024-02-08 20:00:00,2,1.4039999999995416,0,正常
2024-02-08 20:10:00,2,1.4220000000004802,0,正常
2024-02-08 20:20:00,2,0.8459999999990941,0,正常
2024-02-08 20:30:00,2,1.1039999999998145,0,正常
2024-02-08 20:40:00,2,2.034000000001015,0,正常
2024-02-08 20:50:00,2,2.171999999999116,0,正常
2024-02-08 21:00:00,2,0.8159999999998035,0,正常
2024-02-08 21:10:00,2,2.0160000000000764,0,正常
2024-02-08 21:20:00,2,1.6860000000010587,0,正常
2024-02-08 21:30:00,2,0.9419999999995525,0,正常
2024-02-08 21:40:00,2,1.9919999999992797,0,正常
2024-02-08 21:50:00,2,0.6660000000006221,0,正常
2024-02-08 22:00:00,2,0.1859999999996944,0,正常
2024-02-08 22:10:00,2,2.538000000000011,0,正常
2024-02-08 22:20:00,2,0.09000000000060027,0,正常
2024-02-08 22:30:00,2,3.137999999999465,0,正常
2024-02-08 22:40:00,2,0.2580000000007203,0,正常
2024-02-08 22:50:00,2,2.471999999998843,0,正常
2024-02-08 23:00:00,2,1.2660000000000764,0,正常
2024-02-08 23:10:00,2,1.7700000000004366,0,正常
2024-02-08 23:20:00,2,0.07199999999966167,0,正常
2024-02-08 23:30:00,2,2.2740000000007967,0,正常
2024-02-08 23:40:00,2,0.8040000000000873,0,正常
2024-02-08 23:50:00,2,0.8999999999991815,0,正常
2024-02-09 00:00:00,2,0.9120000000002619,0,正常
2024-02-09 00:10:00,2,0.9479999999994106,0,正常
2024-02-09 00:20:00,2,0.3840000000004693,0,正常
2024-02-09 00:30:00,2,1.038000000000011,0,正常
2024-02-09 00:40:00,2,0.26400000000057844,0,正常
2024-02-09 00:50:00,2,1.127999999999247,0,正常
2024-02-09 01:00:00,2,0.9299999999998363,0,正常
2024-02-09 01:10:00,2,0.4860000000007858,0,正常
2024-02-09 01:20:00,2,0.9539999999992688,0,正常
2024-02-09 01:30:00,2,1.9380000000005566,0,正常
2024-02-09 01:40:00,2,1.5900000000006003,0,正常
2024-02-09 01:50:00,2,1.3259999999986576,0,正常
2024-02-09 02:00:00,2,2.8140000000003056,0,正常
2024-02-09 02:10:00,2,0.2339999999999236,0,正常
2024-02-09 02:20:00,2,0.6540000000009059,0,正常
2024-02-09 02:30:00,2,0.40200000000004366,0,正常
2024-02-09 02:40:00,2,1.2419999999992797,0,正常
2024-02-09 02:50:00,2,1.0680000000006658,0,正常
2024-02-09 03:00:00,2,0.6840000000001965,0,正常
2024-02-09 03:10:00,2,1.337999999999738,0,正常
2024-02-09 03:20:00,2,2.165999999999258,0,正常
2024-02-09 03:30:00,2,1.2660000000000764,0,正常
2024-02-09 03:40:00,2,0.8219999999996617,0,正常
2024-02-09 03:50:00,2,0.7440000000001419,0,正常
2024-02-09 04:00:00,2,2.580000000000382,0,正常
2024-02-09 04:10:00,2,1.6560000000004038,0,正常
2024-02-09 04:20:00,2,0.017999999999574356,0,正常
2024-02-09 04:30:00,2,3.162000000000262,0,正常
2024-02-09 04:40:00,2,1.1039999999998145,0,正常
2024-02-09 04:50:00,2,0.29399999999986903,0,正常
2024-02-09 05:00:00,2,0.9899999999997817,0,正常
2024-02-09 05:10:00,2,1.5900000000006003,0,正常
2024-02-09 05:20:00,2,0.419999999999618,0,正常
2024-02-09 05:30:00,2,0.6959999999999127,0,正常
2024-02-09 05:40:00,2,1.7100000000004911,0,正常
2024-02-09 05:50:00,2,2.3640000000000327,0,正常
2024-02-09 06:00:00,2,0.16200000000026193,0,正常
2024-02-09 06:10:00,2,0.8999999999991815,0,正常
2024-02-09 06:20:00,2,1.0620000000008076,0,正常
2024-02-09 06:30:00,2,0.5339999999996508,0,正常
2024-02-09 06:40:00,2,0.3599999999996726,0,正常
2024-02-09 06:50:00,2,3.0719999999996617,0,正常
2024-02-09 07:00:00,2,0.3420000000000982,0,正常
2024-02-09 07:10:00,2,1.5059999999998581,0,正常
2024-02-09 07:20:00,2,1.1100000000010368,0,正常
2024-02-09 07:30:00,2,1.7399999999997817,0,正常
2024-02-09 07:40:00,2,0.7799999999992906,0,正常
2024-02-09 07:50:00,2,0.5160000000000764,0,正常
2024-02-09 08:00:00,2,0.5279999999997926,0,正常
2024-02-09 08:10:00,2,2.8380000000011023,0,正常
2024-02-09 08:20:00,2,0.011999999999716238,0,正常
2024-02-09 08:30:00,2,0.9720000000002074,0,正常
2024-02-09 08:40:00,2,0.05999999999994543,0,正常
2024-02-09 08:50:00,2,0.6539999999995416,0,正常
2024-02-09 09:00:00,2,3.6539999999995416,0,正常
2024-02-09 09:10:00,2,1.5540000000000873,0,正常
2024-02-09 09:20:00,2,0.5700000000001637,0,正常
2024-02-09 09:30:00,2,1.0979999999999563,0,正常
2024-02-09 09:40:00,2,0.030000000000654836,0,正常
2024-02-09 09:50:00,2,1.5179999999995744,0,正常
2024-02-09 10:00:00,2,0.5700000000001637,0,正常
2024-02-09 10:10:00,2,3.9479999999994106,0,正常
2024-02-09 10:20:00,2,0.005999999999858119,0,正常
2024-02-09 10:30:00,2,0.3060000000009495,0,正常
2024-02-09 10:40:00,2,0.2820000000001528,0,正常
2024-02-09 10:50:00,2,1.2660000000000764,0,正常
2024-02-09 11:00:00,2,1.5239999999994325,0,正常
2024-02-09 11:10:00,2,0.5339999999996508,0,正常
2024-02-09 11:20:00,2,0.8040000000000873,0,正常
2024-02-09 11:30:00,2,1.6920000000009168,0,正常
2024-02-09 11:40:00,2,0.4079999999999018,0,正常
2024-02-09 11:50:00,2,0.7919999999990068,0,正常
2024-02-09 12:00:00,2,2.3159999999998035,0,正常
2024-02-09 12:10:00,2,0.49800000000050204,0,正常
2024-02-09 12:20:00,2,1.6919999999995525,0,正常
2024-02-09 12:30:00,2,0.7320000000004256,0,正常
2024-02-09 12:40:00,2,0.6000000000008185,0,正常
2024-02-09 12:50:00,2,0.20399999999926877,0,正常
2024-02-09 13:00:00,2,2.244000000000142,0,正常
2024-02-09 13:10:00,2,0.35399999999981446,0,正常
2024-02-09 13:20:00,2,1.7760000000002947,0,正常
2024-02-09 13:30:00,2,0.8339999999993779,0,正常
2024-02-09 13:40:00,2,0.9480000000007749,0,正常
2024-02-09 13:50:00,2,0.023999999999432475,0,正常
2024-02-09 14:00:00,2,1.91399999999976,0,正常
2024-02-09 14:10:00,2,1.0260000000002947,0,正常
2024-02-09 14:20:00,2,0.07199999999966167,0,正常
2024-02-09 14:30:00,2,2.6579999999999018,0,正常
2024-02-09 14:40:00,2,0.0180000000009386,0,正常
2024-02-09 14:50:00,2,0.7440000000001419,0,正常
2024-02-09 15:00:00,2,0.20999999999912689,0,正常
2024-02-09 15:10:00,2,0.32400000000052387,0,正常
2024-02-09 15:20:00,2,4.007999999999356,0,正常
2024-02-09 15:30:00,2,0.7800000000006548,0,正常
2024-02-09 15:40:00,2,0.6840000000001965,0,正常
2024-02-09 15:50:00,2,0.875999999999749,0,正常
2024-02-09 16:00:00,2,0.21600000000034925,0,正常
2024-02-09 16:10:00,2,1.6199999999998909,0,正常
2024-02-09 16:20:00,2,0.14399999999932334,0,正常
2024-02-09 16:30:00,2,1.4519999999997708,0,正常
2024-02-09 16:40:00,2,0.6420000000011896,0,正常
2024-02-09 16:50:00,2,3.07799999999952,0,正常
2024-02-09 17:00:00,2,0.9839999999999236,0,正常
2024-02-09 17:10:00,2,0.3719999999993888,0,正常
2024-02-09 17:20:00,2,0.7320000000004256,0,正常
2024-02-09 17:30:00,2,1.4220000000004802,0,正常
2024-02-09 17:40:00,2,0.6959999999999127,0,正常
2024-02-09 17:50:00,2,0.8219999999996617,0,正常
2024-02-09 18:00:00,2,0.4380000000005566,0,正常
2024-02-09 18:10:00,2,0.6179999999990287,0,正常
2024-02-09 18:20:00,2,1.1700000000009823,0,正常
2024-02-09 18:30:00,2,0.5700000000001637,0,正常
2024-02-09 18:40:00,2,0.8219999999996617,0,正常
2024-02-09 18:50:00,2,0.6900000000000546,0,正常
2024-02-09 19:00:00,2,1.3079999999990832,0,正常
2024-02-09 19:10:00,2,0.8640000000000327,0,正常
2024-02-09 19:20:00,2,2.3580000000001746,0,正常
2024-02-09 19:30:00,2,0.2580000000007203,0,正常
2024-02-09 19:40:00,2,1.3079999999990832,0,正常
2024-02-09 19:50:00,2,1.3800000000001091,0,正常
2024-02-09 20:00:00,2,1.8539999999998145,0,正常
2024-02-09 20:10:00,2,0.07200000000102591,0,正常
2024-02-09 20:20:00,2,1.206000000000131,0,正常
2024-02-09 20:30:00,2,0.713999999999487,0,正常
2024-02-09 20:40:00,2,0.9899999999997817,0,正常
2024-02-09 20:50:00,2,0.27000000000043656,0,正常
2024-02-09 21:00:00,2,0.20399999999926877,0,正常
2024-02-09 21:10:00,2,1.0200000000004366,0,正常
2024-02-09 21:20:00,2,0.30599999999958527,0,正常
2024-02-09 21:30:00,2,1.1400000000003274,0,正常
2024-02-09 21:40:00,2,0.6479999999996835,0,正常
2024-02-09 21:50:00,2,0.45000000000027285,0,正常
2024-02-09 22:00:00,2,0.21600000000034925,0,正常
2024-02-09 22:10:00,2,2.0700000000001637,0,正常
2024-02-09 22:20:00,2,0.24599999999963984,0,正常
2024-02-09 22:30:00,2,0.7800000000006548,0,正常
2024-02-09 22:40:00,2,0.1319999999996071,0,正常
2024-02-09 22:50:00,2,0.7799999999992906,0,正常
2024-02-09 23:00:00,2,0.5880000000011023,0,正常
2024-02-09 23:10:00,2,0.10199999999895226,0,正常
2024-02-09 23:20:00,2,3.5460000000007312,0,正常
2024-02-09 23:30:00,2,0.3900000000003274,0,正常
2024-02-09 23:40:00,2,0.9239999999999782,0,正常
2024-02-09 23:50:00,2,1.1579999999999018,0,正常
2024-02-10 00:00:00,2,0.40200000000004366,0,正常
2024-02-10 00:10:00,2,1.5359999999991487,0,正常
2024-02-10 00:20:00,2,0.11400000000003274,0,正常
2024-02-10 00:30:00,2,0.7200000000007094,0,正常
2024-02-10 00:40:00,2,0.7079999999996289,0,正常
2024-02-10 00:50:00,2,1.3260000000000218,0,正常
2024-02-10 01:00:00,2,0.786000000000513,0,正常
2024-02-10 01:10:00,2,1.3139999999989413,0,正常
2024-02-10 01:20:00,2,1.0200000000004366,0,正常
2024-02-10 01:30:00,2,2.244000000000142,0,正常
2024-02-10 01:40:00,2,0.35399999999981446,0,正常
2024-02-10 01:50:00,2,0.5160000000000764,0,正常
2024-02-10 02:00:00,2,2.5680000000006658,0,正常
2024-02-10 02:10:00,2,0.10799999999881038,0,正常
2024-02-10 02:20:00,2,1.0500000000010914,0,正常
2024-02-10 02:30:00,2,0.023999999999432475,0,正常
2024-02-10 02:40:00,2,0.15600000000040382,0,正常
2024-02-10 02:50:00,2,3.215999999998985,0,正常
2024-02-10 03:00:00,2,0.12600000000111322,0,正常
2024-02-10 03:10:00,2,0.5219999999999345,0,正常
2024-02-10 03:20:00,2,0.08999999999923602,0,正常
2024-02-10 03:30:00,2,0.45600000000013097,0,正常
2024-02-10 03:40:00,2,0.9839999999999236,0,正常
2024-02-10 03:50:00,2,1.9320000000006985,0,正常
2024-02-10 04:00:00,2,0.8219999999996617,0,正常
2024-02-10 04:10:00,2,0.6599999999993997,0,正常
2024-02-10 04:20:00,2,0.9000000000005457,0,正常
2024-02-10 04:30:00,2,1.0200000000004366,0,正常
2024-02-10 04:40:00,2,1.3260000000000218,0,正常
2024-02-10 04:50:00,2,0.05999999999994543,0,正常
2024-02-10 05:00:00,2,0.6539999999995416,0,正常
2024-02-10 05:10:00,2,0.9239999999999782,0,正常
2024-02-10 05:20:00,2,0.09000000000060027,0,正常
2024-02-10 05:30:00,2,1.757999999999356,0,正常
2024-02-10 05:40:00,2,0.5520000000005894,0,正常
2024-02-10 05:50:00,2,1.1819999999993342,0,正常
2024-02-10 06:00:00,2,1.1159999999995307,0,正常
2024-02-10 06:10:00,2,0.09600000000045839,0,正常
2024-02-10 06:20:00,2,1.2239999999997053,0,正常
2024-02-10 06:30:00,2,0.990000000001146,0,正常
2024-02-10 06:40:00,2,1.877999999999247,0,正常
2024-02-10 06:50:00,2,1.0680000000006658,0,正常
2024-02-10 07:00:00,2,0.25199999999949796,0,正常
2024-02-10 07:10:00,2,0.19799999999941065,0,正常
2024-02-10 07:20:00,2,0.7800000000006548,0,正常
2024-02-10 07:30:00,2,1.2540000000003602,0,正常
2024-02-10 07:40:00,2,1.7099999999991269,0,正常
2024-02-10 07:50:00,2,0.036000000000512955,0,正常
2024-02-10 08:00:00,2,1.6859999999996944,0,正常
2024-02-10 08:10:00,2,1.0620000000008076,0,正常
2024-02-10 08:20:00,2,0.4139999999997599,0,正常
2024-02-10 08:30:00,2,0.7079999999996289,0,正常
2024-02-10 08:40:00,2,0.8699999999998909,0,正常
2024-02-10 08:50:00,2,0.2339999999999236,0,正常
2024-02-10 09:00:00,2,0.5100000000002183,0,正常
2024-02-10 09:10:00,2,1.5540000000000873,0,正常
2024-02-10 09:20:00,2,0.786000000000513,0,正常
2024-02-10 09:30:00,2,0.215999999998985,0,正常
2024-02-10 09:40:00,2,1.122000000000753,0,正常
2024-02-10 09:50:00,2,2.1840000000001965,0,正常
2024-02-10 10:00:00,2,1.259999999998854,0,正常
2024-02-10 10:10:00,2,0.6720000000004802,0,正常
2024-02-10 10:20:00,2,0.9000000000005457,0,正常
2024-02-10 10:30:00,2,0.07799999999951979,0,正常
2024-02-10 10:40:00,2,0.6599999999993997,0,正常
2024-02-10 10:50:00,2,0.9420000000009168,0,正常
2024-02-10 11:00:00,2,1.2779999999997926,0,正常
2024-02-10 11:10:00,2,1.1940000000004147,0,正常
2024-02-10 11:20:00,2,0.35399999999981446,0,正常
2024-02-10 11:30:00,2,1.0499999999997272,0,正常
2024-02-10 11:40:00,2,0.45000000000027285,0,正常
2024-02-10 11:50:00,2,0.08999999999923602,0,正常
2024-02-10 12:00:00,2,0.9899999999997817,0,正常
2024-02-10 12:10:00,2,1.1760000000008404,0,正常
2024-02-10 12:20:00,2,1.8840000000004693,0,正常
2024-02-10 12:30:00,2,0.341999999998734,0,正常
2024-02-10 12:40:00,2,0.954000000000633,0,正常
2024-02-10 12:50:00,2,0.25199999999949796,0,正常
2024-02-10 13:00:00,2,1.5599999999999454,0,正常
2024-02-10 13:10:00,2,0.042000000000371074,0,正常
2024-02-10 13:20:00,2,1.9500000000002728,0,正常
2024-02-10 13:30:00,2,0.005999999999858119,0,正常
2024-02-10 13:40:00,2,0.04800000000022919,0,正常
2024-02-10 13:50:00,2,1.0139999999992142,0,正常
2024-02-10 14:00:00,2,1.284000000001015,0,正常
2024-02-10 14:10:00,2,0.06599999999980355,0,正常
2024-02-10 14:20:00,2,0.1020000000003165,0,正常
2024-02-10 14:30:00,2,0.8699999999998909,0,正常
2024-02-10 14:40:00,2,1.6140000000000327,0,正常
2024-02-10 14:50:00,2,0.011999999999716238,0,正常
2024-02-10 15:00:00,2,2.118000000000393,0,正常
2024-02-10 15:10:00,2,0.42599999999947613,0,正常
2024-02-10 15:20:00,2,0.042000000000371074,0,正常
2024-02-10 15:30:00,2,0.6479999999996835,0,正常
2024-02-10 15:40:00,2,2.675999999999476,0,正常
2024-02-10 15:50:00,2,0.12599999999974898,0,正常
2024-02-10 16:00:00,2,1.0740000000005239,0,正常
2024-02-10 16:10:00,2,0.5100000000002183,0,正常
2024-02-10 16:20:00,2,0.023999999999432475,0,正常
2024-02-10 16:30:00,2,0.8760000000011132,0,正常
2024-02-10 16:40:00,2,2.6819999999993342,0,正常
2024-02-10 16:50:00,2,4.4099999999994,0,正常
2024-02-10 17:00:00,2,0.6720000000004802,0,正常
2024-02-10 17:10:00,2,2.622000000000753,0,正常
2024-02-10 17:20:00,2,3.3059999999995853,0,正常
2024-02-10 17:30:00,2,0.30599999999958527,0,正常
2024-02-10 17:40:00,2,0.5939999999995962,0,正常
2024-02-10 17:50:00,2,0.7980000000002292,0,正常
2024-02-10 18:00:00,2,0.8880000000008295,0,正常
2024-02-10 18:10:00,2,0.6840000000001965,0,正常
2024-02-10 18:20:00,2,1.4339999999988322,0,正常
2024-02-10 18:30:00,2,0.3000000000010914,0,正常
2024-02-10 18:40:00,2,3.9839999999999236,0,正常
2024-02-10 18:50:00,2,0.8640000000000327,0,正常
2024-02-10 19:00:00,2,1.427999999998974,0,正常
2024-02-10 19:10:00,2,1.542000000000371,0,正常
2024-02-10 19:20:00,2,1.6379999999994652,0,正常
2024-02-10 19:30:00,2,1.0020000000008622,0,正常
2024-02-10 19:40:00,2,1.1039999999998145,0,正常
2024-02-10 19:50:00,2,0.29399999999986903,0,正常
2024-02-10 20:00:00,2,1.7820000000001528,0,正常
2024-02-10 20:10:00,2,1.5659999999998035,0,正常
2024-02-10 20:20:00,2,0.8099999999999454,0,正常
2024-02-10 20:30:00,2,0.8400000000006003,0,正常
2024-02-10 20:40:00,2,1.7039999999992688,0,正常
2024-02-10 20:50:00,2,1.2179999999998472,0,正常
2024-02-10 21:00:00,2,0.07800000000088403,0,正常
2024-02-10 21:10:00,2,0.5219999999999345,0,正常
2024-02-10 21:20:00,2,1.757999999999356,0,正常
2024-02-10 21:30:00,2,0.2520000000008622,0,正常
2024-02-10 21:40:00,2,0.11400000000003274,0,正常
2024-02-10 21:50:00,2,1.3979999999996835,0,正常
2024-02-10 22:00:00,2,2.4479999999994106,0,正常
2024-02-10 22:10:00,2,0.07200000000102591,0,正常
2024-02-10 22:20:00,2,0.15599999999903957,0,正常
2024-02-10 22:30:00,2,2.2740000000007967,0,正常
2024-02-10 22:40:00,2,0.10199999999895226,0,正常
2024-02-10 22:50:00,2,0.0180000000009386,0,正常
2024-02-10 23:00:00,2,0.5519999999992251,0,正常
2024-02-10 23:10:00,2,3.125999999999749,0,正常
2024-02-10 23:20:00,2,1.1340000000004693,0,正常
2024-02-10 23:30:00,2,1.3500000000008185,0,正常
2024-02-10 23:40:00,2,0.3899999999989632,0,正常
2024-02-10 23:50:00,2,1.7820000000001528,0,正常
2024-02-11 00:00:00,2,0.017999999999574356,0,正常
2024-02-11 00:10:00,2,0.18600000000105865,0,正常
2024-02-11 00:20:00,2,1.1759999999994761,0,正常
2024-02-11 00:30:00,2,1.5239999999994325,0,正常
2024-02-11 00:40:00,2,1.1640000000011241,0,正常
2024-02-11 00:50:00,2,1.5059999999998581,0,正常
2024-02-11 01:00:00,2,0.2579999999993561,0,正常
2024-02-11 01:10:00,2,0.5700000000001637,0,正常
2024-02-11 01:20:00,2,0.0,0,正常
2024-02-11 01:30:00,2,0.45000000000027285,0,正常
2024-02-11 01:40:00,2,1.4099999999993997,0,正常
2024-02-11 01:50:00,2,0.8340000000007421,0,正常
2024-02-11 02:00:00,2,0.9299999999998363,0,正常
2024-02-11 02:10:00,2,0.2579999999993561,0,正常
2024-02-11 02:20:00,2,0.042000000000371074,0,正常
2024-02-11 02:30:00,2,1.5059999999998581,0,正常
2024-02-11 02:40:00,2,0.9060000000004038,0,正常
2024-02-11 02:50:00,2,2.087999999999738,0,正常
2024-02-11 03:00:00,2,0.8159999999998035,0,正常
2024-02-11 03:10:00,2,0.5219999999999345,0,正常
2024-02-11 03:20:00,2,0.44400000000041473,0,正常
2024-02-11 03:30:00,2,0.29399999999986903,0,正常
2024-02-11 03:40:00,2,0.5339999999996508,0,正常
2024-02-11 03:50:00,2,0.534000000001015,0,正常
2024-02-11 04:00:00,2,1.919999999999618,0,正常
2024-02-11 04:10:00,2,2.2380000000002838,0,正常
2024-02-11 04:20:00,2,1.4759999999992033,0,正常
2024-02-11 04:30:00,2,0.9780000000000655,0,正常
2024-02-11 04:40:00,2,0.2339999999999236,0,正常
2024-02-11 04:50:00,2,2.4420000000009168,0,正常
2024-02-11 05:00:00,2,1.169999999999618,0,正常
2024-02-11 05:10:00,2,2.9280000000003383,0,正常
2024-02-11 05:20:00,2,1.9499999999989086,0,正常
2024-02-11 05:30:00,2,1.3500000000008185,0,正常
2024-02-11 05:40:00,2,0.30599999999958527,0,正常
2024-02-11 05:50:00,2,1.2839999999996508,0,正常
2024-02-11 06:00:00,2,1.5300000000006548,0,正常
2024-02-11 06:10:00,2,2.789999999999509,0,正常
2024-02-11 06:20:00,2,0.6780000000003383,0,正常
2024-02-11 06:30:00,2,1.242000000000644,0,正常
2024-02-11 06:40:00,2,0.3959999999988213,0,正常
2024-02-11 06:50:00,2,1.2719999999999345,0,正常
2024-02-11 07:00:00,2,1.0320000000001528,0,正常
2024-02-11 07:10:00,2,5.322000000001026,0,正常
2024-02-11 07:20:00,2,0.12599999999974898,0,正常
2024-02-11 07:30:00,2,0.3900000000003274,0,正常
2024-02-11 07:40:00,2,1.4699999999993452,0,正常
2024-02-11 07:50:00,2,3.0,0,正常
2024-02-11 08:00:00,2,0.9660000000003492,0,正常
2024-02-11 08:10:00,2,0.29399999999986903,0,正常
2024-02-11 08:20:00,2,0.07199999999966167,0,正常
2024-02-11 08:30:00,2,1.169999999999618,0,正常
2024-02-11 08:40:00,2,4.584000000000742,0,正常
2024-02-11 08:50:00,2,0.10800000000017462,0,正常
2024-02-11 09:00:00,2,0.11400000000003274,0,正常
2024-02-11 09:10:00,2,1.4819999999990614,0,正常
2024-02-11 09:20:00,2,0.7080000000009932,0,正常
2024-02-11 09:30:00,2,1.5299999999992906,0,正常
2024-02-11 09:40:00,2,0.75,0,正常
2024-02-11 09:50:00,2,0.75,0,正常
2024-02-11 10:00:00,2,0.8640000000000327,0,正常
2024-02-11 10:10:00,2,2.843999999999596,0,正常
2024-02-11 10:20:00,2,1.6140000000000327,0,正常
2024-02-11 10:30:00,2,0.9360000000010587,0,正常
2024-02-11 10:40:00,2,0.8219999999996617,0,正常
2024-02-11 10:50:00,2,2.1479999999996835,0,正常
2024-02-11 11:00:00,2,1.5659999999998035,0,正常
2024-02-11 11:10:00,2,0.09000000000060027,0,正常
2024-02-11 11:20:00,2,2.513999999999214,0,正常
2024-02-11 11:30:00,2,1.2540000000003602,0,正常
2024-02-11 11:40:00,2,3.5700000000001637,0,正常
2024-02-11 11:50:00,2,0.26400000000057844,0,正常
2024-02-11 12:00:00,2,0.04199999999900683,0,正常
2024-02-11 12:10:00,2,0.8640000000000327,0,正常
2024-02-11 12:20:00,2,2.130000000000109,0,正常
2024-02-11 12:30:00,2,0.35399999999981446,0,正常
2024-02-11 12:40:00,2,0.030000000000654836,0,正常
2024-02-11 12:50:00,2,0.7199999999993452,0,正常
2024-02-11 13:00:00,2,0.14400000000068758,0,正常
2024-02-11 13:10:00,2,3.8520000000003165,0,正常
2024-02-11 13:20:00,2,0.6179999999990287,0,正常
2024-02-11 13:30:00,2,1.0920000000000982,0,正常
2024-02-11 13:40:00,2,1.662000000000262,0,正常
2024-02-11 13:50:00,2,2.7839999999996508,0,正常
2024-02-11 14:00:00,2,2.910000000000764,0,正常
2024-02-11 14:10:00,2,0.8580000000001746,0,正常
2024-02-11 14:20:00,2,0.06599999999980355,0,正常
2024-02-11 14:30:00,2,1.5,0,正常
2024-02-11 14:40:00,2,0.19799999999941065,0,正常
2024-02-11 14:50:00,2,3.330000000000382,0,正常
2024-02-11 15:00:00,2,0.8219999999996617,0,正常
2024-02-11 15:10:00,2,1.2540000000003602,0,正常
2024-02-11 15:20:00,2,1.583999999999378,0,正常
2024-02-11 15:30:00,2,0.09600000000045839,0,正常
2024-02-11 15:40:00,2,0.09600000000045839,0,正常
2024-02-11 15:50:00,2,2.255999999999858,0,正常
2024-02-11 16:00:00,2,1.4940000000001419,0,正常
2024-02-11 16:10:00,2,6.845999999999094,0,正常
2024-02-11 16:20:00,2,1.6440000000006876,0,正常
2024-02-11 16:30:00,2,2.1479999999996835,0,正常
2024-02-11 16:40:00,2,3.07799999999952,0,正常
2024-02-11 16:50:00,2,0.06600000000116779,0,正常
2024-02-11 17:00:00,2,0.2880000000000109,0,正常
2024-02-11 17:10:00,2,2.501999999999498,0,正常
2024-02-11 17:20:00,2,0.40200000000004366,0,正常
2024-02-11 17:30:00,2,2.826000000000022,0,正常
2024-02-11 17:40:00,2,1.1460000000001855,0,正常
2024-02-11 17:50:00,2,1.6379999999994652,0,正常
2024-02-11 18:00:00,2,0.5879999999997381,0,正常
2024-02-11 18:10:00,2,3.6000000000008185,0,正常
2024-02-11 18:20:00,2,0.20399999999926877,0,正常
2024-02-11 18:30:00,2,2.1480000000010477,0,正常
2024-02-11 18:40:00,2,0.9899999999997817,0,正常
2024-02-11 18:50:00,2,0.43199999999933425,0,正常
2024-02-11 19:00:00,2,3.6900000000000546,0,正常
2024-02-11 19:10:00,2,0.1500000000005457,0,正常
2024-02-11 19:20:00,2,1.9979999999991378,0,正常
2024-02-11 19:30:00,2,1.1400000000003274,0,正常
2024-02-11 19:40:00,2,0.29399999999986903,0,正常
2024-02-11 19:50:00,2,1.9200000000009823,0,正常
2024-02-11 20:00:00,2,2.6039999999998145,0,正常
2024-02-11 20:10:00,2,2.4720000000002074,0,正常
2024-02-11 20:20:00,2,0.839999999999236,0,正常
2024-02-11 20:30:00,2,0.5339999999996508,0,正常
2024-02-11 20:40:00,2,1.2900000000008731,0,正常
2024-02-11 20:50:00,2,3.288000000000011,0,正常
2024-02-11 21:00:00,2,1.043999999999869,0,正常
2024-02-11 21:10:00,2,0.5040000000003602,0,正常
2024-02-11 21:20:00,2,1.337999999999738,0,正常
2024-02-11 21:30:00,2,1.3619999999991705,0,正常
2024-02-11 21:40:00,2,0.19200000000091677,0,正常
2024-02-11 21:50:00,2,1.7039999999992688,0,正常
2024-02-11 22:00:00,2,0.9959999999996398,0,正常
2024-02-11 22:10:00,2,0.2760000000002947,0,正常
2024-02-11 22:20:00,2,0.8699999999998909,0,正常
2024-02-11 22:30:00,2,0.954000000000633,0,正常
2024-02-11 22:40:00,2,2.843999999999596,0,正常
2024-02-11 22:50:00,2,2.6760000000008404,0,正常
2024-02-11 23:00:00,2,0.2339999999999236,0,正常
2024-02-11 23:10:00,2,2.4299999999998363,0,正常
2024-02-11 23:20:00,2,3.3119999999994434,0,正常
2024-02-11 23:30:00,2,0.25199999999949796,0,正常
2024-02-11 23:40:00,2,1.4640000000008513,0,正常
2024-02-11 23:50:00,2,0.005999999999858119,0,正常
2024-02-12 00:00:00,2,0.3659999999995307,0,正常
2024-02-12 00:10:00,2,5.124000000000251,0,正常
2024-02-12 00:20:00,2,0.4679999999998472,0,正常
2024-02-12 00:30:00,2,0.8820000000009713,0,正常
2024-02-12 00:40:00,2,0.2880000000000109,0,正常
2024-02-12 00:50:00,2,2.5559999999995853,0,正常
2024-02-12 01:00:00,2,0.16200000000026193,0,正常
2024-02-12 01:10:00,2,4.385999999999967,0,正常
2024-02-12 01:20:00,2,1.4459999999999127,0,正常
2024-02-12 01:30:00,2,1.3559999999993124,0,正常
2024-02-12 01:40:00,2,1.16399999999976,0,正常
2024-02-12 01:50:00,2,0.042000000000371074,0,正常
2024-02-12 02:00:00,2,3.6479999999996835,0,正常
2024-02-12 02:10:00,2,0.16800000000012005,0,正常
2024-02-12 02:20:00,2,0.7260000000005675,0,正常
2024-02-12 02:30:00,2,2.4539999999992688,0,正常
2024-02-12 02:40:00,2,1.866000000000895,0,正常
2024-02-12 02:50:00,2,1.5959999999990941,0,正常
2024-02-12 03:00:00,2,0.9600000000004911,0,正常
2024-02-12 03:10:00,2,1.9079999999999018,0,正常
2024-02-12 03:20:00,2,2.83199999999988,0,正常
2024-02-12 03:30:00,2,0.16800000000012005,0,正常
2024-02-12 03:40:00,2,1.3620000000005348,0,正常
2024-02-12 03:50:00,2,2.8499999999994543,0,正常
2024-02-12 04:00:00,2,1.374000000000251,0,正常
2024-02-12 04:10:00,2,3.2339999999999236,0,正常
2024-02-12 04:20:00,2,3.786000000000513,0,正常
2024-02-12 04:30:00,2,0.6959999999999127,0,正常
2024-02-12 04:40:00,2,1.877999999999247,0,正常
2024-02-12 04:50:00,2,1.0140000000005784,0,正常
2024-02-12 05:00:00,2,1.080000000000382,0,正常
2024-02-12 05:10:00,2,2.171999999999116,0,正常
2024-02-12 05:20:00,2,2.8979999999996835,0,正常
2024-02-12 05:30:00,2,1.8900000000003274,0,正常
2024-02-12 05:40:00,2,2.8500000000008185,0,正常
2024-02-12 05:50:00,2,0.07199999999966167,0,正常
2024-02-12 06:00:00,2,8.975999999999203,0,正常
2024-02-12 06:10:00,2,1.7160000000003492,0,正常
2024-02-12 06:20:00,2,0.29999999999972715,0,正常
2024-02-12 06:30:00,2,4.236000000000786,0,正常
2024-02-12 06:40:00,2,0.6479999999996835,0,正常
2024-02-12 06:50:00,2,1.1159999999995307,0,正常
2024-02-12 07:00:00,2,0.11400000000003274,0,正常
2024-02-12 07:10:00,2,2.5560000000009495,0,正常
2024-02-12 07:20:00,2,0.32999999999901775,0,正常
2024-02-12 07:30:00,2,1.5900000000006003,0,正常
2024-02-12 07:40:00,2,3.0,0,正常
2024-02-12 07:50:00,2,0.5339999999996508,0,正常
2024-02-12 08:00:00,2,3.1080000000001746,0,正常
2024-02-12 08:10:00,2,0.6720000000004802,0,正常
2024-02-12 08:20:00,2,0.5879999999997381,0,正常
2024-02-12 08:30:00,2,0.5339999999996508,0,正常
2024-02-12 08:40:00,2,1.416000000000622,0,正常
2024-02-12 08:50:00,2,3.9720000000002074,0,正常
2024-02-12 09:00:00,2,2.633999999999105,0,正常
2024-02-12 09:10:00,2,0.2520000000008622,0,正常
2024-02-12 09:20:00,2,1.9499999999989086,0,正常
2024-02-12 09:30:00,2,2.538000000000011,0,正常
2024-02-12 09:40:00,2,0.15600000000040382,0,正常
2024-02-12 09:50:00,2,1.4400000000000546,0,正常
2024-02-12 10:00:00,2,0.39600000000018554,0,正常
2024-02-12 10:10:00,2,1.0679999999993015,0,正常
2024-02-12 10:20:00,2,1.793999999999869,0,正常
2024-02-12 10:30:00,2,0.41400000000112414,0,正常
2024-02-12 10:40:00,2,0.6119999999991705,0,正常
2024-02-12 10:50:00,2,6.192000000000917,0,正常
2024-02-12 11:00:00,2,0.4559999999987667,0,正常
2024-02-12 11:10:00,2,2.5500000000010914,0,正常
2024-02-12 11:20:00,2,1.253999999998996,0,正常
2024-02-12 11:30:00,2,1.242000000000644,0,正常
2024-02-12 11:40:00,2,2.244000000000142,0,正常
2024-02-12 11:50:00,2,1.2359999999994216,0,正常
2024-02-12 12:00:00,2,0.2820000000001528,0,正常
2024-02-12 12:10:00,2,0.6720000000004802,0,正常
2024-02-12 12:20:00,2,1.5179999999995744,0,正常
2024-02-12 12:30:00,2,0.8580000000001746,0,正常
2024-02-12 12:40:00,2,4.656000000000404,0,正常
2024-02-12 12:50:00,2,0.9839999999999236,0,正常
2024-02-12 13:00:00,2,5.766000000000076,0,正常
2024-02-12 13:10:00,2,0.9059999999990396,0,正常
2024-02-12 13:20:00,2,2.298000000000229,0,正常
2024-02-12 13:30:00,2,3.1799999999998363,0,正常
2024-02-12 13:40:00,2,1.2660000000000764,0,正常
2024-02-12 13:50:00,2,4.536000000000513,0,正常
2024-02-12 14:00:00,2,0.6059999999993124,0,正常
2024-02-12 14:10:00,2,1.7940000000012333,0,正常
2024-02-12 14:20:00,2,2.879999999998745,0,正常
2024-02-12 14:30:00,2,0.5460000000007312,0,正常
2024-02-12 14:40:00,2,2.3939999999993233,0,正常
2024-02-12 14:50:00,2,2.2200000000007094,0,正常
2024-02-12 15:00:00,2,0.8580000000001746,0,正常
2024-02-12 15:10:00,2,5.435999999999694,0,正常
2024-02-12 15:20:00,2,0.20399999999926877,0,正常
2024-02-12 15:30:00,2,9.414000000001124,0,正常
2024-02-12 15:40:00,2,1.8119999999994434,0,正常
2024-02-12 15:50:00,2,4.061999999999443,0,正常
2024-02-12 16:00:00,2,0.6780000000003383,0,正常
2024-02-12 16:10:00,2,0.10800000000017462,0,正常
2024-02-12 16:20:00,2,4.4340000000001965,0,正常
2024-02-12 16:30:00,2,0.875999999999749,0,正常
2024-02-12 16:40:00,2,0.4679999999998472,0,正常
2024-02-12 16:50:00,2,3.4800000000009277,0,正常
2024-02-12 17:00:00,2,5.291999999999007,0,正常
2024-02-12 17:10:00,2,1.1940000000004147,0,正常
2024-02-12 17:20:00,2,0.43199999999933425,0,正常
2024-02-12 17:30:00,2,3.1140000000000327,0,正常
2024-02-12 17:40:00,2,3.8880000000008295,0,正常
2024-02-12 17:50:00,2,2.0700000000001637,0,正常
2024-02-12 18:00:00,2,1.4459999999999127,0,正常
2024-02-12 18:10:00,2,2.5559999999995853,0,正常
2024-02-12 18:20:00,2,1.038000000000011,0,正常
2024-02-12 18:30:00,2,0.6900000000000546,0,正常
2024-02-12 18:40:00,2,1.0920000000000982,0,正常
2024-02-12 18:50:00,2,3.210000000000491,0,正常
2024-02-12 19:00:00,2,3.875999999999749,0,正常
2024-02-12 19:10:00,2,2.9039999999995416,0,正常
2024-02-12 19:20:00,2,0.8340000000007421,0,正常
2024-02-12 19:30:00,2,0.3899999999989632,0,正常
2024-02-12 19:40:00,2,4.536000000000513,0,正常
2024-02-12 19:50:00,2,3.630000000000109,0,正常
2024-02-12 20:00:00,2,1.7280000000000655,0,正常
2024-02-12 20:10:00,2,2.0580000000004475,0,正常
2024-02-12 20:20:00,2,2.951999999999771,0,正常
2024-02-12 20:30:00,2,3.0599999999999454,0,正常
2024-02-12 20:40:00,2,0.20399999999926877,0,正常
2024-02-12 20:50:00,2,2.3940000000006876,0,正常
2024-02-12 21:00:00,2,3.701999999999771,0,正常
2024-02-12 21:10:00,2,2.6819999999993342,0,正常
2024-02-12 21:20:00,2,3.50400000000036,0,正常
2024-02-12 21:30:00,2,2.5559999999995853,0,正常
2024-02-12 21:40:00,2,3.042000000000371,1,关注
2024-02-12 21:50:00,2,0.45000000000027285,0,正常
2024-02-12 22:00:00,2,1.1400000000003274,0,正常
2024-02-12 22:10:00,2,3.9660000000003492,0,正常
2024-02-12 22:20:00,2,3.713999999999487,0,正常
2024-02-12 22:30:00,2,1.2239999999997053,0,正常
2024-02-12 22:40:00,2,4.673999999999978,0,正常
2024-02-12 22:50:00,2,0.6419999999998254,0,正常
2024-02-12 23:00:00,2,0.5700000000001637,0,正常
2024-02-12 23:10:00,2,2.843999999999596,0,正常
2024-02-12 23:20:00,2,5.070000000000164,0,正常
2024-02-12 23:30:00,2,2.1419999999998254,0,正常
2024-02-12 23:40:00,2,2.3520000000003165,0,正常
2024-02-12 23:50:00,2,4.00800000000072,0,正常
2024-02-13 00:00:00,2,1.5119999999997162,0,正常
2024-02-13 00:10:00,2,3.210000000000491,0,正常
2024-02-13 00:20:00,2,1.5419999999990068,0,正常
2024-02-13 00:30:00,2,1.122000000000753,0,正常
2024-02-13 00:40:00,2,3.6179999999990287,0,正常
2024-02-13 00:50:00,2,1.038000000000011,0,正常
2024-02-13 01:00:00,2,1.6440000000006876,0,正常
2024-02-13 01:10:00,2,4.038000000000011,0,正常
2024-02-13 01:20:00,2,0.14399999999932334,0,正常
2024-02-13 01:30:00,2,2.334000000000742,0,正常
2024-02-13 01:40:00,2,4.722000000000207,0,正常
2024-02-13 01:50:00,2,0.2820000000001528,0,正常
2024-02-13 02:00:00,2,0.6779999999989741,0,正常
2024-02-13 02:10:00,2,5.2260000000005675,0,正常
2024-02-13 02:20:00,2,0.11400000000003274,0,正常
2024-02-13 02:30:00,2,2.219999999999345,0,正常
2024-02-13 02:40:00,2,2.328000000000884,0,正常
2024-02-13 02:50:00,2,1.7039999999992688,0,正常
2024-02-13 03:00:00,2,2.748000000000502,0,正常
2024-02-13 03:10:00,2,0.8580000000001746,0,正常
2024-02-13 03:20:00,2,1.7699999999990723,0,正常
2024-02-13 03:30:00,2,1.6320000000009713,0,正常
2024-02-13 03:40:00,2,0.6300000000001091,0,正常
2024-02-13 03:50:00,2,2.2679999999995744,0,正常
2024-02-13 04:00:00,2,3.1500000000005457,0,正常
2024-02-13 04:10:00,2,1.3439999999995962,0,正常
2024-02-13 04:20:00,2,0.5760000000000218,0,正常
2024-02-13 04:30:00,2,1.8599999999996726,0,正常
2024-02-13 04:40:00,2,0.6419999999998254,0,正常
2024-02-13 04:50:00,2,1.0499999999997272,0,正常
2024-02-13 05:00:00,2,3.4440000000004147,0,正常
2024-02-13 05:10:00,2,0.47999999999956344,0,正常
2024-02-13 05:20:00,2,3.1320000000009713,0,正常
2024-02-13 05:30:00,2,0.5279999999997926,0,正常
2024-02-13 05:40:00,2,3.8159999999998035,0,正常
2024-02-13 05:50:00,2,0.7260000000005675,0,正常
2024-02-13 06:00:00,2,3.8939999999993233,0,正常
2024-02-13 06:10:00,2,1.4039999999995416,0,正常
2024-02-13 06:20:00,2,0.05999999999994543,0,正常
2024-02-13 06:30:00,2,0.042000000000371074,0,正常
2024-02-13 06:40:00,2,5.652000000000044,0,正常
2024-02-13 06:50:00,2,0.6959999999999127,0,正常
2024-02-13 07:00:00,2,1.0020000000008622,0,正常
2024-02-13 07:10:00,2,5.35799999999881,0,正常
2024-02-13 07:20:00,2,3.33600000000024,0,正常
2024-02-13 07:30:00,2,0.31200000000080763,0,正常
2024-02-13 07:40:00,2,0.3360000000002401,0,正常
2024-02-13 07:50:00,2,2.087999999999738,0,正常
2024-02-13 08:00:00,2,1.8899999999989632,0,正常
2024-02-13 08:10:00,2,2.1060000000006767,0,正常
2024-02-13 08:20:00,2,2.369999999999891,0,正常
2024-02-13 08:30:00,2,2.093999999999596,0,正常
2024-02-13 08:40:00,2,4.074000000000524,1,关注
2024-02-13 08:50:00,2,0.42599999999947613,0,正常
2024-02-13 09:00:00,2,4.1039999999998145,0,正常
2024-02-13 09:10:00,2,2.4360000000010587,0,正常
2024-02-13 09:20:00,2,0.3599999999996726,0,正常
2024-02-13 09:30:00,2,2.880000000000109,0,正常
2024-02-13 09:40:00,2,1.9440000000004147,0,正常
2024-02-13 09:50:00,2,0.27599999999893043,0,正常
2024-02-13 10:00:00,2,3.8820000000009713,0,正常
2024-02-13 10:10:00,2,1.5419999999990068,0,正常
2024-02-13 10:20:00,2,4.944000000000415,0,正常
2024-02-13 10:30:00,2,0.10800000000017462,0,正常
2024-02-13 10:40:00,2,3.24599999999964,0,正常
2024-02-13 10:50:00,2,2.3520000000003165,0,正常
2024-02-13 11:00:00,2,0.9539999999992688,0,正常
2024-02-13 11:10:00,2,2.7660000000000764,0,正常
2024-02-13 11:20:00,2,2.742000000000644,0,正常
2024-02-13 11:30:00,2,2.748000000000502,0,正常
2024-02-13 11:40:00,2,0.08999999999923602,0,正常
2024-02-13 11:50:00,2,5.4780000000000655,0,正常
2024-02-13 12:00:00,2,2.5260000000002947,0,正常
2024-02-13 12:10:00,2,0.21000000000049113,0,正常
2024-02-13 12:20:00,2,3.089999999999236,0,正常
2024-02-13 12:30:00,2,1.9860000000007858,0,正常
2024-02-13 12:40:00,2,2.921999999999116,0,正常
2024-02-13 12:50:00,2,0.5339999999996508,0,正常
2024-02-13 13:00:00,2,3.5700000000001637,0,正常
2024-02-13 13:10:00,2,1.0080000000007203,0,正常
2024-02-13 13:20:00,2,2.633999999999105,0,正常
2024-02-13 13:30:00,2,2.298000000000229,0,正常
2024-02-13 13:40:00,2,1.1940000000004147,0,正常
2024-02-13 13:50:00,2,3.0960000000004584,0,正常
2024-02-13 14:00:00,2,3.263999999999214,0,正常
2024-02-13 14:10:00,2,0.7019999999997708,0,正常
2024-02-13 14:20:00,2,4.764000000000578,0,正常
2024-02-13 14:30:00,2,0.6599999999993997,0,正常
2024-02-13 14:40:00,2,3.786000000000513,0,正常
2024-02-13 14:50:00,2,0.15600000000040382,0,正常
2024-02-13 15:00:00,2,3.677999999998974,0,正常
2024-02-13 15:10:00,2,0.1500000000005457,0,正常
2024-02-13 15:20:00,2,4.463999999999487,0,正常
2024-02-13 15:30:00,2,0.15600000000040382,0,正常
2024-02-13 15:40:00,2,2.5200000000004366,0,正常
2024-02-13 15:50:00,2,1.1099999999996726,0,正常
2024-02-13 16:00:00,2,1.872000000000753,0,正常
2024-02-13 16:10:00,2,3.2279999999987012,0,正常
2024-02-13 16:20:00,2,2.154000000000906,0,正常
2024-02-13 16:30:00,2,2.6939999999990505,0,正常
2024-02-13 16:40:00,2,2.700000000000273,0,正常
2024-02-13 16:50:00,2,3.6840000000001965,1,关注
2024-02-13 17:00:00,2,1.793999999999869,0,正常
2024-02-13 17:10:00,2,5.0580000000004475,0,正常
2024-02-13 17:20:00,2,0.5399999999995089,0,正常
2024-02-13 17:30:00,2,1.3800000000001091,0,正常
2024-02-13 17:40:00,2,7.0560000000009495,0,正常
2024-02-13 17:50:00,2,0.19799999999941065,0,正常
2024-02-13 18:00:00,2,0.09600000000045839,0,正常
2024-02-13 18:10:00,2,3.4739999999997053,0,正常
2024-02-13 18:20:00,2,1.1039999999998145,0,正常
2024-02-13 18:30:00,2,3.1799999999998363,0,正常
2024-02-13 18:40:00,2,3.6419999999998254,0,正常
2024-02-13 18:50:00,2,4.116000000000895,0,正常
2024-02-13 19:00:00,2,1.0559999999995853,0,正常
2024-02-13 19:10:00,2,2.5920000000000982,0,正常
2024-02-13 19:20:00,2,4.266000000000076,0,正常
2024-02-13 19:30:00,2,1.1520000000000437,0,正常
2024-02-13 19:40:00,2,3.7319999999990614,0,正常
2024-02-13 19:50:00,2,1.9140000000011241,0,正常
2024-02-13 20:00:00,2,0.06599999999980355,0,正常
2024-02-13 20:10:00,2,3.869999999999891,0,正常
2024-02-13 20:20:00,2,0.37799999999924694,0,正常
2024-02-13 20:30:00,2,3.91800000000012,0,正常
2024-02-13 20:40:00,2,0.5700000000001637,0,正常
2024-02-13 20:50:00,2,0.8880000000008295,0,正常
2024-02-13 21:00:00,2,6.017999999999574,0,正常
2024-02-13 21:10:00,2,1.33199999999988,0,正常
2024-02-13 21:20:00,2,0.6120000000005348,0,正常
2024-02-13 21:30:00,2,2.1899999999986903,0,正常
2024-02-13 21:40:00,2,2.298000000000229,0,正常
2024-02-13 21:50:00,2,0.6060000000006767,0,正常
2024-02-13 22:00:00,2,3.75,0,正常
2024-02-13 22:10:00,2,0.30599999999958527,0,正常
2024-02-13 22:20:00,2,1.5,0,正常
2024-02-13 22:30:00,2,0.2339999999999236,0,正常
2024-02-13 22:40:00,2,7.242000000000644,0,正常
2024-02-13 22:50:00,2,0.11400000000003274,0,正常
2024-02-13 23:00:00,2,1.0920000000000982,0,正常
2024-02-13 23:10:00,2,2.753999999998996,0,正常
2024-02-13 23:20:00,2,0.330000000000382,0,正常
2024-02-13 23:30:00,2,2.124000000000251,0,正常
2024-02-13 23:40:00,2,1.536000000000513,0,正常
2024-02-13 23:50:00,2,1.1399999999989632,0,正常
2024-02-14 00:00:00,2,4.788000000000011,0,正常
2024-02-14 00:10:00,2,1.0979999999999563,0,正常
2024-02-14 00:20:00,2,0.49800000000050204,0,正常
2024-02-14 00:30:00,2,5.717999999999847,0,正常
2024-02-14 00:40:00,2,1.043999999999869,0,正常
2024-02-14 00:50:00,2,1.4700000000007094,0,正常
2024-02-14 01:00:00,2,1.7639999999992142,0,正常
2024-02-14 01:10:00,2,1.1760000000008404,0,正常
2024-02-14 01:20:00,2,3.24599999999964,0,正常
2024-02-14 01:30:00,2,0.25199999999949796,0,正常
2024-02-14 01:40:00,2,2.862000000000535,0,正常
2024-02-14 01:50:00,2,1.961999999999989,0,正常
2024-02-14 02:00:00,2,2.051999999999225,0,正常
2024-02-14 02:10:00,2,0.660000000000764,0,正常
2024-02-14 02:20:00,2,0.8459999999990941,0,正常
2024-02-14 02:30:00,2,1.0920000000000982,0,正常
2024-02-14 02:40:00,2,4.626000000001113,0,正常
2024-02-14 02:50:00,2,3.4020000000000437,0,正常
2024-02-14 03:00:00,2,2.1419999999998254,0,正常
2024-02-14 03:10:00,2,1.0799999999990177,0,正常
2024-02-14 03:20:00,2,1.4700000000007094,0,正常
2024-02-14 03:30:00,2,3.5160000000000764,0,正常
2024-02-14 03:40:00,2,1.0200000000004366,0,正常
2024-02-14 03:50:00,2,8.897999999999683,0,正常
2024-02-14 04:00:00,2,1.0739999999991596,0,正常
2024-02-14 04:10:00,2,5.09400000000096,0,正常
2024-02-14 04:20:00,2,1.4519999999997708,0,正常
2024-02-14 04:30:00,2,1.8539999999998145,0,正常
2024-02-14 04:40:00,2,8.093999999999596,0,正常
2024-02-14 04:50:00,2,1.8840000000004693,0,正常
2024-02-14 05:00:00,2,0.875999999999749,0,正常
2024-02-14 05:10:00,2,8.093999999999596,0,正常
2024-02-14 05:20:00,2,3.2760000000002947,0,正常
2024-02-14 05:30:00,2,4.416000000000622,0,正常
2024-02-14 05:40:00,2,0.47999999999956344,0,正常
2024-02-14 05:50:00,2,4.068000000000666,0,正常
2024-02-14 06:00:00,2,5.0219999999999345,0,正常
2024-02-14 06:10:00,2,3.5279999999997926,0,正常
2024-02-14 06:20:00,2,0.8699999999998909,0,正常
2024-02-14 06:30:00,2,2.7779999999997926,0,正常
2024-02-14 06:40:00,2,2.5619999999994434,0,正常
2024-02-14 06:50:00,2,3.2640000000005784,0,正常
2024-02-14 07:00:00,2,2.3400000000006003,0,正常
2024-02-14 07:10:00,2,4.643999999999323,0,正常
2024-02-14 07:20:00,2,3.24599999999964,1,关注
2024-02-14 07:30:00,2,2.6520000000000437,1,关注
2024-02-14 07:40:00,2,3.3960000000001855,1,关注
2024-02-14 07:50:00,2,4.818000000000666,1,关注
2024-02-14 08:00:00,2,0.4619999999999891,0,正常
2024-02-14 08:10:00,2,1.1579999999999018,0,正常
2024-02-14 08:20:00,2,1.583999999999378,0,正常
2024-02-14 08:30:00,2,1.7399999999997817,0,正常
2024-02-14 08:40:00,2,1.8600000000010368,0,正常
2024-02-14 08:50:00,2,3.587999999999738,0,正常
2024-02-14 09:00:00,2,2.2259999999992033,0,正常
2024-02-14 09:10:00,2,4.170000000000982,0,正常
2024-02-14 09:20:00,2,1.1819999999993342,0,正常
2024-02-14 09:30:00,2,3.0179999999995744,0,正常
2024-02-14 09:40:00,2,2.6340000000004693,0,正常
2024-02-14 09:50:00,2,1.4940000000001419,0,正常
2024-02-14 10:00:00,2,5.08199999999988,0,正常
2024-02-14 10:10:00,2,4.530000000000655,0,正常
2024-02-14 10:20:00,2,1.295999999999367,0,正常
2024-02-14 10:30:00,2,1.91399999999976,0,正常
2024-02-14 10:40:00,2,1.7640000000005784,0,正常
2024-02-14 10:50:00,2,2.9280000000003383,0,正常
2024-02-14 11:00:00,2,3.8640000000000327,0,正常
2024-02-14 11:10:00,2,3.3239999999991596,0,正常
2024-02-14 11:20:00,2,0.6720000000004802,0,正常
2024-02-14 11:30:00,2,3.9660000000003492,0,正常
2024-02-14 11:40:00,2,1.457999999999629,0,正常
2024-02-14 11:50:00,2,1.5059999999998581,0,正常
2024-02-14 12:00:00,2,2.532000000000153,0,正常
2024-02-14 12:10:00,2,1.0619999999994434,0,正常
2024-02-14 12:20:00,2,5.400000000000546,0,正常
2024-02-14 12:30:00,2,0.5700000000001637,0,正常
2024-02-14 12:40:00,2,2.83199999999988,0,正常
2024-02-14 12:50:00,2,2.1179999999990287,0,正常
2024-02-14 13:00:00,2,0.18000000000120053,0,正常
2024-02-14 13:10:00,2,3.58199999999988,0,正常
2024-02-14 13:20:00,2,1.5599999999999454,0,正常
2024-02-14 13:30:00,2,2.2259999999992033,0,正常
2024-02-14 13:40:00,2,1.3200000000001637,0,正常
2024-02-14 13:50:00,2,4.788000000000011,0,正常
2024-02-14 14:00:00,2,1.2779999999997926,0,正常
2024-02-14 14:10:00,2,0.9839999999999236,0,正常
2024-02-14 14:20:00,2,6.173999999999978,0,正常
2024-02-14 14:30:00,2,0.036000000000512955,0,正常
2024-02-14 14:40:00,2,1.9259999999994761,0,正常
2024-02-14 14:50:00,2,5.220000000000709,0,正常
2024-02-14 15:00:00,2,0.21000000000049113,0,正常
2024-02-14 15:10:00,2,0.35399999999981446,0,正常
2024-02-14 15:20:00,2,0.7259999999992033,0,正常
2024-02-14 15:30:00,2,2.2200000000007094,0,正常
2024-02-14 15:40:00,2,0.19199999999955253,0,正常
2024-02-14 15:50:00,2,2.700000000000273,0,正常
2024-02-14 16:00:00,2,2.118000000000393,0,正常
2024-02-14 16:10:00,2,1.589999999999236,0,正常
2024-02-14 16:20:00,2,1.3200000000001637,0,正常
2024-02-14 16:30:00,2,2.8140000000003056,0,正常
2024-02-14 16:40:00,2,2.6159999999995307,0,正常
2024-02-14 16:50:00,2,0.24599999999963984,0,正常
2024-02-14 17:00:00,2,0.8699999999998909,0,正常
2024-02-14 17:10:00,2,4.66800000000012,0,正常
2024-02-14 17:20:00,2,2.1959999999999127,0,正常
2024-02-14 17:30:00,2,3.7620000000010805,0,正常
2024-02-14 17:40:00,2,4.127999999999247,0,正常
2024-02-14 17:50:00,2,2.2380000000002838,0,正常
2024-02-14 18:00:00,2,3.875999999999749,1,关注
2024-02-14 18:10:00,2,0.4800000000009277,0,正常
2024-02-14 18:20:00,2,3.4499999999989086,0,正常
2024-02-14 18:30:00,2,1.1280000000006112,0,正常
2024-02-14 18:40:00,2,2.8080000000004475,0,正常
2024-02-14 18:50:00,2,0.2699999999990723,0,正常
2024-02-14 19:00:00,2,5.688000000000557,0,正常
2024-02-14 19:10:00,2,0.30599999999958527,0,正常
2024-02-14 19:20:00,2,3.084000000000742,0,正常
2024-02-14 19:30:00,2,1.3679999999990287,0,正常
2024-02-14 19:40:00,2,2.034000000001015,0,正常
2024-02-14 19:50:00,2,1.253999999998996,0,正常
2024-02-14 20:00:00,2,1.0499999999997272,0,正常
2024-02-14 20:10:00,2,2.286000000000513,0,正常
2024-02-14 20:20:00,2,1.33199999999988,0,正常
2024-02-14 20:30:00,2,1.0979999999999563,0,正常
2024-02-14 20:40:00,2,1.992000000000644,0,正常
2024-02-14 20:50:00,2,0.9539999999992688,0,正常
2024-02-14 21:00:00,2,1.116000000000895,0,正常
2024-02-14 21:10:00,2,3.0599999999999454,0,正常
2024-02-14 21:20:00,2,0.5039999999989959,0,正常
2024-02-14 21:30:00,2,2.92200000000048,0,正常
2024-02-14 21:40:00,2,3.5640000000003056,0,正常
2024-02-14 21:50:00,2,2.093999999999596,0,正常
2024-02-14 22:00:00,2,1.4280000000003383,0,正常
2024-02-14 22:10:00,2,3.371999999999389,0,正常
2024-02-14 22:20:00,2,1.3919999999998254,0,正常
2024-02-14 22:30:00,2,0.8640000000000327,0,正常
2024-02-14 22:40:00,2,0.09600000000045839,0,正常
2024-02-14 22:50:00,2,1.6080000000001746,0,正常
2024-02-14 23:00:00,2,1.5779999999995198,0,正常
2024-02-14 23:10:00,2,0.23999999999978172,0,正常
2024-02-14 23:20:00,2,2.6400000000003274,0,正常
2024-02-14 23:30:00,2,0.36600000000089494,0,正常
2024-02-14 23:40:00,2,4.463999999999487,0,正常
2024-02-14 23:50:00,2,2.7719999999999345,0,正常
2024-02-15 00:00:00,2,2.8200000000001637,0,正常
2024-02-15 00:10:00,2,1.961999999999989,0,正常
2024-02-15 00:20:00,2,2.4899999999997817,0,正常
2024-02-15 00:30:00,2,0.09600000000045839,0,正常
2024-02-15 00:40:00,2,3.209999999999127,0,正常
2024-02-15 00:50:00,2,0.030000000000654836,0,正常
2024-02-15 01:00:00,2,1.9919999999992797,0,正常
2024-02-15 01:10:00,2,0.954000000000633,0,正常
2024-02-15 01:20:00,2,2.7239999999997053,0,正常
2024-02-15 01:30:00,2,0.5040000000003602,0,正常
2024-02-15 01:40:00,2,0.6419999999998254,0,正常
2024-02-15 01:50:00,2,2.1539999999995416,0,正常
2024-02-15 02:00:00,2,0.9660000000003492,0,正常
2024-02-15 02:10:00,2,6.318000000000666,0,正常
2024-02-15 02:20:00,2,2.1419999999998254,0,正常
2024-02-15 02:30:00,2,0.8099999999999454,0,正常
2024-02-15 02:40:00,2,3.833999999999378,0,正常
2024-02-15 02:50:00,2,1.0020000000008622,0,正常
2024-02-15 03:00:00,2,2.2319999999990614,0,正常
2024-02-15 03:10:00,2,0.09600000000045839,0,正常
2024-02-15 03:20:00,2,0.6780000000003383,0,正常
2024-02-15 03:30:00,2,3.4020000000000437,0,正常
2024-02-15 03:40:00,2,3.173999999999978,0,正常
2024-02-15 03:50:00,2,1.631999999999607,0,正常
2024-02-15 04:00:00,2,2.32799999999952,0,正常
2024-02-15 04:10:00,2,0.3900000000003274,0,正常
2024-02-15 04:20:00,2,1.698000000000775,0,正常
2024-02-15 04:30:00,2,4.385999999999967,0,正常
2024-02-15 04:40:00,2,0.07199999999966167,0,正常
2024-02-15 04:50:00,2,0.24599999999963984,0,正常
2024-02-15 05:00:00,2,0.9419999999995525,0,正常
2024-02-15 05:10:00,2,2.502000000000862,0,正常
2024-02-15 05:20:00,2,0.4079999999999018,0,正常
2024-02-15 05:30:00,2,2.1119999999991705,0,正常
2024-02-15 05:40:00,2,0.14400000000068758,0,正常
2024-02-15 05:50:00,2,1.8840000000004693,0,正常
2024-02-15 06:00:00,2,0.07199999999966167,0,正常
2024-02-15 06:10:00,2,0.023999999999432475,0,正常
2024-02-15 06:20:00,2,2.58600000000024,0,正常
2024-02-15 06:30:00,2,2.2740000000007967,0,正常
2024-02-15 06:40:00,2,0.9299999999998363,0,正常
2024-02-15 06:50:00,2,0.6779999999989741,0,正常
2024-02-15 07:00:00,2,2.160000000000764,0,正常
2024-02-15 07:10:00,2,2.339999999999236,0,正常
2024-02-15 07:20:00,2,0.7260000000005675,0,正常
2024-02-15 07:30:00,2,1.9500000000002728,0,正常
2024-02-15 07:40:00,2,1.043999999999869,0,正常
2024-02-15 07:50:00,2,2.412000000000262,0,正常
2024-02-15 08:00:00,2,0.9359999999996944,0,正常
2024-02-15 08:10:00,2,1.3979999999996835,0,正常
2024-02-15 08:20:00,2,2.58600000000024,0,正常
2024-02-15 08:30:00,2,3.618000000000393,0,正常
2024-02-15 08:40:00,2,0.9419999999995525,0,正常
2024-02-15 08:50:00,2,0.4079999999999018,0,正常
2024-02-15 09:00:00,2,0.5160000000000764,0,正常
2024-02-15 09:10:00,2,1.8960000000001855,0,正常
2024-02-15 09:20:00,2,0.22800000000006548,0,正常
2024-02-15 09:30:00,2,0.7259999999992033,0,正常
2024-02-15 09:40:00,2,0.3540000000011787,0,正常
2024-02-15 09:50:00,2,0.9239999999999782,0,正常
2024-02-15 10:00:00,2,1.301999999999225,0,正常
2024-02-15 10:10:00,2,1.5599999999999454,0,正常
2024-02-15 10:20:00,2,1.5,0,正常
2024-02-15 10:30:00,2,2.2619999999997162,0,正常
2024-02-15 10:40:00,2,3.7380000000002838,0,正常
2024-02-15 10:50:00,2,1.038000000000011,0,正常
2024-02-15 11:00:00,2,2.5200000000004366,0,正常
2024-02-15 11:10:00,2,0.6900000000000546,0,正常
2024-02-15 11:20:00,2,1.33199999999988,0,正常
2024-02-15 11:30:00,2,2.118000000000393,0,正常
2024-02-15 11:40:00,2,1.8119999999994434,0,正常
2024-02-15 11:50:00,2,1.0619999999994434,0,正常
2024-02-15 12:00:00,2,1.9200000000009823,0,正常
2024-02-15 12:10:00,2,0.9959999999996398,0,正常
2024-02-15 12:20:00,2,1.295999999999367,0,正常
2024-02-15 12:30:00,2,4.722000000000207,0,正常
2024-02-15 12:40:00,2,0.1500000000005457,0,正常
2024-02-15 12:50:00,2,0.8699999999998909,0,正常
2024-02-15 13:00:00,2,0.9780000000000655,0,正常
2024-02-15 13:10:00,2,2.538000000000011,0,正常
2024-02-15 13:20:00,2,0.07199999999966167,0,正常
2024-02-15 13:30:00,2,5.010000000000218,0,正常
2024-02-15 13:40:00,2,1.0200000000004366,0,正常
2024-02-15 13:50:00,2,1.9739999999997053,0,正常
2024-02-15 14:00:00,2,0.7320000000004256,0,正常
2024-02-15 14:10:00,2,2.0699999999987995,0,正常
2024-02-15 14:20:00,2,1.1880000000005566,0,正常
2024-02-15 14:30:00,2,0.3659999999995307,0,正常
2024-02-15 14:40:00,2,0.5160000000000764,0,正常
2024-02-15 14:50:00,2,0.9839999999999236,0,正常
2024-02-15 15:00:00,2,1.1100000000010368,0,正常
2024-02-15 15:10:00,2,1.463999999999487,0,正常
2024-02-15 15:20:00,2,0.0839999999993779,0,正常
2024-02-15 15:30:00,2,1.0500000000010914,0,正常
2024-02-15 15:40:00,2,1.9259999999994761,0,正常
2024-02-15 15:50:00,2,1.1280000000006112,0,正常
2024-02-15 16:00:00,2,1.6859999999996944,0,正常
2024-02-15 16:10:00,2,1.8599999999996726,0,正常
2024-02-15 16:20:00,2,0.39600000000018554,0,正常
2024-02-15 16:30:00,2,1.3200000000001637,0,正常
2024-02-15 16:40:00,2,1.4400000000000546,0,正常
2024-02-15 16:50:00,2,0.5760000000000218,0,正常
2024-02-15 17:00:00,2,2.087999999999738,0,正常
2024-02-15 17:10:00,2,1.631999999999607,0,正常
2024-02-15 17:20:00,2,1.3020000000005894,0,正常
2024-02-15 17:30:00,2,0.34799999999995634,0,正常
2024-02-15 17:40:00,2,2.4359999999996944,0,正常
2024-02-15 17:50:00,2,1.211999999999989,0,正常
2024-02-15 18:00:00,2,2.406000000000404,0,正常
2024-02-15 18:10:00,2,0.713999999999487,0,正常
2024-02-15 18:20:00,2,2.41800000000012,0,正常
2024-02-15 18:30:00,2,1.1280000000006112,0,正常
2024-02-15 18:40:00,2,3.7799999999992906,0,正常
2024-02-15 18:50:00,2,0.45000000000027285,0,正常
2024-02-15 19:00:00,2,2.951999999999771,0,正常
2024-02-15 19:10:00,2,1.1039999999998145,0,正常
2024-02-15 19:20:00,2,0.45000000000027285,0,正常
2024-02-15 19:30:00,2,1.7760000000002947,0,正常
2024-02-15 19:40:00,2,0.8879999999994652,0,正常
2024-02-15 19:50:00,2,0.06599999999980355,0,正常
2024-02-15 20:00:00,2,1.9500000000002728,0,正常
2024-02-15 20:10:00,2,0.8159999999998035,0,正常
2024-02-15 20:20:00,2,1.7399999999997817,0,正常
2024-02-15 20:30:00,2,1.1700000000009823,0,正常
2024-02-15 20:40:00,2,0.965999999998985,0,正常
2024-02-15 20:50:00,2,1.5180000000009386,0,正常
2024-02-15 21:00:00,2,1.3800000000001091,0,正常
2024-02-15 21:10:00,2,0.7559999999998581,0,正常
2024-02-15 21:20:00,2,0.45600000000013097,0,正常
2024-02-15 21:30:00,2,0.017999999999574356,0,正常
2024-02-15 21:40:00,2,0.8400000000006003,0,正常
2024-02-15 21:50:00,2,0.029999999999290594,0,正常
2024-02-15 22:00:00,2,1.998000000000502,0,正常
2024-02-15 22:10:00,2,0.875999999999749,0,正常
2024-02-15 22:20:00,2,2.219999999999345,0,正常
2024-02-15 22:30:00,2,0.31200000000080763,0,正常
2024-02-15 22:40:00,2,0.42599999999947613,0,正常
2024-02-15 22:50:00,2,3.8940000000006876,0,正常
2024-02-15 23:00:00,2,0.1859999999996944,0,正常
2024-02-15 23:10:00,2,2.3159999999998035,0,正常
2024-02-15 23:20:00,2,0.005999999999858119,0,正常
2024-02-15 23:30:00,2,1.3020000000005894,0,正常
2024-02-15 23:40:00,2,0.7319999999990614,0,正常
2024-02-15 23:50:00,2,0.6120000000005348,0,正常
2024-02-16 00:00:00,2,1.242000000000644,0,正常
2024-02-16 00:10:00,2,0.1679999999987558,0,正常
2024-02-16 00:20:00,2,1.8600000000010368,0,正常
2024-02-16 00:30:00,2,1.8659999999995307,0,正常
2024-02-16 00:40:00,2,0.31800000000066575,0,正常
2024-02-16 00:50:00,2,1.6019999999989523,0,正常
2024-02-16 01:00:00,2,3.5700000000001637,0,正常
2024-02-16 01:10:00,2,0.2880000000000109,0,正常
2024-02-16 01:20:00,2,1.4400000000000546,0,正常
2024-02-16 01:30:00,2,2.7779999999997926,0,正常
2024-02-16 01:40:00,2,1.3140000000003056,0,正常
2024-02-16 01:50:00,2,0.8699999999998909,0,正常
2024-02-16 02:00:00,2,2.5979999999999563,0,正常
2024-02-16 02:10:00,2,1.8479999999999563,0,正常
2024-02-16 02:20:00,2,1.1880000000005566,0,正常
2024-02-16 02:30:00,2,0.624000000000251,0,正常
2024-02-16 02:40:00,2,0.9059999999990396,0,正常
2024-02-16 02:50:00,2,1.242000000000644,0,正常
2024-02-16 03:00:00,2,1.8719999999993888,0,正常
2024-02-16 03:10:00,2,0.4079999999999018,0,正常
2024-02-16 03:20:00,2,2.3820000000009713,0,正常
2024-02-16 03:30:00,2,0.5760000000000218,0,正常
2024-02-16 03:40:00,2,0.017999999999574356,0,正常
2024-02-16 03:50:00,2,0.7019999999997708,0,正常
2024-02-16 04:00:00,2,0.9060000000004038,0,正常
2024-02-16 04:10:00,2,0.6180000000003929,0,正常
2024-02-16 04:20:00,2,0.33599999999887586,0,正常
2024-02-16 04:30:00,2,3.0120000000010805,0,正常
2024-02-16 04:40:00,2,0.713999999999487,0,正常
2024-02-16 04:50:00,2,0.42599999999947613,0,正常
2024-02-16 05:00:00,2,0.954000000000633,0,正常
2024-02-16 05:10:00,2,0.8999999999991815,0,正常
2024-02-16 05:20:00,2,0.6000000000008185,0,正常
2024-02-16 05:30:00,2,0.29399999999986903,0,正常
2024-02-16 05:40:00,2,2.0160000000000764,0,正常
2024-02-16 05:50:00,2,2.375999999999749,0,正常
2024-02-16 06:00:00,2,1.457999999999629,0,正常
2024-02-16 06:10:00,2,0.2760000000002947,0,正常
2024-02-16 06:20:00,2,1.8900000000003274,0,正常
2024-02-16 06:30:00,2,0.839999999999236,0,正常
2024-02-16 06:40:00,2,3.360000000001037,0,正常
2024-02-16 06:50:00,2,1.5779999999995198,0,正常
2024-02-16 07:00:00,2,0.09000000000060027,0,正常
2024-02-16 07:10:00,2,0.5339999999996508,0,正常
2024-02-16 07:20:00,2,2.543999999999869,0,正常
2024-02-16 07:30:00,2,0.04800000000022919,0,正常
2024-02-16 07:40:00,2,1.4280000000003383,0,正常
2024-02-16 07:50:00,2,1.33199999999988,0,正常
2024-02-16 08:00:00,2,0.8580000000001746,0,正常
2024-02-16 08:10:00,2,1.3619999999991705,0,正常
2024-02-16 08:20:00,2,1.2600000000002183,0,正常
2024-02-16 08:30:00,2,1.295999999999367,0,正常
2024-02-16 08:40:00,2,1.0020000000008622,0,正常
2024-02-16 08:50:00,2,0.6959999999999127,0,正常
2024-02-16 09:00:00,2,3.4020000000000437,0,正常
2024-02-16 09:10:00,2,0.0839999999993779,0,正常
2024-02-16 09:20:00,2,0.3780000000006112,0,正常
2024-02-16 09:30:00,2,1.7099999999991269,0,正常
2024-02-16 09:40:00,2,1.9380000000005566,0,正常
2024-02-16 09:50:00,2,1.248000000000502,0,正常
2024-02-16 10:00:00,2,1.4099999999993997,0,正常
2024-02-16 10:10:00,2,1.0620000000008076,0,正常
2024-02-16 10:20:00,2,0.43199999999933425,0,正常
2024-02-16 10:30:00,2,2.2380000000002838,0,正常
2024-02-16 10:40:00,2,0.2339999999999236,0,正常
2024-02-16 10:50:00,2,2.7600000000002183,0,正常
2024-02-16 11:00:00,2,0.6900000000000546,0,正常
2024-02-16 11:10:00,2,1.8299999999990177,0,正常
2024-02-16 11:20:00,2,0.5219999999999345,0,正常
2024-02-16 11:30:00,2,0.3900000000003274,0,正常
2024-02-16 11:40:00,2,0.6359999999999673,0,正常
2024-02-16 11:50:00,2,0.828000000000884,0,正常
2024-02-16 12:00:00,2,0.4499999999989086,0,正常
2024-02-16 12:10:00,2,1.284000000001015,0,正常
2024-02-16 12:20:00,2,1.5419999999990068,0,正常
2024-02-16 12:30:00,2,2.322000000001026,0,正常
2024-02-16 12:40:00,2,0.797999999998865,0,正常
2024-02-16 12:50:00,2,0.3840000000004693,0,正常
2024-02-16 13:00:00,2,3.1380000000008295,0,正常
2024-02-16 13:10:00,2,0.017999999999574356,0,正常
2024-02-16 13:20:00,2,0.5939999999995962,0,正常
2024-02-16 13:30:00,2,0.5399999999995089,0,正常
2024-02-16 13:40:00,2,1.038000000000011,0,正常
2024-02-16 13:50:00,2,0.3360000000002401,0,正常
2024-02-16 14:00:00,2,1.578000000000884,0,正常
2024-02-16 14:10:00,2,0.3719999999993888,0,正常
2024-02-16 14:20:00,2,1.698000000000775,0,正常
2024-02-16 14:30:00,2,0.58199999999988,0,正常
2024-02-16 14:40:00,2,0.8099999999999454,0,正常
2024-02-16 14:50:00,2,0.5999999999994543,0,正常
2024-02-16 15:00:00,2,0.40200000000004366,0,正常
2024-02-16 15:10:00,2,1.83600000000024,0,正常
2024-02-16 15:20:00,2,1.08600000000024,0,正常
2024-02-16 15:30:00,2,0.9359999999996944,0,正常
2024-02-16 15:40:00,2,0.023999999999432475,0,正常
2024-02-16 15:50:00,2,1.0080000000007203,0,正常
2024-02-16 16:00:00,2,0.2339999999999236,0,正常
2024-02-16 16:10:00,2,2.298000000000229,0,正常
2024-02-16 16:20:00,2,0.5279999999997926,0,正常
2024-02-16 16:30:00,2,1.589999999999236,0,正常
2024-02-16 16:40:00,2,0.9960000000010041,0,正常
2024-02-16 16:50:00,2,0.509999999998854,0,正常
2024-02-16 17:00:00,2,0.47400000000106957,0,正常
2024-02-16 17:10:00,2,1.3200000000001637,0,正常
2024-02-16 17:20:00,2,0.023999999999432475,0,正常
2024-02-16 17:30:00,2,0.875999999999749,0,正常
2024-02-16 17:40:00,2,0.5400000000008731,0,正常
2024-02-16 17:50:00,2,0.6900000000000546,0,正常
2024-02-16 18:00:00,2,0.965999999998985,0,正常
2024-02-16 18:10:00,2,0.5400000000008731,0,正常
2024-02-16 18:20:00,2,0.9479999999994106,0,正常
2024-02-16 18:30:00,2,0.005999999999858119,0,正常
2024-02-16 18:40:00,2,2.58600000000024,0,正常
2024-02-16 18:50:00,2,1.7700000000004366,0,正常
2024-02-16 19:00:00,2,0.22800000000006548,0,正常
2024-02-16 19:10:00,2,0.05400000000008731,0,正常
2024-02-16 19:20:00,2,0.22199999999884312,0,正常
2024-02-16 19:30:00,2,0.01200000000108048,0,正常
2024-02-16 19:40:00,2,1.6439999999993233,0,正常
2024-02-16 19:50:00,2,2.532000000000153,0,正常
2024-02-16 20:00:00,2,1.0499999999997272,0,正常
2024-02-16 20:10:00,2,1.1820000000006985,0,正常
2024-02-16 20:20:00,2,0.10199999999895226,0,正常
2024-02-16 20:30:00,2,0.0180000000009386,0,正常
2024-02-16 20:40:00,2,1.4340000000001965,0,正常
2024-02-16 20:50:00,2,1.043999999999869,0,正常
2024-02-16 21:00:00,2,0.16800000000012005,0,正常
2024-02-16 21:10:00,2,0.023999999999432475,0,正常
2024-02-16 21:20:00,2,1.33199999999988,0,正常
2024-02-16 21:30:00,2,0.6539999999995416,0,正常
2024-02-16 21:40:00,2,1.4820000000004256,0,正常
2024-02-16 21:50:00,2,1.3020000000005894,0,正常
2024-02-16 22:00:00,2,1.8539999999998145,0,正常
2024-02-16 22:10:00,2,0.545999999999367,0,正常
2024-02-16 22:20:00,2,0.5100000000002183,0,正常
2024-02-16 22:30:00,2,0.05400000000008731,0,正常
2024-02-16 22:40:00,2,1.5960000000004584,0,正常
2024-02-16 22:50:00,2,0.2579999999993561,0,正常
2024-02-16 23:00:00,2,0.29999999999972715,0,正常
2024-02-16 23:10:00,2,1.248000000000502,0,正常
2024-02-16 23:20:00,2,1.4760000000005675,0,正常
2024-02-16 23:30:00,2,1.4819999999990614,0,正常
2024-02-16 23:40:00,2,1.4760000000005675,0,正常
2024-02-16 23:50:00,2,0.14399999999932334,0,正常
2024-02-17 00:00:00,2,2.4300000000012005,0,正常
2024-02-17 00:10:00,2,1.3199999999987995,0,正常
2024-02-17 00:20:00,2,1.248000000000502,0,正常
2024-02-17 00:30:00,2,0.7800000000006548,0,正常
2024-02-17 00:40:00,2,0.3119999999994434,0,正常
2024-02-17 00:50:00,2,1.6439999999993233,0,正常
2024-02-17 01:00:00,2,1.242000000000644,0,正常
2024-02-17 01:10:00,2,0.1500000000005457,0,正常
2024-02-17 01:20:00,2,2.927999999998974,0,正常
2024-02-17 01:30:00,2,1.1280000000006112,0,正常
2024-02-17 01:40:00,2,0.1799999999998363,0,正常
2024-02-17 01:50:00,2,1.542000000000371,0,正常
2024-02-17 02:00:00,2,1.007999999999356,0,正常
2024-02-17 02:10:00,2,0.1859999999996944,0,正常
2024-02-17 02:20:00,2,4.404000000000906,0,正常
2024-02-17 02:30:00,2,0.005999999999858119,0,正常
2024-02-17 02:40:00,2,0.2639999999992142,0,正常
2024-02-17 02:50:00,2,1.0680000000006658,0,正常
2024-02-17 03:00:00,2,0.4619999999999891,0,正常
2024-02-17 03:10:00,2,0.2760000000002947,0,正常
2024-02-17 03:20:00,2,0.5339999999996508,0,正常
2024-02-17 03:30:00,2,0.25199999999949796,0,正常
2024-02-17 03:40:00,2,0.04800000000022919,0,正常
2024-02-17 03:50:00,2,0.11999999999989086,0,正常
2024-02-17 04:00:00,2,1.8060000000009495,0,正常
2024-02-17 04:10:00,2,1.7219999999988431,0,正常
2024-02-17 04:20:00,2,1.1340000000004693,0,正常
2024-02-17 04:30:00,2,0.24599999999963984,0,正常
2024-02-17 04:40:00,2,0.5700000000001637,0,正常
2024-02-17 04:50:00,2,0.030000000000654836,0,正常
2024-02-17 05:00:00,2,0.5760000000000218,0,正常
2024-02-17 05:10:00,2,2.2799999999992906,0,正常
2024-02-17 05:20:00,2,0.05999999999994543,0,正常
2024-02-17 05:30:00,2,0.2520000000008622,0,正常
2024-02-17 05:40:00,2,1.4340000000001965,0,正常
2024-02-17 05:50:00,2,0.1859999999996944,0,正常
2024-02-17 06:00:00,2,0.14999999999918145,0,正常
2024-02-17 06:10:00,2,0.06599999999980355,0,正常
2024-02-17 06:20:00,2,1.7160000000003492,0,正常
2024-02-17 06:30:00,2,0.1980000000007749,0,正常
2024-02-17 06:40:00,2,2.0219999999999345,0,正常
2024-02-17 06:50:00,2,0.713999999999487,0,正常
2024-02-17 07:00:00,2,1.3919999999998254,0,正常
2024-02-17 07:10:00,2,1.4340000000001965,0,正常
2024-02-17 07:20:00,2,1.6560000000004038,0,正常
2024-02-17 07:30:00,2,0.1859999999996944,0,正常
2024-02-17 07:40:00,2,0.9120000000002619,0,正常
2024-02-17 07:50:00,2,0.8099999999999454,0,正常
2024-02-17 08:00:00,2,0.20399999999926877,0,正常
2024-02-17 08:10:00,2,0.2580000000007203,0,正常
2024-02-17 08:20:00,2,2.1599999999993997,0,正常
2024-02-17 08:30:00,2,0.3600000000010368,0,正常
2024-02-17 08:40:00,2,0.07199999999966167,0,正常
2024-02-17 08:50:00,2,1.7039999999992688,0,正常
2024-02-17 09:00:00,2,0.01200000000108048,0,正常
2024-02-17 09:10:00,2,0.17399999999997817,0,正常
2024-02-17 09:20:00,2,2.2619999999997162,0,正常
2024-02-17 09:30:00,2,1.457999999999629,0,正常
2024-02-17 09:40:00,2,0.10800000000017462,0,正常
2024-02-17 09:50:00,2,0.47999999999956344,0,正常
2024-02-17 10:00:00,2,0.204000000000633,0,正常
2024-02-17 10:10:00,2,1.0499999999997272,0,正常
2024-02-17 10:20:00,2,1.038000000000011,0,正常
2024-02-17 10:30:00,2,0.419999999999618,0,正常
2024-02-17 10:40:00,2,0.5100000000002183,0,正常
2024-02-17 10:50:00,2,0.17399999999997817,0,正常
2024-02-17 11:00:00,2,0.14400000000068758,0,正常
2024-02-17 11:10:00,2,0.7199999999993452,0,正常
2024-02-17 11:20:00,2,1.0740000000005239,0,正常
2024-02-17 11:30:00,2,1.0320000000001528,0,正常
2024-02-17 11:40:00,2,1.8059999999995853,0,正常
2024-02-17 11:50:00,2,0.7559999999998581,0,正常
2024-02-17 12:00:00,2,0.21600000000034925,0,正常
2024-02-17 12:10:00,2,0.04199999999900683,0,正常
2024-02-17 12:20:00,2,0.13200000000097134,0,正常
2024-02-17 12:30:00,2,0.05400000000008731,0,正常
2024-02-17 12:40:00,2,2.826000000000022,0,正常
2024-02-17 12:50:00,2,0.017999999999574356,0,正常
2024-02-17 13:00:00,2,0.4679999999998472,0,正常
2024-02-17 13:10:00,2,0.09000000000060027,0,正常
2024-02-17 13:20:00,2,0.5339999999996508,0,正常
2024-02-17 13:30:00,2,0.2639999999992142,0,正常
2024-02-17 13:40:00,2,0.5400000000008731,0,正常
2024-02-17 13:50:00,2,1.2719999999999345,0,正常
2024-02-17 14:00:00,2,0.05400000000008731,0,正常
2024-02-17 14:10:00,2,0.419999999999618,0,正常
2024-02-17 14:20:00,2,0.9959999999996398,0,正常
2024-02-17 14:30:00,2,1.1400000000003274,0,正常
2024-02-17 14:40:00,2,0.07799999999951979,0,正常
2024-02-17 14:50:00,2,0.0,0,正常
2024-02-17 15:00:00,2,0.3060000000009495,0,正常
2024-02-17 15:10:00,2,0.8040000000000873,0,正常
2024-02-17 15:20:00,2,1.421999999999116,0,正常
2024-02-17 15:30:00,2,0.3360000000002401,0,正常
2024-02-17 15:40:00,2,0.14400000000068758,0,正常
2024-02-17 15:50:00,2,0.839999999999236,0,正常
2024-02-17 16:00:00,2,0.6479999999996835,0,正常
2024-02-17 16:10:00,2,0.18000000000120053,0,正常
2024-02-17 16:20:00,2,0.0839999999993779,0,正常
2024-02-17 16:30:00,2,0.05999999999994543,0,正常
2024-02-17 16:40:00,2,0.030000000000654836,0,正常
2024-02-17 16:50:00,2,1.0680000000006658,0,正常
2024-02-17 17:00:00,2,0.30599999999958527,0,正常
2024-02-17 17:10:00,2,0.9660000000003492,0,正常
2024-02-17 17:20:00,2,0.27599999999893043,0,正常
2024-02-17 17:30:00,2,0.1500000000005457,0,正常
2024-02-17 17:40:00,2,0.1139999999986685,0,正常
2024-02-17 17:50:00,2,0.19799999999941065,0,正常
2024-02-17 18:00:00,2,0.06000000000130967,0,正常
2024-02-17 18:10:00,2,0.011999999999716238,0,正常
2024-02-17 18:20:00,2,0.8460000000004584,0,正常
2024-02-17 18:30:00,2,0.4860000000007858,0,正常
2024-02-17 18:40:00,2,0.21600000000034925,0,正常
2024-02-17 18:50:00,2,1.427999999998974,0,正常
2024-02-17 19:00:00,2,0.023999999999432475,0,正常
2024-02-17 19:10:00,2,0.8100000000013097,0,正常
2024-02-17 19:20:00,2,0.2639999999992142,0,正常
2024-02-17 19:30:00,2,0.05999999999858119,0,正常
2024-02-17 19:40:00,2,0.22800000000006548,0,正常
2024-02-17 19:50:00,2,0.6000000000021828,0,正常
2024-02-17 20:00:00,2,0.05999999999858119,0,正常
2024-02-17 20:10:00,2,0.7560000000012224,0,正常
2024-02-17 20:20:00,2,0.4919999999992797,0,正常
2024-02-17 20:30:00,2,1.6019999999989523,0,正常
2024-02-17 20:40:00,2,0.07200000000102591,0,正常
2024-02-17 20:50:00,2,5.165999999999258,0,正常
2024-02-17 21:00:00,2,0.3000000000010914,0,正常
2024-02-17 21:10:00,2,0.030000000000654836,0,正常
2024-02-17 21:20:00,2,0.9780000000000655,0,正常
2024-02-17 21:30:00,2,0.1679999999987558,0,正常
2024-02-17 21:40:00,2,0.1319999999996071,0,正常
2024-02-17 21:50:00,2,1.2179999999998472,0,正常
2024-02-17 22:00:00,2,3.9660000000003492,0,正常
2024-02-17 22:10:00,2,0.7680000000009386,0,正常
2024-02-17 22:20:00,2,0.017999999998210114,0,正常
2024-02-17 22:30:00,2,0.33000000000174623,0,正常
2024-02-17 22:40:00,2,0.6119999999991705,0,正常
2024-02-17 22:50:00,2,0.3719999999993888,0,正常
2024-02-17 23:00:00,2,1.6800000000012005,0,正常
2024-02-17 23:10:00,2,5.147999999998319,0,正常
2024-02-17 23:20:00,2,2.3520000000016807,0,正常
2024-02-17 23:30:00,2,1.956000000000131,0,正常
2024-02-17 23:40:00,2,0.7380000000002838,0,正常
2024-02-17 23:50:00,2,0.3959999999988213,0,正常
2024-02-18 00:00:00,2,2.4720000000015716,0,正常
2024-02-18 00:10:00,2,1.1999999999989086,0,正常
2024-02-18 00:20:00,2,0.3599999999996726,0,正常
2024-02-18 00:30:00,2,3.1439999999993233,0,正常
2024-02-18 00:40:00,2,0.36600000000089494,0,正常
2024-02-18 00:50:00,2,0.5100000000002183,0,正常
2024-02-18 01:00:00,2,1.91399999999976,0,正常
2024-02-18 01:10:00,2,2.2680000000009386,0,正常
2024-02-18 01:20:00,2,0.1499999999978172,0,正常
2024-02-18 01:30:00,2,1.2180000000025757,0,正常
2024-02-18 01:40:00,2,0.1919999999981883,0,正常
2024-02-18 01:50:00,2,0.7859999999991487,0,正常
2024-02-18 02:00:00,2,0.1680000000014843,0,正常
2024-02-18 02:10:00,2,0.6419999999998254,0,正常
2024-02-18 02:20:00,2,2.118000000000393,0,正常
2024-02-18 02:30:00,2,2.0579999999990832,0,正常
2024-02-18 02:40:00,2,0.0360000000018772,0,正常
2024-02-18 02:50:00,2,0.22199999999884312,0,正常
2024-02-18 03:00:00,2,1.427999999998974,0,正常
2024-02-18 03:10:00,2,1.0620000000008076,0,正常
2024-02-18 03:20:00,2,0.19799999999941065,0,正常
2024-02-18 03:30:00,2,0.6360000000013315,0,正常
2024-02-18 03:40:00,2,1.1039999999984502,0,正常
2024-02-18 03:50:00,2,1.8479999999999563,0,正常
2024-02-18 04:00:00,2,1.5780000000022483,0,正常
2024-02-18 04:10:00,2,0.08999999999923602,0,正常
2024-02-18 04:20:00,2,0.08999999999923602,0,正常
2024-02-18 04:30:00,2,0.6840000000001965,0,正常
2024-02-18 04:40:00,2,0.6480000000010477,0,正常
2024-02-18 04:50:00,2,0.7380000000002838,0,正常
2024-02-18 05:00:00,2,0.32999999999901775,0,正常
2024-02-18 05:10:00,2,0.6180000000003929,0,正常
2024-02-18 05:20:00,2,0.9599999999991269,0,正常
2024-02-18 05:30:00,2,0.023999999999432475,0,正常
2024-02-18 05:40:00,2,2.1840000000001965,0,正常
2024-02-18 05:50:00,2,0.10200000000168075,0,正常
2024-02-18 06:00:00,2,1.223999999998341,0,正常
2024-02-18 06:10:00,2,1.3080000000018117,0,正常
2024-02-18 06:20:00,2,1.4039999999995416,0,正常
2024-02-18 06:30:00,2,0.17999999999847205,0,正常
2024-02-18 06:40:00,2,0.9840000000012878,0,正常
2024-02-18 06:50:00,2,0.8819999999996071,0,正常
2024-02-18 07:00:00,2,0.6720000000004802,0,正常
2024-02-18 07:10:00,2,1.16399999999976,0,正常
2024-02-18 07:20:00,2,0.8219999999982974,0,正常
2024-02-18 07:30:00,2,0.7320000000017899,0,正常
2024-02-18 07:40:00,2,0.2820000000001528,0,正常
2024-02-18 07:50:00,2,0.10199999999895226,0,正常
2024-02-18 08:00:00,2,1.4760000000005675,0,正常
2024-02-18 08:10:00,2,0.47999999999956344,0,正常
2024-02-18 08:20:00,2,1.3980000000010477,0,正常
2024-02-18 08:30:00,2,0.9899999999997817,0,正常
2024-02-18 08:40:00,2,0.1679999999987558,0,正常
2024-02-18 08:50:00,2,0.7619999999997162,0,正常
2024-02-18 09:00:00,2,0.2820000000001528,0,正常
2024-02-18 09:10:00,2,0.21000000000185537,0,正常
2024-02-18 09:20:00,2,1.019999999997708,0,正常
2024-02-18 09:30:00,2,0.07800000000224827,0,正常
2024-02-18 09:40:00,2,2.5559999999995853,0,正常
2024-02-18 09:50:00,2,2.0219999999999345,0,正常
2024-02-18 10:00:00,2,1.0320000000001528,0,正常
2024-02-18 10:10:00,2,0.6300000000001091,0,正常
2024-02-18 10:20:00,2,1.3140000000003056,0,正常
2024-02-18 10:30:00,2,1.001999999999498,0,正常
2024-02-18 10:40:00,2,0.27599999999893043,0,正常
2024-02-18 10:50:00,2,0.3599999999996726,0,正常
2024-02-18 11:00:00,2,0.38400000000183354,0,正常
2024-02-18 11:10:00,2,0.10199999999895226,0,正常
2024-02-18 11:20:00,2,0.22199999999884312,0,正常
2024-02-18 11:30:00,2,1.3500000000021828,0,正常
2024-02-18 11:40:00,2,0.4139999999997599,0,正常
2024-02-18 11:50:00,2,0.11999999999989086,0,正常
2024-02-18 12:00:00,2,0.07199999999829743,0,正常
2024-02-18 12:10:00,2,1.4880000000002838,0,正常
2024-02-18 12:20:00,2,0.06000000000130967,0,正常
2024-02-18 12:30:00,2,0.3900000000003274,0,正常
2024-02-18 12:40:00,2,0.7139999999981228,0,正常
2024-02-18 12:50:00,2,0.6780000000017026,0,正常
2024-02-18 13:00:00,2,0.6840000000001965,0,正常
2024-02-18 13:10:00,2,0.2639999999992142,0,正常
2024-02-18 13:20:00,2,0.23999999999978172,0,正常
2024-02-18 13:30:00,2,0.6480000000010477,0,正常
2024-02-18 13:40:00,2,0.05999999999858119,0,正常
2024-02-18 13:50:00,2,0.023999999999432475,0,正常
2024-02-18 14:00:00,2,0.05400000000008731,0,正常
2024-02-18 14:10:00,2,0.28800000000137516,0,正常
2024-02-18 14:20:00,2,0.46199999999862484,0,正常
2024-02-18 14:30:00,2,0.07799999999951979,0,正常
2024-02-18 14:40:00,2,0.2640000000019427,0,正常
2024-02-18 14:50:00,2,0.3599999999996726,0,正常
2024-02-18 15:00:00,2,0.042000000000371074,0,正常
2024-02-18 15:10:00,2,0.19799999999941065,0,正常
2024-02-18 15:20:00,2,0.1139999999986685,0,正常
2024-02-18 15:30:00,2,0.17399999999997817,0,正常
2024-02-18 15:40:00,2,0.012000000002444722,0,正常
2024-02-18 15:50:00,2,0.16199999999753345,0,正常
2024-02-18 16:00:00,2,0.2760000000016589,0,正常
2024-02-18 16:10:00,2,1.0979999999999563,0,正常
2024-02-18 16:20:00,2,0.011999999999716238,0,正常
2024-02-18 16:30:00,2,0.8939999999993233,0,正常
2024-02-18 16:40:00,2,0.42599999999947613,0,正常
2024-02-18 16:50:00,2,0.09000000000196451,0,正常
2024-02-18 17:00:00,2,0.2820000000001528,0,正常
2024-02-18 17:10:00,2,0.32999999999901775,0,正常
2024-02-18 17:20:00,2,0.47400000000106957,0,正常
2024-02-18 17:30:00,2,0.06599999999980355,0,正常
2024-02-18 17:40:00,2,0.31199999999807915,0,正常
2024-02-18 17:50:00,2,0.21000000000185537,0,正常
2024-02-18 18:00:00,2,0.8759999999983847,0,正常
2024-02-18 18:10:00,2,0.6240000000016153,0,正常
2024-02-18 18:20:00,2,0.9239999999999782,0,正常
2024-02-18 18:30:00,2,0.28799999999864667,0,正常
2024-02-18 18:40:00,2,0.22800000000006548,0,正常
2024-02-18 18:50:00,2,0.11999999999989086,0,正常
2024-02-18 19:00:00,2,0.14399999999932334,0,正常
2024-02-18 19:10:00,2,0.21600000000034925,0,正常
2024-02-18 19:20:00,2,0.21000000000185537,0,正常
2024-02-18 19:30:00,2,0.011999999999716238,0,正常
2024-02-18 19:40:00,2,0.1139999999986685,0,正常
2024-02-18 19:50:00,2,2.082000000001244,0,正常
2024-02-18 20:00:00,2,0.7079999999996289,0,正常
2024-02-18 20:10:00,2,0.3719999999993888,0,正常
2024-02-18 20:20:00,2,1.0320000000001528,0,正常
2024-02-18 20:30:00,2,0.2580000000007203,0,正常
2024-02-18 20:40:00,2,0.21600000000034925,0,正常
2024-02-18 20:50:00,2,0.5039999999989959,0,正常
2024-02-18 21:00:00,2,0.47400000000106957,0,正常
2024-02-18 21:10:00,2,0.1139999999986685,0,正常
2024-02-18 21:20:00,2,0.06599999999980355,0,正常
2024-02-18 21:30:00,2,0.023999999999432475,0,正常
2024-02-18 21:40:00,2,0.09000000000196451,0,正常
2024-02-18 21:50:00,2,0.11999999999989086,0,正常
2024-02-18 22:00:00,2,1.16399999999976,0,正常
2024-02-18 22:10:00,2,0.19799999999941065,0,正常
2024-02-18 22:20:00,2,0.49800000000050204,0,正常
2024-02-18 22:30:00,2,0.5520000000005894,0,正常
2024-02-18 22:40:00,2,0.40200000000004366,0,正常
2024-02-18 22:50:00,2,0.06599999999980355,0,正常
2024-02-18 23:00:00,2,0.05999999999858119,0,正常
2024-02-18 23:10:00,2,0.5280000000011569,0,正常
2024-02-18 23:20:00,2,0.4139999999997599,0,正常
2024-02-18 23:30:00,2,0.7079999999996289,0,正常
2024-02-18 23:40:00,2,0.5100000000002183,0,正常
2024-02-18 23:50:00,2,0.6959999999999127,0,正常
2024-02-19 00:00:00,2,0.6239999999988868,0,正常
2024-02-19 00:10:00,2,1.043999999999869,0,正常
2024-02-19 00:20:00,2,0.21600000000034925,0,正常
2024-02-19 00:30:00,2,0.11999999999989086,0,正常
2024-02-19 00:40:00,2,0.5820000000012442,0,正常
2024-02-19 00:50:00,2,0.6899999999986903,0,正常
2024-02-19 01:00:00,2,0.09600000000045839,0,正常
2024-02-19 01:10:00,2,1.2780000000011569,0,正常
2024-02-19 01:20:00,2,0.2999999999983629,0,正常
2024-02-19 01:30:00,2,0.19800000000213913,0,正常
2024-02-19 01:40:00,2,0.16200000000026193,0,正常
2024-02-19 01:50:00,2,1.2179999999998472,0,正常
2024-02-19 02:00:00,2,1.3019999999978609,0,正常
2024-02-19 02:10:00,2,0.10200000000168075,0,正常
2024-02-19 02:20:00,2,0.1919999999981883,0,正常
2024-02-19 02:30:00,2,0.18000000000120053,0,正常
2024-02-19 02:40:00,2,0.06000000000130967,0,正常
2024-02-19 02:50:00,2,0.14399999999932334,0,正常
2024-02-19 03:00:00,2,0.13799999999810098,0,正常
2024-02-19 03:10:00,2,1.230000000002292,0,正常
2024-02-19 03:20:00,2,0.5760000000000218,0,正常
2024-02-19 03:30:00,2,0.12599999999838474,0,正常
2024-02-19 03:40:00,2,0.204000000000633,0,正常
2024-02-19 03:50:00,2,0.5100000000002183,0,正常
2024-02-19 04:00:00,2,0.19200000000091677,0,正常
2024-02-19 04:10:00,2,0.1139999999986685,0,正常
2024-02-19 04:20:00,2,0.44400000000041473,0,正常
2024-02-19 04:30:00,2,0.13800000000082946,0,正常
2024-02-19 04:40:00,2,0.08399999999801366,0,正常
2024-02-19 04:50:00,2,0.1500000000005457,0,正常
2024-02-19 05:00:00,2,0.545999999999367,0,正常
2024-02-19 05:10:00,2,0.24600000000100408,0,正常
2024-02-19 05:20:00,2,0.04799999999886495,0,正常
2024-02-19 05:30:00,2,0.30600000000231375,0,正常
2024-02-19 05:40:00,2,0.12599999999838474,0,正常
2024-02-19 05:50:00,2,0.8880000000008295,0,正常
2024-02-19 06:00:00,2,0.07199999999829743,0,正常
2024-02-19 06:10:00,2,0.13200000000233558,0,正常
2024-02-19 06:20:00,2,0.16200000000026193,0,正常
2024-02-19 06:30:00,2,0.7019999999984066,0,正常
2024-02-19 06:40:00,2,0.2820000000001528,0,正常
2024-02-19 06:50:00,2,0.04799999999886495,0,正常
2024-02-19 07:00:00,2,0.3900000000003274,0,正常
2024-02-19 07:10:00,2,0.5820000000012442,0,正常
2024-02-19 07:20:00,2,0.23399999999855936,0,正常
2024-02-19 07:30:00,2,0.19800000000213913,0,正常
2024-02-19 07:40:00,2,0.4859999999980573,0,正常
2024-02-19 07:50:00,2,0.15600000000176806,0,正常
2024-02-19 08:00:00,2,0.797999999998865,0,正常
2024-02-19 08:10:00,2,0.5640000000003056,0,正常
2024-02-19 08:20:00,2,0.05400000000008731,0,正常
2024-02-19 08:30:00,2,0.08999999999923602,0,正常
2024-02-19 08:40:00,2,0.11999999999989086,0,正常
2024-02-19 08:50:00,2,0.06599999999980355,0,正常
2024-02-19 09:00:00,2,0.042000000000371074,0,正常
2024-02-19 09:10:00,2,0.4679999999998472,0,正常
2024-02-19 09:20:00,2,0.14400000000205182,0,正常
2024-02-19 09:30:00,2,0.011999999999716238,0,正常
2024-02-19 09:40:00,2,0.1679999999987558,0,正常
2024-02-19 09:50:00,2,0.1319999999996071,0,正常
2024-02-19 10:00:00,2,0.2220000000015716,0,正常
2024-02-19 10:10:00,2,0.16200000000026193,0,正常
2024-02-19 10:20:00,2,0.22199999999884312,0,正常
2024-02-19 10:30:00,2,0.006000000001222361,0,正常
2024-02-19 10:40:00,2,0.43199999999797,0,正常
2024-02-19 10:50:00,2,0.49200000000200816,0,正常
2024-02-19 11:00:00,2,0.12599999999838474,0,正常
2024-02-19 11:10:00,2,0.08999999999923602,0,正常
2024-02-19 11:20:00,2,0.1680000000014843,0,正常
2024-02-19 11:30:00,2,0.46199999999862484,0,正常
2024-02-19 11:40:00,2,0.07800000000224827,0,正常
2024-02-19 11:50:00,2,0.05999999999858119,0,正常
2024-02-19 12:00:00,2,0.22199999999884312,0,正常
2024-02-19 12:10:00,2,0.07800000000224827,0,正常
2024-02-19 12:20:00,2,0.03599999999914871,0,正常
2024-02-19 12:30:00,2,0.006000000001222361,0,正常
2024-02-19 12:40:00,2,0.017999999998210114,0,正常
2024-02-19 12:50:00,2,0.042000000000371074,0,正常
2024-02-19 13:00:00,2,0.042000000000371074,0,正常
2024-02-19 13:10:00,2,0.05400000000008731,0,正常
2024-02-19 13:20:00,2,0.030000000000654836,0,正常
2024-02-19 13:30:00,2,0.2699999999977081,0,正常
2024-02-19 13:40:00,2,0.08400000000074215,0,正常
2024-02-19 13:50:00,2,0.15600000000176806,0,正常
2024-02-19 14:00:00,2,0.07199999999829743,0,正常
2024-02-19 14:10:00,2,0.07200000000102591,0,正常
2024-02-19 14:20:00,2,0.25199999999949796,0,正常
2024-02-19 14:30:00,2,0.6480000000010477,0,正常
2024-02-19 14:40:00,2,0.10800000000017462,0,正常
2024-02-19 14:50:00,2,0.23399999999855936,0,正常
2024-02-19 15:00:00,2,0.006000000001222361,0,正常
2024-02-19 15:10:00,2,0.0,0,正常
2024-02-19 15:20:00,2,0.17399999999997817,0,正常
2024-02-19 15:30:00,2,0.005999999998493877,0,正常
2024-02-19 15:40:00,2,0.06000000000130967,0,正常
2024-02-19 15:50:00,2,0.03599999999914871,0,正常
2024-02-19 16:00:00,2,0.011999999999716238,0,正常
2024-02-19 16:10:00,2,0.006000000001222361,0,正常
2024-02-19 16:20:00,2,0.017999999998210114,0,正常
2024-02-19 16:30:00,2,0.05400000000008731,0,正常
2024-02-19 16:40:00,2,0.042000000000371074,0,正常
2024-02-19 16:50:00,2,0.3900000000003274,0,正常
2024-02-19 17:00:00,2,0.006000000001222361,0,正常
2024-02-19 17:10:00,2,0.1139999999986685,0,正常
2024-02-19 17:20:00,2,0.0180000000009386,0,正常
2024-02-19 17:30:00,2,0.011999999999716238,0,正常
2024-02-19 17:40:00,2,0.005999999998493877,0,正常
2024-02-19 17:50:00,2,0.0360000000018772,0,正常
2024-02-19 18:00:00,2,0.1500000000005457,0,正常
2024-02-19 18:10:00,2,0.05999999999858119,0,正常
2024-02-19 18:20:00,2,0.006000000001222361,0,正常
2024-02-19 18:30:00,2,0.10800000000017462,0,正常
2024-02-19 18:40:00,2,0.011999999999716238,0,正常
2024-02-19 18:50:00,2,0.11999999999989086,0,正常
2024-02-19 19:00:00,2,0.005999999998493877,0,正常
2024-02-19 19:10:00,2,0.05400000000008731,0,正常
2024-02-19 19:20:00,2,0.1500000000005457,0,正常
2024-02-19 19:30:00,2,0.05999999999858119,0,正常
2024-02-19 19:40:00,2,0.09600000000045839,0,正常
2024-02-19 19:50:00,2,0.048000000001593435,0,正常
2024-02-19 20:00:00,2,0.08999999999923602,0,正常
2024-02-19 20:10:00,2,0.006000000001222361,0,正常
2024-02-19 20:20:00,2,0.17999999999847205,0,正常
2024-02-19 20:30:00,2,0.0,0,正常
2024-02-19 20:40:00,2,0.011999999999716238,0,正常
2024-02-19 20:50:00,2,0.24600000000100408,0,正常
2024-02-19 21:00:00,2,0.023999999999432475,0,正常
2024-02-19 21:10:00,2,0.36600000000089494,0,正常
2024-02-19 21:20:00,2,0.005999999998493877,0,正常
2024-02-19 21:30:00,2,0.0180000000009386,0,正常
2024-02-19 21:40:00,2,0.0180000000009386,0,正常
2024-02-19 21:50:00,2,0.1319999999996071,0,正常
2024-02-19 22:00:00,2,0.030000000000654836,0,正常
2024-02-19 22:10:00,2,0.20999999999912689,0,正常
2024-02-19 22:20:00,2,0.1859999999996944,0,正常
2024-02-19 22:30:00,2,0.30599999999958527,0,正常
2024-02-19 22:40:00,2,0.2639999999992142,0,正常
2024-02-19 22:50:00,2,0.011999999999716238,0,正常
2024-02-19 23:00:00,2,0.13200000000233558,0,正常
2024-02-19 23:10:00,2,0.011999999999716238,0,正常
2024-02-19 23:20:00,2,0.05400000000008731,0,正常
2024-02-19 23:30:00,2,0.1500000000005457,0,正常
2024-02-19 23:40:00,2,0.04799999999886495,0,正常
2024-02-19 23:50:00,2,0.08999999999923602,0,正常
2024-02-20 00:00:00,2,0.12600000000111322,0,正常
2024-02-20 00:10:00,2,0.07199999999829743,0,正常
2024-02-20 00:20:00,2,0.030000000000654836,0,正常
2024-02-20 00:30:00,2,0.19200000000091677,0,正常
2024-02-20 00:40:00,2,0.25199999999949796,0,正常
2024-02-20 00:50:00,2,0.21600000000034925,0,正常
2024-02-20 01:00:00,2,0.10199999999895226,0,正常
2024-02-20 01:10:00,2,0.042000000000371074,0,正常
2024-02-20 01:20:00,2,0.08999999999923602,0,正常
2024-02-20 01:30:00,2,0.08400000000074215,0,正常
2024-02-20 01:40:00,2,0.011999999999716238,0,正常
2024-02-20 01:50:00,2,0.042000000000371074,0,正常
2024-02-20 02:00:00,2,0.0,0,正常
2024-02-20 02:10:00,2,0.07799999999951979,0,正常
2024-02-20 02:20:00,2,0.08400000000074215,0,正常
2024-02-20 02:30:00,2,0.006000000001222361,0,正常
2024-02-20 02:40:00,2,0.05999999999858119,0,正常
2024-02-20 02:50:00,2,0.1500000000005457,0,正常
2024-02-20 03:00:00,2,0.005999999998493877,0,正常
2024-02-20 03:10:00,2,0.11400000000139698,0,正常
2024-02-20 03:20:00,2,0.11999999999989086,0,正常
2024-02-20 03:30:00,2,0.17399999999997817,0,正常
2024-02-20 03:40:00,2,0.030000000000654836,0,正常
2024-02-20 03:50:00,2,0.2459999999982756,0,正常
2024-02-20 04:00:00,2,0.06000000000130967,0,正常
2024-02-20 04:10:00,2,0.0180000000009386,0,正常
2024-02-20 04:20:00,2,0.13799999999810098,0,正常
2024-02-20 04:30:00,2,0.2220000000015716,0,正常
2024-02-20 04:40:00,2,0.023999999999432475,0,正常
2024-02-20 04:50:00,2,0.12599999999838474,0,正常
2024-02-20 05:00:00,2,0.07200000000102591,0,正常
2024-02-20 05:10:00,2,0.08999999999923602,0,正常
2024-02-20 05:20:00,2,0.19200000000091677,0,正常
2024-02-20 05:30:00,2,0.06000000000130967,0,正常
2024-02-20 05:40:00,2,0.05400000000008731,0,正常
2024-02-20 05:50:00,2,0.16199999999753345,0,正常
2024-02-20 06:00:00,2,0.13200000000233558,0,正常
2024-02-20 06:10:00,2,3.299999999998363,0,正常
2024-02-20 06:20:00,2,1.1820000000006985,0,正常
2024-02-20 06:30:00,2,2.706000000000131,0,正常
2024-02-20 06:40:00,2,2.2680000000009386,0,正常
2024-02-20 06:50:00,2,0.32999999999901775,0,正常
2024-02-20 07:00:00,2,0.09600000000045839,0,正常
2024-02-20 07:10:00,2,1.547999999998865,0,正常
2024-02-20 07:20:00,2,0.5820000000012442,0,正常
2024-02-20 07:30:00,2,1.0079999999979918,0,正常
2024-02-20 07:40:00,2,0.030000000000654836,0,正常
2024-02-20 07:50:00,2,1.0080000000007203,0,正常
2024-02-20 08:00:00,2,2.459999999999127,0,正常
2024-02-20 08:10:00,2,0.31200000000080763,0,正常
2024-02-20 08:20:00,2,1.6199999999998909,0,正常
2024-02-20 08:30:00,2,0.011999999999716238,0,正常
2024-02-20 08:40:00,2,1.2900000000008731,0,正常
2024-02-20 08:50:00,2,1.9799999999995634,0,正常
2024-02-20 09:00:00,2,0.22199999999884312,0,正常
2024-02-20 09:10:00,2,0.7320000000017899,0,正常
2024-02-20 09:20:00,2,0.25799999999799184,0,正常
2024-02-20 09:30:00,2,1.3020000000005894,0,正常
2024-02-20 09:40:00,2,2.1060000000006767,0,正常
2024-02-20 09:50:00,2,0.545999999999367,0,正常
2024-02-20 10:00:00,2,1.368000000000393,0,正常
2024-02-20 10:10:00,2,0.16200000000026193,0,正常
2024-02-20 10:20:00,2,0.12600000000111322,0,正常
2024-02-20 10:30:00,2,0.7859999999991487,0,正常
2024-02-20 10:40:00,2,0.49800000000050204,0,正常
2024-02-20 10:50:00,2,0.3959999999988213,0,正常
2024-02-20 11:00:00,2,0.19200000000091677,0,正常
2024-02-20 11:10:00,2,0.042000000000371074,0,正常
2024-02-20 11:20:00,2,2.003999999998996,0,正常
2024-02-20 11:30:00,2,1.1219999999993888,0,正常
2024-02-20 11:40:00,2,1.16399999999976,0,正常
2024-02-20 11:50:00,2,0.042000000000371074,0,正常
2024-02-20 12:00:00,2,0.9660000000003492,0,正常
2024-02-20 12:10:00,2,0.13800000000082946,0,正常
2024-02-20 12:20:00,2,1.0979999999999563,0,正常
2024-02-20 12:30:00,2,0.9179999999987558,0,正常
2024-02-20 12:40:00,2,1.9679999999998472,0,正常
2024-02-20 12:50:00,2,0.5339999999996508,0,正常
2024-02-20 13:00:00,2,1.9020000000000437,0,正常
2024-02-20 13:10:00,2,0.40200000000004366,0,正常
2024-02-20 13:20:00,2,0.8400000000019645,0,正常
2024-02-20 13:30:00,2,3.3959999999988213,0,正常
2024-02-20 13:40:00,2,0.18000000000120053,0,正常
2024-02-20 13:50:00,2,0.341999999998734,0,正常
2024-02-20 14:00:00,2,0.7079999999996289,0,正常
2024-02-20 14:10:00,2,0.9060000000017681,0,正常
2024-02-20 14:20:00,2,0.8580000000001746,0,正常
2024-02-20 14:30:00,2,2.513999999999214,0,正常
2024-02-20 14:40:00,2,1.08600000000024,0,正常
2024-02-20 14:50:00,2,1.7759999999989304,0,正常
2024-02-20 15:00:00,2,1.1759999999994761,0,正常
2024-02-20 15:10:00,2,1.1040000000011787,0,正常
2024-02-20 15:20:00,2,1.5599999999985812,0,正常
2024-02-20 15:30:00,2,1.2660000000014406,0,正常
2024-02-20 15:40:00,2,1.9860000000007858,0,正常
2024-02-20 15:50:00,2,1.1159999999981665,0,正常
2024-02-20 16:00:00,2,2.0160000000014406,0,正常
2024-02-20 16:10:00,2,0.5879999999997381,0,正常
2024-02-20 16:20:00,2,1.0379999999986467,0,正常
2024-02-20 16:30:00,2,8.970000000002074,0,正常
2024-02-20 16:40:00,2,0.929999999998472,0,正常
2024-02-20 16:50:00,2,3.288000000001375,0,正常
2024-02-20 17:00:00,2,4.301999999997861,0,正常
2024-02-20 17:10:00,2,3.65400000000227,0,正常
2024-02-20 17:20:00,2,0.635999999998603,0,正常
2024-02-20 17:30:00,2,5.148000000001048,0,正常
2024-02-20 17:40:00,2,3.1919999999981883,0,正常
2024-02-20 17:50:00,2,5.3159999999998035,0,正常
2024-02-20 18:00:00,2,2.394000000002052,0,正常
2024-02-20 18:10:00,2,0.08399999999801366,0,正常
2024-02-20 18:20:00,2,3.31800000000203,0,正常
2024-02-20 18:30:00,2,1.2299999999995634,0,正常
2024-02-20 18:40:00,2,5.304000000000087,0,正常
2024-02-20 18:50:00,2,3.6060000000006767,0,正常
2024-02-20 19:00:00,2,1.8119999999980791,0,正常
2024-02-20 19:10:00,2,9.695999999999913,0,正常
2024-02-20 19:20:00,2,3.204000000000633,0,正常
2024-02-20 19:30:00,2,4.175999999999476,1,关注
2024-02-20 19:40:00,2,4.542000000000371,1,关注
2024-02-20 19:50:00,2,1.1940000000004147,0,正常
2024-02-20 20:00:00,2,4.986000000000786,0,正常
2024-02-20 20:10:00,2,0.6840000000001965,0,正常
2024-02-20 20:20:00,2,5.219999999999345,0,正常
2024-02-20 20:30:00,2,3.425999999999476,0,正常
2024-02-20 20:40:00,2,3.4440000000004147,0,正常
2024-02-20 20:50:00,2,1.1219999999993888,0,正常
2024-02-20 21:00:00,2,6.462000000001353,0,正常
2024-02-20 21:10:00,2,4.7039999999979045,0,正常
2024-02-20 21:20:00,2,1.950000000001637,0,正常
2024-02-20 21:30:00,2,3.030000000000655,0,正常
2024-02-20 21:40:00,2,5.321999999998297,0,正常
2024-02-20 21:50:00,2,2.082000000001244,1,关注
2024-02-20 22:00:00,2,2.975999999997839,1,关注
2024-02-20 22:10:00,2,4.302000000000589,1,关注
2024-02-20 22:20:00,2,0.9359999999996944,0,正常
2024-02-20 22:30:00,2,4.6380000000008295,0,正常
2024-02-20 22:40:00,2,4.020000000000437,0,正常
2024-02-20 22:50:00,2,2.177999999998974,0,正常
2024-02-20 23:00:00,2,0.408000000001266,0,正常
2024-02-20 23:10:00,2,1.3919999999998254,0,正常
2024-02-20 23:20:00,2,6.893999999999323,0,正常
2024-02-20 23:30:00,2,2.9880000000002838,0,正常
2024-02-20 23:40:00,2,0.40200000000004366,0,正常
2024-02-20 23:50:00,2,6.383999999999105,0,正常
2024-02-21 00:00:00,2,1.9200000000009823,0,正常
2024-02-21 00:10:00,2,0.9179999999987558,0,正常
2024-02-21 00:20:00,2,7.5,0,正常
2024-02-21 00:30:00,2,0.7920000000003711,0,正常
2024-02-21 00:40:00,2,2.4660000000003492,0,正常
2024-02-21 00:50:00,2,5.369999999999891,0,正常
2024-02-21 01:00:00,2,2.688000000001921,0,正常
2024-02-21 01:10:00,2,5.093999999998232,0,正常
2024-02-21 01:20:00,2,1.5779999999995198,0,正常
2024-02-21 01:30:00,2,1.8479999999999563,0,正常
2024-02-21 01:40:00,2,4.200000000001637,0,正常
2024-02-21 01:50:00,2,1.7399999999997817,0,正常
2024-02-21 02:00:00,2,2.5379999999986467,0,正常
2024-02-21 02:10:00,2,6.288000000001375,0,正常
2024-02-21 02:20:00,2,4.194000000000415,0,正常
2024-02-21 02:30:00,2,2.0100000000002183,0,正常
2024-02-21 02:40:00,2,2.9519999999984066,0,正常
2024-02-21 02:50:00,2,5.898000000001048,1,关注
2024-02-21 03:00:00,2,3.707999999999629,1,关注
2024-02-21 03:10:00,2,2.9880000000002838,1,关注
2024-02-21 03:20:00,2,6.047999999998865,1,关注
2024-02-21 03:30:00,2,3.0480000000015934,1,关注
2024-02-21 03:40:00,2,5.489999999999782,1,关注
2024-02-21 03:50:00,2,2.429999999998472,1,关注
2024-02-21 04:00:00,2,0.3540000000011787,0,正常
2024-02-21 04:10:00,2,1.223999999998341,0,正常
2024-02-21 04:20:00,2,4.890000000000327,0,正常
2024-02-21 04:30:00,2,2.3580000000001746,0,正常
2024-02-21 04:40:00,2,1.2360000000007858,0,正常
2024-02-21 04:50:00,2,3.5520000000005894,0,正常
2024-02-21 05:00:00,2,4.5,0,正常
2024-02-21 05:10:00,2,3.887999999998101,0,正常
2024-02-21 05:20:00,2,3.774000000002161,0,正常
2024-02-21 05:30:00,2,0.49800000000050204,0,正常
2024-02-21 05:40:00,2,6.695999999999913,0,正常
2024-02-21 05:50:00,2,0.005999999998493877,0,正常
2024-02-21 06:00:00,2,2.621999999999389,0,正常
2024-02-21 06:10:00,2,4.308000000001812,0,正常
2024-02-21 06:20:00,2,1.368000000000393,0,正常
2024-02-21 06:30:00,2,2.9399999999986903,0,正常
2024-02-21 06:40:00,2,1.6139999999986685,0,正常
2024-02-21 06:50:00,2,0.8760000000011132,0,正常
2024-02-21 07:00:00,2,4.349999999999454,0,正常
2024-02-21 07:10:00,2,3.5999999999994543,0,正常
2024-02-21 07:20:00,2,6.606000000000677,0,正常
2024-02-21 07:30:00,2,2.3159999999998035,0,正常
2024-02-21 07:40:00,2,3.156000000001768,0,正常
2024-02-21 07:50:00,2,0.7079999999996289,0,正常
2024-02-21 08:00:00,2,3.8939999999993233,0,正常
2024-02-21 08:10:00,2,2.8140000000003056,0,正常
2024-02-21 08:20:00,2,1.7160000000003492,0,正常
2024-02-21 08:30:00,2,10.08600000000024,0,正常
2024-02-21 08:40:00,2,1.4399999999986903,0,正常
2024-02-21 08:50:00,2,5.040000000000873,0,正常
2024-02-21 09:00:00,2,2.2019999999984066,0,正常
2024-02-21 09:10:00,2,7.74000000000251,0,正常
2024-02-21 09:20:00,2,1.1459999999988213,0,正常
2024-02-21 09:30:00,2,2.015999999998712,0,正常
2024-02-21 09:40:00,2,6.420000000000982,0,正常
2024-02-21 09:50:00,2,4.337999999999738,0,正常
2024-02-21 10:00:00,2,5.7719999999999345,0,正常
2024-02-21 10:10:00,2,4.902000000000044,0,正常
2024-02-21 10:20:00,2,5.064000000000306,1,关注
2024-02-21 10:30:00,2,7.373999999998887,1,关注
2024-02-21 10:40:00,2,0.2760000000016589,0,正常
2024-02-21 10:50:00,2,7.518000000000939,0,正常
2024-02-21 11:00:00,2,1.16399999999976,0,正常
2024-02-21 11:10:00,2,6.035999999999149,0,正常
2024-02-21 11:20:00,2,0.1679999999987558,0,正常
2024-02-21 11:30:00,2,10.032000000000153,0,正常
2024-02-21 11:40:00,2,6.834000000000742,0,正常
2024-02-21 11:50:00,2,2.160000000000764,0,正常
2024-02-21 12:00:00,2,2.5979999999999563,0,正常
2024-02-21 12:10:00,2,3.971999999998843,0,正常
2024-02-21 12:20:00,2,3.876000000001113,1,关注
2024-02-21 12:30:00,2,5.66399999999976,1,关注
2024-02-21 12:40:00,2,10.043999999999869,1,关注
2024-02-21 12:50:00,2,2.135999999998603,1,关注
2024-02-21 13:00:00,2,4.176000000002205,1,关注
2024-02-21 13:10:00,2,2.4839999999985594,1,关注
2024-02-21 13:20:00,2,2.1419999999998254,1,关注
2024-02-21 13:30:00,2,3.246000000001004,1,关注
2024-02-21 13:40:00,2,5.927999999998974,1,关注
2024-02-21 13:50:00,2,4.782000000000153,1,关注
2024-02-21 14:00:00,2,0.45600000000013097,0,正常
2024-02-21 14:10:00,2,1.4699999999993452,0,正常
2024-02-21 14:20:00,2,3.492000000002008,0,正常
2024-02-21 14:30:00,2,1.2839999999996508,0,正常
2024-02-21 14:40:00,2,6.966000000000349,0,正常
2024-02-21 14:50:00,2,4.145999999998821,0,正常
2024-02-21 15:00:00,2,11.256000000001222,0,正常
2024-02-21 15:10:00,2,4.127999999997883,0,正常
2024-02-21 15:20:00,2,4.776000000001659,0,正常
2024-02-21 15:30:00,2,1.3499999999994543,0,正常
2024-02-21 15:40:00,2,2.675999999999476,0,正常
2024-02-21 15:50:00,2,0.839999999999236,0,正常
2024-02-21 16:00:00,2,4.776000000001659,0,正常
2024-02-21 16:10:00,2,2.6700000000009823,0,正常
2024-02-21 16:20:00,2,5.057999999999083,0,正常
2024-02-21 16:30:00,2,2.9819999999990614,0,正常
2024-02-21 16:40:00,2,6.25800000000072,0,正常
2024-02-21 16:50:00,2,2.7240000000010696,1,关注
2024-02-21 17:00:00,2,4.99199999999928,1,关注
2024-02-21 17:10:00,2,4.697999999999411,1,关注
2024-02-21 17:20:00,2,1.7639999999992142,0,正常
2024-02-21 17:30:00,2,1.7700000000004366,0,正常
2024-02-21 17:40:00,2,0.6360000000013315,0,正常
2024-02-21 17:50:00,2,6.881999999999607,0,正常
2024-02-21 18:00:00,2,1.7219999999988431,0,正常
2024-02-21 18:10:00,2,4.511999999999716,0,正常
2024-02-21 18:20:00,2,2.717999999999847,0,正常
2024-02-21 18:30:00,2,5.6340000000018335,0,正常
2024-02-21 18:40:00,2,4.194000000000415,0,正常
2024-02-21 18:50:00,2,0.4139999999997599,0,正常
2024-02-21 19:00:00,2,13.883999999999105,0,正常
2024-02-21 19:10:00,2,2.658000000001266,0,正常
2024-02-21 19:20:00,2,3.4379999999991924,0,正常
2024-02-21 19:30:00,2,1.1579999999985375,0,正常
2024-02-21 19:40:00,2,2.880000000000109,0,正常
2024-02-21 19:50:00,2,4.032000000000153,0,正常
2024-02-21 20:00:00,2,3.0119999999997162,0,正常
2024-02-21 20:10:00,2,4.518000000000939,0,正常
2024-02-21 20:20:00,2,4.596000000000458,0,正常
2024-02-21 20:30:00,2,2.8499999999994543,1,关注
2024-02-21 20:40:00,2,3.677999999998974,1,关注
2024-02-21 20:50:00,2,4.062000000000808,1,关注
2024-02-21 21:00:00,2,1.4699999999993452,0,正常
2024-02-21 21:10:00,2,6.234000000001288,0,正常
2024-02-21 21:20:00,2,0.07200000000102591,0,正常
2024-02-21 21:30:00,2,3.2159999999976208,0,正常
2024-02-21 21:40:00,2,2.8440000000009604,0,正常
2024-02-21 21:50:00,2,2.028000000001157,0,正常
2024-02-21 22:00:00,2,1.6259999999983847,0,正常
2024-02-21 22:10:00,2,3.467999999999847,0,正常
2024-02-21 22:20:00,2,2.3520000000016807,0,正常
2024-02-21 22:30:00,2,6.90599999999904,0,正常
2024-02-21 22:40:00,2,6.68999999999869,0,正常
2024-02-21 22:50:00,2,3.2280000000000655,0,正常
2024-02-21 23:00:00,2,8.850000000002183,1,关注
2024-02-21 23:10:00,2,1.6919999999981883,0,正常
2024-02-21 23:20:00,2,4.788000000001375,0,正常
2024-02-21 23:30:00,2,2.60399999999845,0,正常
2024-02-21 23:40:00,2,0.4260000000022046,0,正常
2024-02-21 23:50:00,2,4.16399999999976,0,正常
2024-02-22 00:00:00,2,2.297999999998865,0,正常
2024-02-22 00:10:00,2,1.6439999999993233,0,正常
2024-02-22 00:20:00,2,6.210000000001855,0,正常
2024-02-22 00:30:00,2,4.055999999999585,0,正常
2024-02-22 00:40:00,2,0.030000000000654836,0,正常
2024-02-22 00:50:00,2,5.117999999997664,0,正常
2024-02-22 01:00:00,2,6.798000000001593,0,正常
2024-02-22 01:10:00,2,0.13800000000082946,0,正常
2024-02-22 01:20:00,2,6.869999999999891,0,正常
2024-02-22 01:30:00,2,2.507999999997992,0,正常
2024-02-22 01:40:00,2,2.496000000001004,0,正常
2024-02-22 01:50:00,2,0.9359999999996944,0,正常
2024-02-22 02:00:00,2,1.1280000000006112,0,正常
2024-02-22 02:10:00,2,1.8299999999990177,0,正常
2024-02-22 02:20:00,2,6.089999999999236,0,正常
2024-02-22 02:30:00,2,2.142000000002554,0,正常
2024-02-22 02:40:00,2,5.4539999999979045,0,正常
2024-02-22 02:50:00,2,5.460000000001855,0,正常
2024-02-22 03:00:00,2,5.0219999999999345,1,关注
2024-02-22 03:10:00,2,3.4859999999980573,1,关注
2024-02-22 03:20:00,2,0.43800000000192085,0,正常
2024-02-22 03:30:00,2,2.9399999999986903,0,正常
2024-02-22 03:40:00,2,2.165999999999258,0,正常
2024-02-22 03:50:00,2,7.650000000000546,0,正常
2024-02-22 04:00:00,2,10.631999999999607,0,正常
2024-02-22 04:10:00,2,6.984000000001288,0,正常
2024-02-22 04:20:00,2,3.576000000000022,1,关注
2024-02-22 04:30:00,2,3.839999999999236,1,关注
2024-02-22 04:40:00,2,5.826000000000022,1,关注
2024-02-22 04:50:00,2,3.41399999999976,1,关注
2024-02-22 05:00:00,2,0.9060000000017681,0,正常
2024-02-22 05:10:00,2,4.6139999999986685,0,正常
2024-02-22 05:20:00,2,1.133999999999105,0,正常
2024-02-22 05:30:00,2,6.756000000001222,0,正常
2024-02-22 05:40:00,2,6.8159999999998035,0,正常
2024-02-22 05:50:00,2,3.4620000000013533,0,正常
2024-02-22 06:00:00,2,3.605999999997948,0,正常
2024-02-22 06:10:00,2,1.5840000000007421,0,正常
2024-02-22 06:20:00,2,5.153999999999542,0,正常
2024-02-22 06:30:00,2,7.236000000000786,0,正常
2024-02-22 06:40:00,2,1.7459999999982756,0,正常
2024-02-22 06:50:00,2,1.3740000000016153,0,正常
2024-02-22 07:00:00,2,9.449999999998909,0,正常
2024-02-22 07:10:00,2,1.542000000000371,0,正常
2024-02-22 07:20:00,2,3.545999999999367,0,正常
2024-02-22 07:30:00,2,1.860000000002401,0,正常
2024-02-22 07:40:00,2,3.9059999999990396,0,正常
2024-02-22 07:50:00,2,1.0139999999992142,0,正常
2024-02-22 08:00:00,2,4.494000000001506,0,正常
2024-02-22 08:10:00,2,5.988000000000284,0,正常
2024-02-22 08:20:00,2,6.089999999999236,0,正常
2024-02-22 08:30:00,2,1.0740000000005239,0,正常
2024-02-22 08:40:00,2,1.799999999998363,0,正常
2024-02-22 08:50:00,2,6.498000000000502,0,正常
2024-02-22 09:00:00,2,1.3619999999991705,0,正常
2024-02-22 09:10:00,2,7.043999999999869,0,正常
2024-02-22 09:20:00,2,3.2220000000015716,0,正常
2024-02-22 09:30:00,2,0.43799999999919237,0,正常
2024-02-22 09:40:00,2,9.707999999999629,0,正常
2024-02-22 09:50:00,2,0.47400000000106957,0,正常
2024-02-22 10:00:00,2,7.878000000000611,0,正常
2024-02-22 10:10:00,2,4.349999999999454,0,正常
2024-02-22 10:20:00,2,5.400000000000546,0,正常
2024-02-22 10:30:00,2,5.130000000000109,0,正常
2024-02-22 10:40:00,2,3.0359999999991487,0,正常
2024-02-22 10:50:00,2,3.486000000000786,1,关注
2024-02-22 11:00:00,2,5.309999999998581,1,关注
2024-02-22 11:10:00,2,2.0579999999990832,1,关注
2024-02-22 11:20:00,2,4.956000000000131,1,关注
2024-02-22 11:30:00,2,2.8440000000009604,1,关注
2024-02-22 11:40:00,2,2.087999999999738,1,关注
2024-02-22 11:50:00,2,1.6739999999999782,0,正常
2024-02-22 12:00:00,2,2.3159999999998035,0,正常
2024-02-22 12:10:00,2,2.0219999999999345,0,正常
2024-02-22 12:20:00,2,3.8100000000013097,0,正常
2024-02-22 12:30:00,2,0.030000000000654836,0,正常
2024-02-22 12:40:00,2,8.489999999999782,0,正常
2024-02-22 12:50:00,2,2.519999999997708,0,正常
2024-02-22 13:00:00,2,2.6760000000022046,0,正常
2024-02-22 13:10:00,2,7.547999999998865,0,正常
2024-02-22 13:20:00,2,0.11999999999989086,0,正常
2024-02-22 13:30:00,2,8.520000000000437,0,正常
2024-02-22 13:40:00,2,3.4499999999989086,0,正常
2024-02-22 13:50:00,2,2.56800000000203,0,正常
2024-02-22 14:00:00,2,2.3219999999982974,0,正常
2024-02-22 14:10:00,2,2.6700000000009823,0,正常
2024-02-22 14:20:00,2,5.6579999999985375,1,关注
2024-02-22 14:30:00,2,3.5160000000014406,1,关注
2024-02-22 14:40:00,2,5.285999999999149,1,关注
2024-02-22 14:50:00,2,3.959999999999127,1,关注
2024-02-22 15:00:00,2,4.986000000000786,1,关注
2024-02-22 15:10:00,2,3.6419999999998254,1,关注
2024-02-22 15:20:00,2,0.5100000000002183,0,正常
2024-02-22 15:30:00,2,6.761999999999716,0,正常
2024-02-22 15:40:00,2,5.580000000001746,0,正常
2024-02-22 15:50:00,2,3.425999999999476,0,正常
2024-02-22 16:00:00,2,4.109999999999673,0,正常
2024-02-22 16:10:00,2,5.207999999999629,0,正常
2024-02-22 16:20:00,2,3.425999999999476,1,关注
2024-02-22 16:30:00,2,2.8080000000018117,1,关注
2024-02-22 16:40:00,2,4.643999999999323,1,关注
2024-02-22 16:50:00,2,4.001999999999498,1,关注
2024-02-22 17:00:00,2,2.496000000001004,1,关注
2024-02-22 17:10:00,2,0.042000000000371074,0,正常
2024-02-22 17:20:00,2,4.331999999998516,0,正常
2024-02-22 17:30:00,2,3.33600000000024,0,正常
2024-02-22 17:40:00,2,8.873999999998887,0,正常
2024-02-22 17:50:00,2,4.440000000001419,0,正常
2024-02-22 18:00:00,2,0.2639999999992142,0,正常
2024-02-22 18:10:00,2,5.346000000000458,0,正常
2024-02-22 18:20:00,2,1.8299999999990177,0,正常
2024-02-22 18:30:00,2,4.494000000001506,0,正常
2024-02-22 18:40:00,2,3.719999999999345,0,正常
2024-02-22 18:50:00,2,0.40200000000004366,0,正常
2024-02-22 19:00:00,2,6.516000000001441,0,正常
2024-02-22 19:10:00,2,5.076000000000022,0,正常
2024-02-22 19:20:00,2,1.1459999999988213,0,正常
2024-02-22 19:30:00,2,2.6459999999988213,0,正常
2024-02-22 19:40:00,2,3.144000000002052,0,正常
2024-02-22 19:50:00,2,5.285999999999149,0,正常
2024-02-22 20:00:00,2,7.187999999999192,0,正常
2024-02-22 20:10:00,2,3.162000000000262,0,正常
2024-02-22 20:20:00,2,1.2900000000008731,0,正常
2024-02-22 20:30:00,2,1.5179999999982101,0,正常
2024-02-22 20:40:00,2,7.410000000000764,0,正常
2024-02-22 20:50:00,2,2.543999999999869,0,正常
2024-02-22 21:00:00,2,4.314000000000306,0,正常
2024-02-22 21:10:00,2,1.8299999999990177,0,正常
2024-02-22 21:20:00,2,7.2960000000020955,0,正常
2024-02-22 21:30:00,2,1.8779999999978827,1,关注
2024-02-22 21:40:00,2,3.8460000000004584,1,关注
2024-02-22 21:50:00,2,4.326000000000022,1,关注
2024-02-22 22:00:00,2,0.47400000000106957,0,正常
2024-02-22 22:10:00,2,2.1060000000006767,0,正常
2024-02-22 22:20:00,2,3.341999999998734,0,正常
2024-02-22 22:30:00,2,3.1380000000008295,0,正常
2024-02-22 22:40:00,2,4.601999999998952,0,正常
2024-02-22 22:50:00,2,0.1859999999996944,0,正常
2024-02-22 23:00:00,2,2.7240000000010696,0,正常
2024-02-22 23:10:00,2,0.6720000000004802,0,正常
2024-02-22 23:20:00,2,1.1520000000000437,0,正常
2024-02-22 23:30:00,2,3.425999999999476,0,正常
2024-02-22 23:40:00,2,5.376000000001113,0,正常
2024-02-22 23:50:00,2,3.131999999999607,0,正常
2024-02-23 00:00:00,2,9.449999999998909,0,正常
2024-02-23 00:10:00,2,1.4340000000001965,0,正常
2024-02-23 00:20:00,2,5.285999999999149,0,正常
2024-02-23 00:30:00,2,2.2619999999997162,0,正常
2024-02-23 00:40:00,2,3.6780000000017026,0,正常
2024-02-23 00:50:00,2,10.38000000000011,0,正常
2024-02-23 01:00:00,2,0.2639999999992142,0,正常
2024-02-23 01:10:00,2,0.32999999999901775,0,正常
2024-02-23 01:20:00,2,4.290000000000873,0,正常
2024-02-23 01:30:00,2,4.170000000000982,0,正常
2024-02-23 01:40:00,2,1.1940000000004147,0,正常
2024-02-23 01:50:00,2,3.3359999999975116,0,正常
2024-02-23 02:00:00,2,3.282000000000153,0,正常
2024-02-23 02:10:00,2,4.3860000000013315,0,正常
2024-02-23 02:20:00,2,2.910000000000764,0,正常
2024-02-23 02:30:00,2,1.9199999999982538,0,正常
2024-02-23 02:40:00,2,2.322000000001026,1,关注
2024-02-23 02:50:00,2,4.859999999999673,1,关注
2024-02-23 03:00:00,2,2.2260000000005675,1,关注
2024-02-23 03:10:00,2,3.2459999999982756,1,关注
2024-02-23 03:20:00,2,0.3960000000015498,0,正常
2024-02-23 03:30:00,2,6.221999999998843,0,正常
2024-02-23 03:40:00,2,0.9899999999997817,0,正常
2024-02-23 03:50:00,2,1.0080000000007203,0,正常
2024-02-23 04:00:00,2,4.608000000000175,0,正常
2024-02-23 04:10:00,2,7.3860000000013315,0,正常
2024-02-23 04:20:00,2,3.0239999999994325,0,正常
2024-02-23 04:30:00,2,2.1479999999983193,0,正常
2024-02-23 04:40:00,2,3.876000000001113,0,正常
2024-02-23 04:50:00,2,5.280000000000655,1,关注
2024-02-23 05:00:00,2,3.263999999999214,1,关注
2024-02-23 05:10:00,2,2.927999999998974,1,关注
2024-02-23 05:20:00,2,5.484000000001288,1,关注
2024-02-23 05:30:00,2,9.743999999998778,1,关注
2024-02-23 05:40:00,2,5.016000000001441,1,关注
2024-02-23 05:50:00,2,2.4660000000003492,1,关注
2024-02-23 06:00:00,2,4.571999999998297,1,关注
2024-02-23 06:10:00,2,1.16399999999976,0,正常
2024-02-23 06:20:00,2,3.234000000001288,0,正常
2024-02-23 06:30:00,2,3.780000000000655,0,正常
2024-02-23 06:40:00,2,1.7700000000004366,0,正常
2024-02-23 06:50:00,2,10.997999999997774,0,正常
2024-02-23 07:00:00,2,0.13800000000082946,0,正常
2024-02-23 07:10:00,2,4.2719999999999345,0,正常
2024-02-23 07:20:00,2,11.148000000001048,0,正常
2024-02-23 07:30:00,2,1.7820000000001528,0,正常
2024-02-23 07:40:00,2,1.7820000000001528,0,正常
2024-02-23 07:50:00,2,0.9780000000000655,0,正常
2024-02-23 08:00:00,2,3.887999999998101,0,正常
2024-02-23 08:10:00,2,5.454000000000633,0,正常
2024-02-23 08:20:00,2,0.3900000000003274,0,正常
2024-02-23 08:30:00,2,4.253999999998996,0,正常
2024-02-23 08:40:00,2,0.2760000000016589,0,正常
2024-02-23 08:50:00,2,8.945999999999913,0,正常
2024-02-23 09:00:00,2,2.087999999999738,0,正常
2024-02-23 09:10:00,2,3.01799999999821,0,正常
2024-02-23 09:20:00,2,3.7260000000005675,0,正常
2024-02-23 09:30:00,2,2.4780000000000655,0,正常
2024-02-23 09:40:00,2,5.040000000000873,1,关注
2024-02-23 09:50:00,2,4.302000000000589,1,关注
2024-02-23 10:00:00,2,1.1879999999991924,0,正常
2024-02-23 10:10:00,2,8.760000000000218,0,正常
2024-02-23 10:20:00,2,8.478000000000065,0,正常
2024-02-23 10:30:00,2,0.5100000000002183,0,正常
2024-02-23 10:40:00,2,5.087999999999738,0,正常
2024-02-23 10:50:00,2,2.837999999999738,0,正常
2024-02-23 11:00:00,2,0.3780000000006112,0,正常
2024-02-23 11:10:00,2,7.673999999999978,0,正常
2024-02-23 11:20:00,2,4.9320000000006985,0,正常
2024-02-23 11:30:00,2,3.755999999998494,0,正常
2024-02-23 11:40:00,2,8.285999999999149,0,正常
2024-02-23 11:50:00,2,5.160000000000764,0,正常
2024-02-23 12:00:00,2,6.528000000001157,1,关注
2024-02-23 12:10:00,2,8.219999999999345,1,关注
2024-02-23 12:20:00,2,5.675999999999476,1,关注
2024-02-23 12:30:00,2,4.170000000000982,1,关注
2024-02-23 12:40:00,2,4.152000000000044,1,关注
2024-02-23 12:50:00,2,0.8460000000004584,0,正常
2024-02-23 13:00:00,2,9.527999999998428,0,正常
2024-02-23 13:10:00,2,1.8719999999993888,0,正常
2024-02-23 13:20:00,2,4.926000000002205,0,正常
2024-02-23 13:30:00,2,2.7899999999981446,0,正常
2024-02-23 13:40:00,2,7.902000000000044,0,正常
2024-02-23 13:50:00,2,4.805999999999585,1,关注
2024-02-23 14:00:00,2,1.8960000000015498,1,关注
2024-02-23 14:10:00,2,2.8199999999987995,1,关注
2024-02-23 14:20:00,2,4.116000000000895,1,关注
2024-02-23 14:30:00,2,1.662000000000262,0,正常
2024-02-23 14:40:00,2,10.63800000000083,0,正常
2024-02-23 14:50:00,2,0.7439999999987776,0,正常
2024-02-23 15:00:00,2,3.545999999999367,0,正常
2024-02-23 15:10:00,2,11.38800000000083,0,正常
2024-02-23 15:20:00,2,4.787999999998647,0,正常
2024-02-23 15:30:00,2,8.562000000000808,0,正常
2024-02-23 15:40:00,2,6.792000000000371,0,正常
2024-02-23 15:50:00,2,2.969999999999345,1,关注
2024-02-23 16:00:00,2,3.6240000000016153,1,关注
2024-02-23 16:10:00,2,5.4780000000000655,1,关注
2024-02-23 16:20:00,2,7.277999999998428,1,关注
2024-02-23 16:30:00,2,6.869999999999891,1,关注
2024-02-23 16:40:00,2,0.9359999999996944,0,正常
2024-02-23 16:50:00,2,9.246000000001004,0,正常
2024-02-23 17:00:00,2,2.9760000000005675,0,正常
2024-02-23 17:10:00,2,7.194000000000415,0,正常
2024-02-23 17:20:00,2,4.799999999998363,0,正常
2024-02-23 17:30:00,2,3.8040000000000873,0,正常
2024-02-23 17:40:00,2,5.484000000001288,1,关注
2024-02-23 17:50:00,2,6.959999999999127,1,关注
2024-02-23 18:00:00,2,3.293999999999869,1,关注
2024-02-23 18:10:00,2,3.467999999999847,1,关注
2024-02-23 18:20:00,2,3.456000000000131,1,关注
2024-02-23 18:30:00,2,1.956000000000131,1,关注
2024-02-23 18:40:00,2,14.484000000001288,1,关注
2024-02-23 18:50:00,2,2.0219999999999345,1,关注
2024-02-23 19:00:00,2,7.65599999999904,1,关注
2024-02-23 19:10:00,2,0.9599999999991269,0,正常
2024-02-23 19:20:00,2,3.498000000000502,0,正常
2024-02-23 19:30:00,2,6.695999999999913,0,正常
2024-02-23 19:40:00,2,4.24199999999928,0,正常
2024-02-23 19:50:00,2,3.486000000000786,0,正常
2024-02-23 20:00:00,2,9.065999999999804,0,正常
2024-02-23 20:10:00,2,4.3619999999991705,1,关注
2024-02-23 20:20:00,2,4.512000000002445,1,关注
2024-02-23 20:30:00,2,1.3199999999987995,0,正常
2024-02-23 20:40:00,2,1.8000000000010914,0,正常
2024-02-23 20:50:00,2,4.691999999998188,0,正常
2024-02-23 21:00:00,2,2.3100000000013097,0,正常
2024-02-23 21:10:00,2,5.045999999999367,0,正常
2024-02-23 21:20:00,2,2.9640000000008513,0,正常
2024-02-23 21:30:00,2,2.4539999999979045,1,关注
2024-02-23 21:40:00,2,8.292000000000371,1,关注
2024-02-23 21:50:00,2,6.054000000000087,1,关注
2024-02-23 22:00:00,2,5.916000000001986,1,关注
2024-02-23 22:10:00,2,7.127999999997883,1,关注
2024-02-23 22:20:00,2,1.8479999999999563,1,关注
2024-02-23 22:30:00,2,3.6959999999999127,1,关注
2024-02-23 22:40:00,2,6.467999999999847,1,关注
2024-02-23 22:50:00,2,2.5140000000019427,1,关注
2024-02-23 23:00:00,2,3.1859999999996944,1,关注
2024-02-23 23:10:00,2,1.5180000000009386,0,正常
2024-02-23 23:20:00,2,1.9979999999977736,0,正常
2024-02-23 23:30:00,2,4.457999999999629,0,正常
2024-02-23 23:40:00,2,5.9340000000001965,0,正常
2024-02-23 23:50:00,2,4.200000000001637,0,正常
2024-02-24 00:00:00,2,2.3880000000008295,0,正常
2024-02-24 00:10:00,2,0.8039999999973588,0,正常
2024-02-24 00:20:00,2,3.1920000000009168,0,正常
2024-02-24 00:30:00,2,5.141999999999825,0,正常
2024-02-24 00:40:00,2,4.998000000000502,0,正常
2024-02-24 00:50:00,2,2.826000000000022,0,正常
2024-02-24 01:00:00,2,0.7199999999993452,0,正常
2024-02-24 01:10:00,2,3.4020000000000437,0,正常
2024-02-24 01:20:00,2,3.288000000001375,0,正常
2024-02-24 01:30:00,2,5.988000000000284,0,正常
2024-02-24 01:40:00,2,4.43999999999869,0,正常
2024-02-24 01:50:00,2,2.1840000000001965,0,正常
2024-02-24 02:00:00,2,1.5960000000004584,0,正常
2024-02-24 02:10:00,2,3.3479999999999563,0,正常
2024-02-24 02:20:00,2,4.055999999999585,0,正常
2024-02-24 02:30:00,2,4.158000000001266,0,正常
2024-02-24 02:40:00,2,2.2439999999987776,0,正常
2024-02-24 02:50:00,2,2.5200000000004366,0,正常
2024-02-24 03:00:00,2,4.356000000000677,1,关注
2024-02-24 03:10:00,2,0.43199999999797,0,正常
2024-02-24 03:20:00,2,3.630000000000109,0,正常
2024-02-24 03:30:00,2,3.8100000000013097,0,正常
2024-02-24 03:40:00,2,5.910000000000764,0,正常
2024-02-24 03:50:00,2,8.14799999999832,0,正常
2024-02-24 04:00:00,2,0.5219999999999345,0,正常
2024-02-24 04:10:00,2,0.048000000001593435,0,正常
2024-02-24 04:20:00,2,2.8079999999990832,0,正常
2024-02-24 04:30:00,2,6.839999999999236,0,正常
2024-02-24 04:40:00,2,1.0920000000014625,0,正常
2024-02-24 04:50:00,2,0.8460000000004584,0,正常
2024-02-24 05:00:00,2,6.563999999997577,0,正常
2024-02-24 05:10:00,2,4.14600000000155,0,正常
2024-02-24 05:20:00,2,0.6300000000001091,0,正常
2024-02-24 05:30:00,2,4.349999999999454,0,正常
2024-02-24 05:40:00,2,0.4679999999998472,0,正常
2024-02-24 05:50:00,2,3.1380000000008295,0,正常
2024-02-24 06:00:00,2,3.456000000000131,0,正常
2024-02-24 06:10:00,2,2.1599999999980355,0,正常
2024-02-24 06:20:00,2,3.1680000000014843,0,正常
2024-02-24 06:30:00,2,5.033999999999651,0,正常
2024-02-24 06:40:00,2,2.92200000000048,1,关注
2024-02-24 06:50:00,2,4.385999999998603,1,关注
2024-02-24 07:00:00,2,5.6820000000006985,1,关注
2024-02-24 07:10:00,2,0.44400000000041473,0,正常
2024-02-24 07:20:00,2,4.650000000000546,0,正常
2024-02-24 07:30:00,2,6.485999999998057,0,正常
2024-02-24 07:40:00,2,2.6040000000011787,0,正常
2024-02-24 07:50:00,2,2.6879999999991924,0,正常
2024-02-24 08:00:00,2,2.837999999999738,0,正常
2024-02-24 08:10:00,2,0.9000000000005457,0,正常
2024-02-24 08:20:00,2,4.158000000001266,0,正常
2024-02-24 08:30:00,2,1.427999999998974,0,正常
2024-02-24 08:40:00,2,2.957999999999629,0,正常
2024-02-24 08:50:00,2,2.3100000000013097,0,正常
2024-02-24 09:00:00,2,5.669999999998254,0,正常
2024-02-24 09:10:00,2,4.56000000000131,0,正常
2024-02-24 09:20:00,2,6.858000000000175,0,正常
2024-02-24 09:30:00,2,1.049999999998363,0,正常
2024-02-24 09:40:00,2,0.9660000000003492,0,正常
2024-02-24 09:50:00,2,5.087999999999738,0,正常
2024-02-24 10:00:00,2,0.2640000000019427,0,正常
2024-02-24 10:10:00,2,2.675999999999476,0,正常
2024-02-24 10:20:00,2,0.19799999999941065,0,正常
2024-02-24 10:30:00,2,6.972000000001572,0,正常
2024-02-24 10:40:00,2,0.5939999999982319,0,正常
2024-02-24 10:50:00,2,4.260000000000218,0,正常
2024-02-24 11:00:00,2,0.11400000000139698,0,正常
2024-02-24 11:10:00,2,3.9899999999997817,0,正常
2024-02-24 11:20:00,2,8.951999999998407,0,正常
2024-02-24 11:30:00,2,2.17200000000048,0,正常
2024-02-24 11:40:00,2,1.7099999999991269,0,正常
2024-02-24 11:50:00,2,2.850000000002183,0,正常
2024-02-24 12:00:00,2,3.3179999999993015,0,正常
2024-02-24 12:10:00,2,4.920000000000982,0,正常
2024-02-24 12:20:00,2,3.1559999999990396,0,正常
2024-02-24 12:30:00,2,0.8279999999995198,0,正常
2024-02-24 12:40:00,2,7.24199999999928,0,正常
2024-02-24 12:50:00,2,3.173999999999978,0,正常
2024-02-24 13:00:00,2,0.6060000000006767,0,正常
2024-02-24 13:10:00,2,0.9239999999999782,0,正常
2024-02-24 13:20:00,2,3.2280000000000655,0,正常
2024-02-24 13:30:00,2,6.329999999999018,0,正常
2024-02-24 13:40:00,2,2.5080000000007203,0,正常
2024-02-24 13:50:00,2,3.7380000000002838,0,正常
2024-02-24 14:00:00,2,0.3780000000006112,0,正常
2024-02-24 14:10:00,2,1.7759999999989304,0,正常
2024-02-24 14:20:00,2,1.6920000000009168,0,正常
2024-02-24 14:30:00,2,2.2680000000009386,0,正常
2024-02-24 14:40:00,2,1.0979999999999563,0,正常
2024-02-24 14:50:00,2,1.295999999999367,0,正常
2024-02-24 15:00:00,2,3.75,0,正常
2024-02-24 15:10:00,2,1.4939999999987776,0,正常
2024-02-24 15:20:00,2,4.038000000001375,0,正常
2024-02-24 15:30:00,2,0.7859999999991487,0,正常
2024-02-24 15:40:00,2,4.158000000001266,0,正常
2024-02-24 15:50:00,2,4.93199999999797,0,正常
2024-02-24 16:00:00,2,0.36600000000089494,0,正常
2024-02-24 16:10:00,2,1.4039999999995416,0,正常
2024-02-24 16:20:00,2,1.746000000001004,0,正常
2024-02-24 16:30:00,2,2.4839999999985594,0,正常
2024-02-24 16:40:00,2,0.7140000000008513,0,正常
2024-02-24 16:50:00,2,1.6260000000011132,0,正常
2024-02-24 17:00:00,2,2.513999999999214,0,正常
2024-02-24 17:10:00,2,2.6520000000000437,0,正常
2024-02-24 17:20:00,2,0.11999999999989086,0,正常
2024-02-24 17:30:00,2,4.530000000000655,0,正常
2024-02-24 17:40:00,2,0.7920000000003711,0,正常
2024-02-24 17:50:00,2,0.17999999999847205,0,正常
2024-02-24 18:00:00,2,1.5960000000004584,0,正常
2024-02-24 18:10:00,2,1.5359999999991487,0,正常
2024-02-24 18:20:00,2,4.398000000001048,0,正常
2024-02-24 18:30:00,2,0.042000000000371074,0,正常
2024-02-24 18:40:00,2,0.3539999999984502,0,正常
2024-02-24 18:50:00,2,2.8919999999998254,0,正常
2024-02-24 19:00:00,2,2.15400000000227,0,正常
2024-02-24 19:10:00,2,0.05999999999858119,0,正常
2024-02-24 19:20:00,2,3.5160000000014406,0,正常
2024-02-24 19:30:00,2,0.07799999999951979,0,正常
2024-02-24 19:40:00,2,5.68199999999797,0,正常
2024-02-24 19:50:00,2,2.454000000000633,0,正常
2024-02-24 20:00:00,2,2.2619999999997162,0,正常
2024-02-24 20:10:00,2,1.0200000000004366,0,正常
2024-02-24 20:20:00,2,1.614000000001397,0,正常
2024-02-24 20:30:00,2,3.677999999998974,0,正常
2024-02-24 20:40:00,2,0.31200000000080763,0,正常
2024-02-24 20:50:00,2,0.6059999999979482,0,正常
2024-02-24 21:00:00,2,2.538000000001375,0,正常
2024-02-24 21:10:00,2,1.3980000000010477,0,正常
2024-02-24 21:20:00,2,6.743999999998778,0,正常
2024-02-24 21:30:00,2,0.7920000000003711,0,正常
2024-02-24 21:40:00,2,1.9020000000000437,0,正常
2024-02-24 21:50:00,2,2.3460000000004584,0,正常
2024-02-24 22:00:00,2,0.40799999999853753,0,正常
2024-02-24 22:10:00,2,1.3140000000003056,0,正常
2024-02-24 22:20:00,2,2.339999999999236,0,正常
2024-02-24 22:30:00,2,0.9660000000003492,0,正常
2024-02-24 22:40:00,2,0.75,0,正常
2024-02-24 22:50:00,2,1.5180000000009386,0,正常
2024-02-24 23:00:00,2,4.572000000001026,0,正常
2024-02-24 23:10:00,2,1.1579999999985375,0,正常
2024-02-24 23:20:00,2,2.66399999999976,0,正常
2024-02-24 23:30:00,2,0.7440000000015061,0,正常
2024-02-24 23:40:00,2,1.8179999999993015,0,正常
2024-02-24 23:50:00,2,2.6579999999985375,0,正常
2024-02-25 00:00:00,2,2.0640000000003056,0,正常
2024-02-25 00:10:00,2,2.0520000000005894,0,正常
2024-02-25 00:20:00,2,0.20999999999912689,0,正常
2024-02-25 00:30:00,2,0.4500000000016371,0,正常
2024-02-25 00:40:00,2,1.6979999999994106,0,正常
2024-02-25 00:50:00,2,2.1060000000006767,0,正常
2024-02-25 01:00:00,2,2.1060000000006767,0,正常
2024-02-25 01:10:00,2,2.933999999997468,0,正常
2024-02-25 01:20:00,2,4.854000000001179,0,正常
2024-02-25 01:30:00,2,0.08400000000074215,0,正常
2024-02-25 01:40:00,2,3.3059999999995853,0,正常
2024-02-25 01:50:00,2,2.8140000000003056,0,正常
2024-02-25 02:00:00,2,2.7719999999999345,0,正常
2024-02-25 02:10:00,2,1.7160000000003492,0,正常
2024-02-25 02:20:00,2,0.38399999999910506,0,正常
2024-02-25 02:30:00,2,1.7160000000003492,0,正常
2024-02-25 02:40:00,2,1.9919999999992797,0,正常
2024-02-25 02:50:00,2,0.33000000000174623,0,正常
2024-02-25 03:00:00,2,2.309999999998581,0,正常
2024-02-25 03:10:00,2,3.0600000000013097,0,正常
2024-02-25 03:20:00,2,0.8279999999995198,0,正常
2024-02-25 03:30:00,2,0.9239999999999782,0,正常
2024-02-25 03:40:00,2,3.1139999999986685,0,正常
2024-02-25 03:50:00,2,0.2220000000015716,0,正常
2024-02-25 04:00:00,2,0.05400000000008731,0,正常
2024-02-25 04:10:00,2,1.2119999999986248,0,正常
2024-02-25 04:20:00,2,1.2600000000002183,0,正常
2024-02-25 04:30:00,2,0.9300000000012005,0,正常
2024-02-25 04:40:00,2,1.1279999999978827,0,正常
2024-02-25 04:50:00,2,2.868000000000393,0,正常
2024-02-25 05:00:00,2,2.7240000000010696,0,正常
2024-02-25 05:10:00,2,0.7859999999991487,0,正常
2024-02-25 05:20:00,2,0.4139999999997599,0,正常
2024-02-25 05:30:00,2,3.5160000000014406,0,正常
2024-02-25 05:40:00,2,1.3140000000003056,0,正常
2024-02-25 05:50:00,2,2.471999999998843,0,正常
2024-02-25 06:00:00,2,0.12600000000111322,0,正常
2024-02-25 06:10:00,2,2.7419999999992797,0,正常
2024-02-25 06:20:00,2,1.9079999999985375,0,正常
2024-02-25 06:30:00,2,0.12600000000111322,0,正常
2024-02-25 06:40:00,2,0.27599999999893043,0,正常
2024-02-25 06:50:00,2,0.5820000000012442,0,正常
2024-02-25 07:00:00,2,1.1700000000009823,0,正常
2024-02-25 07:10:00,2,1.631999999999607,0,正常
2024-02-25 07:20:00,2,0.5279999999984284,0,正常
2024-02-25 07:30:00,2,0.13800000000082946,0,正常
2024-02-25 07:40:00,2,1.6559999999990396,0,正常
2024-02-25 07:50:00,2,3.042000000000371,0,正常
2024-02-25 08:00:00,2,0.23999999999978172,0,正常
2024-02-25 08:10:00,2,1.5060000000012224,0,正常
2024-02-25 08:20:00,2,0.9780000000000655,0,正常
2024-02-25 08:30:00,2,1.4640000000008513,0,正常
2024-02-25 08:40:00,2,0.43199999999797,0,正常
2024-02-25 08:50:00,2,0.4320000000006985,0,正常
2024-02-25 09:00:00,2,0.5640000000003056,0,正常
2024-02-25 09:10:00,2,4.799999999998363,0,正常
2024-02-25 09:20:00,2,0.4500000000016371,0,正常
2024-02-25 09:30:00,2,0.75,0,正常
2024-02-25 09:40:00,2,0.6659999999992579,0,正常
2024-02-25 09:50:00,2,0.8100000000013097,0,正常
2024-02-25 10:00:00,2,1.1940000000004147,0,正常
2024-02-25 10:10:00,2,1.7639999999992142,0,正常
2024-02-25 10:20:00,2,2.2439999999987776,0,正常
2024-02-25 10:30:00,2,0.2580000000007203,0,正常
2024-02-25 10:40:00,2,1.2719999999999345,0,正常
2024-02-25 10:50:00,2,0.5579999999990832,0,正常
2024-02-25 11:00:00,2,0.7619999999997162,0,正常
2024-02-25 11:10:00,2,2.1360000000013315,0,正常
2024-02-25 11:20:00,2,0.023999999999432475,0,正常
2024-02-25 11:30:00,2,1.6199999999998909,0,正常
2024-02-25 11:40:00,2,0.8520000000016807,0,正常
2024-02-25 11:50:00,2,0.23999999999978172,0,正常
2024-02-25 12:00:00,2,1.385999999998603,0,正常
2024-02-25 12:10:00,2,0.12600000000111322,0,正常
2024-02-25 12:20:00,2,0.9479999999994106,0,正常
2024-02-25 12:30:00,2,0.05400000000008731,0,正常
2024-02-25 12:40:00,2,2.5979999999999563,0,正常
2024-02-25 12:50:00,2,0.839999999999236,0,正常
2024-02-25 13:00:00,2,0.7920000000003711,0,正常
2024-02-25 13:10:00,2,2.2260000000005675,0,正常
2024-02-25 13:20:00,2,0.32400000000052387,0,正常
2024-02-25 13:30:00,2,0.2999999999983629,0,正常
2024-02-25 13:40:00,2,0.09600000000045839,0,正常
2024-02-25 13:50:00,2,0.0,0,正常
2024-02-25 14:00:00,2,4.902000000000044,0,正常
2024-02-25 14:10:00,2,1.043999999999869,0,正常
2024-02-25 14:20:00,2,1.1520000000000437,0,正常
2024-02-25 14:30:00,2,1.9320000000006985,0,正常
2024-02-25 14:40:00,2,0.4139999999997599,0,正常
2024-02-25 14:50:00,2,2.717999999999847,0,正常
2024-02-25 15:00:00,2,0.7260000000005675,0,正常
2024-02-25 15:10:00,2,2.0339999999996508,0,正常
2024-02-25 15:20:00,2,0.1859999999996944,0,正常
2024-02-25 15:30:00,2,1.8900000000003274,0,正常
2024-02-25 15:40:00,2,1.3919999999998254,0,正常
2024-02-25 15:50:00,2,0.5999999999994543,0,正常
2024-02-25 16:00:00,2,0.40200000000004366,0,正常
2024-02-25 16:10:00,2,0.25199999999949796,0,正常
2024-02-25 16:20:00,2,1.4340000000001965,0,正常
2024-02-25 16:30:00,2,0.8340000000007421,0,正常
2024-02-25 16:40:00,2,2.190000000001419,0,正常
2024-02-25 16:50:00,2,0.22800000000006548,0,正常
2024-02-25 17:00:00,2,0.7859999999991487,0,正常
2024-02-25 17:10:00,2,0.07799999999951979,0,正常
2024-02-25 17:20:00,2,0.43799999999919237,0,正常
2024-02-25 17:30:00,2,4.626000000001113,0,正常
2024-02-25 17:40:00,2,0.5339999999996508,0,正常
2024-02-25 17:50:00,2,1.0259999999989304,0,正常
2024-02-25 18:00:00,2,1.410000000000764,0,正常
2024-02-25 18:10:00,2,1.3740000000016153,0,正常
2024-02-25 18:20:00,2,1.0259999999989304,0,正常
2024-02-25 18:30:00,2,0.27000000000043656,0,正常
2024-02-25 18:40:00,2,0.5819999999985157,0,正常
2024-02-25 18:50:00,2,0.1859999999996944,0,正常
2024-02-25 19:00:00,2,0.10200000000168075,0,正常
2024-02-25 19:10:00,2,3.7739999999994325,0,正常
2024-02-25 19:20:00,2,0.22199999999884312,0,正常
2024-02-25 19:30:00,2,1.362000000001899,0,正常
2024-02-25 19:40:00,2,1.8719999999993888,0,正常
2024-02-25 19:50:00,2,0.4860000000007858,0,正常
2024-02-25 20:00:00,2,0.6059999999979482,0,正常
2024-02-25 20:10:00,2,2.538000000001375,0,正常
2024-02-25 20:20:00,2,0.75,0,正常
2024-02-25 20:30:00,2,2.4420000000009168,0,正常
2024-02-25 20:40:00,2,1.2359999999980573,0,正常
2024-02-25 20:50:00,2,0.43800000000192085,0,正常
2024-02-25 21:00:00,2,1.2419999999992797,0,正常
2024-02-25 21:10:00,2,3.2879999999986467,0,正常
2024-02-25 21:20:00,2,0.07800000000224827,0,正常
2024-02-25 21:30:00,2,1.043999999999869,0,正常
2024-02-25 21:40:00,2,3.0119999999997162,0,正常
2024-02-25 21:50:00,2,0.6479999999983193,0,正常
2024-02-25 22:00:00,2,1.3440000000009604,0,正常
2024-02-25 22:10:00,2,4.787999999998647,0,正常
2024-02-25 22:20:00,2,1.0200000000004366,0,正常
2024-02-25 22:30:00,2,1.524000000002161,0,正常
2024-02-25 22:40:00,2,0.25799999999799184,0,正常
2024-02-25 22:50:00,2,2.957999999999629,0,正常
2024-02-25 23:00:00,2,0.6180000000003929,0,正常
2024-02-25 23:10:00,2,1.6439999999993233,0,正常
2024-02-25 23:20:00,2,0.5340000000023792,0,正常
2024-02-25 23:30:00,2,1.9259999999994761,0,正常
2024-02-25 23:40:00,2,0.5760000000000218,0,正常
2024-02-25 23:50:00,2,0.5399999999981446,0,正常
2024-02-26 00:00:00,2,0.14400000000205182,0,正常
2024-02-26 00:10:00,2,1.2719999999999345,0,正常
2024-02-26 00:20:00,2,0.03599999999914871,0,正常
2024-02-26 00:30:00,2,0.29399999999986903,0,正常
2024-02-26 00:40:00,2,1.9320000000006985,0,正常
2024-02-26 00:50:00,2,0.6959999999999127,0,正常
2024-02-26 01:00:00,2,0.23999999999978172,0,正常
2024-02-26 01:10:00,2,2.826000000000022,0,正常
2024-02-26 01:20:00,2,1.2900000000008731,0,正常
2024-02-26 01:30:00,2,0.4859999999980573,0,正常
2024-02-26 01:40:00,2,2.23200000000179,0,正常
2024-02-26 01:50:00,2,0.04799999999886495,0,正常
2024-02-26 02:00:00,2,1.457999999999629,0,正常
2024-02-26 02:10:00,2,0.3900000000003274,0,正常
2024-02-26 02:20:00,2,1.2240000000010696,0,正常
2024-02-26 02:30:00,2,0.9479999999994106,0,正常
2024-02-26 02:40:00,2,1.001999999999498,0,正常
2024-02-26 02:50:00,2,0.10200000000168075,0,正常
2024-02-26 03:00:00,2,2.2379999999975553,0,正常
2024-02-26 03:10:00,2,0.08400000000074215,0,正常
2024-02-26 03:20:00,2,1.0139999999992142,0,正常
2024-02-26 03:30:00,2,0.2220000000015716,0,正常
2024-02-26 03:40:00,2,1.1879999999991924,0,正常
2024-02-26 03:50:00,2,1.1099999999996726,0,正常
2024-02-26 04:00:00,2,0.1319999999996071,0,正常
2024-02-26 04:10:00,2,0.45600000000013097,0,正常
2024-02-26 04:20:00,2,0.2820000000001528,0,正常
2024-02-26 04:30:00,2,0.7140000000008513,0,正常
2024-02-26 04:40:00,2,0.7739999999994325,0,正常
2024-02-26 04:50:00,2,0.2640000000019427,0,正常
2024-02-26 05:00:00,2,1.2479999999977736,0,正常
2024-02-26 05:10:00,2,0.10200000000168075,0,正常
2024-02-26 05:20:00,2,1.5659999999998035,0,正常
2024-02-26 05:30:00,2,0.030000000000654836,0,正常
2024-02-26 05:40:00,2,0.12599999999838474,0,正常
2024-02-26 05:50:00,2,0.09600000000045839,0,正常
2024-02-26 06:00:00,2,0.5339999999996508,0,正常
2024-02-26 06:10:00,2,0.6060000000006767,0,正常
2024-02-26 06:20:00,2,0.011999999999716238,0,正常
2024-02-26 06:30:00,2,0.8279999999995198,0,正常
2024-02-26 06:40:00,2,0.23400000000128784,0,正常
2024-02-26 06:50:00,2,0.3900000000003274,0,正常
2024-02-26 07:00:00,2,0.0,0,正常
2024-02-26 07:10:00,2,0.3779999999978827,0,正常
2024-02-26 07:20:00,2,0.5520000000005894,0,正常
2024-02-26 07:30:00,2,1.3860000000013315,0,正常
2024-02-26 07:40:00,2,0.5219999999999345,0,正常
2024-02-26 07:50:00,2,0.23399999999855936,0,正常
2024-02-26 08:00:00,2,0.28800000000137516,0,正常
2024-02-26 08:10:00,2,0.17999999999847205,0,正常
2024-02-26 08:20:00,2,0.6300000000001091,0,正常
2024-02-26 08:30:00,2,0.864000000001397,0,正常
2024-02-26 08:40:00,2,0.44400000000041473,0,正常
2024-02-26 08:50:00,2,0.011999999999716238,0,正常
2024-02-26 09:00:00,2,0.04199999999764259,0,正常
2024-02-26 09:10:00,2,0.12000000000261934,0,正常
2024-02-26 09:20:00,2,0.8099999999985812,0,正常
2024-02-26 09:30:00,2,0.21600000000034925,0,正常
2024-02-26 09:40:00,2,0.1500000000005457,0,正常
2024-02-26 09:50:00,2,0.03599999999914871,0,正常
2024-02-26 10:00:00,2,0.38399999999910506,0,正常
2024-02-26 10:10:00,2,0.048000000001593435,0,正常
2024-02-26 10:20:00,2,0.0,0,正常
2024-02-26 10:30:00,2,0.12599999999838474,0,正常
2024-02-26 10:40:00,2,0.17399999999997817,0,正常
2024-02-26 10:50:00,2,0.21000000000185537,0,正常
2024-02-26 11:00:00,2,0.3179999999993015,0,正常
2024-02-26 11:10:00,2,0.7559999999984939,0,正常
2024-02-26 11:20:00,2,0.2820000000001528,0,正常
2024-02-26 11:30:00,2,0.10800000000017462,0,正常
2024-02-26 11:40:00,2,0.048000000001593435,0,正常
2024-02-26 11:50:00,2,0.1500000000005457,0,正常
2024-02-26 12:00:00,2,0.17999999999847205,0,正常
2024-02-26 12:10:00,2,0.19200000000091677,0,正常
2024-02-26 12:20:00,2,0.1139999999986685,0,正常
2024-02-26 12:30:00,2,0.23400000000128784,0,正常
2024-02-26 12:40:00,2,0.030000000000654836,0,正常
2024-02-26 12:50:00,2,0.10199999999895226,0,正常
2024-02-26 13:00:00,2,0.03599999999914871,0,正常
2024-02-26 13:10:00,2,0.011999999999716238,0,正常
2024-02-26 13:20:00,2,0.042000000000371074,0,正常
2024-02-26 13:30:00,2,0.006000000001222361,0,正常
2024-02-26 13:40:00,2,0.08999999999923602,0,正常
2024-02-26 13:50:00,2,0.05400000000008731,0,正常
2024-02-26 14:00:00,2,0.10800000000017462,0,正常
2024-02-26 14:10:00,2,0.08400000000074215,0,正常
2024-02-26 14:20:00,2,0.1500000000005457,0,正常
2024-02-26 14:30:00,2,0.2459999999982756,0,正常
2024-02-26 14:40:00,2,0.0,0,正常
2024-02-26 14:50:00,2,0.023999999999432475,0,正常
2024-02-26 15:00:00,2,0.3000000000010914,0,正常
2024-02-26 15:10:00,2,0.22800000000006548,0,正常
2024-02-26 15:20:00,2,0.38399999999910506,0,正常
2024-02-26 15:30:00,2,0.07799999999951979,0,正常
2024-02-26 15:40:00,2,0.07200000000102591,0,正常
2024-02-26 15:50:00,2,0.07200000000102591,0,正常
2024-02-26 16:00:00,2,0.5159999999987122,0,正常
2024-02-26 16:10:00,2,0.030000000000654836,0,正常
2024-02-26 16:20:00,2,0.11999999999989086,0,正常
2024-02-26 16:30:00,2,0.04799999999886495,0,正常
2024-02-26 16:40:00,2,0.06599999999980355,0,正常
2024-02-26 16:50:00,2,0.3780000000006112,0,正常
2024-02-26 17:00:00,2,0.0,0,正常
2024-02-26 17:10:00,2,0.042000000000371074,0,正常
2024-02-26 17:20:00,2,0.006000000001222361,0,正常
2024-02-26 17:30:00,2,0.1919999999981883,0,正常
2024-02-26 17:40:00,2,0.048000000001593435,0,正常
2024-02-26 17:50:00,2,0.19799999999941065,0,正常
2024-02-26 18:00:00,2,0.0,0,正常
2024-02-26 18:10:00,2,0.0180000000009386,0,正常
2024-02-26 18:20:00,2,0.07199999999829743,0,正常
2024-02-26 18:30:00,2,0.06599999999980355,0,正常
2024-02-26 18:40:00,2,0.0,0,正常
2024-02-26 18:50:00,2,0.006000000001222361,0,正常
2024-02-26 19:00:00,2,0.08400000000074215,0,正常
2024-02-26 19:10:00,2,0.05400000000008731,0,正常
2024-02-26 19:20:00,2,0.04199999999764259,0,正常
2024-02-26 19:30:00,2,0.02400000000216096,0,正常
2024-02-26 19:40:00,2,0.0959999999977299,0,正常
2024-02-26 19:50:00,2,0.030000000000654836,0,正常
2024-02-26 20:00:00,2,0.0,0,正常
2024-02-26 20:10:00,2,0.05400000000008731,0,正常
2024-02-26 20:20:00,2,0.042000000000371074,0,正常
2024-02-26 20:30:00,2,0.030000000000654836,0,正常
2024-02-26 20:40:00,2,0.04799999999886495,0,正常
2024-02-26 20:50:00,2,0.0,0,正常
2024-02-26 21:00:00,2,0.0,0,正常
2024-02-26 21:10:00,2,0.011999999999716238,0,正常
2024-02-26 21:20:00,2,0.011999999999716238,0,正常
2024-02-26 21:30:00,2,0.08400000000074215,0,正常
2024-02-26 21:40:00,2,0.0,0,正常
2024-02-26 21:50:00,2,0.06000000000130967,0,正常
2024-02-26 22:00:00,2,0.05400000000008731,0,正常
2024-02-26 22:10:00,2,0.05400000000008731,0,正常
2024-02-26 22:20:00,2,0.023999999999432475,0,正常
2024-02-26 22:30:00,2,0.017999999998210114,0,正常
2024-02-26 22:40:00,2,0.06000000000130967,0,正常
2024-02-26 22:50:00,2,0.0180000000009386,0,正常
2024-02-26 23:00:00,2,0.011999999999716238,0,正常
2024-02-26 23:10:00,2,0.005999999998493877,0,正常
2024-02-26 23:20:00,2,0.11999999999989086,0,正常
2024-02-26 23:30:00,2,0.06000000000130967,0,正常
2024-02-26 23:40:00,2,0.005999999998493877,0,正常
2024-02-26 23:50:00,2,0.0360000000018772,0,正常
2024-02-27 00:00:00,2,0.05400000000008731,0,正常
2024-02-27 00:10:00,2,0.023999999999432475,0,正常
2024-02-27 00:20:00,2,0.07200000000102591,0,正常
2024-02-27 00:30:00,2,0.017999999998210114,0,正常
2024-02-27 00:40:00,2,0.0,0,正常
2024-02-27 00:50:00,2,0.011999999999716238,0,正常
2024-02-27 01:00:00,2,0.011999999999716238,0,正常
2024-02-27 01:10:00,2,0.0,0,正常
2024-02-27 01:20:00,2,0.05400000000008731,0,正常
2024-02-27 01:30:00,2,0.011999999999716238,0,正常
2024-02-27 01:40:00,2,0.0180000000009386,0,正常
2024-02-27 01:50:00,2,0.030000000000654836,0,正常
2024-02-27 02:00:00,2,0.05400000000008731,0,正常
2024-02-27 02:10:00,2,0.042000000000371074,0,正常
2024-02-27 02:20:00,2,0.042000000000371074,0,正常
2024-02-27 02:30:00,2,0.06599999999980355,0,正常
2024-02-27 02:40:00,2,0.1859999999996944,0,正常
2024-02-27 02:50:00,2,0.08999999999923602,0,正常
2024-02-27 03:00:00,2,0.08999999999923602,0,正常
2024-02-27 03:10:00,2,0.0360000000018772,0,正常
2024-02-27 03:20:00,2,0.017999999998210114,0,正常
2024-02-27 03:30:00,2,0.042000000000371074,0,正常
2024-02-27 03:40:00,2,0.006000000001222361,0,正常
2024-02-27 03:50:00,2,0.029999999997926352,0,正常
2024-02-27 04:00:00,2,0.0360000000018772,0,正常
2024-02-27 04:10:00,2,0.15599999999903957,0,正常
2024-02-27 04:20:00,2,0.048000000001593435,0,正常
2024-02-27 04:30:00,2,0.04199999999764259,0,正常
2024-02-27 04:40:00,2,0.0,0,正常
2024-02-27 04:50:00,2,0.07200000000102591,0,正常
2024-02-27 05:00:00,2,0.0,0,正常
2024-02-27 05:10:00,2,0.04799999999886495,0,正常
2024-02-27 05:20:00,2,0.05400000000008731,0,正常
2024-02-27 05:30:00,2,0.012000000002444722,0,正常
2024-02-27 05:40:00,2,0.023999999999432475,0,正常
2024-02-27 05:50:00,2,0.3719999999993888,0,正常
2024-02-27 06:00:00,2,0.0,0,正常
2024-02-27 06:10:00,2,0.12600000000111322,0,正常
2024-02-27 06:20:00,2,0.08999999999923602,0,正常
2024-02-27 06:30:00,2,0.3179999999993015,0,正常
2024-02-27 06:40:00,2,0.4919999999992797,0,正常
2024-02-27 06:50:00,2,0.4679999999998472,0,正常
2024-02-27 07:00:00,2,0.8820000000023356,0,正常
2024-02-27 07:10:00,2,0.4139999999997599,0,正常
2024-02-27 07:20:00,2,0.32999999999901775,0,正常
2024-02-27 07:30:00,2,0.6419999999998254,0,正常
2024-02-27 07:40:00,2,0.19799999999941065,0,正常
2024-02-27 07:50:00,2,0.3719999999993888,0,正常
2024-02-27 08:00:00,2,0.5100000000002183,0,正常
2024-02-27 08:10:00,2,0.02400000000216096,0,正常
2024-02-27 08:20:00,2,0.1319999999996071,0,正常
2024-02-27 08:30:00,2,0.15599999999903957,0,正常
2024-02-27 08:40:00,2,0.07799999999951979,0,正常
2024-02-27 08:50:00,2,0.08400000000074215,0,正常
2024-02-27 09:00:00,2,0.1139999999986685,0,正常
2024-02-27 09:10:00,2,0.46200000000135333,0,正常
2024-02-27 09:20:00,2,0.1859999999996944,0,正常
2024-02-27 09:30:00,2,0.5879999999997381,0,正常
2024-02-27 09:40:00,2,0.07200000000102591,0,正常
2024-02-27 09:50:00,2,0.030000000000654836,0,正常
2024-02-27 10:00:00,2,0.0959999999977299,0,正常
2024-02-27 10:10:00,2,0.3900000000003274,0,正常
2024-02-27 10:20:00,2,0.3360000000002401,0,正常
2024-02-27 10:30:00,2,0.9060000000017681,0,正常
2024-02-27 10:40:00,2,0.0,0,正常
2024-02-27 10:50:00,2,0.1859999999996944,0,正常
2024-02-27 11:00:00,2,0.011999999999716238,0,正常
2024-02-27 11:10:00,2,0.1859999999996944,0,正常
2024-02-27 11:20:00,2,0.011999999999716238,0,正常
2024-02-27 11:30:00,2,0.030000000000654836,0,正常
2024-02-27 11:40:00,2,0.042000000000371074,0,正常
2024-02-27 11:50:00,2,0.08999999999923602,0,正常
2024-02-27 12:00:00,2,0.04799999999886495,0,正常
2024-02-27 12:10:00,2,0.10200000000168075,0,正常
2024-02-27 12:20:00,2,0.005999999998493877,0,正常
2024-02-27 12:30:00,2,0.09000000000196451,0,正常
2024-02-27 12:40:00,2,0.023999999999432475,0,正常
2024-02-27 12:50:00,2,0.017999999998210114,0,正常
2024-02-27 13:00:00,2,0.31800000000203,0,正常
2024-02-27 13:10:00,2,0.12599999999838474,0,正常
2024-02-27 13:20:00,2,0.06000000000130967,0,正常
2024-02-27 13:30:00,2,0.17999999999847205,0,正常
2024-02-27 13:40:00,2,0.06000000000130967,0,正常
2024-02-27 13:50:00,2,0.05999999999858119,0,正常
2024-02-27 14:00:00,2,0.042000000000371074,0,正常
2024-02-27 14:10:00,2,0.11999999999989086,0,正常
2024-02-27 14:20:00,2,0.006000000001222361,0,正常
2024-02-27 14:30:00,2,0.42599999999947613,0,正常
2024-02-27 14:40:00,2,0.0,0,正常
2024-02-27 14:50:00,2,0.10800000000017462,0,正常
2024-02-27 15:00:00,2,0.44400000000041473,0,正常
2024-02-27 15:10:00,2,0.10199999999895226,0,正常
2024-02-27 15:20:00,2,0.06000000000130967,0,正常
2024-02-27 15:30:00,2,0.05400000000008731,0,正常
2024-02-27 15:40:00,2,0.05400000000008731,0,正常
2024-02-27 15:50:00,2,0.1319999999996071,0,正常
2024-02-27 16:00:00,2,0.46199999999862484,0,正常
2024-02-27 16:10:00,2,0.0360000000018772,0,正常
2024-02-27 16:20:00,2,0.2639999999992142,0,正常
2024-02-27 16:30:00,2,0.3959999999988213,0,正常
2024-02-27 16:40:00,2,0.7980000000015934,0,正常
2024-02-27 16:50:00,2,0.1919999999981883,0,正常
2024-02-27 17:00:00,2,0.5940000000009604,0,正常
2024-02-27 17:10:00,2,0.38399999999910506,0,正常
2024-02-27 17:20:00,2,0.9600000000018554,0,正常
2024-02-27 17:30:00,2,0.1919999999981883,0,正常
2024-02-27 17:40:00,2,1.06800000000203,0,正常
2024-02-27 17:50:00,2,1.9259999999994761,0,正常
2024-02-27 18:00:00,2,0.36599999999816646,0,正常
2024-02-27 18:10:00,2,0.048000000001593435,0,正常
2024-02-27 18:20:00,2,0.15599999999903957,0,正常
2024-02-27 18:30:00,2,0.030000000000654836,0,正常
2024-02-27 18:40:00,2,0.3780000000006112,0,正常
2024-02-27 18:50:00,2,0.6959999999999127,0,正常
2024-02-27 19:00:00,2,0.07799999999951979,0,正常
2024-02-27 19:10:00,2,1.3079999999990832,0,正常
2024-02-27 19:20:00,2,0.0180000000009386,0,正常
2024-02-27 19:30:00,2,0.030000000000654836,0,正常
2024-02-27 19:40:00,2,0.3719999999993888,0,正常
2024-02-27 19:50:00,2,2.4479999999994106,0,正常
2024-02-27 20:00:00,2,0.7859999999991487,0,正常
2024-02-27 20:10:00,2,0.15600000000176806,0,正常
2024-02-27 20:20:00,2,0.7559999999984939,0,正常
2024-02-27 20:30:00,2,0.16200000000026193,0,正常
2024-02-27 20:40:00,2,0.31200000000080763,0,正常
2024-02-27 20:50:00,2,0.21600000000034925,0,正常
2024-02-27 21:00:00,2,3.486000000000786,0,正常
2024-02-27 21:10:00,2,0.7799999999979264,0,正常
2024-02-27 21:20:00,2,0.8940000000020518,0,正常
2024-02-27 21:30:00,2,0.8459999999977299,0,正常
2024-02-27 21:40:00,2,0.1680000000014843,0,正常
2024-02-27 21:50:00,2,0.6840000000001965,0,正常
2024-02-27 22:00:00,2,0.0,0,正常
2024-02-27 22:10:00,2,0.10800000000017462,0,正常
2024-02-27 22:20:00,2,0.05999999999858119,0,正常
2024-02-27 22:30:00,2,0.5879999999997381,0,正常
2024-02-27 22:40:00,2,2.7719999999999345,0,正常
2024-02-27 22:50:00,2,0.21600000000034925,0,正常
2024-02-27 23:00:00,2,0.864000000001397,0,正常
2024-02-27 23:10:00,2,0.9839999999985594,0,正常
2024-02-27 23:20:00,2,1.4940000000015061,0,正常
2024-02-27 23:30:00,2,1.0200000000004366,0,正常
2024-02-27 23:40:00,2,0.6059999999979482,0,正常
2024-02-27 23:50:00,2,0.31200000000080763,0,正常
2024-02-28 00:00:00,2,0.4499999999989086,0,正常
2024-02-28 00:10:00,2,0.2400000000025102,0,正常
2024-02-28 00:20:00,2,0.25199999999949796,0,正常
2024-02-28 00:30:00,2,0.05999999999858119,0,正常
2024-02-28 00:40:00,2,0.6419999999998254,0,正常
2024-02-28 00:50:00,2,0.9780000000000655,0,正常
2024-02-28 01:00:00,2,0.9960000000010041,0,正常
2024-02-28 01:10:00,2,0.17399999999997817,0,正常
2024-02-28 01:20:00,2,0.14399999999932334,0,正常
2024-02-28 01:30:00,2,1.8420000000014625,0,正常
2024-02-28 01:40:00,2,0.13799999999810098,0,正常
2024-02-28 01:50:00,2,0.7440000000015061,0,正常
2024-02-28 02:00:00,2,0.6419999999998254,0,正常
2024-02-28 02:10:00,2,0.5159999999987122,0,正常
2024-02-28 02:20:00,2,0.6300000000001091,0,正常
2024-02-28 02:30:00,2,1.0140000000019427,0,正常
2024-02-28 02:40:00,2,0.06599999999980355,0,正常
2024-02-28 02:50:00,2,0.10199999999895226,0,正常
2024-02-28 03:00:00,2,0.12600000000111322,0,正常
2024-02-28 03:10:00,2,1.1579999999985375,0,正常
2024-02-28 03:20:00,2,1.6500000000005457,0,正常
2024-02-28 03:30:00,2,0.7319999999990614,0,正常
2024-02-28 03:40:00,2,0.5580000000018117,0,正常
2024-02-28 03:50:00,2,0.10800000000017462,0,正常
2024-02-28 04:00:00,2,0.8279999999995198,0,正常
2024-02-28 04:10:00,2,0.6599999999980355,0,正常
2024-02-28 04:20:00,2,0.38400000000183354,0,正常
2024-02-28 04:30:00,2,0.25199999999949796,0,正常
2024-02-28 04:40:00,2,0.1859999999996944,0,正常
2024-02-28 04:50:00,2,0.3000000000010914,0,正常
2024-02-28 05:00:00,2,2.4539999999979045,0,正常
2024-02-28 05:10:00,2,0.23400000000128784,0,正常
2024-02-28 05:20:00,2,0.4139999999997599,0,正常
2024-02-28 05:30:00,2,0.22800000000006548,0,正常
2024-02-28 05:40:00,2,1.0320000000001528,0,正常
2024-02-28 05:50:00,2,0.702000000001135,0,正常
2024-02-28 06:00:00,2,3.257999999997992,0,正常
2024-02-28 06:10:00,2,0.5219999999999345,0,正常
2024-02-28 06:20:00,2,1.0140000000019427,0,正常
2024-02-28 06:30:00,2,0.011999999999716238,0,正常
2024-02-28 06:40:00,2,1.589999999999236,0,正常
2024-02-28 06:50:00,2,2.376000000001113,0,正常
2024-02-28 07:00:00,2,1.427999999998974,0,正常
2024-02-28 07:10:00,2,1.452000000001135,0,正常
2024-02-28 07:20:00,2,0.1919999999981883,0,正常
2024-02-28 07:30:00,2,1.8599999999996726,0,正常
2024-02-28 07:40:00,2,0.05400000000008731,0,正常
2024-02-28 07:50:00,2,1.320000000001528,0,正常
2024-02-28 08:00:00,2,0.023999999999432475,0,正常
2024-02-28 08:10:00,2,1.8780000000006112,0,正常
2024-02-28 08:20:00,2,0.32400000000052387,0,正常
2024-02-28 08:30:00,2,2.855999999997948,0,正常
2024-02-28 08:40:00,2,0.21600000000034925,0,正常
2024-02-28 08:50:00,2,0.9120000000002619,0,正常
2024-02-28 09:00:00,2,1.9259999999994761,0,正常
2024-02-28 09:10:00,2,0.12600000000111322,0,正常
2024-02-28 09:20:00,2,0.28799999999864667,0,正常
2024-02-28 09:30:00,2,1.776000000001659,0,正常
2024-02-28 09:40:00,2,1.2179999999998472,0,正常
2024-02-28 09:50:00,2,1.0679999999993015,0,正常
2024-02-28 10:00:00,2,1.2600000000002183,0,正常
2024-02-28 10:10:00,2,0.36600000000089494,0,正常
2024-02-28 10:20:00,2,0.05400000000008731,0,正常
2024-02-28 10:30:00,2,0.9179999999987558,0,正常
2024-02-28 10:40:00,2,1.0139999999992142,0,正常
2024-02-28 10:50:00,2,1.337999999999738,0,正常
2024-02-28 11:00:00,2,0.08400000000074215,0,正常
2024-02-28 11:10:00,2,1.793999999999869,0,正常
2024-02-28 11:20:00,2,0.2580000000007203,0,正常
2024-02-28 11:30:00,2,1.542000000000371,0,正常
2024-02-28 11:40:00,2,0.1919999999981883,0,正常
2024-02-28 11:50:00,2,1.6800000000012005,0,正常
2024-02-28 12:00:00,2,1.1099999999996726,0,正常
2024-02-28 12:10:00,2,0.3360000000002401,0,正常
2024-02-28 12:20:00,2,0.4919999999992797,0,正常
2024-02-28 12:30:00,2,0.954000000000633,0,正常
2024-02-28 12:40:00,2,0.1500000000005457,0,正常
2024-02-28 12:50:00,2,0.5999999999994543,0,正常
2024-02-28 13:00:00,2,2.1360000000013315,0,正常
2024-02-28 13:10:00,2,1.1999999999989086,0,正常
2024-02-28 13:20:00,2,0.08400000000074215,0,正常
2024-02-28 13:30:00,2,1.7280000000000655,0,正常
2024-02-28 13:40:00,2,0.4499999999989086,0,正常
2024-02-28 13:50:00,2,1.1820000000006985,0,正常
2024-02-28 14:00:00,2,1.1219999999993888,0,正常
2024-02-28 14:10:00,2,0.7800000000006548,0,正常
2024-02-28 14:20:00,2,1.2360000000007858,0,正常
2024-02-28 14:30:00,2,0.005999999998493877,0,正常
2024-02-28 14:40:00,2,0.839999999999236,0,正常
2024-02-28 14:50:00,2,0.3000000000010914,0,正常
2024-02-28 15:00:00,2,0.32400000000052387,0,正常
2024-02-28 15:10:00,2,0.5219999999999345,0,正常
2024-02-28 15:20:00,2,0.04799999999886495,0,正常
2024-02-28 15:30:00,2,1.614000000001397,0,正常
2024-02-28 15:40:00,2,0.042000000000371074,0,正常
2024-02-28 15:50:00,2,0.6659999999992579,0,正常
2024-02-28 16:00:00,2,0.44400000000041473,0,正常
2024-02-28 16:10:00,2,0.1859999999996944,0,正常
2024-02-28 16:20:00,2,0.7380000000002838,0,正常
2024-02-28 16:30:00,2,0.1319999999996071,0,正常
2024-02-28 16:40:00,2,0.2999999999983629,0,正常
2024-02-28 16:50:00,2,0.31800000000203,0,正常
2024-02-28 17:00:00,2,0.3959999999988213,0,正常
2024-02-28 17:10:00,2,1.1099999999996726,0,正常
2024-02-28 17:20:00,2,0.28800000000137516,0,正常
2024-02-28 17:30:00,2,0.32999999999901775,0,正常
2024-02-28 17:40:00,2,0.2820000000001528,0,正常
2024-02-28 17:50:00,2,0.006000000001222361,0,正常
2024-02-28 18:00:00,2,0.005999999998493877,0,正常
2024-02-28 18:10:00,2,1.0679999999993015,0,正常
2024-02-28 18:20:00,2,0.05400000000008731,0,正常
2024-02-28 18:30:00,2,0.5100000000002183,0,正常
2024-02-28 18:40:00,2,0.10800000000017462,0,正常
2024-02-28 18:50:00,2,0.13800000000082946,0,正常
2024-02-28 19:00:00,2,0.40799999999853753,0,正常
2024-02-28 19:10:00,2,0.08400000000074215,0,正常
2024-02-28 19:20:00,2,0.1319999999996071,0,正常
2024-02-28 19:30:00,2,0.570000000001528,0,正常
2024-02-28 19:40:00,2,0.005999999998493877,0,正常
2024-02-28 19:50:00,2,0.570000000001528,0,正常
2024-02-28 20:00:00,2,0.3959999999988213,0,正常
2024-02-28 20:10:00,2,0.17399999999997817,0,正常
2024-02-28 20:20:00,2,0.042000000000371074,0,正常
2024-02-28 20:30:00,2,0.11400000000139698,0,正常
2024-02-28 20:40:00,2,0.6719999999977517,0,正常
2024-02-28 20:50:00,2,0.15600000000176806,0,正常
2024-02-28 21:00:00,2,0.797999999998865,0,正常
2024-02-28 21:10:00,2,0.011999999999716238,0,正常
2024-02-28 21:20:00,2,0.07799999999951979,0,正常
2024-02-28 21:30:00,2,0.2580000000007203,0,正常
2024-02-28 21:40:00,2,0.9660000000003492,0,正常
2024-02-28 21:50:00,2,0.06599999999980355,0,正常
2024-02-28 22:00:00,2,1.5300000000006548,0,正常
2024-02-28 22:10:00,2,0.20999999999912689,0,正常
2024-02-28 22:20:00,2,0.31200000000080763,0,正常
2024-02-28 22:30:00,2,0.9179999999987558,0,正常
2024-02-28 22:40:00,2,0.29399999999986903,0,正常
2024-02-28 22:50:00,2,1.6980000000021391,0,正常
2024-02-28 23:00:00,2,0.23399999999855936,0,正常
2024-02-28 23:10:00,2,0.3780000000006112,0,正常
2024-02-28 23:20:00,2,1.3319999999985157,0,正常
2024-02-28 23:30:00,2,0.5160000000014406,0,正常
2024-02-28 23:40:00,2,0.8699999999998909,0,正常
2024-02-28 23:50:00,2,0.3360000000002401,0,正常
2024-02-29 00:00:00,2,0.31200000000080763,0,正常
2024-02-29 00:10:00,2,0.20999999999912689,0,正常
2024-02-29 00:20:00,2,0.43799999999919237,0,正常
2024-02-29 00:30:00,2,0.1500000000005457,0,正常
2024-02-29 00:40:00,2,0.1859999999996944,0,正常
2024-02-29 00:50:00,2,0.11400000000139698,0,正常
2024-02-29 01:00:00,2,1.6139999999986685,0,正常
2024-02-29 01:10:00,2,0.0180000000009386,0,正常
2024-02-29 01:20:00,2,0.3360000000002401,0,正常
2024-02-29 01:30:00,2,0.19799999999941065,0,正常
2024-02-29 01:40:00,2,1.5180000000009386,0,正常
2024-02-29 01:50:00,2,0.2819999999974243,0,正常
2024-02-29 02:00:00,2,0.030000000000654836,0,正常
2024-02-29 02:10:00,2,0.7199999999993452,0,正常
2024-02-29 02:20:00,2,0.2580000000007203,0,正常
2024-02-29 02:30:00,2,0.34200000000146247,0,正常
2024-02-29 02:40:00,2,0.4139999999997599,0,正常
2024-02-29 02:50:00,2,0.04799999999886495,0,正常
2024-02-29 03:00:00,2,0.11400000000139698,0,正常
2024-02-29 03:10:00,2,11.243999999998778,0,正常
2024-02-29 03:20:00,2,1.7639999999992142,0,正常
2024-02-29 03:30:00,2,0.012000000002444722,0,正常
2024-02-29 03:40:00,2,0.36599999999816646,0,正常
2024-02-29 03:50:00,2,3.2280000000000655,0,正常
2024-02-29 04:00:00,2,0.6060000000006767,0,正常
2024-02-29 04:10:00,2,8.226000000000568,0,正常
2024-02-29 04:20:00,2,3.1979999999994106,0,正常
2024-02-29 04:30:00,2,1.1280000000006112,0,正常
2024-02-29 04:40:00,2,1.385999999998603,0,正常
2024-02-29 04:50:00,2,3.1800000000012005,0,正常
2024-02-29 05:00:00,2,1.542000000000371,0,正常
2024-02-29 05:10:00,2,2.8499999999994543,0,正常
2024-02-29 05:20:00,2,0.839999999999236,0,正常
2024-02-29 05:30:00,2,3.660000000000764,0,正常
2024-02-29 05:40:00,2,1.0620000000008076,0,正常
2024-02-29 05:50:00,2,1.385999999998603,0,正常
2024-02-29 06:00:00,2,1.6260000000011132,0,正常
2024-02-29 06:10:00,2,1.7339999999985594,0,正常
2024-02-29 06:20:00,2,3.131999999999607,0,正常
2024-02-29 06:30:00,2,1.2540000000017244,0,正常
2024-02-29 06:40:00,2,4.206000000000131,0,正常
2024-02-29 06:50:00,2,1.1759999999994761,0,正常
2024-02-29 07:00:00,2,5.238000000000284,0,正常
2024-02-29 07:10:00,2,3.1919999999981883,0,正常
2024-02-29 07:20:00,2,0.9420000000009168,0,正常
2024-02-29 07:30:00,2,0.7380000000002838,0,正常
2024-02-29 07:40:00,2,3.1979999999994106,0,正常
2024-02-29 07:50:00,2,0.7800000000006548,0,正常
2024-02-29 08:00:00,2,4.43999999999869,0,正常
2024-02-29 08:10:00,2,0.5400000000008731,0,正常
2024-02-29 08:20:00,2,3.3179999999993015,0,正常
2024-02-29 08:30:00,2,4.014000000001943,0,正常
2024-02-29 08:40:00,2,1.3319999999985157,0,正常
2024-02-29 08:50:00,2,3.0180000000009386,0,正常
2024-02-29 09:00:00,2,1.631999999999607,0,正常
2024-02-29 09:10:00,2,0.797999999998865,0,正常
2024-02-29 09:20:00,2,1.5540000000000873,0,正常
2024-02-29 09:30:00,2,0.46200000000135333,0,正常
2024-02-29 09:40:00,2,3.6119999999991705,0,正常
2024-02-29 09:50:00,2,3.0180000000009386,0,正常
2024-02-29 10:00:00,2,2.369999999999891,0,正常
2024-02-29 10:10:00,2,1.1219999999993888,0,正常
2024-02-29 10:20:00,2,0.5940000000009604,0,正常
2024-02-29 10:30:00,2,0.47999999999956344,0,正常
2024-02-29 10:40:00,2,0.6060000000006767,0,正常
2024-02-29 10:50:00,2,1.4459999999999127,0,正常
2024-02-29 11:00:00,2,2.2859999999991487,0,正常
2024-02-29 11:10:00,2,0.07200000000102591,0,正常
2024-02-29 11:20:00,2,2.519999999997708,0,正常
2024-02-29 11:30:00,2,0.27000000000043656,0,正常
2024-02-29 11:40:00,2,0.2220000000015716,0,正常
2024-02-29 11:50:00,2,2.0999999999994543,0,正常
2024-02-29 12:00:00,2,2.957999999999629,0,正常
2024-02-29 12:10:00,2,0.10800000000017462,0,正常
2024-02-29 12:20:00,2,0.32999999999901775,0,正常
2024-02-29 12:30:00,2,0.09600000000045839,0,正常
2024-02-29 12:40:00,2,2.64600000000155,0,正常
2024-02-29 12:50:00,2,0.6179999999976644,0,正常
2024-02-29 13:00:00,2,1.5840000000007421,0,正常
2024-02-29 13:10:00,2,0.7980000000015934,0,正常
2024-02-29 13:20:00,2,0.5639999999975771,0,正常
2024-02-29 13:30:00,2,1.0620000000008076,0,正常
2024-02-29 13:40:00,2,1.9379999999991924,0,正常
2024-02-29 13:50:00,2,1.956000000000131,0,正常
2024-02-29 14:00:00,2,0.2400000000025102,0,正常
2024-02-29 14:10:00,2,0.4919999999992797,0,正常
2024-02-29 14:20:00,2,3.2160000000003492,0,正常
2024-02-29 14:30:00,2,1.4099999999980355,0,正常
2024-02-29 14:40:00,2,0.048000000001593435,0,正常
2024-02-29 14:50:00,2,2.0100000000002183,0,正常
2024-02-29 15:00:00,2,0.13799999999810098,0,正常
2024-02-29 15:10:00,2,1.5600000000013097,0,正常
2024-02-29 15:20:00,2,0.635999999998603,0,正常
2024-02-29 15:30:00,2,0.29399999999986903,0,正常
2024-02-29 15:40:00,2,0.9300000000012005,0,正常
2024-02-29 15:50:00,2,0.6480000000010477,0,正常
2024-02-29 16:00:00,2,0.023999999999432475,0,正常
2024-02-29 16:10:00,2,0.24600000000100408,0,正常
2024-02-29 16:20:00,2,0.9959999999982756,0,正常
2024-02-29 16:30:00,2,0.09600000000045839,0,正常
2024-02-29 16:40:00,2,1.0379999999986467,0,正常
2024-02-29 16:50:00,2,0.4140000000024884,0,正常
2024-02-29 17:00:00,2,1.9199999999982538,0,正常
2024-02-29 17:10:00,2,1.1940000000004147,0,正常
2024-02-29 17:20:00,2,8.304000000000087,0,正常
2024-02-29 17:30:00,2,0.19200000000091677,0,正常
2024-02-29 17:40:00,2,1.5,0,正常
2024-02-29 17:50:00,2,2.4059999999990396,0,正常
2024-02-29 18:00:00,2,2.7600000000002183,0,正常
2024-02-29 18:10:00,2,0.1319999999996071,0,正常
2024-02-29 18:20:00,2,0.34799999999995634,0,正常
2024-02-29 18:30:00,2,3.7380000000002838,0,正常
2024-02-29 18:40:00,2,1.5180000000009386,0,正常
2024-02-29 18:50:00,2,0.9599999999991269,0,正常
2024-02-29 19:00:00,2,4.001999999999498,0,正常
2024-02-29 19:10:00,2,3.131999999999607,0,正常
2024-02-29 19:20:00,2,0.9060000000017681,0,正常
2024-02-29 19:30:00,2,1.1999999999989086,0,正常
2024-02-29 19:40:00,2,2.940000000001419,0,正常
2024-02-29 19:50:00,2,2.339999999999236,0,正常
2024-02-29 20:00:00,2,0.27000000000043656,0,正常
2024-02-29 20:10:00,2,2.1479999999983193,0,正常
2024-02-29 20:20:00,2,1.1340000000018335,0,正常
2024-02-29 20:30:00,2,2.5739999999977954,0,正常
2024-02-29 20:40:00,2,0.6900000000014188,0,正常
2024-02-29 20:50:00,2,2.591999999998734,0,正常
2024-02-29 21:00:00,2,1.6920000000009168,0,正常
2024-02-29 21:10:00,2,3.618000000000393,0,正常
2024-02-29 21:20:00,2,1.6439999999993233,0,正常
2024-02-29 21:30:00,2,2.0520000000005894,0,正常
2024-02-29 21:40:00,2,0.04799999999886495,0,正常
2024-02-29 21:50:00,2,2.2380000000002838,0,正常
2024-02-29 22:00:00,2,1.542000000000371,0,正常
2024-02-29 22:10:00,2,2.3100000000013097,0,正常
2024-02-29 22:20:00,2,1.08600000000024,0,正常
2024-02-29 22:30:00,2,3.9539999999979045,0,正常
2024-02-29 22:40:00,2,1.2179999999998472,0,正常
2024-02-29 22:50:00,2,3.9420000000009168,0,正常
2024-02-29 23:00:00,2,0.17399999999997817,0,正常
2024-02-29 23:10:00,2,2.015999999998712,0,正常
2024-02-29 23:20:00,2,0.6540000000022701,0,正常
2024-02-29 23:30:00,2,0.36599999999816646,0,正常
2024-02-29 23:40:00,2,1.0979999999999563,0,正常
2024-02-29 23:50:00,2,0.7560000000012224,0,正常
2024-03-01 00:00:00,2,0.23999999999978172,0,正常
2024-03-01 00:10:00,2,0.31200000000080763,0,正常
2024-03-01 00:20:00,2,2.412000000000262,0,正常
2024-03-01 00:30:00,2,4.85399999999845,0,正常
2024-03-01 00:40:00,2,1.8420000000014625,0,正常
2024-03-01 00:50:00,2,1.1579999999985375,0,正常
2024-03-01 01:00:00,2,1.1040000000011787,0,正常
2024-03-01 01:10:00,2,2.105999999997948,0,正常
2024-03-01 01:20:00,2,1.956000000000131,0,正常
2024-03-01 01:30:00,2,0.0180000000009386,0,正常
2024-03-01 01:40:00,2,5.496000000001004,0,正常
2024-03-01 01:50:00,2,2.5559999999995853,0,正常
2024-03-01 02:00:00,2,5.760000000000218,0,正常
2024-03-01 02:10:00,2,1.6559999999990396,0,正常
2024-03-01 02:20:00,2,1.6739999999999782,0,正常
2024-03-01 02:30:00,2,2.8140000000003056,0,正常
2024-03-01 02:40:00,2,1.662000000000262,0,正常
2024-03-01 02:50:00,2,2.9640000000008513,0,正常
2024-03-01 03:00:00,2,1.2299999999995634,0,正常
2024-03-01 03:10:00,2,4.716000000000349,0,正常
2024-03-01 03:20:00,2,0.8759999999983847,0,正常
2024-03-01 03:30:00,2,3.33600000000024,0,正常
2024-03-01 03:40:00,2,2.543999999999869,0,正常
2024-03-01 03:50:00,2,4.89600000000155,0,正常
2024-03-01 04:00:00,2,4.505999999998494,0,正常
2024-03-01 04:10:00,2,0.7619999999997162,0,正常
2024-03-01 04:20:00,2,2.952000000001135,0,正常
2024-03-01 04:30:00,2,2.4059999999990396,0,正常
2024-03-01 04:40:00,2,3.3000000000010914,0,正常
2024-03-01 04:50:00,2,2.4059999999990396,0,正常
2024-03-01 05:00:00,2,1.368000000000393,0,正常
2024-03-01 05:10:00,2,4.709999999999127,0,正常
2024-03-01 05:20:00,2,3.3420000000014625,0,正常
2024-03-01 05:30:00,2,4.805999999999585,0,正常
2024-03-01 05:40:00,2,1.337999999999738,0,正常
2024-03-01 05:50:00,2,1.1219999999993888,0,正常
2024-03-01 06:00:00,2,1.7100000000018554,0,正常
2024-03-01 06:10:00,2,2.8919999999998254,0,正常
2024-03-01 06:20:00,2,3.515999999998712,0,正常
2024-03-01 06:30:00,2,3.4919999999992797,0,正常
2024-03-01 06:40:00,2,2.8919999999998254,0,正常
2024-03-01 06:50:00,2,2.5979999999999563,0,正常
2024-03-01 07:00:00,2,4.926000000002205,1,关注
2024-03-01 07:10:00,2,0.929999999998472,0,正常
2024-03-01 07:20:00,2,1.7399999999997817,0,正常
2024-03-01 07:30:00,2,1.524000000002161,0,正常
2024-03-01 07:40:00,2,1.2839999999996508,0,正常
2024-03-01 07:50:00,2,2.621999999999389,0,正常
2024-03-01 08:00:00,2,2.5799999999990177,0,正常
2024-03-01 08:10:00,2,2.1539999999995416,0,正常
2024-03-01 08:20:00,2,1.956000000000131,0,正常
2024-03-01 08:30:00,2,4.578000000002248,0,正常
2024-03-01 08:40:00,2,0.05999999999858119,0,正常
2024-03-01 08:50:00,2,2.532000000000153,0,正常
2024-03-01 09:00:00,2,0.4139999999997599,0,正常
2024-03-01 09:10:00,2,2.028000000001157,0,正常
2024-03-01 09:20:00,2,4.823999999997795,0,正常
2024-03-01 09:30:00,2,1.3500000000021828,0,正常
2024-03-01 09:40:00,2,2.6999999999989086,0,正常
2024-03-01 09:50:00,2,4.307999999999083,0,正常
2024-03-01 10:00:00,2,1.2660000000014406,0,正常
2024-03-01 10:10:00,2,2.219999999999345,0,正常
2024-03-01 10:20:00,2,2.8980000000010477,0,正常
2024-03-01 10:30:00,2,4.685999999999694,0,正常
2024-03-01 10:40:00,2,1.1400000000003274,0,正常
2024-03-01 10:50:00,2,2.8079999999990832,0,正常
2024-03-01 11:00:00,2,0.3360000000002401,0,正常
2024-03-01 11:10:00,2,3.7739999999994325,0,正常
2024-03-01 11:20:00,2,0.7199999999993452,0,正常
2024-03-01 11:30:00,2,0.8880000000008295,0,正常
2024-03-01 11:40:00,2,4.494000000001506,0,正常
2024-03-01 11:50:00,2,4.883999999999105,0,正常
2024-03-01 12:00:00,2,2.3639999999986685,0,正常
2024-03-01 12:10:00,2,0.6360000000013315,0,正常
2024-03-01 12:20:00,2,2.7719999999999345,0,正常
2024-03-01 12:30:00,2,0.27000000000043656,0,正常
2024-03-01 12:40:00,2,1.457999999999629,0,正常
2024-03-01 12:50:00,2,0.10800000000017462,0,正常
2024-03-01 13:00:00,2,1.8599999999996726,0,正常
2024-03-01 13:10:00,2,0.34799999999995634,0,正常
2024-03-01 13:20:00,2,3.2399999999997817,0,正常
2024-03-01 13:30:00,2,1.5659999999998035,0,正常
2024-03-01 13:40:00,2,1.6739999999999782,0,正常
2024-03-01 13:50:00,2,0.5999999999994543,0,正常
2024-03-01 14:00:00,2,1.2600000000002183,0,正常
2024-03-01 14:10:00,2,3.246000000001004,0,正常
2024-03-01 14:20:00,2,0.3599999999996726,0,正常
2024-03-01 14:30:00,2,0.6720000000004802,0,正常
2024-03-01 14:40:00,2,2.9760000000005675,0,正常
2024-03-01 14:50:00,2,1.0979999999999563,0,正常
2024-03-01 15:00:00,2,0.5699999999987995,0,正常
2024-03-01 15:10:00,2,2.118000000000393,0,正常
2024-03-01 15:20:00,2,0.4679999999998472,0,正常
2024-03-01 15:30:00,2,0.7199999999993452,0,正常
2024-03-01 15:40:00,2,0.38400000000183354,0,正常
2024-03-01 15:50:00,2,1.3559999999979482,0,正常
2024-03-01 16:00:00,2,2.0460000000020955,0,正常
2024-03-01 16:10:00,2,2.723999999998341,0,正常
2024-03-01 16:20:00,2,3.371999999999389,0,正常
2024-03-01 16:30:00,2,0.5580000000018117,0,正常
2024-03-01 16:40:00,2,0.12599999999838474,0,正常
2024-03-01 16:50:00,2,2.736000000000786,0,正常
2024-03-01 17:00:00,2,0.6239999999988868,0,正常
2024-03-01 17:10:00,2,0.2400000000025102,0,正常
2024-03-01 17:20:00,2,3.005999999998494,0,正常
2024-03-01 17:30:00,2,0.5160000000014406,0,正常
2024-03-01 17:40:00,2,0.1679999999987558,0,正常
2024-03-01 17:50:00,2,3.282000000000153,0,正常
2024-03-01 18:00:00,2,0.40200000000004366,0,正常
2024-03-01 18:10:00,2,0.9960000000010041,0,正常
2024-03-01 18:20:00,2,0.15599999999903957,0,正常
2024-03-01 18:30:00,2,3.3120000000008076,0,正常
2024-03-01 18:40:00,2,0.25799999999799184,0,正常
2024-03-01 18:50:00,2,0.5820000000012442,0,正常
2024-03-01 19:00:00,2,0.6659999999992579,0,正常
2024-03-01 19:10:00,2,2.280000000000655,0,正常
2024-03-01 19:20:00,2,3.3479999999999563,0,正常
2024-03-01 19:30:00,2,0.43799999999919237,0,正常
2024-03-01 19:40:00,2,0.40200000000004366,0,正常
2024-03-01 19:50:00,2,1.337999999999738,0,正常
2024-03-01 20:00:00,2,1.3919999999998254,0,正常
2024-03-01 20:10:00,2,1.3260000000000218,0,正常
2024-03-01 20:20:00,2,2.1240000000016153,0,正常
2024-03-01 20:30:00,2,0.45600000000013097,0,正常
2024-03-01 20:40:00,2,2.429999999998472,0,正常
2024-03-01 20:50:00,2,1.6199999999998909,0,正常
2024-03-01 21:00:00,2,1.0020000000022264,0,正常
2024-03-01 21:10:00,2,0.5039999999989959,0,正常
2024-03-01 21:20:00,2,2.0640000000003056,0,正常
2024-03-01 21:30:00,2,0.5579999999990832,0,正常
2024-03-01 21:40:00,2,1.08600000000024,0,正常
2024-03-01 21:50:00,2,1.3440000000009604,0,正常
2024-03-01 22:00:00,2,0.9839999999985594,0,正常
2024-03-01 22:10:00,2,1.9679999999998472,0,正常
2024-03-01 22:20:00,2,1.3260000000000218,0,正常
2024-03-01 22:30:00,2,0.5339999999996508,0,正常
2024-03-01 22:40:00,2,0.3599999999996726,0,正常
2024-03-01 22:50:00,2,3.234000000001288,0,正常
2024-03-01 23:00:00,2,0.7439999999987776,0,正常
2024-03-01 23:10:00,2,0.15600000000176806,0,正常
2024-03-01 23:20:00,2,0.23399999999855936,0,正常
2024-03-01 23:30:00,2,0.47999999999956344,0,正常
2024-03-01 23:40:00,2,0.13800000000082946,0,正常
2024-03-01 23:50:00,2,0.0180000000009386,0,正常
2024-03-02 00:00:00,2,0.5819999999985157,0,正常
2024-03-02 00:10:00,2,0.05400000000008731,0,正常
2024-03-02 00:20:00,2,0.6300000000001091,0,正常
2024-03-02 00:30:00,2,0.5760000000000218,0,正常
2024-03-02 00:40:00,2,2.2380000000002838,0,正常
2024-03-02 00:50:00,2,1.320000000001528,0,正常
2024-03-02 01:00:00,2,0.2459999999982756,0,正常
2024-03-02 01:10:00,2,0.25199999999949796,0,正常
2024-03-02 01:20:00,2,0.5040000000017244,0,正常
2024-03-02 01:30:00,2,0.6239999999988868,0,正常
2024-03-02 01:40:00,2,0.4679999999998472,0,正常
2024-03-02 01:50:00,2,0.5219999999999345,0,正常
2024-03-02 02:00:00,2,0.06599999999980355,0,正常
2024-03-02 02:10:00,2,0.25200000000222644,0,正常
2024-03-02 02:20:00,2,0.011999999999716238,0,正常
2024-03-02 02:30:00,2,0.5039999999989959,0,正常
2024-03-02 02:40:00,2,0.17399999999997817,0,正常
2024-03-02 02:50:00,2,0.07799999999951979,0,正常
2024-03-02 03:00:00,2,0.07200000000102591,0,正常
2024-03-02 03:10:00,2,0.10800000000017462,0,正常
2024-03-02 03:20:00,2,0.10800000000017462,0,正常
2024-03-02 03:30:00,2,0.3719999999993888,0,正常
2024-03-02 03:40:00,2,0.19200000000091677,0,正常
2024-03-02 03:50:00,2,0.017999999998210114,0,正常
2024-03-02 04:00:00,2,0.06599999999980355,0,正常
2024-03-02 04:10:00,2,0.1319999999996071,0,正常
2024-03-02 04:20:00,2,0.0180000000009386,0,正常
2024-03-02 04:30:00,2,0.042000000000371074,0,正常
2024-03-02 04:40:00,2,0.20999999999912689,0,正常
2024-03-02 04:50:00,2,0.10200000000168075,0,正常
2024-03-02 05:00:00,2,0.15599999999903957,0,正常
2024-03-02 05:10:00,2,0.1500000000005457,0,正常
2024-03-02 05:20:00,2,0.023999999999432475,0,正常
2024-03-02 05:30:00,2,0.43799999999919237,0,正常
2024-03-02 05:40:00,2,0.19800000000213913,0,正常
2024-03-02 05:50:00,2,0.6479999999983193,0,正常
2024-03-02 06:00:00,2,2.9340000000001965,0,正常
2024-03-02 06:10:00,2,0.1319999999996071,0,正常
2024-03-02 06:20:00,2,0.1859999999996944,0,正常
2024-03-02 06:30:00,2,0.7920000000003711,0,正常
2024-03-02 06:40:00,2,0.10800000000017462,0,正常
2024-03-02 06:50:00,2,0.10200000000168075,0,正常
2024-03-02 07:00:00,2,0.22800000000006548,0,正常
2024-03-02 07:10:00,2,0.3779999999978827,0,正常
2024-03-02 07:20:00,2,0.21600000000034925,0,正常
2024-03-02 07:30:00,2,0.011999999999716238,0,正常
2024-03-02 07:40:00,2,0.042000000000371074,0,正常
2024-03-02 07:50:00,2,0.5160000000014406,0,正常
2024-03-02 08:00:00,2,0.19799999999941065,0,正常
2024-03-02 08:10:00,2,0.0,0,正常
2024-03-02 08:20:00,2,0.17999999999847205,0,正常
2024-03-02 08:30:00,2,0.0,0,正常
2024-03-02 08:40:00,2,0.0180000000009386,0,正常
2024-03-02 08:50:00,2,0.011999999999716238,0,正常
2024-03-02 09:00:00,2,0.14399999999932334,0,正常
2024-03-02 09:10:00,2,0.0360000000018772,0,正常
2024-03-02 09:20:00,2,0.023999999999432475,0,正常
2024-03-02 09:30:00,2,0.030000000000654836,0,正常
2024-03-02 09:40:00,2,0.029999999997926352,0,正常
2024-03-02 09:50:00,2,0.0,0,正常
2024-03-02 10:00:00,2,0.02400000000216096,0,正常
2024-03-02 10:10:00,2,0.011999999999716238,0,正常
2024-03-02 10:20:00,2,0.0,0,正常
2024-03-02 10:30:00,2,0.08399999999801366,0,正常
2024-03-02 10:40:00,2,0.012000000002444722,0,正常
2024-03-02 10:50:00,2,0.04199999999764259,0,正常
2024-03-02 11:00:00,2,0.06000000000130967,0,正常
2024-03-02 11:10:00,2,0.03599999999914871,0,正常
2024-03-02 11:20:00,2,0.0,0,正常
2024-03-02 11:30:00,2,0.0,0,正常
2024-03-02 11:40:00,2,0.11999999999989086,0,正常
2024-03-02 11:50:00,2,0.09600000000045839,0,正常
2024-03-02 12:00:00,2,0.0,0,正常
2024-03-02 12:10:00,2,0.0180000000009386,0,正常
2024-03-02 12:20:00,2,0.023999999999432475,0,正常
2024-03-02 12:30:00,2,0.006000000001222361,0,正常
2024-03-02 12:40:00,2,0.017999999998210114,0,正常
2024-03-02 12:50:00,2,0.0,0,正常
2024-03-02 13:00:00,2,0.07799999999951979,0,正常
2024-03-02 13:10:00,2,0.0,0,正常
2024-03-02 13:20:00,2,0.09600000000045839,0,正常
2024-03-02 13:30:00,2,0.011999999999716238,0,正常
2024-03-02 13:40:00,2,0.10200000000168075,0,正常
2024-03-02 13:50:00,2,0.0,0,正常
2024-03-02 14:00:00,2,0.0,0,正常
2024-03-02 14:10:00,2,0.0,0,正常
2024-03-02 14:20:00,2,0.005999999998493877,0,正常
2024-03-02 14:30:00,2,0.0,0,正常
2024-03-02 14:40:00,2,0.0,0,正常
2024-03-02 14:50:00,2,0.006000000001222361,0,正常
2024-03-02 15:00:00,2,0.023999999999432475,0,正常
2024-03-02 15:10:00,2,0.0,0,正常
2024-03-02 15:20:00,2,0.0,0,正常
2024-03-02 15:30:00,2,0.03599999999914871,0,正常
2024-03-02 15:40:00,2,0.08400000000074215,0,正常
2024-03-02 15:50:00,2,0.06599999999980355,0,正常
2024-03-02 16:00:00,2,0.006000000001222361,0,正常
2024-03-02 16:10:00,2,0.1139999999986685,0,正常
2024-03-02 16:20:00,2,0.05400000000008731,0,正常
2024-03-02 16:30:00,2,0.042000000000371074,0,正常
2024-03-02 16:40:00,2,0.03599999999914871,0,正常
2024-03-02 16:50:00,2,0.0,0,正常
2024-03-02 17:00:00,2,0.0,0,正常
2024-03-02 17:10:00,2,0.006000000001222361,0,正常
2024-03-02 17:20:00,2,0.0,0,正常
2024-03-02 17:30:00,2,0.0,0,正常
2024-03-02 17:40:00,2,0.011999999999716238,0,正常
2024-03-02 17:50:00,2,0.0,0,正常
2024-03-02 18:00:00,2,-0.011999999999716238,0,正常
2024-03-02 18:10:00,2,-0.006000000001222361,0,正常
2024-03-02 18:20:00,2,0.0,0,正常
2024-03-02 18:30:00,2,0.0,0,正常
2024-03-02 18:40:00,2,0.006000000001222361,0,正常
2024-03-02 18:50:00,2,0.0,0,正常
2024-03-02 19:00:00,2,0.011999999999716238,0,正常
2024-03-02 19:10:00,2,-0.011999999999716238,0,正常
2024-03-02 19:20:00,2,0.0,0,正常
2024-03-02 19:30:00,2,0.0,0,正常
2024-03-02 19:40:00,2,0.0,0,正常
2024-03-02 19:50:00,2,0.0,0,正常
2024-03-02 20:00:00,2,-0.006000000001222361,0,正常
2024-03-02 20:10:00,2,-0.005999999998493877,0,正常
2024-03-02 20:20:00,2,-0.030000000000654836,0,正常
2024-03-02 20:30:00,2,0.0,0,正常
2024-03-02 20:40:00,2,0.0,0,正常
2024-03-02 20:50:00,2,0.030000000000654836,0,正常
2024-03-02 21:00:00,2,0.0,0,正常
2024-03-02 21:10:00,2,0.0,0,正常
2024-03-02 21:20:00,2,0.0,0,正常
2024-03-02 21:30:00,2,0.005999999998493877,0,正常
2024-03-02 21:40:00,2,0.006000000001222361,0,正常
2024-03-02 21:50:00,2,0.0,0,正常
2024-03-02 22:00:00,2,0.011999999999716238,0,正常
2024-03-02 22:10:00,2,0.0,0,正常
2024-03-02 22:20:00,2,0.006000000001222361,0,正常
2024-03-02 22:30:00,2,0.011999999999716238,0,正常
2024-03-02 22:40:00,2,0.0,0,正常
2024-03-02 22:50:00,2,0.017999999998210114,0,正常
2024-03-02 23:00:00,2,0.030000000000654836,0,正常
2024-03-02 23:10:00,2,0.06599999999980355,0,正常
2024-03-02 23:20:00,2,0.030000000000654836,0,正常
2024-03-02 23:30:00,2,0.0,0,正常
2024-03-02 23:40:00,2,0.0,0,正常
2024-03-02 23:50:00,2,0.023999999999432475,0,正常
2024-03-03 00:00:00,2,0.0,0,正常
2024-03-03 00:10:00,2,0.011999999999716238,0,正常
2024-03-03 00:20:00,2,0.0360000000018772,0,正常
2024-03-03 00:30:00,2,0.0,0,正常
2024-03-03 00:40:00,2,0.029999999997926352,0,正常
2024-03-03 00:50:00,2,0.0,0,正常
2024-03-03 01:00:00,2,0.07200000000102591,0,正常
2024-03-03 01:10:00,2,0.03599999999914871,0,正常
2024-03-03 01:20:00,2,0.0,0,正常
2024-03-03 01:30:00,2,0.0,0,正常
2024-03-03 01:40:00,2,0.042000000000371074,0,正常
2024-03-03 01:50:00,2,0.006000000001222361,0,正常
2024-03-03 02:00:00,3,0.08399999999801366,0,正常
2024-03-03 02:10:00,3,0.030000000000654836,0,正常
2024-03-03 02:20:00,3,0.0,0,正常
2024-03-03 02:30:00,3,0.042000000000371074,0,正常
2024-03-03 02:40:00,3,0.0,0,正常
2024-03-03 02:50:00,3,0.0,0,正常
2024-03-03 03:00:00,3,0.09600000000045839,0,正常
2024-03-03 03:10:00,3,0.0,0,正常
2024-03-03 03:20:00,3,0.07199999999829743,0,正常
2024-03-03 03:30:00,3,0.006000000001222361,0,正常
2024-03-03 03:40:00,3,0.0,0,正常
2024-03-03 03:50:00,3,0.0180000000009386,0,正常
2024-03-03 04:00:00,3,0.10199999999895226,0,正常
2024-03-03 04:10:00,3,0.0,0,正常
2024-03-03 04:20:00,3,0.0180000000009386,0,正常
2024-03-03 04:30:00,3,0.017999999998210114,0,正常
2024-03-03 04:40:00,3,0.07800000000224827,0,正常
2024-03-03 04:50:00,3,0.029999999997926352,0,正常
2024-03-03 05:00:00,3,0.030000000000654836,0,正常
2024-03-03 05:10:00,3,0.1680000000014843,0,正常
2024-03-03 05:20:00,3,0.03599999999914871,0,正常
2024-03-03 05:30:00,3,0.06599999999980355,0,正常
2024-03-03 05:40:00,3,0.36600000000089494,0,正常
2024-03-03 05:50:00,3,0.05999999999858119,0,正常
2024-03-03 06:00:00,3,0.5760000000000218,0,正常
2024-03-03 06:10:00,3,0.07200000000102591,0,正常
2024-03-03 06:20:00,3,0.0,0,正常
2024-03-03 06:30:00,3,5.723999999998341,0,正常
2024-03-03 06:40:00,3,6.084000000000742,0,正常
2024-03-03 06:50:00,3,16.091999999998734,0,正常
2024-03-03 07:00:00,3,4.890000000000327,0,正常
2024-03-03 07:10:00,3,5.112000000001899,0,正常
2024-03-03 07:20:00,3,8.513999999999214,1,关注
2024-03-03 07:30:00,3,9.167999999998756,1,关注
2024-03-03 07:40:00,3,11.58600000000024,1,关注
2024-03-03 07:50:00,3,10.206000000000131,1,关注
2024-03-03 08:00:00,3,14.358000000000175,1,关注
2024-03-03 08:10:00,3,2.8080000000018117,1,关注
2024-03-03 08:20:00,3,10.25999999999749,1,关注
2024-03-03 08:30:00,3,7.470000000002074,1,关注
2024-03-03 08:40:00,3,2.7359999999980573,1,关注
2024-03-03 08:50:00,3,5.244000000001506,1,关注
2024-03-03 09:00:00,3,7.074000000000524,1,关注
2024-03-03 09:10:00,3,5.981999999999061,1,关注
2024-03-03 09:20:00,3,9.660000000000764,1,关注
2024-03-03 09:30:00,3,3.162000000000262,1,关注
2024-03-03 09:40:00,3,6.125999999998385,1,关注
2024-03-03 09:50:00,3,3.786000000001877,1,关注
2024-03-03 10:00:00,3,1.8239999999977954,1,关注
2024-03-03 10:10:00,3,4.248000000000502,1,关注
2024-03-03 10:20:00,3,1.8840000000018335,1,关注
2024-03-03 10:30:00,3,4.253999999998996,1,关注
2024-03-03 10:40:00,3,0.5520000000005894,0,正常
2024-03-03 10:50:00,3,0.7859999999991487,0,正常
2024-03-03 11:00:00,3,8.873999999998887,0,正常
2024-03-03 11:10:00,3,5.334000000000742,0,正常
2024-03-03 11:20:00,3,6.4320000000006985,0,正常
2024-03-03 11:30:00,3,3.665999999999258,0,正常
2024-03-03 11:40:00,3,3.8159999999998035,0,正常
2024-03-03 11:50:00,3,10.704000000000633,1,关注
2024-03-03 12:00:00,3,7.57799999999952,1,关注
2024-03-03 12:10:00,3,2.9880000000002838,1,关注
2024-03-03 12:20:00,3,8.280000000000655,1,关注
2024-03-03 12:30:00,3,4.4340000000001965,1,关注
2024-03-03 12:40:00,3,10.253999999998996,1,关注
2024-03-03 12:50:00,3,6.402000000000044,1,关注
2024-03-03 13:00:00,3,11.028000000001157,1,关注
2024-03-03 13:10:00,3,13.133999999999105,1,关注
2024-03-03 13:20:00,3,6.054000000000087,1,关注
2024-03-03 13:30:00,3,19.476000000000568,2,警戒
2024-03-03 13:40:00,3,4.679999999998472,1,关注
2024-03-03 13:50:00,3,7.445999999999913,1,关注
2024-03-03 14:00:00,3,11.166000000001986,1,关注
2024-03-03 14:10:00,3,7.331999999998516,1,关注
2024-03-03 14:20:00,3,10.260000000000218,1,关注
2024-03-03 14:30:00,3,12.731999999999061,1,关注
2024-03-03 14:40:00,3,7.536000000001877,2,警戒
2024-03-03 14:50:00,3,12.641999999999825,2,警戒
2024-03-03 15:00:00,3,6.2280000000000655,2,警戒
2024-03-03 15:10:00,3,10.535999999999149,2,警戒
2024-03-03 15:20:00,3,10.722000000001572,2,警戒
2024-03-03 15:30:00,3,11.417999999998756,2,警戒
2024-03-03 15:40:00,3,8.459999999999127,2,警戒
2024-03-03 15:50:00,3,11.514000000001943,2,警戒
2024-03-03 16:00:00,3,7.667999999998756,2,警戒
2024-03-03 16:10:00,3,12.228000000000065,2,警戒
2024-03-03 16:20:00,3,8.694000000000415,2,警戒
2024-03-03 16:30:00,3,10.38000000000011,2,警戒
2024-03-03 16:40:00,3,18.98999999999978,2,警戒
2024-03-03 16:50:00,3,3.75,1,关注
2024-03-03 17:00:00,3,7.589999999999236,1,关注
2024-03-03 17:10:00,3,9.054000000000087,1,关注
2024-03-03 17:20:00,3,10.6800000000012,1,关注
2024-03-03 17:30:00,3,7.194000000000415,1,关注
2024-03-03 17:40:00,3,12.19799999999941,1,关注
2024-03-03 17:50:00,3,11.513999999999214,2,警戒
2024-03-03 18:00:00,3,10.170000000000982,2,警戒
2024-03-03 18:10:00,3,11.441999999998188,2,警戒
2024-03-03 18:20:00,3,9.695999999999913,2,警戒
2024-03-03 18:30:00,3,6.59400000000096,2,警戒
2024-03-03 18:40:00,3,13.26600000000144,2,警戒
2024-03-03 18:50:00,3,7.043999999999869,2,警戒
2024-03-03 19:00:00,3,11.243999999998778,2,警戒
2024-03-03 19:10:00,3,10.434000000000196,2,警戒
2024-03-03 19:20:00,3,12.167999999998756,2,警戒
2024-03-03 19:30:00,3,5.8860000000013315,2,警戒
2024-03-03 19:40:00,3,11.826000000000022,2,警戒
2024-03-03 19:50:00,3,9.648000000001048,2,警戒
2024-03-03 20:00:00,3,6.881999999999607,2,警戒
2024-03-03 20:10:00,3,12.437999999999192,2,警戒
2024-03-03 20:20:00,3,9.96600000000035,2,警戒
2024-03-03 20:30:00,3,10.10399999999845,2,警戒
2024-03-03 20:40:00,3,7.734000000001288,2,警戒
2024-03-03 20:50:00,3,11.322000000001026,2,警戒
2024-03-03 21:00:00,3,12.054000000000087,2,警戒
2024-03-03 21:10:00,3,6.359999999999673,2,警戒
2024-03-03 21:20:00,3,14.219999999999345,2,警戒
2024-03-03 21:30:00,3,10.704000000000633,2,警戒
2024-03-03 21:40:00,3,8.765999999998712,2,警戒
2024-03-03 21:50:00,3,9.0,2,警戒
2024-03-03 22:00:00,3,10.631999999999607,2,警戒
2024-03-03 22:10:00,3,9.042000000000371,2,警戒
2024-03-03 22:20:00,3,9.90599999999904,2,警戒
2024-03-03 22:30:00,3,10.416000000001986,2,警戒
2024-03-03 22:40:00,3,8.68199999999797,2,警戒
2024-03-03 22:50:00,3,8.958000000002357,2,警戒
2024-03-03 23:00:00,3,13.5,2,警戒
2024-03-03 23:10:00,3,7.355999999997948,2,警戒
2024-03-03 23:20:00,3,12.10200000000168,2,警戒
2024-03-03 23:30:00,3,10.42200000000048,2,警戒
2024-03-03 23:40:00,3,8.795999999999367,2,警戒
2024-03-03 23:50:00,3,10.890000000000327,2,警戒
2024-03-04 00:00:00,3,10.475999999997839,2,警戒
2024-03-04 00:10:00,3,8.23200000000179,2,警戒
2024-03-04 00:20:00,3,10.85399999999845,2,警戒
2024-03-04 00:30:00,3,10.494000000001506,2,警戒
2024-03-04 00:40:00,3,10.613999999998668,2,警戒
2024-03-04 00:50:00,3,11.03399999999965,2,警戒
2024-03-04 01:00:00,3,3.39600000000155,1,关注
2024-03-04 01:10:00,3,4.949999999998909,1,关注
2024-03-04 01:20:00,3,21.030000000000655,1,关注
2024-03-04 01:30:00,3,7.079999999999018,1,关注
2024-03-04 01:40:00,3,11.616000000000895,1,关注
2024-03-04 01:50:00,3,10.038000000001375,1,关注
2024-03-04 02:00:00,3,7.1579999999985375,1,关注
2024-03-04 02:10:00,3,13.062000000000808,2,警戒
2024-03-04 02:20:00,3,8.78399999999965,2,警戒
2024-03-04 02:30:00,3,11.123999999998887,2,警戒
2024-03-04 02:40:00,3,7.308000000001812,2,警戒
2024-03-04 02:50:00,3,11.459999999999127,2,警戒
2024-03-04 03:00:00,3,10.956000000000131,2,警戒
2024-03-04 03:10:00,3,8.699999999998909,2,警戒
2024-03-04 03:20:00,3,7.140000000000327,2,警戒
2024-03-04 03:30:00,3,12.702000000001135,2,警戒
2024-03-04 03:40:00,3,7.4340000000001965,2,警戒
2024-03-04 03:50:00,3,12.581999999998516,2,警戒
2024-03-04 04:00:00,3,10.631999999999607,2,警戒
2024-03-04 04:10:00,3,8.754000000001724,2,警戒
2024-03-04 04:20:00,3,13.049999999998363,2,警戒
2024-03-04 04:30:00,3,8.717999999999847,2,警戒
2024-03-04 04:40:00,3,9.828000000002248,2,警戒
2024-03-04 04:50:00,3,12.821999999998297,2,警戒
2024-03-04 05:00:00,3,5.489999999999782,2,警戒
2024-03-04 05:10:00,3,11.814000000000306,2,警戒
2024-03-04 05:20:00,3,9.156000000001768,2,警戒
2024-03-04 05:30:00,3,10.326000000000022,2,警戒
2024-03-04 05:40:00,3,11.063999999997577,2,警戒
2024-03-04 05:50:00,3,10.410000000000764,2,警戒
2024-03-04 06:00:00,3,8.92200000000048,2,警戒
2024-03-04 06:10:00,3,9.312000000000808,2,警戒
2024-03-04 06:20:00,3,12.707999999999629,2,警戒
2024-03-04 06:30:00,3,6.785999999999149,2,警戒
2024-03-04 06:40:00,3,10.062000000000808,2,警戒
2024-03-04 06:50:00,3,13.194000000000415,2,警戒
2024-03-04 07:00:00,3,16.998000000000502,2,警戒
2024-03-04 07:10:00,3,1.0139999999992142,0,正常
2024-03-04 07:20:00,3,20.15399999999954,0,正常
2024-03-04 07:30:00,3,0.8939999999993233,0,正常
2024-03-04 07:40:00,3,7.42200000000048,0,正常
2024-03-04 07:50:00,3,10.415999999999258,0,正常
2024-03-04 08:00:00,3,10.668000000001484,0,正常
2024-03-04 08:10:00,3,11.304000000000087,0,正常
2024-03-04 08:20:00,3,9.731999999999061,0,正常
2024-03-04 08:30:00,3,9.9300000000012,2,警戒
2024-03-04 08:40:00,3,9.251999999999498,2,警戒
2024-03-04 08:50:00,3,8.88000000000011,2,警戒
2024-03-04 09:00:00,3,14.591999999998734,2,警戒
2024-03-04 09:10:00,3,4.104000000001179,1,关注
2024-03-04 09:20:00,3,9.851999999998952,1,关注
2024-03-04 09:30:00,3,33.185999999999694,1,关注
2024-03-04 09:40:00,3,8.010000000000218,1,关注
2024-03-04 09:50:00,3,13.26600000000144,1,关注
2024-03-04 10:00:00,3,8.831999999998516,1,关注
2024-03-04 10:10:00,3,8.916000000001986,2,警戒
2024-03-04 10:20:00,3,10.073999999997795,2,警戒
2024-03-04 10:30:00,3,12.239999999999782,2,警戒
2024-03-04 10:40:00,3,11.202000000001135,2,警戒
2024-03-04 10:50:00,3,6.90599999999904,2,警戒
2024-03-04 11:00:00,3,18.51600000000144,2,警戒
2024-03-04 11:10:00,3,0.030000000000654836,0,正常
2024-03-04 11:20:00,3,2.801999999997861,0,正常
2024-03-04 11:30:00,3,9.408000000001266,0,正常
2024-03-04 11:40:00,3,10.57799999999952,0,正常
2024-03-04 11:50:00,3,8.136000000001332,0,正常
2024-03-04 12:00:00,3,2.723999999998341,0,正常
2024-03-04 12:10:00,3,8.393999999999323,1,关注
2024-03-04 12:20:00,3,9.636000000001332,1,关注
2024-03-04 12:30:00,3,9.576000000000022,1,关注
2024-03-04 12:40:00,3,10.907999999998538,1,关注
2024-03-04 12:50:00,3,10.320000000001528,1,关注
2024-03-04 13:00:00,3,8.778000000001157,2,警戒
2024-03-04 13:10:00,3,10.10399999999845,2,警戒
2024-03-04 13:20:00,3,9.047999999998865,2,警戒
2024-03-04 13:30:00,3,11.35200000000168,2,警戒
2024-03-04 13:40:00,3,10.799999999998363,2,警戒
2024-03-04 13:50:00,3,10.998000000000502,2,警戒
2024-03-04 14:00:00,3,9.486000000000786,2,警戒
2024-03-04 14:10:00,3,8.543999999999869,2,警戒
2024-03-04 14:20:00,3,8.219999999999345,2,警戒
2024-03-04 14:30:00,3,11.78399999999965,2,警戒
2024-03-04 14:40:00,3,11.208000000002357,2,警戒
2024-03-04 14:50:00,3,8.015999999998712,2,警戒
2024-03-04 15:00:00,3,4.043999999999869,1,关注
2024-03-04 15:10:00,3,16.69799999999941,1,关注
2024-03-04 15:20:00,3,9.63000000000011,1,关注
2024-03-04 15:30:00,3,10.326000000000022,1,关注
2024-03-04 15:40:00,3,9.85200000000168,1,关注
2024-03-04 15:50:00,3,8.777999999998428,1,关注
2024-03-04 16:00:00,3,0.8939999999993233,0,正常
2024-03-04 16:10:00,3,23.166000000001986,0,正常
2024-03-04 16:20:00,3,7.979999999999563,0,正常
2024-03-04 16:30:00,3,7.194000000000415,0,正常
2024-03-04 16:40:00,3,12.96600000000035,0,正常
2024-03-04 16:50:00,3,10.782000000000153,0,正常
2024-03-04 17:00:00,3,5.831999999998516,2,警戒
2024-03-04 17:10:00,3,14.219999999999345,2,警戒
2024-03-04 17:20:00,3,10.14600000000155,2,警戒
2024-03-04 17:30:00,3,6.7260000000005675,2,警戒
2024-03-04 17:40:00,3,12.875999999998385,2,警戒
2024-03-04 17:50:00,3,10.128000000000611,2,警戒
2024-03-04 18:00:00,3,10.457999999999629,2,警戒
2024-03-04 18:10:00,3,10.229999999999563,2,警戒
2024-03-04 18:20:00,3,8.72400000000107,2,警戒
2024-03-04 18:30:00,3,7.75800000000072,2,警戒
2024-03-04 18:40:00,3,12.515999999998712,2,警戒
2024-03-04 18:50:00,3,11.01600000000144,2,警戒
2024-03-04 19:00:00,3,8.87999999999738,2,警戒
2024-03-04 19:10:00,3,5.334000000000742,1,关注
2024-03-04 19:20:00,3,12.960000000001855,1,关注
2024-03-04 19:30:00,3,12.287999999998647,1,关注
2024-03-04 19:40:00,3,8.160000000000764,1,关注
2024-03-04 19:50:00,3,8.837999999999738,1,关注
2024-03-04 20:00:00,3,12.53399999999965,1,关注
2024-03-04 20:10:00,3,9.989999999999782,2,警戒
2024-03-04 20:20:00,3,11.064000000000306,2,警戒
2024-03-04 20:30:00,3,11.010000000000218,2,警戒
2024-03-04 20:40:00,3,5.7719999999999345,2,警戒
2024-03-04 20:50:00,3,11.400000000000546,2,警戒
2024-03-04 21:00:00,3,9.497999999997774,2,警戒
2024-03-04 21:10:00,3,21.408000000001266,2,警戒
2024-03-04 21:20:00,3,8.123999999998887,2,警戒
2024-03-04 21:30:00,3,10.332000000001244,2,警戒
2024-03-04 21:40:00,3,16.24199999999928,2,警戒
2024-03-04 21:50:00,3,15.21600000000035,2,警戒
2024-03-04 22:00:00,3,9.984000000001288,2,警戒
2024-03-04 22:10:00,3,0.2639999999992142,0,正常
2024-03-04 22:20:00,3,9.503999999998996,0,正常
2024-03-04 22:30:00,3,9.942000000000917,0,正常
2024-03-04 22:40:00,3,8.84400000000096,0,正常
2024-03-04 22:50:00,3,11.25,0,正常
2024-03-04 23:00:00,3,9.31199999999808,0,正常
2024-03-04 23:10:00,3,10.97400000000107,2,警戒
2024-03-04 23:20:00,3,10.5,2,警戒
2024-03-04 23:30:00,3,8.393999999999323,2,警戒
2024-03-04 23:40:00,3,9.989999999999782,2,警戒
2024-03-04 23:50:00,3,8.64600000000155,2,警戒
2024-03-05 00:00:00,3,10.763999999999214,2,警戒
2024-03-05 00:10:00,3,6.0239999999994325,2,警戒
2024-03-05 00:20:00,3,4.104000000001179,1,关注
2024-03-05 00:30:00,3,12.887999999998101,1,关注
2024-03-05 00:40:00,3,9.186000000002423,1,关注
2024-03-05 00:50:00,3,10.847999999999956,1,关注
2024-03-05 01:00:00,3,5.753999999998996,1,关注
2024-03-05 01:10:00,3,12.834000000000742,1,关注
2024-03-05 01:20:00,3,9.257999999997992,2,警戒
2024-03-05 01:30:00,3,10.69800000000214,2,警戒
2024-03-05 01:40:00,3,9.239999999999782,2,警戒
2024-03-05 01:50:00,3,10.554000000000087,2,警戒
2024-03-05 02:00:00,3,10.391999999999825,2,警戒
2024-03-05 02:10:00,3,7.559999999998581,2,警戒
2024-03-05 02:20:00,3,12.072000000001026,2,警戒
2024-03-05 02:30:00,3,8.219999999999345,2,警戒
2024-03-05 02:40:00,3,10.739999999999782,2,警戒
2024-03-05 02:50:00,3,8.634000000001834,2,警戒
2024-03-05 03:00:00,3,0.19799999999941065,0,正常
2024-03-05 03:10:00,3,22.337999999999738,0,正常
2024-03-05 03:20:00,3,9.299999999998363,0,正常
2024-03-05 03:30:00,3,14.070000000001528,0,正常
2024-03-05 03:40:00,3,5.304000000000087,0,正常
2024-03-05 03:50:00,3,10.728000000000065,0,正常
2024-03-05 04:00:00,3,12.263999999999214,1,关注
2024-03-05 04:10:00,3,8.202000000001135,1,关注
2024-03-05 04:20:00,3,9.846000000000458,1,关注
2024-03-05 04:30:00,3,9.82799999999952,1,关注
2024-03-05 04:40:00,3,9.228000000000065,2,警戒
2024-03-05 04:50:00,3,9.083999999998014,2,警戒
2024-03-05 05:00:00,3,12.347999999999956,2,警戒
2024-03-05 05:10:00,3,8.72400000000107,2,警戒
2024-03-05 05:20:00,3,9.731999999999061,2,警戒
2024-03-05 05:30:00,3,9.06000000000131,2,警戒
2024-03-05 05:40:00,3,10.331999999998516,2,警戒
2024-03-05 05:50:00,3,12.372000000002117,2,警戒
2024-03-05 06:00:00,3,7.937999999999192,2,警戒
2024-03-05 06:10:00,3,9.63000000000011,2,警戒
2024-03-05 06:20:00,3,11.74199999999928,2,警戒
2024-03-05 06:30:00,3,9.641999999999825,2,警戒
2024-03-05 06:40:00,3,11.010000000000218,2,警戒
2024-03-05 06:50:00,3,6.966000000000349,2,警戒
2024-03-05 07:00:00,3,11.778000000001157,2,警戒
2024-03-05 07:10:00,3,11.627999999997883,2,警戒
2024-03-05 07:20:00,3,8.322000000001026,2,警戒
2024-03-05 07:30:00,3,8.38800000000083,2,警戒
2024-03-05 07:40:00,3,8.86199999999917,2,警戒
2024-03-05 07:50:00,3,5.442000000000917,2,警戒
2024-03-05 08:00:00,3,14.988000000000284,2,警戒
2024-03-05 08:10:00,3,10.43999999999869,2,警戒
2024-03-05 08:20:00,3,11.46600000000035,2,警戒
2024-03-05 08:30:00,3,11.670000000000982,2,警戒
2024-03-05 08:40:00,3,7.93199999999797,2,警戒
2024-03-05 08:50:00,3,11.976000000000568,2,警戒
2024-03-05 09:00:00,3,8.50800000000072,2,警戒
2024-03-05 09:10:00,3,10.71600000000035,2,警戒
2024-03-05 09:20:00,3,7.77599999999893,2,警戒
2024-03-05 09:30:00,3,20.86199999999917,2,警戒
2024-03-05 09:40:00,3,2.688000000001921,1,关注
2024-03-05 09:50:00,3,7.02599999999893,1,关注
2024-03-05 10:00:00,3,10.481999999999061,1,关注
2024-03-05 10:10:00,3,12.150000000000546,1,关注
2024-03-05 10:20:00,3,8.80200000000059,1,关注
2024-03-05 10:30:00,3,8.285999999999149,1,关注
2024-03-05 10:40:00,3,12.587999999999738,2,警戒
2024-03-05 10:50:00,3,10.050000000001091,2,警戒
2024-03-05 11:00:00,3,9.599999999999454,2,警戒
2024-03-05 11:10:00,3,10.290000000000873,2,警戒
2024-03-05 11:20:00,3,8.304000000000087,2,警戒
2024-03-05 11:30:00,3,10.949999999998909,2,警戒
2024-03-05 11:40:00,3,18.01800000000094,2,警戒
2024-03-05 11:50:00,3,12.82799999999952,2,警戒
2024-03-05 12:00:00,3,0.5280000000011569,0,正常
2024-03-05 12:10:00,3,8.273999999999432,0,正常
2024-03-05 12:20:00,3,10.75800000000072,0,正常
2024-03-05 12:30:00,3,8.309999999998581,0,正常
2024-03-05 12:40:00,3,10.668000000001484,0,正常
2024-03-05 12:50:00,3,10.535999999999149,0,正常
2024-03-05 13:00:00,3,10.043999999999869,2,警戒
2024-03-05 13:10:00,3,7.967999999999847,2,警戒
2024-03-05 13:20:00,3,1.91399999999976,1,关注
2024-03-05 13:30:00,3,20.028000000001157,1,关注
2024-03-05 13:40:00,3,9.719999999999345,1,关注
2024-03-05 13:50:00,3,10.001999999999498,1,关注
2024-03-05 14:00:00,3,8.807999999999083,1,关注
2024-03-05 14:10:00,3,10.308000000001812,1,关注
2024-03-05 14:20:00,3,10.637999999998101,2,警戒
2024-03-05 14:30:00,3,9.942000000000917,2,警戒
2024-03-05 14:40:00,3,11.106000000000677,2,警戒
2024-03-05 14:50:00,3,8.322000000001026,2,警戒
2024-03-05 15:00:00,3,10.085999999997512,2,警戒
2024-03-05 15:10:00,3,12.065999999999804,2,警戒
2024-03-05 15:20:00,3,9.19800000000214,2,警戒
2024-03-05 15:30:00,3,6.3659999999981665,2,警戒
2024-03-05 15:40:00,3,12.0,2,警戒
2024-03-05 15:50:00,3,13.470000000002074,2,警戒
2024-03-05 16:00:00,3,7.769999999997708,2,警戒
2024-03-05 16:10:00,3,9.306000000002314,2,警戒
2024-03-05 16:20:00,3,11.495999999998276,2,警戒
2024-03-05 16:30:00,3,8.634000000001834,2,警戒
2024-03-05 16:40:00,3,11.46599999999762,2,警戒
2024-03-05 16:50:00,3,8.13000000000011,2,警戒
2024-03-05 17:00:00,3,12.55200000000059,2,警戒
2024-03-05 17:10:00,3,9.49199999999928,2,警戒
2024-03-05 17:20:00,3,10.032000000000153,2,警戒
2024-03-05 17:30:00,3,8.84400000000096,2,警戒
2024-03-05 17:40:00,3,10.140000000000327,2,警戒
2024-03-05 17:50:00,3,10.847999999999956,2,警戒
2024-03-05 18:00:00,3,7.716000000000349,2,警戒
2024-03-05 18:10:00,3,11.849999999999454,2,警戒
2024-03-05 18:20:00,3,8.148000000001048,2,警戒
2024-03-05 18:30:00,3,10.355999999997948,2,警戒
2024-03-05 18:40:00,3,9.456000000000131,2,警戒
2024-03-05 18:50:00,3,12.246000000001004,2,警戒
2024-03-05 19:00:00,3,9.101999999998952,2,警戒
2024-03-05 19:10:00,3,10.590000000001965,2,警戒
2024-03-05 19:20:00,3,8.26799999999821,2,警戒
2024-03-05 19:30:00,3,9.678000000001703,2,警戒
2024-03-05 19:40:00,3,13.631999999999607,2,警戒
2024-03-05 19:50:00,3,7.571999999998297,2,警戒
2024-03-05 20:00:00,3,10.734000000001288,2,警戒
2024-03-05 20:10:00,3,12.21600000000035,2,警戒
2024-03-05 20:20:00,3,6.780000000000655,2,警戒
2024-03-05 20:30:00,3,12.863999999998668,2,警戒
2024-03-05 20:40:00,3,7.5659999999998035,2,警戒
2024-03-05 20:50:00,3,10.295999999999367,2,警戒
2024-03-05 21:00:00,3,8.50800000000072,2,警戒
2024-03-05 21:10:00,3,9.462000000001353,2,警戒
2024-03-05 21:20:00,3,11.195999999999913,2,警戒
2024-03-05 21:30:00,3,10.523999999999432,2,警戒
2024-03-05 21:40:00,3,11.412000000000262,2,警戒
2024-03-05 21:50:00,3,9.809999999998581,2,警戒
2024-03-05 22:00:00,3,10.572000000001026,3,危险
2024-03-05 22:10:00,3,7.356000000000677,2,警戒
2024-03-05 22:20:00,3,10.997999999997774,2,警戒
2024-03-05 22:30:00,3,12.10200000000168,2,警戒
2024-03-05 22:40:00,3,9.084000000000742,2,警戒
2024-03-05 22:50:00,3,10.523999999999432,2,警戒
2024-03-05 23:00:00,3,9.881999999999607,2,警戒
2024-03-05 23:10:00,3,9.68999999999869,2,警戒
2024-03-05 23:20:00,3,8.46600000000035,2,警戒
2024-03-05 23:30:00,3,11.771999999999935,2,警戒
2024-03-05 23:40:00,3,8.394000000002052,2,警戒
2024-03-05 23:50:00,3,11.333999999998014,2,警戒
2024-03-06 00:00:00,3,7.979999999999563,2,警戒
2024-03-06 00:10:00,3,9.67200000000048,2,警戒
2024-03-06 00:20:00,3,12.972000000001572,2,警戒
2024-03-06 00:30:00,3,7.770000000000437,2,警戒
2024-03-06 00:40:00,3,21.576000000000022,2,警戒
2024-03-06 00:50:00,3,1.091999999998734,0,正常
2024-03-06 01:00:00,3,3.4200000000009823,0,正常
2024-03-06 01:10:00,3,15.245999999998276,0,正常
2024-03-06 01:20:00,3,11.13000000000011,0,正常
2024-03-06 01:30:00,3,6.0,0,正常
2024-03-06 01:40:00,3,12.408000000001266,0,正常
2024-03-06 01:50:00,3,11.615999999998166,1,关注
2024-03-06 02:00:00,3,9.882000000002336,2,警戒
2024-03-06 02:10:00,3,8.44799999999941,2,警戒
2024-03-06 02:20:00,3,10.211999999998625,2,警戒
2024-03-06 02:30:00,3,7.206000000000131,2,警戒
2024-03-06 02:40:00,3,11.178000000001703,2,警戒
2024-03-06 02:50:00,3,11.826000000000022,2,警戒
2024-03-06 03:00:00,3,9.101999999998952,2,警戒
2024-03-06 03:10:00,3,8.952000000001135,2,警戒
2024-03-06 03:20:00,3,11.652000000000044,2,警戒
2024-03-06 03:30:00,3,9.49199999999928,2,警戒
2024-03-06 03:40:00,3,10.505999999998494,2,警戒
2024-03-06 03:50:00,3,9.942000000000917,2,警戒
2024-03-06 04:00:00,3,8.927999999998974,2,警戒
2024-03-06 04:10:00,3,8.814000000000306,2,警戒
2024-03-06 04:20:00,3,13.61999999999989,2,警戒
2024-03-06 04:30:00,3,7.673999999999978,2,警戒
2024-03-06 04:40:00,3,8.640000000000327,2,警戒
2024-03-06 04:50:00,3,22.38600000000133,2,警戒
2024-03-06 05:00:00,3,11.435999999999694,2,警戒
2024-03-06 05:10:00,3,7.170000000000982,2,警戒
2024-03-06 05:20:00,3,7.93199999999797,2,警戒
2024-03-06 05:30:00,3,3.73200000000179,1,关注
2024-03-06 05:40:00,3,16.8899999999976,1,关注
2024-03-06 05:50:00,3,2.334000000000742,1,关注
2024-03-06 06:00:00,3,9.786000000001877,1,关注
2024-03-06 06:10:00,3,11.225999999997839,1,关注
2024-03-06 06:20:00,3,8.207999999999629,1,关注
2024-03-06 06:30:00,3,12.048000000001593,1,关注
2024-03-06 06:40:00,3,10.613999999998668,1,关注
2024-03-06 06:50:00,3,10.032000000000153,2,警戒
2024-03-06 07:00:00,3,9.900000000000546,2,警戒
2024-03-06 07:10:00,3,6.695999999999913,2,警戒
2024-03-06 07:20:00,3,10.206000000000131,2,警戒
2024-03-06 07:30:00,3,8.891999999999825,2,警戒
2024-03-06 07:40:00,3,11.670000000000982,2,警戒
2024-03-06 07:50:00,3,11.723999999998341,2,警戒
2024-03-06 08:00:00,3,4.458000000002357,1,关注
2024-03-06 08:10:00,3,15.185999999999694,1,关注
2024-03-06 08:20:00,3,9.137999999998101,1,关注
2024-03-06 08:30:00,3,10.043999999999869,1,关注
2024-03-06 08:40:00,3,11.35200000000168,1,关注
2024-03-06 08:50:00,3,7.571999999998297,1,关注
2024-03-06 09:00:00,3,4.956000000000131,1,关注
2024-03-06 09:10:00,3,16.398000000001048,1,关注
2024-03-06 09:20:00,3,10.57799999999952,1,关注
2024-03-06 09:30:00,3,6.82799999999952,1,关注
2024-03-06 09:40:00,3,12.954000000000633,1,关注
2024-03-06 09:50:00,3,9.065999999999804,1,关注
2024-03-06 10:00:00,3,9.954000000000633,2,警戒
2024-03-06 10:10:00,3,11.346000000000458,2,警戒
2024-03-06 10:20:00,3,7.380000000000109,2,警戒
2024-03-06 10:30:00,3,12.989999999999782,2,警戒
2024-03-06 10:40:00,3,8.945999999999913,2,警戒
2024-03-06 10:50:00,3,8.32799999999952,2,警戒
2024-03-06 11:00:00,3,12.576000000000022,2,警戒
2024-03-06 11:10:00,3,10.097999999999956,2,警戒
2024-03-06 11:20:00,3,8.17200000000048,2,警戒
2024-03-06 11:30:00,3,10.457999999999629,2,警戒
2024-03-06 11:40:00,3,10.104000000001179,2,警戒
2024-03-06 11:50:00,3,9.281999999997424,2,警戒
2024-03-06 12:00:00,3,9.288000000001375,2,警戒
2024-03-06 12:10:00,3,11.454000000000633,2,警戒
2024-03-06 12:20:00,3,10.30200000000059,3,危险
2024-03-06 12:30:00,3,10.133999999999105,3,危险
2024-03-06 12:40:00,3,10.613999999998668,3,危险
2024-03-06 12:50:00,3,9.570000000001528,3,危险
2024-03-06 13:00:00,3,10.596000000000458,3,危险
2024-03-06 13:10:00,3,9.497999999997774,3,危险
2024-03-06 13:20:00,3,8.580000000001746,2,警戒
2024-03-06 13:30:00,3,10.679999999998472,2,警戒
2024-03-06 13:40:00,3,9.86999999999989,2,警戒
2024-03-06 13:50:00,3,20.730000000002292,2,警戒
2024-03-06 14:00:00,3,0.15599999999903957,0,正常
2024-03-06 14:10:00,3,8.05200000000059,0,正常
2024-03-06 14:20:00,3,11.393999999999323,0,正常
2024-03-06 14:30:00,3,10.589999999999236,0,正常
2024-03-06 14:40:00,3,8.219999999999345,0,正常
2024-03-06 14:50:00,3,13.206000000000131,0,正常
2024-03-06 15:00:00,3,8.340000000001965,2,警戒
2024-03-06 15:10:00,3,11.118000000000393,2,警戒
2024-03-06 15:20:00,3,8.981999999999061,2,警戒
2024-03-06 15:30:00,3,7.385999999998603,2,警戒
2024-03-06 15:40:00,3,11.934000000000196,2,警戒
2024-03-06 15:50:00,3,8.72400000000107,2,警戒
2024-03-06 16:00:00,3,9.653999999999542,2,警戒
2024-03-06 16:10:00,3,11.346000000000458,2,警戒
2024-03-06 16:20:00,3,10.847999999999956,2,警戒
2024-03-06 16:30:00,3,9.425999999999476,2,警戒
2024-03-06 16:40:00,3,9.114000000001397,2,警戒
2024-03-06 16:50:00,3,9.665999999999258,2,警戒
2024-03-06 17:00:00,3,11.58600000000024,2,警戒
2024-03-06 17:10:00,3,10.067999999999302,2,警戒
2024-03-06 17:20:00,3,8.86199999999917,2,警戒
2024-03-06 17:30:00,3,12.444000000000415,2,警戒
2024-03-06 17:40:00,3,10.788000000001375,2,警戒
2024-03-06 17:50:00,3,9.893999999999323,2,警戒
2024-03-06 18:00:00,3,7.824000000000524,2,警戒
2024-03-06 18:10:00,3,10.295999999999367,2,警戒
2024-03-06 18:20:00,3,7.878000000000611,2,警戒
2024-03-06 18:30:00,3,12.98399999999856,2,警戒
2024-03-06 18:40:00,3,10.278000000001157,2,警戒
2024-03-06 18:50:00,3,5.8619999999991705,2,警戒
2024-03-06 19:00:00,3,15.084000000000742,2,警戒
2024-03-06 19:10:00,3,8.123999999998887,2,警戒
2024-03-06 19:20:00,3,8.064000000000306,2,警戒
2024-03-06 19:30:00,3,11.74199999999928,2,警戒
2024-03-06 19:40:00,3,10.644000000002052,2,警戒
2024-03-06 19:50:00,3,9.341999999998734,2,警戒
2024-03-06 20:00:00,3,12.11999999999989,2,警戒
2024-03-06 20:10:00,3,8.604000000001179,2,警戒
2024-03-06 20:20:00,3,11.118000000000393,2,警戒
2024-03-06 20:30:00,3,7.415999999999258,2,警戒
2024-03-06 20:40:00,3,9.150000000000546,2,警戒
2024-03-06 20:50:00,3,13.739999999999782,2,警戒
2024-03-06 21:00:00,3,6.6840000000001965,2,警戒
2024-03-06 21:10:00,3,12.833999999998014,2,警戒
2024-03-06 21:20:00,3,8.148000000001048,2,警戒
2024-03-06 21:30:00,3,7.152000000000044,2,警戒
2024-03-06 21:40:00,3,6.962999999999738,2,警戒
2024-03-06 21:50:00,3,6.962999999999738,2,警戒
2024-03-06 22:00:00,3,4.709999999999127,1,关注
2024-03-06 22:10:00,3,4.710000000001855,1,关注
2024-03-06 22:20:00,3,5.060999999999694,1,关注
2024-03-06 22:30:00,3,5.060999999999694,1,关注
2024-03-06 22:40:00,3,3.7319999999990614,1,关注
2024-03-06 22:50:00,3,3.73200000000179,1,关注
2024-03-06 23:00:00,3,6.176999999997861,1,关注
2024-03-06 23:10:00,3,6.177000000000589,1,关注
2024-03-06 23:20:00,3,4.829999999999018,1,关注
2024-03-06 23:30:00,3,4.830000000001746,1,关注
2024-03-06 23:40:00,3,4.412999999998647,1,关注
2024-03-06 23:50:00,3,4.413000000001375,1,关注
2024-03-07 00:00:00,3,5.354999999999563,1,关注
2024-03-07 00:10:00,3,5.354999999999563,1,关注
2024-03-07 00:20:00,3,4.608000000000175,1,关注
2024-03-07 00:30:00,3,4.608000000000175,1,关注
2024-03-07 00:40:00,3,5.385000000000218,1,关注
2024-03-07 00:50:00,3,5.385000000000218,1,关注
2024-03-07 01:00:00,3,4.755000000000109,1,关注
2024-03-07 01:10:00,3,4.755000000000109,1,关注
2024-03-07 01:20:00,3,5.19300000000203,1,关注
2024-03-07 01:30:00,3,5.1929999999993015,1,关注
2024-03-07 01:40:00,3,5.229000000001179,1,关注
2024-03-07 01:50:00,3,5.22899999999845,1,关注
2024-03-07 02:00:00,3,4.418999999999869,1,关注
2024-03-07 02:10:00,3,4.418999999999869,1,关注
2024-03-07 02:20:00,3,6.4409999999998035,1,关注
2024-03-07 02:30:00,3,6.4409999999998035,1,关注
2024-03-07 02:40:00,3,4.154999999997926,1,关注
2024-03-07 02:50:00,3,4.155000000000655,1,关注
2024-03-07 03:00:00,3,5.489999999999782,1,关注
2024-03-07 03:10:00,3,5.49000000000251,1,关注
2024-03-07 03:20:00,3,0.3390000000008513,0,正常
2024-03-07 03:30:00,3,0.3389999999981228,0,正常
2024-03-07 03:40:00,3,8.928000000001703,0,正常
2024-03-07 03:50:00,3,8.927999999998974,0,正常
2024-03-07 04:00:00,3,4.769999999997708,0,正常
2024-03-07 04:10:00,3,4.770000000000437,0,正常
2024-03-07 04:20:00,3,4.350000000002183,0,正常
2024-03-07 04:30:00,3,4.349999999999454,1,关注
2024-03-07 04:40:00,3,6.82799999999952,1,关注
2024-03-07 04:50:00,3,6.82799999999952,1,关注
2024-03-07 05:00:00,3,5.177999999998974,1,关注
2024-03-07 05:10:00,3,5.178000000001703,1,关注
2024-03-07 05:20:00,3,4.65599999999904,1,关注
2024-03-07 05:30:00,3,4.656000000001768,1,关注
2024-03-07 05:40:00,3,4.481999999999061,1,关注
2024-03-07 05:50:00,3,4.481999999999061,1,关注
2024-03-07 06:00:00,3,5.6909999999998035,1,关注
2024-03-07 06:10:00,3,5.6909999999998035,1,关注
2024-03-07 06:20:00,3,5.204999999999018,1,关注
2024-03-07 06:30:00,3,5.205000000001746,1,关注
2024-03-07 06:40:00,3,3.945000000001528,1,关注
2024-03-07 06:50:00,3,3.9449999999987995,1,关注
2024-03-07 07:00:00,3,5.949000000000524,1,关注
2024-03-07 07:10:00,3,5.949000000000524,1,关注
2024-03-07 07:20:00,3,3.008999999999105,1,关注
2024-03-07 07:30:00,3,3.008999999999105,1,关注
