编号,a_降雨量_mm,b_孔隙水压力_kPa,c_微震事件数,d_深部位移_mm,e_表面位移_mm,缺失标记_a_降雨量_mm,缺失标记_b_孔隙水压力_kPa,缺失标记_c_微震事件数,缺失标记_d_深部位移_mm,缺失标记_e_表面位移_mm,突变候选标记_b_孔隙水压力_kPa,突变候选标记_d_深部位移_mm,a_原始缺失,a_补齐值,a_建模值,a_是否插补,b_原始缺失,b_补齐值,b_建模值,b_是否插补,c_原始缺失,c_补齐值,c_建模值,c_是否插补,d_原始缺失,d_补齐值,d_建模值,d_是否插补,e_原始缺失,e_补齐值,e_建模值,e_是否插补,e_表面位移估计值_mm
1,0.0,66.63,0.0,27.119,,0,0,0,0,1,0,0,False,0.0,0.0,False,False,66.63,66.63,False,False,0.0,0.0,False,False,27.119,27.119,False,True,,,True,80.88023702642263
2,0.0,66.78,2.0,27.992,,0,0,0,0,1,0,0,False,0.0,0.0,False,False,66.78,66.78,False,False,2.0,2.0,False,False,27.992,27.992,False,True,,,True,86.2242145755987
3,0.0,65.82,2.0,26.553,,0,0,0,0,1,0,0,False,0.0,0.0,False,False,65.82,65.82,False,False,2.0,2.0,False,False,26.553,26.553,False,True,,,True,84.30748333227356
4,0.0,66.1,1.0,30.534,,0,0,0,0,1,0,0,False,0.0,0.0,False,False,66.1,66.1,False,False,1.0,1.0,False,False,30.534,30.534,False,True,,,True,86.19358461895698
5,0.0,64.68,0.0,,,0,0,0,1,1,0,0,False,0.0,0.0,False,False,64.68,64.68,False,False,0.0,0.0,False,True,27.385999999999996,27.385999999999996,True,True,,,True,80.14723042677981
6,0.0,,1.0,24.238,,0,1,0,0,1,0,0,False,0.0,0.0,False,True,64.25517838792658,64.25517838792658,True,False,1.0,1.0,False,False,24.238,24.238,False,True,,,True,79.01231184872279
7,0.0,63.91,0.0,28.046,,0,0,0,0,1,0,0,False,0.0,0.0,False,False,63.91,63.91,False,False,0.0,0.0,False,False,28.046,28.046,False,True,,,True,80.40720751958973
8,0.5,63.29,0.0,,,0,0,0,1,1,0,0,False,0.5,0.5,False,False,63.29,63.29,False,False,0.0,0.0,False,True,27.70614610559331,27.70614610559331,True,True,,,True,80.41586674172808
9,0.0,62.91,0.0,26.945,,0,0,0,0,1,0,0,False,0.0,0.0,False,False,62.91,62.91,False,False,0.0,0.0,False,False,26.945,26.945,False,True,,,True,78.80487624474306
10,0.0,62.27,1.0,25.481,,0,0,0,0,1,0,0,False,0.0,0.0,False,False,62.27,62.27,False,False,1.0,1.0,False,False,25.481,25.481,False,True,,,True,79.22824866603415
11,18.4,73.97,,35.179,,0,0,1,0,1,1,0,False,18.4,18.4,False,False,73.97,73.97,False,True,0.0,0.0,True,False,35.179,35.179,False,True,,,True,117.00096760420611
12,0.2,73.96,0.0,30.336,,0,0,0,0,1,0,0,False,0.2,0.2,False,False,73.96,73.96,False,False,0.0,0.0,False,False,30.336,30.336,False,True,,,True,88.08206085600338
13,0.0,71.11,1.0,30.556,,0,0,0,0,1,0,0,False,0.0,0.0,False,False,71.11,71.11,False,False,1.0,1.0,False,False,30.556,30.556,False,True,,,True,88.77825956111349
14,0.0,71.84,,29.099,,0,0,1,0,1,0,0,False,0.0,0.0,False,False,71.84,71.84,False,True,1.0,1.0,True,False,29.099,29.099,False,True,,,True,87.70821954257966
15,0.3,70.63,2.0,28.665,,0,0,0,0,1,0,0,False,0.3,0.3,False,False,70.63,70.63,False,False,2.0,2.0,False,False,28.665,28.665,False,True,,,True,89.25795700540816
16,0.0,68.88,0.0,25.781,,0,0,0,0,1,0,0,False,0.0,0.0,False,False,68.88,68.88,False,False,0.0,0.0,False,False,25.781,25.781,False,True,,,True,80.70565238856722
17,8.0,70.61,1.0,33.543,,0,0,0,0,1,0,0,False,8.0,8.0,False,False,70.61,70.61,False,False,1.0,1.0,False,False,33.543,33.543,False,True,,,True,102.08208333157384
18,3.9,74.34,1.0,37.376,,0,0,0,0,1,0,0,False,3.9,3.9,False,False,74.34,74.34,False,False,1.0,1.0,False,False,37.376,37.376,False,True,,,True,102.35492069027184
19,0.6,72.84,1.0,30.782,,0,0,0,0,1,0,0,False,0.6,0.6,False,False,72.84,72.84,False,False,1.0,1.0,False,False,30.782,30.782,False,True,,,True,90.68217246161471
20,0.4,72.01,0.0,34.991,,0,0,0,0,1,0,0,False,0.4,0.4,False,False,72.01,72.01,False,False,0.0,0.0,False,False,34.991,34.991,False,True,,,True,91.96132524050388
21,5.5,73.18,1.0,32.504,,0,0,0,0,1,0,0,False,5.5,5.5,False,False,73.18,73.18,False,False,1.0,1.0,False,False,32.504,32.504,False,True,,,True,99.05481632981709
22,0.1,73.68,0.0,30.034,,0,0,0,0,1,0,0,False,0.1,0.1,False,False,73.68,73.68,False,False,0.0,0.0,False,False,30.034,30.034,False,True,,,True,87.50712566147297
23,0.0,72.62,,33.398,,0,0,1,0,1,0,0,False,0.0,0.0,False,False,72.62,72.62,False,True,1.0,1.0,True,False,33.398,33.398,False,True,,,True,92.36631964435466
24,0.6,71.28,,35.19,,0,0,1,0,1,0,0,False,0.6,0.6,False,False,71.28,71.28,False,True,1.0,1.0,True,False,35.19,35.19,False,True,,,True,94.25122723779685
25,0.2,71.32,1.0,26.585,,0,0,0,0,1,0,0,False,0.2,0.2,False,False,71.32,71.32,False,False,1.0,1.0,False,False,26.585,26.585,False,True,,,True,85.21655985006173
26,2.5,71.94,1.0,33.58,,0,0,0,0,1,0,0,False,2.5,2.5,False,False,71.94,71.94,False,False,1.0,1.0,False,False,33.58,33.58,False,True,,,True,95.51137752011067
27,6.3,75.47,0.0,33.063,,0,0,0,0,1,0,0,False,6.3,6.3,False,False,75.47,75.47,False,False,0.0,0.0,False,False,33.063,33.063,False,True,,,True,99.63894083181583
28,0.0,75.21,0.0,27.456,,0,0,0,0,1,0,0,False,0.0,0.0,False,False,75.21,75.21,False,False,0.0,0.0,False,False,27.456,27.456,False,True,,,True,85.60323082560444
29,0.2,72.18,1.0,26.818,,0,0,0,0,1,0,0,False,0.2,0.2,False,False,72.18,72.18,False,False,1.0,1.0,False,False,26.818,26.818,False,True,,,True,85.88733207536794
30,0.7,72.19,2.0,30.62,,0,0,0,0,1,0,0,False,0.7,0.7,False,False,72.19,72.19,False,False,2.0,2.0,False,False,30.62,30.62,False,True,,,True,92.52284599160049
31,0.0,71.33,1.0,26.732,,0,0,0,0,1,0,0,False,0.0,0.0,False,False,71.33,71.33,False,False,1.0,1.0,False,False,26.732,26.732,False,True,,,True,85.10230238901275
32,0.8,72.19,2.0,30.576,,0,0,0,0,1,0,0,False,0.8,0.8,False,False,72.19,72.19,False,False,2.0,2.0,False,False,30.576,30.576,False,True,,,True,92.61175861387048
33,0.7,70.03,0.0,31.086,,0,0,0,0,1,0,0,False,0.7,0.7,False,False,70.03,70.03,False,False,0.0,0.0,False,False,31.086,31.086,False,True,,,True,87.4772164520846
34,0.1,71.51,1.0,29.608,,0,0,0,0,1,0,0,False,0.1,0.1,False,False,71.51,71.51,False,False,1.0,1.0,False,False,29.608,29.608,False,True,,,True,88.176185825511
35,0.0,70.78,0.0,32.79,,0,0,0,0,1,0,0,False,0.0,0.0,False,False,70.78,70.78,False,False,0.0,0.0,False,False,32.79,32.79,False,True,,,True,88.62153246899834
36,0.0,69.16,0.0,30.892,,0,0,0,0,1,0,0,False,0.0,0.0,False,False,69.16,69.16,False,False,0.0,0.0,False,False,30.892,30.892,False,True,,,True,85.91243768406491
37,0.6,68.04,0.0,30.354,,0,0,0,0,1,0,0,False,0.6,0.6,False,False,68.04,68.04,False,False,0.0,0.0,False,False,30.354,30.354,False,True,,,True,85.60151811768684
38,0.0,67.14,0.0,25.799,,0,0,0,0,1,0,0,False,0.0,0.0,False,False,67.14,67.14,False,False,0.0,0.0,False,False,25.799,25.799,False,True,,,True,79.83338352719295
39,0.3,67.73,0.0,29.988,,0,0,0,0,1,0,0,False,0.3,0.3,False,False,67.73,67.73,False,False,0.0,0.0,False,False,29.988,29.988,False,True,,,True,84.6828222333021
40,7.3,68.81,0.0,32.34,,0,0,0,0,1,0,0,False,7.3,7.3,False,False,68.81,68.81,False,False,0.0,0.0,False,False,32.34,32.34,False,True,,,True,96.84075317526387
41,14.7,75.0,1.0,31.438,,0,0,0,0,1,0,0,False,14.7,14.7,False,False,75.0,75.0,False,False,1.0,1.0,False,False,31.438,31.438,False,True,,,True,111.12011927760004
42,0.5,75.23,0.0,31.156,,0,0,0,0,1,0,0,False,0.5,0.5,False,False,75.23,75.23,False,False,0.0,0.0,False,False,31.156,31.156,False,True,,,True,89.94163252046272
43,5.4,78.68,0.0,35.609,,0,0,0,0,1,0,0,False,5.4,5.4,False,False,78.68,78.68,False,False,0.0,0.0,False,False,35.609,35.609,False,True,,,True,102.610851343658
44,0.2,76.74,1.0,29.729,,0,0,0,0,1,0,0,False,0.2,0.2,False,False,76.74,76.74,False,False,1.0,1.0,False,False,29.729,29.729,False,True,,,True,91.10398740841013
45,0.0,75.65,1.0,27.819,,0,0,0,0,1,0,0,False,0.0,0.0,False,False,75.65,75.65,False,False,1.0,1.0,False,False,27.819,27.819,False,True,,,True,88.38911870608199
46,0.0,75.28,0.0,28.471,,0,0,0,0,1,0,0,False,0.0,0.0,False,False,75.28,75.28,False,False,0.0,0.0,False,False,28.471,28.471,False,True,,,True,86.64461646626154
47,0.0,72.48,0.0,31.091,,0,0,0,0,1,0,0,False,0.0,0.0,False,False,72.48,72.48,False,False,0.0,0.0,False,False,31.091,31.091,False,True,,,True,87.8079452782391
48,,72.9,0.0,31.635,,1,0,0,0,1,0,0,True,0.0,0.0,True,False,72.9,72.9,False,False,0.0,0.0,False,False,31.635,31.635,False,True,,,True,88.5617470417884
49,19.1,83.35,1.0,,,0,0,0,1,1,0,0,False,19.1,19.1,False,False,83.35,83.35,False,False,1.0,1.0,False,True,33.190783292709945,33.190783292709945,True,True,,,True,122.95827735662594
50,0.3,81.91,0.0,34.375,,0,0,0,0,1,0,0,False,0.3,0.3,False,False,81.91,81.91,False,False,0.0,0.0,False,False,34.375,34.375,False,True,,,True,96.28291196548032
51,0.0,80.53,1.0,31.335,,0,0,0,0,1,0,0,False,0.0,0.0,False,False,80.53,80.53,False,False,1.0,1.0,False,False,31.335,31.335,False,True,,,True,94.36885421809455
52,0.3,79.92,0.0,29.315,,0,0,0,0,1,0,0,False,0.3,0.3,False,False,79.92,79.92,False,False,0.0,0.0,False,False,29.315,29.315,False,True,,,True,90.25189802536758
53,0.0,78.92,1.0,35.121,,0,0,0,0,1,0,0,False,0.0,0.0,False,False,78.92,78.92,False,False,1.0,1.0,False,False,35.121,35.121,False,True,,,True,97.29610587734668
54,2.89465571914833,84.7148782793421,0.0,29.2121219387496,,0,0,0,0,1,0,0,False,2.89465571914833,2.89465571914833,False,False,84.7148782793421,84.7148782793421,False,False,0.0,0.0,False,False,29.2121219387496,29.2121219387496,False,True,,,True,96.04083427053031
55,0.0,76.13,0.0,32.322,,0,0,0,0,1,0,0,False,0.0,0.0,False,False,76.13,76.13,False,False,0.0,0.0,False,False,32.322,32.322,False,True,,,True,90.89468439880987
56,0.0,76.87,0.0,27.143,,0,0,0,0,1,0,0,False,0.0,0.0,False,False,76.87,76.87,False,False,0.0,0.0,False,False,27.143,27.143,False,True,,,True,86.14231418757396
57,10.2,80.19,1.0,33.202,,0,0,0,0,1,0,0,False,10.2,10.2,False,False,80.19,80.19,False,False,1.0,1.0,False,False,33.202,33.202,False,True,,,True,109.56001525219568
58,0.0,79.14,3.0,33.077,,0,0,0,0,1,0,0,False,0.0,0.0,False,False,79.14,79.14,False,False,3.0,3.0,False,False,33.077,33.077,False,True,,,True,99.78597294382853
59,0.0,79.63,0.0,32.554,,0,0,0,0,1,0,0,False,0.0,0.0,False,False,79.63,79.63,False,False,0.0,0.0,False,False,32.554,32.554,False,True,,,True,92.91496511949228
60,0.0,78.19,0.0,33.664,,0,0,0,0,1,0,0,False,0.0,0.0,False,False,78.19,78.19,False,False,0.0,0.0,False,False,33.664,33.664,False,True,,,True,93.27802417494553
61,0.0,,0.0,31.114,,0,1,0,0,1,0,0,False,0.0,0.0,False,True,77.62954427925017,77.62954427925017,True,False,0.0,0.0,False,False,31.114,31.114,False,True,,,True,90.46499519383991
62,0.0,77.4,2.0,,,0,0,0,1,1,0,0,False,0.0,0.0,False,False,77.4,77.4,False,False,2.0,2.0,False,True,32.5955,32.5955,True,True,,,True,96.21766664174095
63,4.4,79.6,0.0,34.077,,0,0,0,0,1,0,0,False,4.4,4.4,False,False,79.6,79.6,False,False,0.0,0.0,False,False,34.077,34.077,False,True,,,True,100.23866127517167
64,3.8,82.36,2.0,33.29,,0,0,0,0,1,0,0,False,3.8,3.8,False,False,82.36,82.36,False,False,2.0,2.0,False,False,33.29,33.29,False,True,,,True,104.47817773935142
65,0.0,78.86,1.0,33.089,,0,0,0,0,1,0,0,False,0.0,0.0,False,False,78.86,78.86,False,False,1.0,1.0,False,False,33.089,33.089,False,True,,,True,95.25227738215261
66,4.0,80.95,2.0,36.411,,0,0,0,0,1,0,0,False,4.0,4.0,False,False,80.95,80.95,False,False,2.0,2.0,False,False,36.411,36.411,False,True,,,True,107.11392193841407
67,4.2,80.79,1.0,34.967,,0,0,0,0,1,0,0,False,4.2,4.2,False,False,80.79,80.79,False,False,1.0,1.0,False,False,34.967,34.967,False,True,,,True,103.66531287444003
68,3.2,82.53,,29.894,,0,0,1,0,1,0,0,False,3.2,3.2,False,False,82.53,82.53,False,True,1.0,1.0,True,False,29.894,29.894,False,True,,,True,98.20446995924485
69,0.1,81.9,1.0,36.414,,0,0,0,0,1,0,0,False,0.1,0.1,False,False,81.9,81.9,False,False,1.0,1.0,False,False,36.414,36.414,False,True,,,True,100.23403320784784
70,1.2,79.29,0.0,31.75,,0,0,0,0,1,0,0,False,1.2,1.2,False,False,79.29,79.29,False,False,0.0,0.0,False,False,31.75,31.75,False,True,,,True,93.5345509850163
71,0.0,80.2,1.0,30.917,,0,0,0,0,1,0,0,False,0.0,0.0,False,False,80.2,80.2,False,False,1.0,1.0,False,False,30.917,30.917,False,True,,,True,93.78592244239424
72,0.0,79.42,3.0,35.346,,0,0,0,0,1,0,0,False,0.0,0.0,False,False,79.42,79.42,False,False,3.0,3.0,False,False,35.346,35.346,False,True,,,True,102.17714278089173
73,0.0,79.09,1.0,30.011,,0,0,0,0,1,0,0,False,0.0,0.0,False,False,79.09,79.09,False,False,1.0,1.0,False,False,30.011,30.011,False,True,,,True,92.32051002730236
74,0.8,78.51,1.0,30.985,,0,0,0,0,1,0,0,False,0.8,0.8,False,False,78.51,78.51,False,False,1.0,1.0,False,False,30.985,30.985,False,True,,,True,94.04880011071383
75,0.0,79.21,0.0,33.973,,0,0,0,0,1,0,0,False,0.0,0.0,False,False,79.21,79.21,False,False,0.0,0.0,False,False,33.973,33.973,False,True,,,True,94.1059392689996
76,0.0,75.65,1.0,30.811,,0,0,0,0,1,0,0,False,0.0,0.0,False,False,75.65,75.65,False,False,1.0,1.0,False,False,30.811,30.811,False,True,,,True,91.35334159546832
77,17.2,84.35,0.0,43.843,,0,0,0,0,1,0,0,False,17.2,17.2,False,False,84.35,84.35,False,False,0.0,0.0,False,False,43.843,43.843,False,True,,,True,129.30440054642628
78,0.0,84.26,1.0,36.528,,0,0,0,0,1,0,0,False,0.0,0.0,False,False,84.26,84.26,False,False,1.0,1.0,False,False,36.528,36.528,False,True,,,True,101.4217351667398
79,16.4,90.69,1.0,44.602,,0,0,0,0,1,0,0,False,16.4,16.4,False,False,90.69,90.69,False,False,1.0,1.0,False,False,44.602,44.602,False,True,,,True,134.4407400786175
80,0.0,91.43,3.0,40.914,,0,0,0,0,1,0,0,False,0.0,0.0,False,False,91.43,91.43,False,False,3.0,3.0,False,False,40.914,40.914,False,True,,,True,113.83719892506191
81,0.0,90.42,0.0,34.719,,0,0,0,0,1,0,0,False,0.0,0.0,False,False,90.42,90.42,False,False,0.0,0.0,False,False,34.719,34.719,False,True,,,True,100.57951968084278
82,0.2,87.81,0.0,35.113,,0,0,0,0,1,0,0,False,0.2,0.2,False,False,87.81,87.81,False,False,0.0,0.0,False,False,35.113,35.113,False,True,,,True,99.89971750720862
83,0.0,,1.0,39.169,,0,1,0,0,1,0,0,False,0.0,0.0,False,True,87.91810165975104,87.91810165975104,True,False,1.0,1.0,False,False,39.169,39.169,False,True,,,True,105.90952856443462
84,4.8,88.15,0.0,33.989,,0,0,0,0,1,0,0,False,4.8,4.8,False,False,88.15,88.15,False,False,0.0,0.0,False,False,33.989,33.989,False,True,,,True,105.05527064610355
85,0.2,88.54,2.0,39.162,,0,0,0,0,1,0,0,False,0.2,0.2,False,False,88.54,88.54,False,False,2.0,2.0,False,False,39.162,39.162,False,True,,,True,108.68691031210143
86,8.4,90.89,0.0,39.805,,0,0,0,0,1,0,0,False,8.4,8.4,False,False,90.89,90.89,False,False,0.0,0.0,False,False,39.805,39.805,False,True,,,True,116.98907945952979
87,0.0,88.64,0.0,40.106,,0,0,0,0,1,0,0,False,0.0,0.0,False,False,88.64,88.64,False,False,0.0,0.0,False,False,40.106,40.106,False,True,,,True,105.00594402207214
88,0.0,89.18,0.0,36.473,,0,0,0,0,1,0,0,False,0.0,0.0,False,False,89.18,89.18,False,False,0.0,0.0,False,False,36.473,36.473,False,True,,,True,101.68291051951465
89,0.7,88.99,1.0,35.073,,0,0,0,0,1,0,0,False,0.7,0.7,False,False,88.99,88.99,False,False,1.0,1.0,False,False,35.073,35.073,False,True,,,True,103.32741645470327
90,0.0,87.6,1.0,37.605,,0,0,0,0,1,0,0,False,0.0,0.0,False,False,87.6,87.6,False,False,1.0,1.0,False,False,37.605,37.605,False,True,,,True,104.1973226447187
91,0.5,87.31,,35.217,,0,0,1,0,1,0,0,False,0.5,0.5,False,False,87.31,87.31,False,True,0.0,0.0,True,False,35.217,35.217,False,True,,,True,100.14448803288613
92,0.0,85.4,0.0,33.586,,0,0,0,0,1,0,0,False,0.0,0.0,False,False,85.4,85.4,False,False,0.0,0.0,False,False,33.586,33.586,False,True,,,True,96.88904350611959
93,0.0,87.68,1.0,38.122,,0,0,0,0,1,0,0,False,0.0,0.0,False,False,87.68,87.68,False,False,1.0,1.0,False,False,38.122,38.122,False,True,,,True,104.75044714193224
94,0.0,85.96,0.0,38.473,,0,0,0,0,1,0,0,False,0.0,0.0,False,False,85.96,85.96,False,False,0.0,0.0,False,False,38.473,38.473,False,True,,,True,102.01714313626064
95,2.1,85.77,0.0,39.41,,0,0,0,0,1,0,0,False,2.1,2.1,False,False,85.77,85.77,False,False,0.0,0.0,False,False,39.41,39.41,False,True,,,True,105.6308360449243
96,0.0,86.23,1.0,34.846,,0,0,0,0,1,0,0,False,0.0,0.0,False,False,86.23,86.23,False,False,1.0,1.0,False,False,34.846,34.846,False,True,,,True,100.76310938903664
97,3.0,84.66,1.0,34.635,,0,0,0,0,1,0,0,False,3.0,3.0,False,False,84.66,84.66,False,False,1.0,1.0,False,False,34.635,34.635,False,True,,,True,103.72605454126733
98,0.0,84.7,1.0,34.264,,0,0,0,0,1,0,0,False,0.0,0.0,False,False,84.7,84.7,False,False,1.0,1.0,False,False,34.264,34.264,False,True,,,True,99.40383687750357
99,0.3,84.05,1.0,33.51,,0,0,0,0,1,0,0,False,0.3,0.3,False,False,84.05,84.05,False,False,1.0,1.0,False,False,33.51,33.51,False,True,,,True,98.72183998838744
100,0.0,83.74,0.0,33.844,,0,0,0,0,1,0,0,False,0.0,0.0,False,False,83.74,83.74,False,False,0.0,0.0,False,False,33.844,33.844,False,True,,,True,96.29547075280108
101,,82.23,1.0,34.435,,1,0,0,0,1,0,0,True,0.05,0.05,True,False,82.23,82.23,False,False,1.0,1.0,False,False,34.435,34.435,False,True,,,True,98.37596616926292
102,0.1,82.36,0.0,35.08,,0,0,0,0,1,0,0,False,0.1,0.1,False,False,82.36,82.36,False,False,0.0,0.0,False,False,35.08,35.08,False,True,,,True,96.94655734950268
103,0.7,80.73,1.0,36.011,,0,0,0,0,1,0,0,False,0.7,0.7,False,False,80.73,80.73,False,False,1.0,1.0,False,False,36.011,36.011,False,True,,,True,100.03128269274345
104,0.0,80.32,0.0,33.901,,0,0,0,0,1,0,0,False,0.0,0.0,False,False,80.32,80.32,False,False,0.0,0.0,False,False,33.901,33.901,False,True,,,True,94.60243123428538
105,0.0,80.95,2.0,39.898,,0,0,0,0,1,0,0,False,0.0,0.0,False,False,80.95,80.95,False,False,2.0,2.0,False,False,39.898,39.898,False,True,,,True,105.26838393597362
106,0.4,77.49,0.0,34.259,,0,0,0,0,1,0,0,False,0.4,0.4,False,False,77.49,77.49,False,False,0.0,0.0,False,False,34.259,34.259,False,True,,,True,94.03942994695596
107,0.2,76.72,0.0,29.794,,0,0,0,0,1,0,0,False,0.2,0.2,False,False,76.72,76.72,False,False,0.0,0.0,False,False,29.794,29.794,False,True,,,True,88.95697821154577
108,0.0,77.09,0.0,31.996,,0,0,0,0,1,0,0,False,0.0,0.0,False,False,77.09,77.09,False,False,0.0,0.0,False,False,31.996,31.996,False,True,,,True,91.06280153793483
109,0.0,76.0,0.0,35.846,,0,0,0,0,1,0,0,False,0.0,0.0,False,False,76.0,76.0,False,False,0.0,0.0,False,False,35.846,35.846,False,True,,,True,94.3194664548563
110,0.0,74.66,3.0,30.064,,0,0,0,0,1,0,0,False,0.0,0.0,False,False,74.66,74.66,False,False,3.0,3.0,False,False,30.064,30.064,False,True,,,True,94.50918877627187
111,0.0,73.93,0.0,31.234,,0,0,0,0,1,0,0,False,0.0,0.0,False,False,73.93,73.93,False,False,0.0,0.0,False,False,31.234,31.234,False,True,,,True,88.69136915665362
112,0.0,73.59,2.0,29.276,,0,0,0,0,1,0,0,False,0.0,0.0,False,False,73.59,73.59,False,False,2.0,2.0,False,False,29.276,29.276,False,True,,,True,90.97996828715158
113,0.0,72.57,0.0,25.575,,0,0,0,0,1,0,0,False,0.0,0.0,False,False,72.57,72.57,False,False,0.0,0.0,False,False,25.575,25.575,False,True,,,True,82.38919442988563
114,1.3,72.04,0.0,33.074,,0,0,0,0,1,0,0,False,1.3,1.3,False,False,72.04,72.04,False,False,0.0,0.0,False,False,33.074,33.074,False,True,,,True,91.27000607303177
115,8.7,74.16,0.0,32.506,,0,0,0,0,1,0,0,False,8.7,8.7,False,False,74.16,74.16,False,False,0.0,0.0,False,False,32.506,32.506,False,True,,,True,101.59707707478732
116,,74.15,1.0,30.085,,1,0,0,0,1,0,0,True,0.55,0.55,True,False,74.15,74.15,False,False,1.0,1.0,False,False,30.085,30.085,False,True,,,True,90.59552527659184
117,1.1,73.98,1.0,,,0,0,0,1,1,0,0,False,1.1,1.1,False,False,73.98,73.98,False,False,1.0,1.0,False,True,29.784902472967786,29.784902472967786,True,True,,,True,90.94002257311513
118,0.0,71.76,0.0,29.463,,0,0,0,0,1,0,0,False,0.0,0.0,False,False,71.76,71.76,False,False,0.0,0.0,False,False,29.463,29.463,False,True,,,True,85.82674132751306
119,0.0,70.88,0.0,24.739,,0,0,0,0,1,0,0,False,0.0,0.0,False,False,70.88,70.88,False,False,0.0,0.0,False,False,24.739,24.739,False,True,,,True,80.69643156487513
120,11.4,76.0,0.0,36.215,,0,0,0,0,1,0,0,False,11.4,11.4,False,False,76.0,76.0,False,False,0.0,0.0,False,False,36.215,36.215,False,True,,,True,109.79051216480636
121,1.9,78.97,5.0,31.091,,0,0,0,0,1,0,0,False,1.9,1.9,False,False,78.97,78.97,False,False,5.0,5.0,False,False,31.091,31.091,False,True,,,True,104.65137455656576
122,0.0,77.46,0.0,31.18,,0,0,0,0,1,0,0,False,0.0,0.0,False,False,77.46,77.46,False,False,0.0,0.0,False,False,31.18,31.18,False,True,,,True,90.44365162427096
123,0.0,75.98,1.0,29.561,,0,0,0,0,1,0,0,False,0.0,0.0,False,False,75.98,75.98,False,False,1.0,1.0,False,False,29.561,29.561,False,True,,,True,90.28375873898402
124,10.2,,0.0,39.01,,0,1,0,0,1,0,0,False,10.2,10.2,False,True,78.46000000000001,78.46000000000001,True,False,0.0,0.0,False,False,39.01,39.01,False,True,,,True,112.22793405723597
125,0.4,80.94,0.0,34.587,,0,0,0,0,1,0,0,False,0.4,0.4,False,False,80.94,80.94,False,False,0.0,0.0,False,False,34.587,34.587,False,True,,,True,96.12924178686455
126,0.0,79.79,1.0,32.923,,0,0,0,0,1,0,0,False,0.0,0.0,False,False,79.79,79.79,False,False,1.0,1.0,False,False,32.923,32.923,False,True,,,True,95.56356253234308
127,0.2,80.94,0.0,35.409,,0,0,0,0,1,0,0,False,0.2,0.2,False,False,80.94,80.94,False,False,0.0,0.0,False,False,35.409,35.409,False,True,,,True,96.67860223778233
128,0.0,78.28,1.0,33.976,,0,0,0,0,1,0,0,False,0.0,0.0,False,False,78.28,78.28,False,False,1.0,1.0,False,False,33.976,33.976,False,True,,,True,95.83434207281842
129,0.3,78.67,5.0,33.864,,0,0,0,0,1,0,0,False,0.3,0.3,False,False,78.67,78.67,False,False,5.0,5.0,False,False,33.864,33.864,False,True,,,True,105.1250986116772
130,,80.2,1.0,34.06,,1,0,0,0,1,0,0,True,0.25,0.25,True,False,80.2,80.2,False,False,1.0,1.0,False,False,34.06,34.06,False,True,,,True,97.23100381731176
131,0.8,80.34,0.0,34.156,,0,0,0,0,1,0,0,False,0.8,0.8,False,False,80.34,80.34,False,False,0.0,0.0,False,False,34.156,34.156,False,True,,,True,95.92532800433031
132,12.2,86.35,1.0,36.431,,0,0,0,0,1,0,0,False,12.2,12.2,False,False,86.35,86.35,False,False,1.0,1.0,False,False,36.431,36.431,False,True,,,True,118.56028541649584
133,0.0,85.07,1.0,33.949,,0,0,0,0,1,0,0,False,0.0,0.0,False,False,85.07,85.07,False,False,1.0,1.0,False,False,33.949,33.949,False,True,,,True,99.28103578321888
134,0.8,86.01,0.0,33.042,,0,0,0,0,1,0,0,False,0.8,0.8,False,False,86.01,86.01,False,False,0.0,0.0,False,False,33.042,33.042,False,True,,,True,97.72217413897376
135,0.0,,0.0,,,0,1,0,1,1,0,0,False,0.0,0.0,False,True,84.405,84.405,True,False,0.0,0.0,False,True,33.31699999999999,33.31699999999999,True,True,,,True,96.11354587861084
136,0.1,82.8,1.0,33.592,,0,0,0,0,1,0,0,False,0.1,0.1,False,False,82.8,82.8,False,False,1.0,1.0,False,False,33.592,33.592,False,True,,,True,97.89862953203433
137,0.0,84.2,0.0,32.001,,0,0,0,0,1,0,0,False,0.0,0.0,False,False,84.2,84.2,False,False,0.0,0.0,False,False,32.001,32.001,False,True,,,True,94.70489504106959
138,0.0,81.84,0.0,33.796,,0,0,0,0,1,0,0,False,0.0,0.0,False,False,81.84,81.84,False,False,0.0,0.0,False,False,33.796,33.796,False,True,,,True,95.27596618474237
139,,81.68,1.0,31.667,,1,0,0,0,1,0,0,True,0.05,0.05,True,False,81.68,81.68,False,False,1.0,1.0,False,False,31.667,31.667,False,True,,,True,95.35230970768501
140,0.1,83.7,1.0,33.708,,0,0,0,0,1,0,0,False,0.1,0.1,False,False,83.7,83.7,False,False,1.0,1.0,False,False,33.708,33.708,False,True,,,True,98.47395007046448
141,0.0,80.77,1.0,,,0,0,0,1,1,0,0,False,0.0,0.0,False,False,80.77,80.77,False,False,1.0,1.0,False,True,36.76929862834163,36.76929862834163,True,True,,,True,99.87547459491321
142,23.4,91.85,2.0,40.949,,0,0,0,0,1,0,0,False,23.4,23.4,False,False,91.85,91.85,False,False,2.0,2.0,False,False,40.949,40.949,False,True,,,True,142.89151911564977
143,17.0,100.44,0.0,47.339,,0,0,0,0,1,0,0,False,17.0,17.0,False,False,100.44,100.44,False,False,0.0,0.0,False,False,47.339,47.339,False,True,,,True,140.73381958552284
144,11.8,104.12,1.0,46.327,,0,0,0,0,1,0,0,False,11.8,11.8,False,False,104.12,104.12,False,False,1.0,1.0,False,False,46.327,46.327,False,True,,,True,136.92468849469537
145,0.3,104.25,0.0,41.711,,0,0,0,0,1,0,0,False,0.3,0.3,False,False,104.25,104.25,False,False,0.0,0.0,False,False,41.711,41.711,False,True,,,True,114.97889408051812
146,0.0,102.86,3.0,40.606,,0,0,0,0,1,0,0,False,0.0,0.0,False,False,102.86,102.86,False,False,3.0,3.0,False,False,40.606,40.606,False,True,,,True,119.37910605638191
147,0.0,101.49,4.0,42.313,,0,0,0,0,1,0,0,False,0.0,0.0,False,False,101.49,101.49,False,False,4.0,4.0,False,False,42.313,42.313,False,True,,,True,122.57060607388337
148,0.6,100.45,0.0,41.893,,0,0,0,0,1,0,0,False,0.6,0.6,False,False,100.45,100.45,False,False,0.0,0.0,False,False,41.893,41.893,False,True,,,True,113.6128164558124
149,0.3,,1.0,37.378,,0,1,0,0,1,0,0,False,0.3,0.3,False,True,99.85687126457289,99.85687126457289,True,False,1.0,1.0,False,False,37.378,37.378,False,True,,,True,110.63997844892378
150,0.4,99.28,0.0,39.672,,0,0,0,0,1,0,0,False,0.4,0.4,False,False,99.28,99.28,False,False,0.0,0.0,False,False,39.672,39.672,False,True,,,True,110.54891079477792
151,0.2,98.34,1.0,39.193,,0,0,0,0,1,0,0,False,0.2,0.2,False,False,98.34,98.34,False,False,1.0,1.0,False,False,39.193,39.193,False,True,,,True,111.52966458912312
152,0.0,95.61,1.0,38.771,,0,0,0,0,1,0,0,False,0.0,0.0,False,False,95.61,95.61,False,False,1.0,1.0,False,False,38.771,38.771,False,True,,,True,109.45003512191488
153,0.3,95.06,1.0,39.087,,0,0,0,0,1,0,0,False,0.3,0.3,False,False,95.06,95.06,False,False,1.0,1.0,False,False,39.087,39.087,False,True,,,True,109.87925984675468
154,0.0,96.14,3.0,39.633,,0,0,0,0,1,0,0,False,0.0,0.0,False,False,96.14,96.14,False,False,3.0,3.0,False,False,39.633,39.633,False,True,,,True,114.97750483085196
155,0.2,94.94,2.0,37.854,,0,0,0,0,1,0,0,False,0.2,0.2,False,False,94.94,94.94,False,False,2.0,2.0,False,False,37.854,37.854,False,True,,,True,110.66499099682565
156,0.0,94.63,1.0,36.619,,0,0,0,0,1,0,0,False,0.0,0.0,False,False,94.63,94.63,False,False,1.0,1.0,False,False,36.619,36.619,False,True,,,True,106.81669216883208
157,1.0,93.9,0.0,36.625,,0,0,0,0,1,0,0,False,1.0,1.0,False,False,93.9,93.9,False,False,0.0,0.0,False,False,36.625,36.625,False,True,,,True,105.57306962980665
158,0.0,93.13,1.0,37.82,,0,0,0,0,1,0,0,False,0.0,0.0,False,False,93.13,93.13,False,False,1.0,1.0,False,False,37.82,37.82,False,True,,,True,107.23921323516316
159,0.4,91.8,2.0,35.004,,0,0,0,0,1,0,0,False,0.4,0.4,False,False,91.8,91.8,False,False,2.0,2.0,False,False,35.004,35.004,False,True,,,True,106.5001825020262
160,12.3,95.36,1.0,42.258,,0,0,0,0,1,0,0,False,12.3,12.3,False,False,95.36,95.36,False,False,1.0,1.0,False,False,42.258,42.258,False,True,,,True,129.07478299847858
161,0.3,94.14,0.0,36.975,,0,0,0,0,1,0,0,False,0.3,0.3,False,False,94.14,94.14,False,False,0.0,0.0,False,False,36.975,36.975,False,True,,,True,105.11506401018168
162,0.0,93.08,1.0,39.978,,0,0,0,0,1,0,0,False,0.0,0.0,False,False,93.08,93.08,False,False,1.0,1.0,False,False,39.978,39.978,False,True,,,True,109.35160117187418
163,0.4,93.8,0.0,35.573,,0,0,0,0,1,0,0,False,0.4,0.4,False,False,93.8,93.8,False,False,0.0,0.0,False,False,35.573,35.573,False,True,,,True,103.68465609546979
164,9.2,95.78,0.0,43.987,,0,0,0,0,1,0,0,False,9.2,9.2,False,False,95.78,95.78,False,False,0.0,0.0,False,False,43.987,43.987,False,True,,,True,124.69378057507879
165,0.4,96.5,1.0,39.346,,0,0,0,0,1,0,0,False,0.4,0.4,False,False,96.5,96.5,False,False,1.0,1.0,False,False,39.346,39.346,False,True,,,True,111.00499541313789
166,0.2,94.89,2.0,38.032,,0,0,0,0,1,0,0,False,0.2,0.2,False,False,94.89,94.89,False,False,2.0,2.0,False,False,38.032,38.032,False,True,,,True,110.81576084497217
167,0.3,92.9,,41.662,,0,0,1,0,1,0,0,False,0.3,0.3,False,False,92.9,92.9,False,True,2.0,2.0,True,False,41.662,41.662,False,True,,,True,113.52657487335274
168,2.4,95.06,2.0,35.598,,0,0,0,0,1,0,0,False,2.4,2.4,False,False,95.06,95.06,False,False,2.0,2.0,False,False,35.598,35.598,False,True,,,True,111.40641254079131
169,0.1,91.36,3.0,37.257,,0,0,0,0,1,0,0,False,0.1,0.1,False,False,91.36,91.36,False,False,3.0,3.0,False,False,37.257,37.257,False,True,,,True,110.31084520258868
170,10.8,98.27,1.0,42.384,,0,0,0,0,1,0,0,False,10.8,10.8,False,False,98.27,98.27,False,False,1.0,1.0,False,False,42.384,42.384,False,True,,,True,128.70066965937096
171,0.0,95.27,2.0,41.108,,0,0,0,0,1,0,0,False,0.0,0.0,False,False,95.27,95.27,False,False,2.0,2.0,False,False,41.108,41.108,False,True,,,True,113.79258566302397
172,0.0,94.91,0.0,39.209,,0,0,0,0,1,0,0,False,0.0,0.0,False,False,94.91,94.91,False,False,0.0,0.0,False,False,39.209,39.209,False,True,,,True,107.32470721248862
173,0.2,95.03,1.0,40.28,,0,0,0,0,1,0,0,False,0.2,0.2,False,False,95.03,95.03,False,False,1.0,1.0,False,False,40.28,40.28,False,True,,,True,110.9133335636261
174,0.0,92.28,3.0,40.251,,0,0,0,0,1,0,0,False,0.0,0.0,False,False,92.28,92.28,False,False,3.0,3.0,False,False,40.251,40.251,False,True,,,True,113.61517390216575
175,5.0,93.34,1.0,41.387,,0,0,0,0,1,0,0,False,5.0,5.0,False,False,93.34,93.34,False,False,1.0,1.0,False,False,41.387,41.387,False,True,,,True,117.50573078430675
176,3.7,98.02,1.0,42.927,,0,0,0,0,1,0,0,False,3.7,3.7,False,False,98.02,98.02,False,False,1.0,1.0,False,False,42.927,42.927,False,True,,,True,119.70294676670864
177,0.0,93.57,3.0,,,0,0,0,1,1,0,0,False,0.0,0.0,False,False,93.57,93.57,False,False,3.0,3.0,False,True,40.4845,40.4845,True,True,,,True,114.50640916018895
178,0.0,94.22,1.0,38.042,,0,0,0,0,1,0,0,False,0.0,0.0,False,False,94.22,94.22,False,False,1.0,1.0,False,False,38.042,38.042,False,True,,,True,108.01674471048138
179,0.0,92.9,3.0,38.175,,0,0,0,0,1,0,0,False,0.0,0.0,False,False,92.9,92.9,False,False,3.0,3.0,False,False,38.175,38.175,False,True,,,True,111.87560975142132
180,0.0,90.8,0.0,38.923,,0,0,0,0,1,0,0,False,0.0,0.0,False,False,90.8,90.8,False,False,0.0,0.0,False,False,38.923,38.923,False,True,,,True,104.93888065035091
181,0.0,91.34,1.0,35.552,,0,0,0,0,1,0,0,False,0.0,0.0,False,False,91.34,91.34,False,False,1.0,1.0,False,False,35.552,35.552,False,True,,,True,104.07658948949961
182,0.6,,1.0,37.818,,0,1,0,0,1,0,0,False,0.6,0.6,False,True,89.19500000000001,89.19500000000001,True,False,1.0,1.0,False,False,37.818,37.818,False,True,,,True,106.01929661576332
183,0.0,87.05,0.0,35.515,,0,0,0,0,1,0,0,False,0.0,0.0,False,False,87.05,87.05,False,False,0.0,0.0,False,False,35.515,35.515,False,True,,,True,99.64419707539955
184,13.0,93.25,1.0,40.735,,0,0,0,0,1,0,0,False,13.0,13.0,False,False,93.25,93.25,False,False,1.0,1.0,False,False,40.735,40.735,False,True,,,True,127.41407489985573
185,0.0,93.36,2.0,38.075,,0,0,0,0,1,0,0,False,0.0,0.0,False,False,93.36,93.36,False,False,2.0,2.0,False,False,38.075,38.075,False,True,,,True,109.81067769170676
186,1.0,92.52,0.0,40.464,,0,0,0,0,1,0,0,False,1.0,1.0,False,False,92.52,92.52,False,False,0.0,0.0,False,False,40.464,40.464,False,True,,,True,108.6704863762769
187,10.2,,1.0,41.19,,0,1,0,0,1,0,0,False,10.2,10.2,False,True,93.27079395413482,93.27079395413482,True,False,1.0,1.0,False,False,41.19,41.19,False,True,,,True,124.16537218800518
188,0.0,94.39,0.0,42.942,,0,0,0,0,1,0,0,False,0.0,0.0,False,False,94.39,94.39,False,False,0.0,0.0,False,False,42.942,42.942,False,True,,,True,110.75704339031388
189,0.0,95.02,2.0,38.491,,0,0,0,0,1,0,0,False,0.0,0.0,False,False,95.02,95.02,False,False,2.0,2.0,False,False,38.491,38.491,False,True,,,True,111.07199316810227
190,0.2,94.64,0.0,40.693,,0,0,0,0,1,0,0,False,0.2,0.2,False,False,94.64,94.64,False,False,0.0,0.0,False,False,40.693,40.693,False,True,,,True,108.92181909585582
191,0.5,92.34,0.0,35.834,,0,0,0,0,1,0,0,False,0.5,0.5,False,False,92.34,92.34,False,False,0.0,0.0,False,False,35.834,35.834,False,True,,,True,103.32887017245153
192,4.4,93.89,2.0,37.132,,0,0,0,0,1,0,0,False,4.4,4.4,False,False,93.89,93.89,False,False,2.0,2.0,False,False,37.132,37.132,False,True,,,True,114.97773721226727
193,0.5,92.41,3.0,36.997,,0,0,0,0,1,0,0,False,0.5,0.5,False,False,92.41,92.41,False,False,3.0,3.0,False,False,36.997,36.997,False,True,,,True,111.12040589857864
194,0.2,93.74,1.0,,,0,0,0,1,1,0,0,False,0.2,0.2,False,False,93.74,93.74,False,False,1.0,1.0,False,True,36.79419525547445,36.79419525547445,True,True,,,True,106.79998728722643
195,0.5,91.55,0.0,36.665,,0,0,0,0,1,0,0,False,0.5,0.5,False,False,91.55,91.55,False,False,0.0,0.0,False,False,36.665,36.665,False,True,,,True,103.74802868191335
196,1.5,91.01,1.0,39.167,,0,0,0,0,1,0,0,False,1.5,1.5,False,False,91.01,91.01,False,False,1.0,1.0,False,False,39.167,39.167,False,True,,,True,109.47677820422946
197,7.5,96.57,3.0,42.248,,0,0,0,0,1,0,0,False,7.5,7.5,False,False,96.57,96.57,False,False,3.0,3.0,False,False,42.248,42.248,False,True,,,True,127.72600553624957
198,0.4,94.62,1.0,37.051,,0,0,0,0,1,0,0,False,0.4,0.4,False,False,94.62,94.62,False,False,1.0,1.0,False,False,37.051,37.051,False,True,,,True,107.76958258405361
199,0.5,93.35,0.0,36.549,,0,0,0,0,1,0,0,False,0.5,0.5,False,False,93.35,93.35,False,False,0.0,0.0,False,False,36.549,36.549,False,True,,,True,104.55390051896536
200,0.0,94.29,1.0,40.091,,0,0,0,0,1,0,0,False,0.0,0.0,False,False,94.29,94.29,False,False,1.0,1.0,False,False,40.091,40.091,False,True,,,True,110.08253090849992
201,0.0,93.53,0.0,39.032,,0,0,0,0,1,0,0,False,0.0,0.0,False,False,93.53,93.53,False,False,0.0,0.0,False,False,39.032,39.032,False,True,,,True,106.44340767427455
202,0.0,91.17,2.0,37.286,,0,0,0,0,1,0,0,False,0.0,0.0,False,False,91.17,91.17,False,False,2.0,2.0,False,False,37.286,37.286,False,True,,,True,107.90870212256448
203,0.0,90.6,0.0,41.566,,0,0,0,0,1,0,0,False,0.0,0.0,False,False,90.6,90.6,False,False,0.0,0.0,False,False,41.566,41.566,False,True,,,True,107.45503303739058
204,0.5,90.32,1.0,34.535,,0,0,0,0,1,0,0,False,0.5,0.5,False,False,90.32,90.32,False,False,1.0,1.0,False,False,34.535,34.535,False,True,,,True,103.20976799809876
205,,89.21,3.0,33.835,,1,0,0,0,1,0,0,True,0.2,0.2,True,False,89.21,89.21,False,False,3.0,3.0,False,False,33.835,33.835,False,True,,,True,105.95328010675377
206,0.4,87.33,0.0,35.181,,0,0,0,0,1,0,0,False,0.4,0.4,False,False,87.33,87.33,False,False,0.0,0.0,False,False,35.181,35.181,False,True,,,True,99.98654916874169
207,17.9,95.24,0.0,47.679,,0,0,0,0,1,0,0,False,17.9,17.9,False,False,95.24,95.24,False,False,0.0,0.0,False,False,47.679,47.679,False,True,,,True,139.60312610919084
208,0.0,,1.0,39.48,,0,1,0,0,1,0,0,False,0.0,0.0,False,True,94.92321152538182,94.92321152538182,True,False,1.0,1.0,False,False,39.48,39.48,False,True,,,True,109.8011243919504
209,0.3,,1.0,36.614,,0,1,0,0,1,0,0,False,0.3,0.3,False,True,94.1042008285414,94.1042008285414,True,False,1.0,1.0,False,False,36.614,36.614,False,True,,,True,106.94027699138368
210,0.0,92.98,0.0,38.52,,0,0,0,0,1,0,0,False,0.0,0.0,False,False,92.98,92.98,False,False,0.0,0.0,False,False,38.52,38.52,False,True,,,True,105.65480697421253
211,0.0,90.84,0.0,36.589,,0,0,0,0,1,0,0,False,0.0,0.0,False,False,90.84,90.84,False,False,0.0,0.0,False,False,36.589,36.589,False,True,,,True,102.64701113400645
212,0.3,91.75,1.0,,,0,0,0,1,1,0,0,False,0.3,0.3,False,False,91.75,91.75,False,False,1.0,1.0,False,True,35.78414271025386,35.78414271025386,True,True,,,True,104.91382606076135
213,0.5,90.33,1.0,35.448,,0,0,0,0,1,0,0,False,0.5,0.5,False,False,90.33,90.33,False,False,1.0,1.0,False,False,35.448,35.448,False,True,,,True,104.11940742180899
214,9.8,92.93,2.0,42.134,,0,0,0,0,1,0,0,False,9.8,9.8,False,False,92.93,92.93,False,False,2.0,2.0,False,False,42.134,42.134,False,True,,,True,126.59743236287146
215,0.0,93.19,,36.596,,0,0,1,0,1,0,0,False,0.0,0.0,False,False,93.19,93.19,False,True,1.0,1.0,True,False,36.596,36.596,False,True,,,True,106.05726976249564
216,0.6,90.7,4.0,34.513,,0,0,0,0,1,0,0,False,0.6,0.6,False,False,90.7,90.7,False,False,4.0,4.0,False,False,34.513,34.513,False,True,,,True,110.11839050187005
217,0.0,,1.0,34.687,,0,1,0,0,1,0,0,False,0.0,0.0,False,True,93.08,93.08,True,False,1.0,1.0,False,False,34.687,34.687,False,True,,,True,104.10972172409909
218,12.8,95.46,0.0,41.681,,0,0,0,0,1,0,0,False,12.8,12.8,False,False,95.46,95.46,False,False,0.0,0.0,False,False,41.681,41.681,False,True,,,True,127.01564100168548
219,,94.58,0.0,41.227,,1,0,0,0,1,0,0,True,0.6,0.6,True,False,94.58,94.58,False,False,0.0,0.0,False,False,41.227,41.227,False,True,,,True,109.9501849275416
220,0.0,93.67,0.0,37.068,,0,0,0,0,1,0,0,False,0.0,0.0,False,False,93.67,93.67,False,False,0.0,0.0,False,False,37.068,37.068,False,True,,,True,104.56925842744401
221,0.6,93.71,2.0,37.739,,0,0,0,0,1,0,0,False,0.6,0.6,False,False,93.71,93.71,False,False,2.0,2.0,False,False,37.739,37.739,False,True,,,True,110.4518653145508
222,13.1,98.27,0.0,42.14,,0,0,0,0,1,0,0,False,13.1,13.1,False,False,98.27,98.27,False,False,0.0,0.0,False,False,42.14,42.14,False,True,,,True,129.30535532241052
223,2.7,100.41,0.0,46.247,,0,0,0,0,1,0,0,False,2.7,2.7,False,False,100.41,100.41,False,False,0.0,0.0,False,False,46.247,46.247,False,True,,,True,120.6885195513083
224,0.4,98.47,0.0,39.285,,0,0,0,0,1,0,0,False,0.4,0.4,False,False,98.47,98.47,False,False,0.0,0.0,False,False,39.285,39.285,False,True,,,True,109.7511459102775
225,0.0,96.63,0.0,38.353,,0,0,0,0,1,0,0,False,0.0,0.0,False,False,96.63,96.63,False,False,0.0,0.0,False,False,38.353,38.353,False,True,,,True,107.35652483831201
226,4.4,98.87,1.0,39.813,,0,0,0,0,1,0,0,False,4.4,4.4,False,False,98.87,98.87,False,False,1.0,1.0,False,False,39.813,39.813,False,True,,,True,117.98020526950357
227,0.1,98.35,0.0,41.192,,0,0,0,0,1,0,0,False,0.1,0.1,False,False,98.35,98.35,False,False,0.0,0.0,False,False,41.192,41.192,False,True,,,True,111.18154298193194
228,0.0,96.38,0.0,35.334,,0,0,0,0,1,0,0,False,0.0,0.0,False,False,96.38,96.38,False,False,0.0,0.0,False,False,35.334,35.334,False,True,,,True,104.23766442843933
229,0.1,93.78,0.0,41.596,,0,0,0,0,1,0,0,False,0.1,0.1,False,False,93.78,93.78,False,False,0.0,0.0,False,False,41.596,41.596,False,True,,,True,109.24399634560913
230,0.0,94.85,0.0,39.87,,0,0,0,0,1,0,0,False,0.0,0.0,False,False,94.85,94.85,False,False,0.0,0.0,False,False,39.87,39.87,False,True,,,True,107.94887746098352
231,0.2,92.31,1.0,36.627,,0,0,0,0,1,0,0,False,0.2,0.2,False,False,92.31,92.31,False,False,1.0,1.0,False,False,36.627,36.627,False,True,,,True,105.9028238317299
232,18.0,101.4,0.0,49.015,,0,0,0,0,1,0,0,False,18.0,18.0,False,False,101.4,101.4,False,False,0.0,0.0,False,False,49.015,49.015,False,True,,,True,144.21039192324386
233,1.3,101.88,1.0,37.222,,0,0,0,0,1,0,0,False,1.3,1.3,False,False,101.88,101.88,False,False,1.0,1.0,False,False,37.222,37.222,False,True,,,True,112.84540510533353
234,0.0,100.83,0.0,40.233,,0,0,0,0,1,0,0,False,0.0,0.0,False,False,100.83,100.83,False,False,0.0,0.0,False,False,40.233,40.233,False,True,,,True,111.36759277921418
235,0.0,,1.0,43.377,,0,1,0,0,1,0,0,False,0.0,0.0,False,True,99.19205773226477,99.19205773226477,True,False,1.0,1.0,False,False,43.377,43.377,False,True,,,True,115.84568538624724
236,0.0,97.65,1.0,44.492,,0,0,0,0,1,0,0,False,0.0,0.0,False,False,97.65,97.65,False,False,1.0,1.0,False,False,44.492,44.492,False,True,,,True,116.16149011100514
237,0.0,96.83,0.0,37.959,,0,0,0,0,1,0,0,False,0.0,0.0,False,False,96.83,96.83,False,False,0.0,0.0,False,False,37.959,37.959,False,True,,,True,107.06849319934382
238,0.1,94.16,0.0,38.814,,0,0,0,0,1,0,0,False,0.1,0.1,False,False,94.16,94.16,False,False,0.0,0.0,False,False,38.814,38.814,False,True,,,True,106.68221389758622
239,0.5,95.7,2.0,37.9,,0,0,0,0,1,0,0,False,0.5,0.5,False,False,95.7,95.7,False,False,2.0,2.0,False,False,37.9,37.9,False,True,,,True,111.49685642442678
240,0.0,94.99,3.0,33.907,,0,0,0,0,1,0,0,False,0.0,0.0,False,False,94.99,94.99,False,False,3.0,3.0,False,False,33.907,33.907,False,True,,,True,108.71637819190741
241,14.6,102.42,0.0,44.378,,0,0,0,0,1,1,1,False,14.6,14.6,False,False,102.42,102.42,False,False,0.0,0.0,False,False,44.378,44.378,False,True,,,True,135.63308405883942
242,2.3,101.11,0.0,43.395,,0,0,0,0,1,0,0,False,2.3,2.3,False,False,101.11,101.11,False,False,0.0,0.0,False,False,43.395,43.395,False,True,,,True,117.69106730157563
243,0.5,100.06,0.0,43.129,,0,0,0,0,1,0,0,False,0.5,0.5,False,False,100.06,100.06,False,False,0.0,0.0,False,False,43.129,43.129,False,True,,,True,114.50533198615906
244,0.5,98.65,0.0,,,0,0,0,1,1,0,0,False,0.5,0.5,False,False,98.65,98.65,False,False,0.0,0.0,False,True,40.349875688959095,40.349875688959095,True,True,,,True,111.03071914012082
245,0.1,97.66,1.0,,,0,0,0,1,1,0,0,False,0.1,0.1,False,False,97.66,97.66,False,False,1.0,1.0,False,True,35.64054895559066,35.64054895559066,True,True,,,True,107.52983377429905
246,0.0,98.33,1.0,33.149,,0,0,0,0,1,0,0,False,0.0,0.0,False,False,98.33,98.33,False,False,1.0,1.0,False,False,33.149,33.149,False,True,,,True,105.27165203995472
247,0.4,96.62,0.0,38.406,,0,0,0,0,1,0,0,False,0.4,0.4,False,False,96.62,96.62,False,False,0.0,0.0,False,False,38.406,38.406,False,True,,,True,107.93393381132853
248,8.9,101.2,2.0,44.347,,0,0,0,0,1,0,0,False,8.9,8.9,False,False,101.2,101.2,False,False,2.0,2.0,False,False,44.347,44.347,False,True,,,True,131.8278912002004
249,0.1,101.54,,41.911,,0,0,1,0,1,0,0,False,0.1,0.1,False,False,101.54,101.54,False,True,1.0,1.0,True,False,41.911,41.911,False,True,,,True,115.72689584393373
250,0.0,99.77,1.0,41.396,,0,0,0,0,1,0,0,False,0.0,0.0,False,False,99.77,99.77,False,False,1.0,1.0,False,False,41.396,41.396,False,True,,,True,114.17872452727818
251,0.2,98.98,2.0,39.596,,0,0,0,0,1,0,0,False,0.2,0.2,False,False,98.98,98.98,False,False,2.0,2.0,False,False,39.596,39.596,False,True,,,True,114.45749166418649
252,5.0,101.42,0.0,40.21,,0,0,0,0,1,0,0,False,5.0,5.0,False,False,101.42,101.42,False,False,0.0,0.0,False,False,40.21,40.21,False,True,,,True,118.27182918560753
253,0.0,100.65,3.0,46.121,,0,0,0,0,1,0,0,False,0.0,0.0,False,False,100.65,100.65,False,False,3.0,3.0,False,False,46.121,46.121,False,True,,,True,123.71237439740972
254,,98.04,1.0,39.118,,1,0,0,0,1,0,0,True,2.6,2.6,True,False,98.04,98.04,False,False,1.0,1.0,False,False,39.118,39.118,False,True,,,True,114.48199430252991
255,12.3,103.46,4.0,44.196,,0,0,0,0,1,0,0,False,12.3,12.3,False,False,103.46,103.46,False,False,4.0,4.0,False,False,44.196,44.196,False,True,,,True,141.74189221975388
256,8.0,106.63,2.0,48.284,,0,0,0,0,1,0,0,False,8.0,8.0,False,False,106.63,106.63,False,False,2.0,2.0,False,False,48.284,48.284,False,True,,,True,137.3135350193548
257,0.2,104.08,2.0,36.311,,0,0,0,0,1,0,0,False,0.2,0.2,False,False,104.08,104.08,False,False,2.0,2.0,False,False,36.311,36.311,False,True,,,True,113.81190785780718
258,0.0,103.04,0.0,41.437,,0,0,0,0,1,0,0,False,0.0,0.0,False,False,103.04,103.04,False,False,0.0,0.0,False,False,41.437,41.437,False,True,,,True,113.69094662862312
259,0.1,103.52,1.0,41.437,,0,0,0,0,1,0,0,False,0.1,0.1,False,False,103.52,103.52,False,False,1.0,1.0,False,False,41.437,41.437,False,True,,,True,116.27017077081277
260,0.6,100.83,2.0,41.801,,0,0,0,0,1,0,0,False,0.6,0.6,False,False,100.83,100.83,False,False,2.0,2.0,False,False,41.801,41.801,False,True,,,True,118.11840999414666
261,0.1,99.27,1.0,38.397,,0,0,0,0,1,0,0,False,0.1,0.1,False,False,99.27,99.27,False,False,1.0,1.0,False,False,38.397,38.397,False,True,,,True,111.0842943939666
262,0.1,100.03,1.0,41.689,,0,0,0,0,1,0,0,False,0.1,0.1,False,False,100.03,100.03,False,False,1.0,1.0,False,False,41.689,41.689,False,True,,,True,114.73451222131828
263,0.1,97.62,0.0,37.909,,0,0,0,0,1,0,0,False,0.1,0.1,False,False,97.62,97.62,False,False,0.0,0.0,False,False,37.909,37.909,False,True,,,True,107.55558818238718
264,0.1,95.66,0.0,44.069,,0,0,0,0,1,0,0,False,0.1,0.1,False,False,95.66,95.66,False,False,0.0,0.0,False,False,44.069,44.069,False,True,,,True,112.65575665942296
265,,94.86,0.0,40.805,,1,0,0,0,1,0,0,True,0.1,0.1,True,False,94.86,94.86,False,False,0.0,0.0,False,False,40.805,40.805,False,True,,,True,109.01281677658255
266,0.0,93.22,0.0,37.232,,0,0,0,0,1,0,0,False,0.0,0.0,False,False,93.22,93.22,False,False,0.0,0.0,False,False,37.232,37.232,False,True,,,True,104.50153715603767
267,0.4,94.61,1.0,36.719,,0,0,0,0,1,0,0,False,0.4,0.4,False,False,94.61,94.61,False,False,1.0,1.0,False,False,36.719,36.719,False,True,,,True,107.43554927623023
268,0.0,89.85,0.0,39.484,,0,0,0,0,1,0,0,False,0.0,0.0,False,False,89.85,89.85,False,False,0.0,0.0,False,False,39.484,39.484,False,True,,,True,105.00869734703379
269,4.8,94.12,1.0,38.058,,0,0,0,0,1,0,0,False,4.8,4.8,False,False,94.12,94.12,False,False,1.0,1.0,False,False,38.058,38.058,False,True,,,True,114.34163939337837
270,4.2,93.63,1.0,38.962,,0,0,0,0,1,0,0,False,4.2,4.2,False,False,93.63,93.63,False,False,1.0,1.0,False,False,38.962,38.962,False,True,,,True,114.19156119330627
271,14.3,99.57,2.0,,,0,0,0,1,1,0,0,False,14.3,14.3,False,False,99.57,99.57,False,False,2.0,2.0,False,True,40.575292103103735,40.575292103103735,True,True,,,True,134.41259141739397
272,0.5,98.26,0.0,41.659,,0,0,0,0,1,0,0,False,0.5,0.5,False,False,98.26,98.26,False,False,0.0,0.0,False,False,41.659,41.659,False,True,,,True,112.12818424584277
273,5.8,101.04,1.0,38.675,,0,0,0,0,1,0,0,False,5.8,5.8,False,False,101.04,101.04,False,False,1.0,1.0,False,False,38.675,38.675,False,True,,,True,119.81789754927325
274,0.0,97.79,4.0,37.211,,0,0,0,0,1,0,0,False,0.0,0.0,False,False,97.79,97.79,False,False,4.0,4.0,False,False,37.211,37.211,False,True,,,True,115.6232268819654
275,,97.25,0.0,40.898,,1,0,0,0,1,0,0,True,0.4,0.4,True,False,97.25,97.25,False,False,0.0,0.0,False,False,40.898,40.898,False,True,,,True,110.72507681848785
276,0.0,97.42,1.0,39.377,,0,0,0,0,1,0,0,False,0.0,0.0,False,False,97.42,97.42,False,False,1.0,1.0,False,False,39.377,39.377,False,True,,,True,110.97631958726508
277,2.7,95.52,0.0,44.319,,0,0,0,0,1,0,0,False,2.7,2.7,False,False,95.52,95.52,False,False,0.0,0.0,False,False,44.319,44.319,False,True,,,True,116.2769258476561
278,0.3,95.73,0.0,38.616,,0,0,0,0,1,0,0,False,0.3,0.3,False,False,95.73,95.73,False,False,0.0,0.0,False,False,38.616,38.616,False,True,,,True,107.55419814813447
279,,97.16,0.0,42.572,,1,0,0,0,1,0,0,True,0.15,0.15,True,False,97.16,97.16,False,False,0.0,0.0,False,False,42.572,42.572,False,True,,,True,112.00623566368814
280,0.0,95.67,0.0,38.326,,0,0,0,0,1,0,0,False,0.0,0.0,False,False,95.67,95.67,False,False,0.0,0.0,False,False,38.326,38.326,False,True,,,True,106.83868487834702
281,0.0,95.77,,38.286,,0,0,1,0,1,0,0,False,0.0,0.0,False,False,95.77,95.77,False,True,0.0,0.0,True,False,38.286,38.286,False,True,,,True,106.8502115032592
282,0.4,93.22,3.0,,,0,0,0,1,1,0,0,False,0.4,0.4,False,False,93.22,93.22,False,False,3.0,3.0,False,True,39.080999999999996,39.080999999999996,True,True,,,True,113.46691204989853
283,0.0,93.3,0.0,39.876,,0,0,0,0,1,0,0,False,0.0,0.0,False,False,93.3,93.3,False,False,0.0,0.0,False,False,39.876,39.876,False,True,,,True,107.1619150241485
284,0.3,92.78,0.0,,,0,0,0,1,1,0,0,False,0.3,0.3,False,False,92.78,92.78,False,False,0.0,0.0,False,True,39.21514125898446,39.21514125898446,True,True,,,True,106.63869654490355
285,0.2,94.05,,37.955,,0,0,1,0,1,0,0,False,0.2,0.2,False,False,94.05,94.05,False,True,0.0,0.0,True,False,37.955,37.955,False,True,,,True,105.90742201120186
286,0.7,,2.0,36.46,,0,1,0,0,1,0,0,False,0.7,0.7,False,True,93.21770428015563,93.21770428015563,True,False,2.0,2.0,False,False,36.46,36.46,False,True,,,True,109.06540820171291
287,0.0,91.75,0.0,,,0,0,0,1,1,0,0,False,0.0,0.0,False,False,91.75,91.75,False,False,0.0,0.0,False,True,37.665,37.665,True,True,,,True,104.17853475784507
288,0.8,,,38.87,,0,1,1,0,1,0,0,False,0.8,0.8,False,True,90.01229571984436,90.01229571984436,True,True,0.0,0.0,True,False,38.87,38.87,False,True,,,True,105.54345349795422
289,0.1,88.91,0.0,37.331,,0,0,0,0,1,0,0,False,0.1,0.1,False,False,88.91,88.91,False,False,0.0,0.0,False,False,37.331,37.331,False,True,,,True,102.52732992236024
290,0.0,,0.0,35.12,,0,1,0,0,1,0,0,False,0.0,0.0,False,True,89.18499999999999,89.18499999999999,True,False,0.0,0.0,False,False,35.12,35.12,False,True,,,True,100.34502925598721
291,2.7,89.46,2.0,37.106,,0,0,0,0,1,0,0,False,2.7,2.7,False,False,89.46,89.46,False,False,2.0,2.0,False,False,37.106,37.106,False,True,,,True,110.43322968871186
292,0.7,87.84,2.0,37.764,,0,0,0,0,1,0,0,False,0.7,0.7,False,False,87.84,87.84,False,False,2.0,2.0,False,False,37.764,37.764,False,True,,,True,107.6063228202141
293,3.4,89.09,3.0,39.179,,0,0,0,0,1,0,0,False,3.4,3.4,False,False,89.09,89.09,False,False,3.0,3.0,False,False,39.179,39.179,False,True,,,True,115.42641351684028
294,2.5,90.2,1.0,39.75,,0,0,0,0,1,0,0,False,2.5,2.5,False,False,90.2,90.2,False,False,1.0,1.0,False,False,39.75,39.75,False,True,,,True,110.96504939337632
295,0.0,88.1,2.0,37.153,,0,0,0,0,1,0,0,False,0.0,0.0,False,False,88.1,88.1,False,False,2.0,2.0,False,False,37.153,37.153,False,True,,,True,106.2064699809241
296,0.3,88.79,0.0,36.745,,0,0,0,0,1,0,0,False,0.3,0.3,False,False,88.79,88.79,False,False,0.0,0.0,False,False,36.745,36.745,False,True,,,True,102.15039216834086
297,5.3,88.56,1.0,40.631,,0,0,0,0,1,0,0,False,5.3,5.3,False,False,88.56,88.56,False,False,1.0,1.0,False,False,40.631,40.631,False,True,,,True,114.7090396810219
298,0.3,88.67,0.0,34.018,,0,0,0,0,1,0,0,False,0.3,0.3,False,False,88.67,88.67,False,False,0.0,0.0,False,False,34.018,34.018,False,True,,,True,99.38732274583693
299,0.0,86.75,0.0,34.138,,0,0,0,0,1,0,0,False,0.0,0.0,False,False,86.75,86.75,False,False,0.0,0.0,False,False,34.138,34.138,False,True,,,True,98.1265150397635
300,0.5,,0.0,,,0,1,0,1,1,0,0,False,0.5,0.5,False,True,85.11820388349516,85.11820388349516,True,False,0.0,0.0,False,True,32.3975,32.3975,True,True,,,True,96.22994439845446
301,0.2,84.26,0.0,30.657,,0,0,0,0,1,0,0,False,0.2,0.2,False,False,84.26,84.26,False,False,0.0,0.0,False,False,30.657,30.657,False,True,,,True,93.66907389433898
302,0.0,85.16,0.0,36.358,,0,0,0,0,1,0,0,False,0.0,0.0,False,False,85.16,85.16,False,False,0.0,0.0,False,False,36.358,36.358,False,True,,,True,99.51253617451145
303,1.4,83.07,1.0,33.689,,0,0,0,0,1,0,0,False,1.4,1.4,False,False,83.07,83.07,False,False,1.0,1.0,False,False,33.689,33.689,False,True,,,True,99.85540200113765
304,0.2,82.29,1.0,33.217,,0,0,0,0,1,0,0,False,0.2,0.2,False,False,82.29,82.29,False,False,1.0,1.0,False,False,33.217,33.217,False,True,,,True,97.39872319685726
305,0.0,78.98,2.0,29.176,,0,0,0,0,1,0,0,False,0.0,0.0,False,False,78.98,78.98,False,False,2.0,2.0,False,False,29.176,29.176,False,True,,,True,93.63816589016473
306,0.3,79.13,1.0,33.416,,0,0,0,0,1,0,0,False,0.3,0.3,False,False,79.13,79.13,False,False,1.0,1.0,False,False,33.416,33.416,False,True,,,True,96.11187322522346
307,0.4,78.84,1.0,29.141,,0,0,0,0,1,0,0,False,0.4,0.4,False,False,78.84,78.84,False,False,1.0,1.0,False,False,29.141,29.141,False,True,,,True,91.86071528626339
308,0.0,77.1,1.0,31.783,,0,0,0,0,1,0,0,False,0.0,0.0,False,False,77.1,77.1,False,False,1.0,1.0,False,False,31.783,31.783,False,True,,,True,93.05806920894342
309,0.6,,2.0,31.5,,0,1,0,0,1,0,0,False,0.6,0.6,False,True,76.45254976366917,76.45254976366917,True,False,2.0,2.0,False,False,31.5,31.5,False,True,,,True,95.4426910932774
310,0.1,75.88,1.0,30.685,,0,0,0,0,1,0,0,False,0.1,0.1,False,False,75.88,75.88,False,False,1.0,1.0,False,False,30.685,30.685,False,True,,,True,91.47867261709976
311,0.2,74.8,0.0,31.456,,0,0,0,0,1,0,0,False,0.2,0.2,False,False,74.8,74.8,False,False,0.0,0.0,False,False,31.456,31.456,False,True,,,True,89.621367301705
312,19.8,84.99,0.0,39.627,,0,0,0,0,1,1,0,False,19.8,19.8,False,False,84.99,84.99,False,False,0.0,0.0,False,False,39.627,39.627,False,True,,,True,128.90004228781441
313,0.2,83.42,2.0,34.269,,0,0,0,0,1,0,0,False,0.2,0.2,False,False,83.42,83.42,False,False,2.0,2.0,False,False,34.269,34.269,False,True,,,True,101.22018592835242
314,0.1,84.04,,33.976,,0,0,1,0,1,0,0,False,0.1,0.1,False,False,84.04,84.04,False,True,1.0,1.0,True,False,33.976,33.976,False,True,,,True,98.91338994252956
315,0.0,82.84,1.0,35.689,,0,0,0,0,1,0,0,False,0.0,0.0,False,False,82.84,82.84,False,False,1.0,1.0,False,False,35.689,35.689,False,True,,,True,99.86411939065847
316,0.3,82.54,1.0,30.798,,0,0,0,0,1,0,0,False,0.3,0.3,False,False,82.54,82.54,False,False,1.0,1.0,False,False,30.798,30.798,False,True,,,True,95.26257301197123
317,0.4,80.12,1.0,29.27,,0,0,0,0,1,0,0,False,0.4,0.4,False,False,80.12,80.12,False,False,1.0,1.0,False,False,29.27,29.27,False,True,,,True,92.64330517340686
318,,79.84,2.0,29.481,,1,0,0,0,1,0,0,True,0.15,0.15,True,False,79.84,79.84,False,False,2.0,2.0,False,False,29.481,29.481,False,True,,,True,94.57902588535161
319,0.0,77.81,1.0,31.983,,0,0,0,0,1,0,0,False,0.0,0.0,False,False,77.81,77.81,False,False,1.0,1.0,False,False,31.983,31.983,False,True,,,True,93.61941488969121
320,0.0,77.57,2.0,33.874,,0,0,0,0,1,0,0,False,0.0,0.0,False,False,77.57,77.57,False,False,2.0,2.0,False,False,33.874,33.874,False,True,,,True,97.57126127593612
321,4.0,77.87,0.0,32.194,,0,0,0,0,1,0,0,False,4.0,4.0,False,False,77.87,77.87,False,False,0.0,0.0,False,False,32.194,32.194,False,True,,,True,96.95813989145402
322,0.0,78.52,1.0,34.646,,0,0,0,0,1,0,0,False,0.0,0.0,False,False,78.52,78.52,False,False,1.0,1.0,False,False,34.646,34.646,False,True,,,True,96.62089458666844
323,0.0,78.05,2.0,33.57,,0,0,0,0,1,0,0,False,0.0,0.0,False,False,78.05,78.05,False,False,2.0,2.0,False,False,33.57,33.57,False,True,,,True,97.51562886040387
324,2.3,77.55,0.0,32.427,,0,0,0,0,1,0,0,False,2.3,2.3,False,False,77.55,77.55,False,False,0.0,0.0,False,False,32.427,32.427,False,True,,,True,94.77270959246499
325,0.0,,2.0,,,0,1,0,1,1,0,0,False,0.0,0.0,False,True,76.59619584760651,76.59619584760651,True,False,2.0,2.0,False,True,30.93674531449666,30.93674531449666,True,True,,,True,94.16312328258434
326,0.1,75.48,,30.03,,0,0,1,0,1,0,0,False,0.1,0.1,False,False,75.48,75.48,False,True,0.0,0.0,True,False,30.03,30.03,False,True,,,True,88.4239577136357
327,0.0,74.55,1.0,30.055,,0,0,0,0,1,0,0,False,0.0,0.0,False,False,74.55,74.55,False,False,1.0,1.0,False,False,30.055,30.055,False,True,,,True,90.0416521386449
328,,75.59,0.0,31.015,,1,0,0,0,1,0,0,True,0.15000000000000002,0.15000000000000002,True,False,75.59,75.59,False,False,0.0,0.0,False,False,31.015,31.015,False,True,,,True,89.52233604504342
329,0.2,76.55,0.0,31.482,,0,0,0,0,1,0,0,False,0.2,0.2,False,False,76.55,76.55,False,False,0.0,0.0,False,False,31.482,31.482,False,True,,,True,90.5423432034751
330,0.3,73.43,0.0,,,0,0,0,1,1,0,0,False,0.3,0.3,False,False,73.43,73.43,False,False,0.0,0.0,False,True,30.9429089433294,30.9429089433294,True,True,,,True,88.54471656950533
331,0.2,72.35,0.0,29.586,,0,0,0,0,1,0,0,False,0.2,0.2,False,False,72.35,72.35,False,False,0.0,0.0,False,False,29.586,29.586,False,True,,,True,86.5154238032714
332,0.5,72.26,1.0,25.689,,0,0,0,0,1,0,0,False,0.5,0.5,False,False,72.26,72.26,False,False,1.0,1.0,False,False,25.689,25.689,False,True,,,True,85.20725010298403
333,3.1,72.25,0.0,28.308,,0,0,0,0,1,0,0,False,3.1,3.1,False,False,72.25,72.25,False,False,0.0,0.0,False,False,28.308,28.308,False,True,,,True,89.04075314352232
334,0.0,72.95,0.0,29.424,,0,0,0,0,1,0,0,False,0.0,0.0,False,False,72.95,72.95,False,False,0.0,0.0,False,False,29.424,29.424,False,True,,,True,86.39685114614105
335,0.6,69.39,1.0,,,0,0,0,1,1,0,0,False,0.6,0.6,False,False,69.39,69.39,False,False,1.0,1.0,False,True,28.402500000000003,28.402500000000003,True,True,,,True,86.55990632438791
336,0.0,69.35,0.0,27.381,,0,0,0,0,1,0,0,False,0.0,0.0,False,False,69.35,69.35,False,False,0.0,0.0,False,False,27.381,27.381,False,True,,,True,82.53122810260056
337,0.0,69.2,2.0,28.902,,0,0,0,0,1,0,0,False,0.0,0.0,False,False,69.2,69.2,False,False,2.0,2.0,False,False,28.902,28.902,False,True,,,True,88.36372393399061
338,0.5,67.82,0.0,28.381,,0,0,0,0,1,0,0,False,0.5,0.5,False,False,67.82,67.82,False,False,0.0,0.0,False,False,28.381,28.381,False,True,,,True,83.40178930625237
339,0.4,67.08,1.0,25.715,,0,0,0,0,1,0,0,False,0.4,0.4,False,False,67.08,67.08,False,False,1.0,1.0,False,False,25.715,25.715,False,True,,,True,82.45066143900071
340,0.0,67.2,2.0,27.626,,0,0,0,0,1,0,0,False,0.0,0.0,False,False,67.2,67.2,False,False,2.0,2.0,False,False,27.626,27.626,False,True,,,True,86.0764645913734
341,0.5,65.47,1.0,26.191,,0,0,0,0,1,0,0,False,0.5,0.5,False,False,65.47,65.47,False,False,1.0,1.0,False,False,26.191,26.191,False,True,,,True,82.23114659059777
342,1.1,65.55,1.0,26.481,,0,0,0,0,1,0,0,False,1.1,1.1,False,False,65.55,65.55,False,False,1.0,1.0,False,False,26.481,26.481,False,True,,,True,83.354403321066
343,5.7,66.93,0.0,29.757,,0,0,0,0,1,0,0,False,5.7,5.7,False,False,66.93,66.93,False,False,0.0,0.0,False,False,29.757,29.757,False,True,,,True,91.19994791316486
344,0.0,66.95,2.0,31.977,,0,0,0,0,1,0,0,False,0.0,0.0,False,False,66.95,66.95,False,False,2.0,2.0,False,False,31.977,31.977,False,True,,,True,90.2591826222685
345,0.1,68.55,1.0,29.763,,0,0,0,0,1,0,0,False,0.1,0.1,False,False,68.55,68.55,False,False,1.0,1.0,False,False,29.763,29.763,False,True,,,True,86.81555075178079
346,0.2,64.78,0.0,28.247,,0,0,0,0,1,1,0,False,0.2,0.2,False,False,64.78,64.78,False,False,0.0,0.0,False,False,28.247,28.247,False,True,,,True,81.31640062430787
347,0.0,65.41,0.0,24.992,,0,0,0,0,1,0,0,False,0.0,0.0,False,False,65.41,65.41,False,False,0.0,0.0,False,False,24.992,24.992,False,True,,,True,78.14888932290006
348,2.1,,3.0,30.753,,0,1,0,0,1,0,0,False,2.1,2.1,False,True,71.85713895948572,71.85713895948572,True,False,3.0,3.0,False,False,30.753,30.753,False,True,,,True,96.54056786303856
349,25.8,77.78,,40.996,,0,0,1,0,1,0,0,False,25.8,25.8,False,False,77.78,77.78,False,True,0.0,0.0,True,False,40.996,40.996,False,True,,,True,134.51828569998446
350,0.0,77.37,1.0,31.6,,0,0,0,0,1,0,0,False,0.0,0.0,False,False,77.37,77.37,False,False,1.0,1.0,False,False,31.6,31.6,False,True,,,True,93.01488738073039
351,22.3,88.61,0.0,41.598,,0,0,0,0,1,1,0,False,22.3,22.3,False,False,88.61,82.65,False,False,0.0,0.0,False,False,41.598,41.598,False,True,,,True,132.96831392216717
352,3.3,87.01,0.0,33.704,,0,0,0,0,1,0,0,False,3.3,3.3,False,False,87.01,87.01,False,False,0.0,0.0,False,False,33.704,33.704,False,True,,,True,102.2021843829646
353,0.0,85.93,1.0,,,0,0,0,1,1,0,0,False,0.0,0.0,False,False,85.93,85.93,False,False,1.0,1.0,False,True,34.23915611396913,34.23915611396913,True,True,,,True,100.00843349692605
354,0.5,85.53,1.0,35.32,,0,0,0,0,1,0,0,False,0.5,0.5,False,False,85.53,85.53,False,False,1.0,1.0,False,False,35.32,35.32,False,True,,,True,101.53714263542845
355,0.0,85.07,,36.837,,0,0,1,0,1,0,0,False,0.0,0.0,False,False,85.07,85.07,False,True,1.0,1.0,True,False,36.837,36.837,False,True,,,True,102.14222418714526
356,0.6,82.65,4.0,34.148,,0,0,0,0,1,0,0,False,0.6,0.6,False,False,82.65,82.65,False,False,4.0,4.0,False,False,34.148,34.148,False,True,,,True,105.6387795966904
357,0.3,83.07,1.0,34.315,,0,0,0,0,1,0,0,False,0.3,0.3,False,False,83.07,83.07,False,False,1.0,1.0,False,False,34.315,34.315,False,True,,,True,99.01804485746888
358,11.1,88.3,,37.334,,0,0,1,0,1,0,0,False,11.1,11.1,False,False,88.3,88.3,False,True,1.0,1.0,True,False,37.334,37.334,False,True,,,True,118.99488448872196
359,0.0,88.43,1.0,35.423,,0,0,0,0,1,0,0,False,0.0,0.0,False,False,88.43,88.43,False,False,1.0,1.0,False,False,35.423,35.423,False,True,,,True,102.46016864975026
360,0.0,85.26,1.0,33.571,,0,0,0,0,1,0,0,False,0.0,0.0,False,False,85.26,85.26,False,False,1.0,1.0,False,False,33.571,33.571,False,True,,,True,99.00374007623563
361,0.0,84.62,0.0,36.178,,0,0,0,0,1,0,0,False,0.0,0.0,False,False,84.62,84.62,False,False,0.0,0.0,False,False,36.178,36.178,False,True,,,True,99.0579687822728
362,0.0,84.84,1.0,36.113,,0,0,0,0,1,0,0,False,0.0,0.0,False,False,84.84,84.84,False,False,1.0,1.0,False,False,36.113,36.113,False,True,,,True,101.30728852546916
363,0.7,83.89,2.0,36.905,,0,0,0,0,1,0,0,False,0.7,0.7,False,False,83.89,83.89,False,False,2.0,2.0,False,False,36.905,36.905,False,True,,,True,104.7346643089059
364,6.1,85.17,3.0,38.694,,0,0,0,0,1,0,0,False,6.1,6.1,False,False,85.17,85.17,False,False,3.0,3.0,False,False,38.694,38.694,False,True,,,True,116.51824110308351
365,0.1,82.93,1.0,38.597,,0,0,0,0,1,0,0,False,0.1,0.1,False,False,82.93,82.93,False,False,1.0,1.0,False,False,38.597,38.597,False,True,,,True,102.92366599991036
366,0.4,82.69,1.0,33.781,,0,0,0,0,1,0,0,False,0.4,0.4,False,False,82.69,82.69,False,False,1.0,1.0,False,False,33.781,33.781,False,True,,,True,98.42711650059866
367,10.2,88.12,,41.803,,0,0,1,0,1,0,0,False,10.2,10.2,False,False,88.12,88.12,False,True,1.0,1.0,True,False,41.803,41.803,False,True,,,True,122.13777850503931
368,1.2,87.64,0.0,34.829,,0,0,0,0,1,0,0,False,1.2,1.2,False,False,87.64,87.64,False,False,0.0,0.0,False,False,34.829,34.829,False,True,,,True,100.8564314937162
369,0.0,88.34,,31.336,,0,0,1,0,1,0,0,False,0.0,0.0,False,False,88.34,88.34,False,True,0.0,0.0,True,False,31.336,31.336,False,True,,,True,96.16389707292235
370,5.7,89.32,0.0,34.04,,0,0,0,0,1,0,0,False,5.7,5.7,False,False,89.32,89.32,False,False,0.0,0.0,False,False,34.04,34.04,False,True,,,True,106.89685108681222
371,0.0,88.47,0.0,36.239,,0,0,0,0,1,0,0,False,0.0,0.0,False,False,88.47,88.47,False,False,0.0,0.0,False,False,36.239,36.239,False,True,,,True,101.08788048775111
372,0.0,85.26,0.0,35.315,,0,0,0,0,1,0,0,False,0.0,0.0,False,False,85.26,85.26,False,False,0.0,0.0,False,False,35.315,35.315,False,True,,,True,98.5303744444589
373,9.0,91.67,2.0,37.862,,0,0,0,0,1,0,0,False,9.0,9.0,False,False,91.67,91.67,False,False,2.0,2.0,False,False,37.862,37.862,False,True,,,True,120.66050320467738
374,0.0,87.93,0.0,42.262,,0,0,0,0,1,0,0,False,0.0,0.0,False,False,87.93,87.93,False,False,0.0,0.0,False,False,42.262,42.262,False,True,,,True,106.77872572347482
375,0.0,88.96,0.0,41.278,,0,0,0,0,1,0,0,False,0.0,0.0,False,False,88.96,88.96,False,False,0.0,0.0,False,False,41.278,41.278,False,True,,,True,106.33076029004052
376,4.1,90.33,4.0,38.615,,0,0,0,0,1,0,0,False,4.1,4.1,False,False,90.33,90.33,False,False,4.0,4.0,False,False,38.615,38.615,False,True,,,True,118.63067860680779
377,0.1,90.51,1.0,38.123,,0,0,0,0,1,0,0,False,0.1,0.1,False,False,90.51,90.51,False,False,1.0,1.0,False,False,38.123,38.123,False,True,,,True,106.33163622408576
378,0.0,88.4,0.0,39.583,,0,0,0,0,1,0,0,False,0.0,0.0,False,False,88.4,88.4,False,False,0.0,0.0,False,False,39.583,39.583,False,True,,,True,104.36502679055492
379,0.1,87.89,2.0,37.824,,0,0,0,0,1,0,0,False,0.1,0.1,False,False,87.89,87.89,False,False,2.0,2.0,False,False,37.824,37.824,False,True,,,True,106.89631861708266
380,5.6,89.17,0.0,41.511,,0,0,0,0,1,0,0,False,5.6,5.6,False,False,89.17,89.17,False,False,0.0,0.0,False,False,41.511,41.511,False,True,,,True,114.08925481932273
381,0.4,88.95,0.0,34.448,,0,0,0,0,1,0,0,False,0.4,0.4,False,False,88.95,88.95,False,False,0.0,0.0,False,False,34.448,34.448,False,True,,,True,100.08906961477959
382,0.0,89.14,0.0,36.93,,0,0,0,0,1,0,0,False,0.0,0.0,False,False,89.14,89.14,False,False,0.0,0.0,False,False,36.93,36.93,False,True,,,True,102.11520571654823
383,0.0,88.58,0.0,35.303,,0,0,0,0,1,0,0,False,0.0,0.0,False,False,88.58,88.58,False,False,0.0,0.0,False,False,35.303,35.303,False,True,,,True,100.21684091909414
384,0.0,89.46,1.0,32.71,,0,0,0,0,1,0,0,False,0.0,0.0,False,False,89.46,89.46,False,False,1.0,1.0,False,False,32.71,32.71,False,True,,,True,100.29925489554422
385,12.2,94.42,1.0,42.093,,0,0,0,0,1,0,0,False,12.2,12.2,False,False,94.42,89.34,False,False,1.0,1.0,False,False,42.093,42.093,False,True,,,True,125.69926324448878
386,0.5,92.69,0.0,34.454,,0,0,0,0,1,0,0,False,0.5,0.5,False,False,92.69,92.69,False,False,0.0,0.0,False,False,34.454,34.454,False,True,,,True,102.14072526377548
387,0.0,90.29,1.0,37.021,,0,0,0,0,1,0,0,False,0.0,0.0,False,False,90.29,90.29,False,False,1.0,1.0,False,False,37.021,37.021,False,True,,,True,104.99482122837838
388,0.2,89.34,0.0,38.588,,0,0,0,0,1,0,0,False,0.2,0.2,False,False,89.34,89.34,False,False,0.0,0.0,False,False,38.588,38.588,False,True,,,True,104.1251320036998
389,3.1,90.27,2.0,40.373,,0,0,0,0,1,0,0,False,3.1,3.1,False,False,90.27,90.27,False,False,2.0,2.0,False,False,40.373,40.373,False,True,,,True,114.6142737888847
390,0.0,88.46,1.0,35.194,,0,0,0,0,1,0,0,False,0.0,0.0,False,False,88.46,88.46,False,False,1.0,1.0,False,False,35.194,35.194,False,True,,,True,102.24864122044688
391,0.0,88.21,0.0,37.881,,0,0,0,0,1,0,0,False,0.0,0.0,False,False,88.21,88.21,False,False,0.0,0.0,False,False,37.881,37.881,False,True,,,True,102.58163278833914
392,0.2,88.32,1.0,,,0,0,0,1,1,0,0,False,0.2,0.2,False,False,88.32,88.32,False,False,1.0,1.0,False,True,35.891,35.891,True,True,,,True,103.13256130453581
393,0.0,87.89,0.0,33.901,,0,0,0,0,1,0,0,False,0.0,0.0,False,False,87.89,87.89,False,False,0.0,0.0,False,False,33.901,33.901,False,True,,,True,98.47488541295205
394,5.8,,0.0,41.281,,0,1,0,0,1,0,0,False,5.8,5.8,False,True,87.89500000000001,87.89500000000001,True,False,0.0,0.0,False,False,41.281,41.281,False,True,,,True,113.47416862969504
395,0.0,87.9,0.0,35.696,,0,0,0,0,1,0,0,False,0.0,0.0,False,False,87.9,87.9,False,False,0.0,0.0,False,False,35.696,35.696,False,True,,,True,100.25833653065916
396,0.8,87.26,0.0,42.45,,0,0,0,0,1,0,0,False,0.8,0.8,False,False,87.26,87.26,False,False,0.0,0.0,False,False,42.45,42.45,False,True,,,True,107.68227312284915
397,1.2,86.59,2.0,34.803,,0,0,0,0,1,0,0,False,1.2,1.2,False,False,86.59,86.59,False,False,2.0,2.0,False,False,34.803,34.803,False,True,,,True,104.69589189539539
398,0.0,86.04,2.0,35.183,,0,0,0,0,1,0,0,False,0.0,0.0,False,False,86.04,86.04,False,False,2.0,2.0,False,False,35.183,35.183,False,True,,,True,103.20096042720336
399,0.0,83.15,,,,0,0,1,1,1,0,0,False,0.0,0.0,False,False,83.15,83.15,False,True,2.0,2.0,True,True,35.134927751980335,35.134927751980335,True,True,,,True,101.67494707751723
400,0.0,83.8,2.0,34.978,,0,0,0,0,1,0,0,False,0.0,0.0,False,False,83.8,83.8,False,False,2.0,2.0,False,False,34.978,34.978,False,True,,,True,101.85198548598396
401,0.3,82.36,0.0,32.818,,0,0,0,0,1,0,0,False,0.3,0.3,False,False,82.36,82.36,False,False,0.0,0.0,False,False,32.818,32.818,False,True,,,True,94.9705655614471
402,,81.99,2.0,32.253,,1,0,0,0,1,0,0,True,0.0,0.0,True,False,81.99,81.99,False,False,2.0,2.0,False,False,32.253,32.253,False,True,,,True,98.22637337938721
403,0.0,81.58,1.0,32.694,,0,0,0,0,1,0,0,False,0.0,0.0,False,False,81.58,81.58,False,False,1.0,1.0,False,False,32.694,32.694,False,True,,,True,96.25236791076142
404,0.2,79.68,2.0,33.375,,0,0,0,0,1,0,0,False,0.2,0.2,False,False,79.68,79.68,False,False,2.0,2.0,False,False,33.375,33.375,False,True,,,True,98.42127842347075
405,0.0,78.76,1.0,30.526,,0,0,0,0,1,0,0,False,0.0,0.0,False,False,78.76,78.76,False,False,1.0,1.0,False,False,30.526,30.526,False,True,,,True,92.66191647212258
406,6.1,80.94,3.0,35.406,,0,0,0,0,1,0,0,False,6.1,6.1,False,False,80.94,80.94,False,False,3.0,3.0,False,False,35.406,35.406,False,True,,,True,111.0968981616968
407,0.0,79.77,2.0,32.554,,0,0,0,0,1,0,0,False,0.0,0.0,False,False,79.77,79.77,False,False,2.0,2.0,False,False,32.554,32.554,False,True,,,True,97.38893189321195
408,,80.03,2.0,34.752,,1,0,0,0,1,0,0,True,0.0,0.0,True,False,80.03,80.03,False,False,2.0,2.0,False,False,34.752,34.752,False,True,,,True,99.6995298249914
409,0.0,77.93,0.0,31.386,,0,0,0,0,1,0,0,False,0.0,0.0,False,False,77.93,77.93,False,False,0.0,0.0,False,False,31.386,31.386,False,True,,,True,90.88816894665841
410,0.0,77.85,2.0,36.931,,0,0,0,0,1,0,0,False,0.0,0.0,False,False,77.85,77.85,False,False,2.0,2.0,False,False,36.931,36.931,False,True,,,True,100.74311548359974
411,0.0,76.12,1.0,32.427,,0,0,0,0,1,0,0,False,0.0,0.0,False,False,76.12,76.12,False,False,1.0,1.0,False,False,32.427,32.427,False,True,,,True,93.1947687688032
412,8.2,80.79,1.0,37.308,,0,0,0,0,1,0,0,False,8.2,8.2,False,False,80.79,80.79,False,False,1.0,1.0,False,False,37.308,37.308,False,True,,,True,111.28474492746321
413,2.3,80.29,2.0,35.557,,0,0,0,0,1,0,0,False,2.3,2.3,False,False,80.29,80.29,False,False,2.0,2.0,False,False,35.557,35.557,False,True,,,True,103.67765519436284
414,0.0,79.35,0.0,36.471,,0,0,0,0,1,0,0,False,0.0,0.0,False,False,79.35,79.35,False,False,0.0,0.0,False,False,36.471,36.471,False,True,,,True,96.65236573488356
415,12.5,84.6,0.0,37.924,,0,0,0,0,1,0,0,False,12.5,12.5,False,False,84.6,84.6,False,False,0.0,0.0,False,False,37.924,37.924,False,True,,,True,117.34054514256884
416,0.0,84.1,1.0,35.008,,0,0,0,0,1,0,0,False,0.0,0.0,False,False,84.1,84.1,False,False,1.0,1.0,False,False,35.008,35.008,False,True,,,True,99.83399809602872
417,0.4,83.8,0.0,34.744,,0,0,0,0,1,0,0,False,0.4,0.4,False,False,83.8,83.8,False,False,0.0,0.0,False,False,34.744,34.744,False,True,,,True,97.7478250438086
418,0.6,82.93,3.0,35.337,,0,0,0,0,1,0,0,False,0.6,0.6,False,False,82.93,82.93,False,False,3.0,3.0,False,False,35.337,35.337,False,True,,,True,104.75880123525663
419,10.9,86.31,1.0,38.797,,0,0,0,0,1,0,0,False,10.9,10.9,False,False,86.31,86.31,False,False,1.0,1.0,False,False,38.797,38.797,False,True,,,True,119.16130409190382
420,0.9,86.25,0.0,32.12,,0,0,0,0,1,0,0,False,0.9,0.9,False,False,86.25,86.25,False,False,0.0,0.0,False,False,32.12,32.12,False,True,,,True,97.06401058767062
421,0.0,83.67,3.0,36.149,,0,0,0,0,1,0,0,False,0.0,0.0,False,False,83.67,83.67,False,False,3.0,3.0,False,False,36.149,36.149,False,True,,,True,105.14678700414258
422,0.0,84.67,0.0,31.111,,0,0,0,0,1,0,0,False,0.0,0.0,False,False,84.67,84.67,False,False,0.0,0.0,False,False,31.111,31.111,False,True,,,True,94.06358740130214
423,0.2,82.71,0.0,31.355,,0,0,0,0,1,0,0,False,0.2,0.2,False,False,82.71,82.71,False,False,0.0,0.0,False,False,31.355,31.355,False,True,,,True,93.56768707229517
424,0.0,84.35,0.0,37.255,,0,0,0,0,1,0,0,False,0.0,0.0,False,False,84.35,84.35,False,False,0.0,0.0,False,False,37.255,37.255,False,True,,,True,99.98685089895889
425,0.0,82.37,0.0,30.561,,0,0,0,0,1,0,0,False,0.0,0.0,False,False,82.37,82.37,False,False,0.0,0.0,False,False,30.561,30.561,False,True,,,True,92.34212220499387
426,10.4,85.68,3.0,36.983,,0,0,0,0,1,0,0,False,10.4,10.4,False,False,85.68,85.68,False,False,3.0,3.0,False,False,36.983,36.983,False,True,,,True,120.78169538718814
427,0.0,84.99,2.0,36.582,,0,0,0,0,1,0,0,False,0.0,0.0,False,False,84.99,84.99,False,False,2.0,2.0,False,False,36.582,36.582,False,True,,,True,104.04984203163792
428,0.0,82.73,1.0,33.315,,0,0,0,0,1,0,0,False,0.0,0.0,False,False,82.73,82.73,False,False,1.0,1.0,False,False,33.315,33.315,False,True,,,True,97.45588831631117
429,0.6,84.61,2.0,36.696,,0,0,0,0,1,0,0,False,0.6,0.6,False,False,84.61,84.61,False,False,2.0,2.0,False,False,36.696,36.696,False,True,,,True,104.7634184532257
430,0.0,82.31,0.0,32.638,,0,0,0,0,1,0,0,False,0.0,0.0,False,False,82.31,82.31,False,False,0.0,0.0,False,False,32.638,32.638,False,True,,,True,94.36914660167429
431,,85.86,0.0,41.043,,1,0,0,0,1,0,0,True,0.0,0.0,True,False,85.86,85.86,False,False,0.0,0.0,False,False,41.043,41.043,False,True,,,True,104.51212851340308
432,0.0,83.67,4.0,36.082,,0,0,0,0,1,0,0,False,0.0,0.0,False,False,83.67,83.67,False,False,4.0,4.0,False,False,36.082,36.082,False,True,,,True,107.28158371396106
433,0.4,82.24,1.0,37.906,,0,0,0,0,1,0,0,False,0.4,0.4,False,False,82.24,82.24,False,False,1.0,1.0,False,False,37.906,37.906,False,True,,,True,102.28362212252763
434,0.0,,0.0,37.497,,0,1,0,0,1,0,0,False,0.0,0.0,False,True,81.45600058343057,81.45600058343057,True,False,0.0,0.0,False,False,37.497,37.497,False,True,,,True,98.74617091392584
435,,81.1,1.0,36.028,,1,0,0,0,1,0,0,True,0.2,0.2,True,False,81.1,81.1,False,False,1.0,1.0,False,False,36.028,36.028,False,True,,,True,99.57487870221954
436,0.6,81.23,0.0,32.879,,0,0,0,0,1,0,0,False,0.6,0.6,False,False,81.23,81.23,False,False,0.0,0.0,False,False,32.879,32.879,False,True,,,True,94.85045706930592
437,11.2,84.63,0.0,37.489,,0,0,0,0,1,0,0,False,11.2,11.2,False,False,84.63,84.63,False,False,0.0,0.0,False,False,37.489,37.489,False,True,,,True,115.20237641521871
438,0.0,85.75,0.0,36.244,,0,0,0,0,1,0,0,False,0.0,0.0,False,False,85.75,85.75,False,False,0.0,0.0,False,False,36.244,36.244,False,True,,,True,99.70141063866748
439,10.4,88.62,1.0,41.983,,0,0,0,0,1,0,0,False,10.4,10.4,False,False,88.62,88.62,False,False,1.0,1.0,False,False,41.983,41.983,False,True,,,True,122.83689205870996
440,0.3,89.15,0.0,36.703,,0,0,0,0,1,0,0,False,0.3,0.3,False,False,89.15,89.15,False,False,0.0,0.0,False,False,36.703,36.703,False,True,,,True,102.29294107107197
441,0.0,,1.0,36.445,,0,1,0,0,1,0,0,False,0.0,0.0,False,True,87.935,87.935,True,False,1.0,1.0,False,False,36.445,36.445,False,True,,,True,103.21946201046381
442,0.2,86.72,1.0,37.595,,0,0,0,0,1,0,0,False,0.2,0.2,False,False,86.72,86.72,False,False,1.0,1.0,False,False,37.595,37.595,False,True,,,True,104.0022573494928
443,0.0,88.45,3.0,34.525,,0,0,0,0,1,0,0,False,0.0,0.0,False,False,88.45,88.45,False,False,3.0,3.0,False,False,34.525,34.525,False,True,,,True,105.98308594237226
444,0.0,86.99,0.0,35.5,,0,0,0,0,1,0,0,False,0.0,0.0,False,False,86.99,86.99,False,False,0.0,0.0,False,False,35.5,35.5,False,True,,,True,99.59864316840475
445,0.0,86.57,,33.516,,0,0,1,0,1,0,0,False,0.0,0.0,False,False,86.57,86.57,False,True,1.0,1.0,True,False,33.516,33.516,False,True,,,True,99.61938476336128
446,0.0,84.48,2.0,39.734,,0,0,0,0,1,0,0,False,0.0,0.0,False,False,84.48,84.48,False,False,2.0,2.0,False,False,39.734,39.734,False,True,,,True,106.91168762089293
447,0.0,83.8,1.0,34.674,,0,0,0,0,1,0,0,False,0.0,0.0,False,False,83.8,83.8,False,False,1.0,1.0,False,False,34.674,34.674,False,True,,,True,99.34963306361124
448,0.0,82.3,1.0,33.567,,0,0,0,0,1,0,0,False,0.0,0.0,False,False,82.3,82.3,False,False,1.0,1.0,False,False,33.567,33.567,False,True,,,True,97.48558112569646
449,0.0,79.38,1.0,30.823,,0,0,0,0,1,0,0,False,0.0,0.0,False,False,79.38,79.38,False,False,1.0,1.0,False,False,30.823,30.823,False,True,,,True,93.27332187903649
450,0.0,80.18,0.0,35.856,,0,0,0,0,1,0,0,False,0.0,0.0,False,False,80.18,80.18,False,False,0.0,0.0,False,False,35.856,35.856,False,True,,,True,96.46766403525882
451,0.4,78.18,0.0,33.064,,0,0,0,0,1,0,0,False,0.4,0.4,False,False,78.18,78.18,False,False,0.0,0.0,False,False,33.064,33.064,False,True,,,True,93.20849546521829
452,0.5,78.9,0.0,32.799,,0,0,0,0,1,0,0,False,0.5,0.5,False,False,78.9,78.9,False,False,0.0,0.0,False,False,32.799,32.799,False,True,,,True,93.44677777268113
453,0.0,78.01,0.0,34.008,,0,0,0,0,1,0,0,False,0.0,0.0,False,False,78.01,78.01,False,False,0.0,0.0,False,False,34.008,34.008,False,True,,,True,93.52675105822964
454,3.9,80.27,2.0,30.61,,0,0,0,0,1,0,0,False,3.9,3.9,False,False,80.27,80.27,False,False,2.0,2.0,False,False,30.61,30.61,False,True,,,True,100.88641723252462
455,0.0,78.87,0.0,30.567,,0,0,0,0,1,0,0,False,0.0,0.0,False,False,78.87,78.87,False,False,0.0,0.0,False,False,30.567,30.567,False,True,,,True,90.55763194142175
456,0.0,76.37,1.0,30.841,,0,0,0,0,1,0,0,False,0.0,0.0,False,False,76.37,76.37,False,False,1.0,1.0,False,False,30.841,30.841,False,True,,,True,91.75138104845394
457,7.2,80.27,0.0,36.443,,0,0,0,0,1,0,0,False,7.2,7.2,False,False,80.27,80.27,False,False,0.0,0.0,False,False,36.443,36.443,False,True,,,True,106.63555193937535
458,0.8,80.72,1.0,30.863,,0,0,0,0,1,0,0,False,0.8,0.8,False,False,80.72,80.72,False,False,1.0,1.0,False,False,30.863,30.863,False,True,,,True,95.05846427050838
459,0.1,80.69,2.0,30.576,,0,0,0,0,1,0,0,False,0.1,0.1,False,False,80.69,80.69,False,False,2.0,2.0,False,False,30.576,30.576,False,True,,,True,96.0324278855366
460,0.1,79.34,1.0,34.756,,0,0,0,0,1,0,0,False,0.1,0.1,False,False,79.34,79.34,False,False,1.0,1.0,False,False,34.756,34.756,False,True,,,True,97.28185074467692
461,0.0,78.36,0.0,32.783,,0,0,0,0,1,0,0,False,0.0,0.0,False,False,78.36,78.36,False,False,0.0,0.0,False,False,32.783,32.783,False,True,,,True,92.49216716153718
462,5.6,,0.0,35.757,,0,1,0,0,1,0,0,False,5.6,5.6,False,True,79.975,79.975,True,False,0.0,0.0,False,False,35.757,35.757,False,True,,,True,103.68494640039532
463,8.5,81.59,2.0,39.261,,0,0,0,0,1,0,0,False,8.5,8.5,False,False,81.59,81.59,False,False,2.0,2.0,False,False,39.261,39.261,False,True,,,True,116.22754296547562
464,0.0,81.59,2.0,33.355,,0,0,0,0,1,0,0,False,0.0,0.0,False,False,81.59,81.59,False,False,2.0,2.0,False,False,33.355,33.355,False,True,,,True,99.11352154611615
465,0.0,83.07,1.0,32.152,,0,0,0,0,1,0,0,False,0.0,0.0,False,False,83.07,83.07,False,False,1.0,1.0,False,False,32.152,32.152,False,True,,,True,96.47761329709554
466,0.0,80.32,2.0,28.483,,0,0,0,0,1,0,0,False,0.0,0.0,False,False,80.32,80.32,False,False,2.0,2.0,False,False,28.483,28.483,False,True,,,True,93.63708021959164
467,0.0,78.65,0.0,32.001,,0,0,0,0,1,0,0,False,0.0,0.0,False,False,78.65,78.65,False,False,0.0,0.0,False,False,32.001,32.001,False,True,,,True,91.86577738035626
468,0.2,78.53,0.0,36.235,,0,0,0,0,1,0,0,False,0.2,0.2,False,False,78.53,78.53,False,False,0.0,0.0,False,False,36.235,36.235,False,True,,,True,96.26409174092313
469,0.0,74.34,1.0,31.16,,0,0,0,0,1,0,0,False,0.0,0.0,False,False,74.34,74.34,False,False,1.0,1.0,False,False,31.16,31.16,False,True,,,True,91.0289674730083
470,0.5,75.37,1.0,30.892,,0,0,0,0,1,0,0,False,0.5,0.5,False,False,75.37,75.37,False,False,1.0,1.0,False,False,30.892,30.892,False,True,,,True,91.95287552006349
471,0.3,75.98,1.0,31.336,,0,0,0,0,1,0,0,False,0.3,0.3,False,False,75.98,75.98,False,False,1.0,1.0,False,False,31.336,31.336,False,True,,,True,92.43979241129523
472,1.2,72.75,2.0,,,0,0,0,1,1,0,0,False,1.2,1.2,False,False,72.75,72.75,False,False,2.0,2.0,False,True,35.02291759266454,35.02291759266454,True,True,,,True,97.83387801233346
473,13.1,81.63,0.0,38.347,,0,0,0,0,1,0,0,False,13.1,13.1,False,False,81.63,81.63,False,False,0.0,0.0,False,False,38.347,38.347,False,True,,,True,117.03533129691789
474,7.9,82.26,0.0,36.392,,0,0,0,0,1,0,0,False,7.9,7.9,False,False,82.26,82.26,False,False,0.0,0.0,False,False,36.392,36.392,False,True,,,True,108.53054429629962
475,0.0,80.98,0.0,34.55,,0,0,0,0,1,0,0,False,0.0,0.0,False,False,80.98,80.98,False,False,0.0,0.0,False,False,34.55,34.55,False,True,,,True,95.58303085509938
476,0.0,81.89,1.0,35.552,,0,0,0,0,1,0,0,False,0.0,0.0,False,False,81.89,81.89,False,False,1.0,1.0,False,False,35.552,35.552,False,True,,,True,99.24241617531204
477,0.8,80.57,3.0,32.792,,0,0,0,0,1,0,0,False,0.8,0.8,False,False,80.57,80.57,False,False,3.0,3.0,False,False,32.792,32.792,False,True,,,True,101.29517231408747
478,0.0,79.48,0.0,32.548,,0,0,0,0,1,0,0,False,0.0,0.0,False,False,79.48,79.48,False,False,0.0,0.0,False,False,32.548,32.548,False,True,,,True,92.83228791250521
479,0.2,77.84,0.0,32.145,,0,0,0,0,1,0,0,False,0.2,0.2,False,False,77.84,77.84,False,False,0.0,0.0,False,False,32.145,32.145,False,True,,,True,91.85909107212379
480,9.7,81.71,0.0,38.259,,0,0,0,0,1,0,0,False,9.7,9.7,False,False,81.71,81.71,False,False,0.0,0.0,False,False,38.259,38.259,False,True,,,True,112.48393188741956
481,0.3,81.33,2.0,30.241,,0,0,0,0,1,0,0,False,0.3,0.3,False,False,81.33,81.33,False,False,2.0,2.0,False,False,30.241,30.241,False,True,,,True,96.29293997537162
482,9.2,86.15,2.0,41.533,,0,0,0,0,1,0,0,False,9.2,9.2,False,False,86.15,86.15,False,False,2.0,2.0,False,False,41.533,41.533,False,True,,,True,121.7386595901073
483,0.0,84.33,2.0,30.506,,0,0,0,0,1,0,0,False,0.0,0.0,False,False,84.33,84.33,False,False,2.0,2.0,False,False,30.506,30.506,False,True,,,True,97.69262555898582
484,0.1,81.94,0.0,31.516,,0,0,0,0,1,0,0,False,0.1,0.1,False,False,81.94,81.94,False,False,0.0,0.0,False,False,31.516,31.516,False,True,,,True,93.20079264278938
485,5.6,85.18,1.0,,,0,0,0,1,1,0,0,False,5.6,5.6,False,False,85.18,85.18,False,False,1.0,1.0,False,True,31.68170686810449,31.68170686810449,True,True,,,True,104.51129411295138
486,0.6,84.77,1.0,31.851,,0,0,0,0,1,0,0,False,0.6,0.6,False,False,84.77,84.77,False,False,1.0,1.0,False,False,31.851,31.851,False,True,,,True,97.84407217490278
487,0.4,81.99,2.0,33.013,,0,0,0,0,1,0,0,False,0.4,0.4,False,False,81.99,81.99,False,False,2.0,2.0,False,False,33.013,33.013,False,True,,,True,99.50933423760674
488,0.3,83.99,0.0,34.426,,0,0,0,0,1,0,0,False,0.3,0.3,False,False,83.99,83.99,False,False,0.0,0.0,False,False,34.426,34.426,False,True,,,True,97.39746817385688
489,0.2,83.23,0.0,32.668,,0,0,0,0,1,0,0,False,0.2,0.2,False,False,83.23,83.23,False,False,0.0,0.0,False,False,32.668,32.668,False,True,,,True,95.13450487169031
490,0.0,79.03,0.0,32.403,,0,0,0,0,1,0,0,False,0.0,0.0,False,False,79.03,79.03,False,False,0.0,0.0,False,False,32.403,32.403,False,True,,,True,92.45843533333804
491,0.1,79.89,1.0,28.81,,0,0,0,0,1,0,0,False,0.1,0.1,False,False,79.89,79.89,False,False,1.0,1.0,False,False,28.81,28.81,False,True,,,True,91.67240618415843
492,0.6,78.86,2.0,28.314,,0,0,0,0,1,0,0,False,0.6,0.6,False,False,78.86,78.86,False,False,2.0,2.0,False,False,28.314,28.314,False,True,,,True,93.51780700459071
493,0.0,77.69,0.0,30.817,,0,0,0,0,1,0,0,False,0.0,0.0,False,False,77.69,77.69,False,False,0.0,0.0,False,False,30.817,30.817,False,True,,,True,90.20167876964929
494,6.1,79.04,0.0,34.255,,0,0,0,0,1,0,0,False,6.1,6.1,False,False,79.04,79.04,False,False,0.0,0.0,False,False,34.255,34.255,False,True,,,True,102.38110953110792
495,0.6,78.74,0.0,34.536,,0,0,0,0,1,0,0,False,0.6,0.6,False,False,78.74,78.74,False,False,0.0,0.0,False,False,34.536,34.536,False,True,,,True,95.21830752138719
496,0.0,78.2,2.0,33.7,,0,0,0,0,1,0,0,False,0.0,0.0,False,False,78.2,78.2,False,False,2.0,2.0,False,False,33.7,33.7,False,True,,,True,97.72115487697782
497,,76.08,3.0,33.484,,1,0,0,0,1,0,0,True,0.5,0.5,True,False,76.08,76.08,False,False,3.0,3.0,False,False,33.484,33.484,False,True,,,True,99.28636375767744
498,,80.46,1.0,34.205,,1,0,0,0,1,0,0,True,0.0,0.0,True,False,80.46,80.46,False,False,1.0,1.0,False,False,34.205,34.205,False,True,,,True,97.1764010390905
499,0.0,79.86,2.0,32.962,,0,0,0,0,1,0,0,False,0.0,0.0,False,False,79.86,79.86,False,False,2.0,2.0,False,False,32.962,32.962,False,True,,,True,97.8391838512504
500,0.5,79.4,0.0,35.814,,0,0,0,0,1,0,0,False,0.5,0.5,False,False,79.4,79.4,False,False,0.0,0.0,False,False,35.814,35.814,False,True,,,True,96.68956350064343
501,0.0,78.57,0.0,29.632,,0,0,0,0,1,0,0,False,0.0,0.0,False,False,78.57,78.57,False,False,0.0,0.0,False,False,29.632,29.632,False,True,,,True,89.47784646899049
502,11.7,84.12,0.0,39.528,,0,0,0,0,1,0,0,False,11.7,11.7,False,False,84.12,84.12,False,False,0.0,0.0,False,False,39.528,39.528,False,True,,,True,117.62407554355694
503,19.8,91.2,1.0,38.646,,0,0,0,0,1,0,0,False,19.8,19.8,False,False,91.2,91.2,False,False,1.0,1.0,False,False,38.646,38.646,False,True,,,True,133.30606684864188
504,0.0,91.32,0.0,35.292,,0,0,0,0,1,0,0,False,0.0,0.0,False,False,91.32,91.32,False,False,0.0,0.0,False,False,35.292,35.292,False,True,,,True,101.60759752557291
505,,90.4,1.0,39.287,,1,0,0,0,1,0,0,True,8.75,8.75,True,False,90.4,90.4,False,False,1.0,1.0,False,False,39.287,39.287,False,True,,,True,118.8901667954951
506,16.7,97.21,1.0,43.374,,0,0,0,0,1,0,0,False,16.7,16.7,False,False,97.21,97.21,False,False,1.0,1.0,False,False,43.374,43.374,False,True,,,True,136.95697679369619
507,0.0,95.36,0.0,40.299,,0,0,0,0,1,0,0,False,0.0,0.0,False,False,95.36,95.36,False,False,0.0,0.0,False,False,40.299,40.299,False,True,,,True,108.63478660665245
508,5.8,98.27,1.0,41.147,,0,0,0,0,1,0,0,False,5.8,5.8,False,False,98.27,98.27,False,False,1.0,1.0,False,False,41.147,41.147,False,True,,,True,120.84994694466145
509,1.9,99.3,3.0,44.04,,0,0,0,0,1,0,0,False,1.9,1.9,False,False,99.3,99.3,False,False,3.0,3.0,False,False,44.04,44.04,False,True,,,True,123.47767635589797
510,0.0,96.05,2.0,38.789,,0,0,0,0,1,0,0,False,0.0,0.0,False,False,96.05,96.05,False,False,2.0,2.0,False,False,38.789,38.789,False,True,,,True,111.89412591120315
511,0.2,94.44,1.0,41.183,,0,0,0,0,1,0,0,False,0.2,0.2,False,False,94.44,94.44,False,False,1.0,1.0,False,False,41.183,41.183,False,True,,,True,111.50613418627682
512,0.7,95.14,0.0,37.872,,0,0,0,0,1,0,0,False,0.7,0.7,False,False,95.14,95.14,False,False,0.0,0.0,False,False,37.872,37.872,False,True,,,True,107.04530572033062
513,8.2,98.0,1.0,47.122,,0,0,0,0,1,0,0,False,8.2,8.2,False,False,98.0,98.0,False,False,1.0,1.0,False,False,47.122,47.122,False,True,,,True,129.81145628840952
514,0.0,98.15,2.0,39.955,,0,0,0,0,1,0,0,False,0.0,0.0,False,False,98.15,98.15,False,False,2.0,2.0,False,False,39.955,39.955,False,True,,,True,114.12356174428835
515,22.9,107.74,1.0,55.255,,0,0,0,0,1,0,0,False,22.9,22.9,False,False,107.74,107.74,False,False,1.0,1.0,False,False,55.255,55.255,False,True,,,True,162.32958269732006
516,0.7,107.2,0.0,43.318,,0,0,0,0,1,0,0,False,0.7,0.7,False,False,107.2,107.2,False,False,0.0,0.0,False,False,43.318,43.318,False,True,,,True,118.61007212390962
517,0.6,104.88,0.0,38.634,,0,0,0,0,1,0,0,False,0.6,0.6,False,False,104.88,104.88,False,False,0.0,0.0,False,False,38.634,38.634,False,True,,,True,112.65025094058583
518,0.0,104.6,0.0,40.934,,0,0,0,0,1,0,0,False,0.0,0.0,False,False,104.6,104.6,False,False,0.0,0.0,False,False,40.934,40.934,False,True,,,True,113.99063863822093
519,0.0,103.46,3.0,41.223,,0,0,0,0,1,0,0,False,0.0,0.0,False,False,103.46,103.46,False,False,3.0,3.0,False,False,41.223,41.223,False,True,,,True,120.29730959469325
520,5.1,104.04,1.0,42.536,,0,0,0,0,1,0,0,False,5.1,5.1,False,False,104.04,104.04,False,False,1.0,1.0,False,False,42.536,42.536,False,True,,,True,124.2501820695098
521,0.2,105.54,0.0,39.524,,0,0,0,0,1,0,0,False,0.2,0.2,False,False,105.54,105.54,False,False,0.0,0.0,False,False,39.524,39.524,False,True,,,True,113.33959662573236
522,0.1,104.36,1.0,,,0,0,0,1,1,0,0,False,0.1,0.1,False,False,104.36,104.36,False,False,1.0,1.0,False,True,39.69420578705448,39.69420578705448,True,True,,,True,114.9732605943166
523,0.0,104.53,0.0,40.24,,0,0,0,0,1,0,0,False,0.0,0.0,False,False,104.53,104.53,False,False,0.0,0.0,False,False,40.24,40.24,False,True,,,True,113.26727289980082
524,6.4,105.09,,46.428,,0,0,1,0,1,0,0,False,6.4,6.4,False,False,105.09,105.09,False,True,0.0,0.0,True,False,46.428,46.428,False,True,,,True,128.16455897674626
525,0.0,104.93,1.0,44.514,,0,0,0,0,1,0,0,False,0.0,0.0,False,False,104.93,104.93,False,False,1.0,1.0,False,False,44.514,44.514,False,True,,,True,119.90738975402998
526,5.7,107.9,0.0,45.471,,0,0,0,0,1,0,0,False,5.7,5.7,False,False,107.9,107.9,False,False,0.0,0.0,False,False,45.471,45.471,False,True,,,True,127.72637779579381
527,0.0,108.3,1.0,45.255,,0,0,0,0,1,0,0,False,0.0,0.0,False,False,108.3,108.3,False,False,1.0,1.0,False,False,45.255,45.255,False,True,,,True,122.36544316862654
528,0.0,106.49,0.0,45.238,,0,0,0,0,1,0,0,False,0.0,0.0,False,False,106.49,106.49,False,False,0.0,0.0,False,False,45.238,45.238,False,True,,,True,119.22151585317033
529,0.0,106.01,3.0,41.315,,0,0,0,0,1,0,0,False,0.0,0.0,False,False,106.01,106.01,False,False,3.0,3.0,False,False,41.315,41.315,False,True,,,True,121.6929149514102
530,0.0,105.96,1.0,46.062,,0,0,0,0,1,0,0,False,0.0,0.0,False,False,105.96,105.96,False,False,1.0,1.0,False,False,46.062,46.062,False,True,,,True,121.96791775506298
531,0.8,105.6,0.0,42.088,,0,0,0,0,1,0,0,False,0.8,0.8,False,False,105.6,105.6,False,False,0.0,0.0,False,False,42.088,42.088,False,True,,,True,116.70551095479752
532,,103.24,0.0,41.753,,1,0,0,0,1,0,0,True,0.0,0.0,True,False,103.24,103.24,False,False,0.0,0.0,False,False,41.753,41.753,False,True,,,True,114.10632349616037
533,0.7,102.49,1.0,,,0,0,0,1,1,0,0,False,0.7,0.7,False,False,102.49,102.49,False,False,1.0,1.0,False,True,42.157000000000004,42.157000000000004,True,True,,,True,117.25161193786701
534,0.0,102.5,0.0,42.561,,0,0,0,0,1,0,0,False,0.0,0.0,False,False,102.5,102.5,False,False,0.0,0.0,False,False,42.561,42.561,False,True,,,True,114.52827316945925
535,0.0,101.22,1.0,40.151,,0,0,0,0,1,0,0,False,0.0,0.0,False,False,101.22,101.22,False,False,1.0,1.0,False,False,40.151,40.151,False,True,,,True,113.68703431128488
536,0.0,100.41,2.0,42.293,,0,0,0,0,1,0,0,False,0.0,0.0,False,False,100.41,100.41,False,False,2.0,2.0,False,False,42.293,42.293,False,True,,,True,117.59596540827633
537,0.0,100.11,1.0,37.051,,0,0,0,0,1,0,0,False,0.0,0.0,False,False,100.11,100.11,False,False,1.0,1.0,False,False,37.051,37.051,False,True,,,True,110.04799053947055
538,0.0,98.65,1.0,39.705,,0,0,0,0,1,0,0,False,0.0,0.0,False,False,98.65,98.65,False,False,1.0,1.0,False,False,39.705,39.705,False,True,,,True,111.93048436288834
539,0.0,98.86,1.0,38.12,,0,0,0,0,1,0,0,False,0.0,0.0,False,False,98.86,98.86,False,False,1.0,1.0,False,False,38.12,38.12,False,True,,,True,110.46762524947901
540,0.0,98.25,1.0,42.144,,0,0,0,0,1,0,0,False,0.0,0.0,False,False,98.25,98.25,False,False,1.0,1.0,False,False,42.144,42.144,False,True,,,True,114.14222009750146
541,0.0,96.8,0.0,38.95,,0,0,0,0,1,0,0,False,0.0,0.0,False,False,96.8,96.8,False,False,0.0,0.0,False,False,38.95,38.95,False,True,,,True,108.0349463778826
542,16.4,102.08,1.0,45.117,,0,0,0,0,1,0,0,False,16.4,16.4,False,False,102.08,102.08,False,False,1.0,1.0,False,False,45.117,45.117,False,True,,,True,140.7775445384936
543,4.5,104.72,1.0,43.423,,0,0,0,0,1,0,0,False,4.5,4.5,False,False,104.72,99.65,False,False,1.0,1.0,False,False,43.423,43.423,False,True,,,True,122.08820604045559
544,0.2,101.97,0.0,43.703,,0,0,0,0,1,0,0,False,0.2,0.2,False,False,101.97,101.97,False,False,0.0,0.0,False,False,43.703,43.703,False,True,,,True,115.65355640002461
545,0.0,102.26,0.0,37.258,,0,0,0,0,1,0,0,False,0.0,0.0,False,False,102.26,102.26,False,False,0.0,0.0,False,False,37.258,37.258,False,True,,,True,109.15173247160962
546,0.2,101.12,0.0,42.299,,0,0,0,0,1,0,0,False,0.2,0.2,False,False,101.12,101.12,False,False,0.0,0.0,False,False,42.299,42.299,False,True,,,True,113.8277710244042
547,0.0,99.65,2.0,41.29,,0,0,0,0,1,0,0,False,0.0,0.0,False,False,99.65,99.65,False,False,2.0,2.0,False,False,41.29,41.29,False,True,,,True,116.21349697724996
548,2.4,,1.0,40.314,,0,1,0,0,1,0,0,False,2.4,2.4,False,True,98.7754875658227,98.7754875658227,True,False,1.0,1.0,False,False,40.314,40.314,False,True,,,True,115.77812328801957
549,0.0,98.1,5.0,40.639,,0,0,0,0,1,0,0,False,0.0,0.0,False,False,98.1,98.1,False,False,5.0,5.0,False,False,40.639,40.639,False,True,,,True,121.37915807977669
550,0.4,97.52,0.0,37.629,,0,0,0,0,1,0,0,False,0.4,0.4,False,False,97.52,97.52,False,False,0.0,0.0,False,False,37.629,37.629,False,True,,,True,107.62454477749196
551,0.3,96.19,2.0,38.152,,0,0,0,0,1,0,0,False,0.3,0.3,False,False,96.19,96.19,False,False,2.0,2.0,False,False,38.152,38.152,False,True,,,True,111.73216947624094
552,0.0,93.2,1.0,35.743,,0,0,0,0,1,0,0,False,0.0,0.0,False,False,93.2,93.2,False,False,1.0,1.0,False,False,35.743,35.743,False,True,,,True,105.21730436579936
553,,93.82,1.0,38.254,,1,0,0,0,1,0,0,True,0.0,0.0,True,False,93.82,93.82,False,False,1.0,1.0,False,False,38.254,38.254,False,True,,,True,108.02215545356263
554,0.0,92.68,1.0,40.724,,0,0,0,0,1,0,0,False,0.0,0.0,False,False,92.68,92.68,False,False,1.0,1.0,False,False,40.724,40.724,False,True,,,True,109.88605436914405
555,0.0,91.97,1.0,38.231,,0,0,0,0,1,0,0,False,0.0,0.0,False,False,91.97,91.97,False,False,1.0,1.0,False,False,38.231,38.231,False,True,,,True,107.05299642724557
556,0.0,89.56,0.0,36.797,,0,0,0,0,1,0,0,False,0.0,0.0,False,False,89.56,89.56,False,False,0.0,0.0,False,False,36.797,36.797,False,True,,,True,102.19829260840147
557,1.2,,1.0,34.65,,0,1,0,0,1,0,0,False,1.2,1.2,False,True,89.59,89.59,True,False,1.0,1.0,False,False,34.65,34.65,False,True,,,True,103.87779581516106
558,0.5,89.62,1.0,37.962,,0,0,0,0,1,0,0,False,0.5,0.5,False,False,89.62,89.62,False,False,1.0,1.0,False,False,37.962,37.962,False,True,,,True,106.24686552508344
559,0.0,89.18,0.0,34.423,,0,0,0,0,1,0,0,False,0.0,0.0,False,False,89.18,89.18,False,False,0.0,0.0,False,False,34.423,34.423,False,True,,,True,99.65194229650598
560,0.0,88.61,3.0,35.739,,0,0,0,0,1,0,0,False,0.0,0.0,False,False,88.61,88.61,False,False,3.0,3.0,False,False,35.739,35.739,False,True,,,True,107.26766385394154
561,0.0,,2.0,36.159,,0,1,0,0,1,0,0,False,0.0,0.0,False,True,86.64116276452049,86.64116276452049,True,False,2.0,2.0,False,False,36.159,36.159,False,True,,,True,104.47542589895953
562,0.0,85.08,0.0,39.163,,0,0,0,0,1,0,0,False,0.0,0.0,False,False,85.08,85.08,False,False,0.0,0.0,False,False,39.163,39.163,False,True,,,True,102.25057091477832
563,0.2,86.68,0.0,34.244,,0,0,0,0,1,0,0,False,0.2,0.2,False,False,86.68,86.68,False,False,0.0,0.0,False,False,34.244,34.244,False,True,,,True,98.46073053711834
564,0.5,83.51,0.0,32.65,,0,0,0,0,1,0,0,False,0.5,0.5,False,False,83.51,83.51,False,False,0.0,0.0,False,False,32.65,32.65,False,True,,,True,95.6574191508885
565,4.2,83.65,3.0,34.267,,0,0,0,0,1,0,0,False,4.2,4.2,False,False,83.65,83.65,False,False,3.0,3.0,False,False,34.267,34.267,False,True,,,True,108.83720173383307
566,0.5,82.31,,32.425,,0,0,1,0,1,0,0,False,0.5,0.5,False,False,82.31,82.31,False,True,0.0,0.0,True,False,32.425,32.425,False,True,,,True,94.82064472646864
567,5.1,82.95,0.0,34.738,,0,0,0,0,1,0,0,False,5.1,5.1,False,False,82.95,82.95,False,False,0.0,0.0,False,False,34.738,34.738,False,True,,,True,103.53475528607176
568,0.0,82.91,0.0,35.13,,0,0,0,0,1,0,0,False,0.0,0.0,False,False,82.91,82.91,False,False,0.0,0.0,False,False,35.13,35.13,False,True,,,True,97.14494302688381
569,0.8,83.0,0.0,30.946,,0,0,0,0,1,0,0,False,0.8,0.8,False,False,83.0,83.0,False,False,0.0,0.0,False,False,30.946,30.946,False,True,,,True,94.10585924817639
570,0.4,80.79,2.0,34.393,,0,0,0,0,1,0,0,False,0.4,0.4,False,False,80.79,80.79,False,False,2.0,2.0,False,False,34.393,34.393,False,True,,,True,100.26265932437174
571,0.1,80.43,1.0,,,0,0,0,1,1,0,0,False,0.1,0.1,False,False,80.43,80.43,False,False,1.0,1.0,False,True,34.32535455514118,34.32535455514118,True,True,,,True,97.4127958007758
572,0.7,79.04,2.0,34.111,,0,0,0,0,1,0,0,False,0.7,0.7,False,False,79.04,79.04,False,False,2.0,2.0,False,False,34.111,34.111,False,True,,,True,99.48557247982473
573,0.2,78.49,2.0,31.941,,0,0,0,0,1,0,0,False,0.2,0.2,False,False,78.49,78.49,False,False,2.0,2.0,False,False,31.941,31.941,False,True,,,True,96.39184363289554
574,0.5,78.45,2.0,28.311,,0,0,0,0,1,0,0,False,0.5,0.5,False,False,78.45,78.45,False,False,2.0,2.0,False,False,28.311,28.311,False,True,,,True,93.17259410064186
575,8.6,83.08,0.0,34.135,,0,0,0,0,1,0,0,False,8.6,8.6,False,False,83.08,83.08,False,False,0.0,0.0,False,False,34.135,34.135,False,True,,,True,107.641500005983
576,0.2,83.01,2.0,35.761,,0,0,0,0,1,0,0,False,0.2,0.2,False,False,83.01,83.01,False,False,2.0,2.0,False,False,35.761,35.761,False,True,,,True,102.4885978882396
577,10.0,,1.0,36.148,,0,1,0,0,1,0,0,False,10.0,10.0,False,True,86.83000000000001,86.83000000000001,True,False,1.0,1.0,False,False,36.148,36.148,False,True,,,True,115.61036706361452
578,7.3,90.65,,38.749,,0,0,1,0,1,0,0,False,7.3,7.3,False,False,90.65,90.65,False,True,1.0,1.0,True,False,38.749,38.749,False,True,,,True,116.56373969683278
579,0.0,88.81,1.0,33.194,,0,0,0,0,1,0,0,False,0.0,0.0,False,False,88.81,88.81,False,False,1.0,1.0,False,False,33.194,33.194,False,True,,,True,100.44625226383651
580,1.2,89.39,2.0,39.094,,0,0,0,0,1,0,0,False,1.2,1.2,False,False,89.39,89.39,False,False,2.0,2.0,False,False,39.094,39.094,False,True,,,True,110.37940278547295
581,0.0,88.55,0.0,36.447,,0,0,0,0,1,0,0,False,0.0,0.0,False,False,88.55,88.55,False,False,0.0,0.0,False,False,36.447,36.447,False,True,,,True,101.33487367720383
582,0.3,89.36,0.0,36.651,,0,0,0,0,1,0,0,False,0.3,0.3,False,False,89.36,89.36,False,False,0.0,0.0,False,False,36.651,36.651,False,True,,,True,102.34884990199059
583,0.2,87.74,1.0,35.372,,0,0,0,0,1,0,0,False,0.2,0.2,False,False,87.74,87.74,False,False,1.0,1.0,False,False,35.372,35.372,False,True,,,True,102.32167900907956
584,0.0,88.2,2.0,37.145,,0,0,0,0,1,0,0,False,0.0,0.0,False,False,88.2,88.2,False,False,2.0,2.0,False,False,37.145,37.145,False,True,,,True,106.24969952443935
585,0.1,86.52,0.0,34.683,,0,0,0,0,1,0,0,False,0.1,0.1,False,False,86.52,86.52,False,False,0.0,0.0,False,False,34.683,34.683,False,True,,,True,98.68130237928929
586,0.0,85.92,0.0,38.368,,0,0,0,0,1,0,0,False,0.0,0.0,False,False,85.92,85.92,False,False,0.0,0.0,False,False,38.368,38.368,False,True,,,True,101.89265582532795
587,0.0,83.58,2.0,31.912,,0,0,0,0,1,0,0,False,0.0,0.0,False,False,83.58,83.58,False,False,2.0,2.0,False,False,31.912,31.912,False,True,,,True,98.70190799636283
588,0.0,81.31,0.0,35.831,,0,0,0,0,1,0,0,False,0.0,0.0,False,False,81.31,81.31,False,False,0.0,0.0,False,False,35.831,35.831,False,True,,,True,97.02095071687604
589,4.4,83.79,0.0,33.863,,0,0,0,0,1,0,0,False,4.4,4.4,False,False,83.79,83.79,False,False,0.0,0.0,False,False,33.863,33.863,False,True,,,True,102.17005395266933
590,0.0,81.88,0.0,30.858,,0,0,0,0,1,0,0,False,0.0,0.0,False,False,81.88,81.88,False,False,0.0,0.0,False,False,30.858,30.858,False,True,,,True,92.38570407976512
591,0.0,81.34,3.0,36.984,,0,0,0,0,1,0,0,False,0.0,0.0,False,False,81.34,81.34,False,False,3.0,3.0,False,False,36.984,36.984,False,True,,,True,104.7821171716733
592,0.3,82.32,,33.317,,0,0,1,0,1,0,0,False,0.3,0.3,False,False,82.32,82.32,False,True,0.0,0.0,True,False,33.317,33.317,False,True,,,True,95.4444708391472
593,0.2,79.85,0.0,32.373,,0,0,0,0,1,0,0,False,0.2,0.2,False,False,79.85,79.85,False,False,0.0,0.0,False,False,32.373,32.373,False,True,,,True,93.11319535780731
594,2.7,80.88,3.0,,,0,0,0,1,1,0,0,False,2.7,2.7,False,False,80.88,80.88,False,False,3.0,3.0,False,True,32.39565859134956,32.39565859134956,True,True,,,True,103.57867037574096
595,0.0,82.09,1.0,32.464,,0,0,0,0,1,0,0,False,0.0,0.0,False,False,82.09,82.09,False,False,1.0,1.0,False,False,32.464,32.464,False,True,,,True,96.28539507644854
596,0.0,78.18,2.0,32.936,,0,0,0,0,1,0,0,False,0.0,0.0,False,False,78.18,78.18,False,False,2.0,2.0,False,False,32.936,32.936,False,True,,,True,96.95401664069651
597,0.9,79.56,2.0,31.58,,0,0,0,0,1,0,0,False,0.9,0.9,False,False,79.56,79.56,False,False,2.0,2.0,False,False,31.58,31.58,False,True,,,True,97.5090854527254
598,0.0,77.16,0.0,32.71,,0,0,0,0,1,0,0,False,0.0,0.0,False,False,77.16,77.16,False,False,0.0,0.0,False,False,32.71,32.71,False,True,,,True,91.80598160048187
599,0.3,75.91,2.0,30.982,,0,0,0,0,1,0,0,False,0.3,0.3,False,False,75.91,75.91,False,False,2.0,2.0,False,False,30.982,30.982,False,True,,,True,94.25444487867627
600,0.0,75.89,0.0,32.059,,0,0,0,0,1,0,0,False,0.0,0.0,False,False,75.89,75.89,False,False,0.0,0.0,False,False,32.059,32.059,False,True,,,True,90.51135338094254
601,0.1,75.84,0.0,34.348,,0,0,0,0,1,0,0,False,0.1,0.1,False,False,75.84,75.84,False,False,0.0,0.0,False,False,34.348,34.348,False,True,,,True,92.88602927603404
602,8.0,,1.0,35.302,,0,1,0,0,1,0,0,False,8.0,8.0,False,True,77.02499999999999,77.02499999999999,True,False,1.0,1.0,False,False,35.302,35.302,False,True,,,True,107.10636391213521
603,0.0,78.21,1.0,28.93,,0,0,0,0,1,0,0,False,0.0,0.0,False,False,78.21,78.21,False,False,1.0,1.0,False,False,28.93,28.93,False,True,,,True,90.79937940438181
604,0.0,75.73,2.0,31.06,,0,0,0,0,1,0,0,False,0.0,0.0,False,False,75.73,75.73,False,False,2.0,2.0,False,False,31.06,31.06,False,True,,,True,93.84212884502483
605,9.7,82.05,0.0,33.565,,0,0,0,0,1,0,0,False,9.7,9.7,False,False,82.05,82.05,False,False,0.0,0.0,False,False,33.565,33.565,False,True,,,True,108.00743794359727
606,0.6,80.42,0.0,37.592,,0,0,0,0,1,0,0,False,0.6,0.6,False,False,80.42,80.42,False,False,0.0,0.0,False,False,37.592,37.592,False,True,,,True,99.10534483716854
607,,87.88,2.0,41.393,,1,0,0,0,1,0,0,True,0.1,0.1,True,False,87.88,87.88,False,False,2.0,2.0,False,False,41.393,41.393,False,True,,,True,110.42706923021385
608,0.2,88.54,2.0,38.163,,0,0,0,0,1,0,0,False,0.2,0.2,False,False,88.54,88.54,False,False,2.0,2.0,False,False,38.163,38.163,False,True,,,True,107.69718482196208
609,0.0,86.58,0.0,36.764,,0,0,0,0,1,0,0,False,0.0,0.0,False,False,86.58,86.58,False,False,0.0,0.0,False,False,36.764,36.764,False,True,,,True,100.6411718332451
610,0.0,87.59,1.0,33.248,,0,0,0,0,1,0,0,False,0.0,0.0,False,False,87.59,87.59,False,False,1.0,1.0,False,False,33.248,33.248,False,True,,,True,99.8756566063539
611,0.3,85.26,0.0,32.632,,0,0,0,0,1,0,0,False,0.3,0.3,False,False,85.26,85.26,False,False,0.0,0.0,False,False,32.632,32.632,False,True,,,True,96.26979526888098
612,0.3,85.81,0.0,31.829,,0,0,0,0,1,0,0,False,0.3,0.3,False,False,85.81,85.81,False,False,0.0,0.0,False,False,31.829,31.829,False,True,,,True,95.75560415759843
613,9.0,91.47,2.0,39.326,,0,0,0,0,1,0,0,False,9.0,9.0,False,False,91.47,91.47,False,False,2.0,2.0,False,False,39.326,39.326,False,True,,,True,122.00860118443546
614,6.5,94.4,1.0,38.268,,0,0,0,0,1,0,0,False,6.5,6.5,False,False,94.4,94.4,False,False,1.0,1.0,False,False,38.268,38.268,False,True,,,True,116.94549486251215
615,6.9,95.91,0.0,44.474,,0,0,0,0,1,0,1,False,6.9,6.9,False,False,95.91,95.91,False,False,0.0,0.0,False,False,44.474,44.474,False,True,,,True,122.1951661096534
616,0.1,93.78,0.0,37.802,,0,0,0,0,1,0,0,False,0.1,0.1,False,False,93.78,93.78,False,False,0.0,0.0,False,False,37.802,37.802,False,True,,,True,105.48521905873356
617,0.0,92.74,1.0,37.247,,0,0,0,0,1,0,0,False,0.0,0.0,False,False,92.74,92.74,False,False,1.0,1.0,False,False,37.247,37.247,False,True,,,True,106.47202728357965
618,0.2,91.96,1.0,36.737,,0,0,0,0,1,0,0,False,0.2,0.2,False,False,91.96,91.96,False,False,1.0,1.0,False,False,36.737,36.737,False,True,,,True,105.8327591583469
619,0.0,,0.0,38.241,,0,1,0,0,1,0,0,False,0.0,0.0,False,True,90.44933649289098,90.44933649289098,True,False,0.0,0.0,False,False,38.241,38.241,False,True,,,True,104.08382932266802
620,0.9,89.41,2.0,36.497,,0,0,0,0,1,0,0,False,0.9,0.9,False,False,89.41,89.41,False,False,2.0,2.0,False,False,36.497,36.497,False,True,,,True,107.41923144617878
621,7.8,91.3,1.0,42.017,,0,0,0,0,1,0,0,False,7.8,7.8,False,False,91.3,91.3,False,False,1.0,1.0,False,False,42.017,42.017,False,True,,,True,120.79643021149553
622,0.0,93.87,2.0,38.95,,0,0,0,0,1,0,0,False,0.0,0.0,False,False,93.87,93.87,False,False,2.0,2.0,False,False,38.95,38.95,False,True,,,True,110.93844626540587
623,0.9,91.07,1.0,38.235,,0,0,0,0,1,0,0,False,0.9,0.9,False,False,91.07,91.07,False,False,1.0,1.0,False,False,38.235,38.235,False,True,,,True,107.78909905171967
624,0.0,91.18,1.0,38.023,,0,0,0,0,1,0,0,False,0.0,0.0,False,False,91.18,91.18,False,False,1.0,1.0,False,False,38.023,38.023,False,True,,,True,106.44280079831424
625,0.1,88.92,0.0,36.153,,0,0,0,0,1,0,0,False,0.1,0.1,False,False,88.92,88.92,False,False,0.0,0.0,False,False,36.153,36.153,False,True,,,True,101.36538175860161
626,0.0,88.96,0.0,35.054,,0,0,0,0,1,0,0,False,0.0,0.0,False,False,88.96,88.96,False,False,0.0,0.0,False,False,35.054,35.054,False,True,,,True,100.16454262174489
627,0.0,88.63,1.0,34.131,,0,0,0,0,1,0,0,False,0.0,0.0,False,False,88.63,88.63,False,False,1.0,1.0,False,False,34.131,34.131,False,True,,,True,101.28247385748361
628,0.0,87.5,2.0,32.645,,0,0,0,0,1,0,0,False,0.0,0.0,False,False,87.5,87.5,False,False,2.0,2.0,False,False,32.645,32.645,False,True,,,True,101.43338968372167
629,0.2,86.07,1.0,35.512,,0,0,0,0,1,0,0,False,0.2,0.2,False,False,86.07,86.07,False,False,1.0,1.0,False,False,35.512,35.512,False,True,,,True,101.60608621609566
630,0.3,85.19,1.0,34.92,,0,0,0,0,1,0,0,False,0.3,0.3,False,False,85.19,85.19,False,False,1.0,1.0,False,False,34.92,34.92,False,True,,,True,100.70191995342736
631,0.0,83.82,1.0,37.748,,0,0,0,0,1,0,0,False,0.0,0.0,False,False,83.82,83.82,False,False,1.0,1.0,False,False,37.748,37.748,False,True,,,True,102.4053257365511
632,5.6,86.29,1.0,36.108,,0,0,0,0,1,0,0,False,5.6,5.6,False,False,86.29,86.29,False,False,1.0,1.0,False,False,36.108,36.108,False,True,,,True,109.46431798489957
633,0.0,85.55,0.0,34.034,,0,0,0,0,1,0,0,False,0.0,0.0,False,False,85.55,85.55,False,False,0.0,0.0,False,False,34.034,34.034,False,True,,,True,97.40961727631148
634,0.0,86.48,0.0,35.544,,0,0,0,0,1,0,0,False,0.0,0.0,False,False,86.48,86.48,False,False,0.0,0.0,False,False,35.544,35.544,False,True,,,True,99.38134278833734
635,4.6,88.59,0.0,40.712,,0,0,0,0,1,0,0,False,4.6,4.6,False,False,88.59,88.59,False,False,0.0,0.0,False,False,40.712,40.712,False,True,,,True,111.67593063259771
636,0.0,85.72,1.0,36.165,,0,0,0,0,1,0,0,False,0.0,0.0,False,False,85.72,85.72,False,False,1.0,1.0,False,False,36.165,36.165,False,True,,,True,101.80897217206
637,0.5,85.63,0.0,37.694,,0,0,0,0,1,0,0,False,0.5,0.5,False,False,85.63,85.63,False,False,0.0,0.0,False,False,37.694,37.694,False,True,,,True,101.73908348681552
638,0.0,,0.0,35.99,,0,1,0,0,1,0,0,False,0.0,0.0,False,True,86.21,86.21,True,False,0.0,0.0,False,False,35.99,35.99,False,True,,,True,99.6850829788193
639,10.0,86.79,1.0,34.933,,0,0,0,0,1,0,0,False,10.0,10.0,False,False,86.79,86.79,False,False,1.0,1.0,False,False,34.933,34.933,False,True,,,True,114.38618476363808
640,0.0,84.78,0.0,33.696,,0,0,0,0,1,0,0,False,0.0,0.0,False,False,84.78,84.78,False,False,0.0,0.0,False,False,33.696,33.696,False,True,,,True,96.68085959518838
641,0.4,84.34,0.0,33.409,,0,0,0,0,1,0,0,False,0.4,0.4,False,False,84.34,84.34,False,False,0.0,0.0,False,False,33.409,33.409,False,True,,,True,96.70145738343354
642,0.1,85.6,2.0,37.066,,0,0,0,0,1,0,0,False,0.1,0.1,False,False,85.6,85.6,False,False,2.0,2.0,False,False,37.066,37.066,False,True,,,True,104.97389997717107
643,,81.72,1.0,35.847,,1,0,0,0,1,0,0,True,0.15000000000000002,0.15000000000000002,True,False,81.72,81.72,False,False,1.0,1.0,False,False,35.847,35.847,False,True,,,True,99.64646969482561
644,0.2,,1.0,32.619,,0,1,0,0,1,0,0,False,0.2,0.2,False,True,82.56,82.56,True,False,1.0,1.0,False,False,32.619,32.619,False,True,,,True,96.94439414301075
645,0.2,83.4,0.0,34.094,,0,0,0,0,1,0,0,False,0.2,0.2,False,False,83.4,83.4,False,False,0.0,0.0,False,False,34.094,34.094,False,True,,,True,96.63423014632149
646,0.0,81.21,0.0,33.232,,0,0,0,0,1,0,0,False,0.0,0.0,False,False,81.21,81.21,False,False,0.0,0.0,False,False,33.232,33.232,False,True,,,True,94.39492402341756
647,0.1,,1.0,30.295,,0,1,0,0,1,0,0,False,0.1,0.1,False,True,79.78129400903353,79.78129400903353,True,False,1.0,1.0,False,False,30.295,30.295,False,True,,,True,93.08801090395508
648,0.2,78.72,0.0,34.268,,0,0,0,0,1,0,0,False,0.2,0.2,False,False,78.72,78.72,False,False,0.0,0.0,False,False,34.268,34.268,False,True,,,True,94.41254798205655
649,0.0,77.98,0.0,35.438,,0,0,0,0,1,0,0,False,0.0,0.0,False,False,77.98,77.98,False,False,0.0,0.0,False,False,35.438,35.438,False,True,,,True,94.92812865135419
650,0.6,78.05,1.0,34.922,,0,0,0,0,1,0,0,False,0.6,0.6,False,False,78.05,78.05,False,False,1.0,1.0,False,False,34.922,34.922,False,True,,,True,97.4489272878348
651,0.1,74.55,1.0,30.817,,0,0,0,0,1,0,0,False,0.1,0.1,False,False,74.55,74.55,False,False,1.0,1.0,False,False,30.817,30.817,False,True,,,True,90.92908202322953
652,1.5,,0.0,37.013,,0,1,0,0,1,0,0,False,1.5,1.5,False,True,75.16499999999999,75.16499999999999,True,False,0.0,0.0,False,False,37.013,37.013,False,True,,,True,97.03604776696353
653,0.2,75.78,2.0,32.654,,0,0,0,0,1,0,0,False,0.2,0.2,False,False,75.78,75.78,False,False,2.0,2.0,False,False,32.654,32.654,False,True,,,True,95.71191638522127
654,0.1,75.19,0.0,,,0,0,0,1,1,0,0,False,0.1,0.1,False,False,75.19,75.19,False,False,0.0,0.0,False,True,31.66577101618294,31.66577101618294,True,True,,,True,89.89619227705728
655,0.5,75.5,0.0,31.311,,0,0,0,0,1,0,0,False,0.5,0.5,False,False,75.5,75.5,False,False,0.0,0.0,False,False,31.311,31.311,False,True,,,True,90.23331276999453
656,,,,32.724,,1,1,1,0,1,0,0,True,0.35,0.35,True,True,81.81112137897358,81.81112137897358,True,True,1.0,1.0,True,False,32.724,32.724,False,True,,,True,96.86408464343296
657,29.2,88.72,0.0,44.639,,0,0,0,0,1,0,0,False,29.2,29.2,False,False,88.72,88.72,False,False,0.0,0.0,False,False,44.639,44.639,False,True,,,True,148.22899232593562
658,3.9,89.81,2.0,36.768,,0,0,0,0,1,0,0,False,3.9,3.9,False,False,89.81,89.81,False,False,2.0,2.0,False,False,36.768,36.768,False,True,,,True,111.86746069123842
659,0.0,89.03,2.0,33.662,,0,0,0,0,1,0,0,False,0.0,0.0,False,False,89.03,89.03,False,False,2.0,2.0,False,False,33.662,33.662,False,True,,,True,103.22362374501513
660,0.2,87.84,2.0,,,0,0,0,1,1,0,0,False,0.2,0.2,False,False,87.84,87.84,False,False,2.0,2.0,False,True,33.78889801778436,33.78889801778436,True,True,,,True,103.00560418781016
661,0.0,87.03,0.0,34.173,,0,0,0,0,1,0,0,False,0.0,0.0,False,False,87.03,87.03,False,False,0.0,0.0,False,False,34.173,34.173,False,True,,,True,98.30442487185042
662,0.0,,1.0,36.89,,0,1,0,0,1,0,0,False,0.0,0.0,False,True,86.93491105533123,86.93491105533123,True,False,1.0,1.0,False,False,36.89,36.89,False,True,,,True,103.14873249073932
663,0.0,86.83,1.0,34.073,,0,0,0,0,1,0,0,False,0.0,0.0,False,False,86.83,86.83,False,False,1.0,1.0,False,False,34.073,34.073,False,True,,,True,100.30421740052746
664,0.0,84.26,1.0,35.17,,0,0,0,0,1,0,0,False,0.0,0.0,False,False,84.26,84.26,False,False,1.0,1.0,False,False,35.17,35.17,False,True,,,True,100.07634255852234
665,0.0,83.12,1.0,34.449,,0,0,0,0,1,0,0,False,0.0,0.0,False,False,83.12,83.12,False,False,1.0,1.0,False,False,34.449,34.449,False,True,,,True,98.77886605965462
666,3.3,84.07,0.0,35.249,,0,0,0,0,1,0,0,False,3.3,3.3,False,False,84.07,84.07,False,False,0.0,0.0,False,False,35.249,35.249,False,True,,,True,102.22887589068812
667,0.5,,2.0,33.819,,0,1,0,0,1,0,0,False,0.5,0.5,False,True,83.50717186366931,83.50717186366931,True,False,2.0,2.0,False,False,33.819,33.819,False,True,,,True,101.21646904652839
668,0.0,82.56,1.0,32.872,,0,0,0,0,1,0,0,False,0.0,0.0,False,False,82.56,82.56,False,False,1.0,1.0,False,False,32.872,32.872,False,True,,,True,96.93003707251782
669,0.0,81.78,1.0,36.444,,0,0,0,0,1,0,0,False,0.0,0.0,False,False,81.78,81.78,False,False,1.0,1.0,False,False,36.444,36.444,False,True,,,True,100.0698642308898
670,0.6,81.17,1.0,31.919,,0,0,0,0,1,0,0,False,0.6,0.6,False,False,81.17,81.17,False,False,1.0,1.0,False,False,31.919,31.919,False,True,,,True,96.06985104295806
671,0.2,81.32,0.0,31.874,,0,0,0,0,1,0,0,False,0.2,0.2,False,False,81.32,81.32,False,False,0.0,0.0,False,False,31.874,31.874,False,True,,,True,93.3708104863811
672,0.0,81.67,1.0,36.818,,0,0,0,0,1,0,0,False,0.0,0.0,False,False,81.67,81.67,False,False,1.0,1.0,False,False,36.818,36.818,False,True,,,True,100.38412129158048
673,0.0,80.08,1.0,35.749,,0,0,0,0,1,0,0,False,0.0,0.0,False,False,80.08,80.08,False,False,1.0,1.0,False,False,35.749,35.749,False,True,,,True,98.51167682365744
674,20.4,90.97,0.0,,,0,0,0,1,1,0,0,False,20.4,20.4,False,False,90.97,90.97,False,False,0.0,0.0,False,True,35.7551593972295,35.7551593972295,True,True,,,True,128.9182572016847
675,0.0,90.24,0.0,35.777,,0,0,0,0,1,0,0,False,0.0,0.0,False,False,90.24,90.24,False,False,0.0,0.0,False,False,35.777,35.777,False,True,,,True,101.53561793545771
676,0.5,89.58,2.0,39.766,,0,0,0,0,1,0,0,False,0.5,0.5,False,False,89.58,89.58,False,False,2.0,2.0,False,False,39.766,39.766,False,True,,,True,110.21483014770828
677,0.0,88.62,1.0,37.512,,0,0,0,0,1,0,0,False,0.0,0.0,False,False,88.62,88.62,False,False,1.0,1.0,False,False,37.512,37.512,False,True,,,True,104.62696982382182
678,,88.61,2.0,,,1,0,0,1,1,0,0,True,0.25,0.25,True,False,88.61,88.61,False,False,2.0,2.0,False,True,36.828902491541065,36.828902491541065,True,True,,,True,106.4775335583772
679,0.5,87.41,3.0,36.567,,0,0,0,0,1,0,0,False,0.5,0.5,False,False,87.41,87.41,False,False,3.0,3.0,False,False,36.567,36.567,False,True,,,True,108.1366342715497
680,8.0,90.16,1.0,43.119,,0,0,0,0,1,0,0,False,8.0,8.0,False,False,90.16,90.16,False,False,1.0,1.0,False,False,43.119,43.119,False,True,,,True,121.57003762749443
681,0.0,87.76,1.0,39.136,,0,0,0,0,1,0,0,False,0.0,0.0,False,False,87.76,87.76,False,False,1.0,1.0,False,False,39.136,39.136,False,True,,,True,105.79595759369958
682,12.0,93.72,0.0,40.818,,0,0,0,0,1,0,0,False,12.0,12.0,False,False,93.72,93.72,False,False,0.0,0.0,False,False,40.818,40.818,False,True,,,True,124.21051807972705
683,0.6,94.05,3.0,31.614,,0,0,0,0,1,0,0,False,0.6,0.6,False,False,94.05,94.05,False,False,3.0,3.0,False,False,31.614,31.614,False,True,,,True,106.75883117509144
684,0.7,92.25,1.0,33.594,,0,0,0,0,1,0,0,False,0.7,0.7,False,False,92.25,92.25,False,False,1.0,1.0,False,False,33.594,33.594,False,True,,,True,103.52980909072977
685,0.0,90.17,0.0,38.126,,0,0,0,0,1,0,0,False,0.0,0.0,False,False,90.17,90.17,False,False,0.0,0.0,False,False,38.126,38.126,False,True,,,True,103.82700161294754
686,0.5,90.34,1.0,34.413,,0,0,0,0,1,0,0,False,0.5,0.5,False,False,90.34,90.34,False,False,1.0,1.0,False,False,34.413,34.413,False,True,,,True,103.09913167555779
687,1.0,90.27,2.0,36.822,,0,0,0,0,1,0,0,False,1.0,1.0,False,False,90.27,90.27,False,False,2.0,2.0,False,False,36.822,36.822,False,True,,,True,108.31365369781798
688,0.9,88.5,0.0,39.577,,0,0,0,0,1,0,0,False,0.9,0.9,False,False,88.5,88.5,False,False,0.0,0.0,False,False,39.577,39.577,False,True,,,True,105.60277498462563
689,0.7,86.2,1.0,35.098,,0,0,0,0,1,0,0,False,0.7,0.7,False,False,86.2,86.2,False,False,1.0,1.0,False,False,35.098,35.098,False,True,,,True,101.92495223853034
690,0.2,84.38,2.0,37.012,,0,0,0,0,1,0,0,False,0.2,0.2,False,False,84.38,84.38,False,False,2.0,2.0,False,False,37.012,37.012,False,True,,,True,104.42881110475233
691,0.0,,1.0,34.358,,0,1,0,0,1,0,0,False,0.0,0.0,False,True,83.35155485040798,83.35155485040798,True,False,1.0,1.0,False,False,34.358,34.358,False,True,,,True,98.8071634011325
692,0.4,82.88,0.0,36.302,,0,0,0,0,1,0,0,False,0.4,0.4,False,False,82.88,82.88,False,False,0.0,0.0,False,False,36.302,36.302,False,True,,,True,98.82073238016794
693,0.0,84.15,0.0,,,0,0,0,1,1,0,0,False,0.0,0.0,False,False,84.15,84.15,False,False,0.0,0.0,False,True,36.033061555737035,36.033061555737035,True,True,,,True,98.67394613273872
694,0.3,80.28,2.0,35.416,,0,0,0,0,1,0,0,False,0.3,0.3,False,False,80.28,80.28,False,False,2.0,2.0,False,False,35.416,35.416,False,True,,,True,100.88276597496755
695,1.5,82.0,1.0,34.133,,0,0,0,0,1,0,0,False,1.5,1.5,False,False,82.0,82.0,False,False,1.0,1.0,False,False,34.133,34.133,False,True,,,True,99.88042270922807
696,0.5,81.4,3.0,34.371,,0,0,0,0,1,0,0,False,0.5,0.5,False,False,81.4,81.4,False,False,3.0,3.0,False,False,34.371,34.371,False,True,,,True,102.88658956513758
697,0.3,82.11,0.0,32.241,,0,0,0,0,1,0,0,False,0.3,0.3,False,False,82.11,82.11,False,False,0.0,0.0,False,False,32.241,32.241,False,True,,,True,94.27103412747063
698,6.7,83.19,0.0,33.744,,0,0,0,0,1,0,0,False,6.7,6.7,False,False,83.19,83.19,False,False,0.0,0.0,False,False,33.744,33.744,False,True,,,True,104.79282219814971
699,0.3,82.15,1.0,37.072,,0,0,0,0,1,0,0,False,0.3,0.3,False,False,82.15,82.15,False,False,1.0,1.0,False,False,37.072,37.072,False,True,,,True,101.27882092523672
700,0.0,80.34,0.0,31.031,,0,0,0,0,1,0,0,False,0.0,0.0,False,False,80.34,80.34,False,False,0.0,0.0,False,False,31.031,31.031,False,True,,,True,91.76930677670643
701,2.1,80.65,1.0,32.374,,0,0,0,0,1,0,0,False,2.1,2.1,False,False,80.65,80.65,False,False,1.0,1.0,False,False,32.374,32.374,False,True,,,True,98.2421815266201
702,0.3,81.19,2.0,35.495,,0,0,0,0,1,0,0,False,0.3,0.3,False,False,81.19,81.19,False,False,2.0,2.0,False,False,35.495,35.495,False,True,,,True,101.42654554107952
703,0.0,80.2,1.0,33.659,,0,0,0,0,1,0,0,False,0.0,0.0,False,False,80.2,80.2,False,False,1.0,1.0,False,False,33.659,33.659,False,True,,,True,96.50246628019414
704,0.3,78.59,2.0,34.121,,0,0,0,0,1,0,0,False,0.3,0.3,False,False,78.59,78.59,False,False,2.0,2.0,False,False,34.121,34.121,False,True,,,True,98.73526437124437
705,0.0,78.81,1.0,33.726,,0,0,0,0,1,0,0,False,0.0,0.0,False,False,78.81,78.81,False,False,1.0,1.0,False,False,33.726,33.726,False,True,,,True,95.85778596901181
706,8.9,81.98,,38.239,,0,0,1,0,1,0,0,False,8.9,8.9,False,False,81.98,81.98,False,True,0.0,0.0,True,False,38.239,38.239,False,True,,,True,111.54220371804729
707,0.1,81.36,0.0,33.424,,0,0,0,0,1,0,0,False,0.1,0.1,False,False,81.36,81.36,False,False,0.0,0.0,False,False,33.424,33.424,False,True,,,True,94.79437858013415
708,0.2,79.83,0.0,31.885,,0,0,0,0,1,0,0,False,0.2,0.2,False,False,79.83,79.83,False,False,0.0,0.0,False,False,31.885,31.885,False,True,,,True,92.61949479447742
709,,79.1,0.0,34.012,,1,0,0,0,1,0,0,True,0.2,0.2,True,False,79.1,79.1,False,False,0.0,0.0,False,False,34.012,34.012,False,True,,,True,94.35331467126288
710,8.2,80.75,1.0,36.382,,0,0,0,0,1,0,0,False,8.2,8.2,False,False,80.75,80.75,False,False,1.0,1.0,False,False,36.382,36.382,False,True,,,True,110.34687961112068
711,,80.09,1.0,34.881,,1,0,0,0,1,0,0,True,1.3,1.3,True,False,80.09,80.09,False,False,1.0,1.0,False,False,34.881,34.881,False,True,,,True,99.37940444340555
712,0.0,80.76,0.0,34.722,,0,0,0,0,1,0,0,False,0.0,0.0,False,False,80.76,80.76,False,False,0.0,0.0,False,False,34.722,34.722,False,True,,,True,95.64089244162562
713,1.3,78.99,2.0,33.59,,0,0,0,0,1,0,0,False,1.3,1.3,False,False,78.99,78.99,False,False,2.0,2.0,False,False,33.59,33.59,False,True,,,True,99.7388565118308
714,7.3,83.02,1.0,32.542,,0,0,0,0,1,0,0,False,7.3,7.3,False,False,83.02,83.02,False,False,1.0,1.0,False,False,32.542,32.542,False,True,,,True,106.51121686147877
715,0.0,82.04,1.0,30.326,,0,0,0,0,1,0,0,False,0.0,0.0,False,False,82.04,82.04,False,False,1.0,1.0,False,False,30.326,30.326,False,True,,,True,94.14166619069844
716,0.2,81.08,,35.383,,0,0,1,0,1,0,0,False,0.2,0.2,False,False,81.08,81.08,False,True,1.0,1.0,True,False,35.383,35.383,False,True,,,True,98.92563569449337
717,0.0,79.79,0.0,30.321,,0,0,0,0,1,0,0,False,0.0,0.0,False,False,79.79,79.79,False,False,0.0,0.0,False,False,30.321,30.321,False,True,,,True,90.78454426778796
718,0.0,78.97,1.0,31.791,,0,0,0,0,1,0,0,False,0.0,0.0,False,False,78.97,78.97,False,False,1.0,1.0,False,False,31.791,31.791,False,True,,,True,94.0225985467985
719,0.0,77.55,0.0,33.132,,0,0,0,0,1,0,0,False,0.0,0.0,False,False,77.55,77.55,False,False,0.0,0.0,False,False,33.132,33.132,False,True,,,True,92.42356940490717
720,0.0,77.62,3.0,34.055,,0,0,0,0,1,0,0,False,0.0,0.0,False,False,77.62,77.62,False,False,3.0,3.0,False,False,34.055,34.055,False,True,,,True,99.97733324151133
721,0.0,77.18,1.0,32.033,,0,0,0,0,1,0,0,False,0.0,0.0,False,False,77.18,77.18,False,False,1.0,1.0,False,False,32.033,32.033,False,True,,,True,93.34667247906266
722,0.0,76.59,1.0,32.553,,0,0,0,0,1,0,0,False,0.0,0.0,False,False,76.59,76.59,False,False,1.0,1.0,False,False,32.553,32.553,False,True,,,True,93.56002879468298
723,0.5,76.71,1.0,30.667,,0,0,0,0,1,0,0,False,0.5,0.5,False,False,76.71,76.71,False,False,1.0,1.0,False,False,30.667,30.667,False,True,,,True,92.41544503406018
724,0.0,75.44,1.0,31.093,,0,0,0,0,1,0,0,False,0.0,0.0,False,False,75.44,75.44,False,False,1.0,1.0,False,False,31.093,31.093,False,True,,,True,91.52529749200919
725,0.0,74.82,0.0,27.29,,0,0,0,0,1,0,0,False,0.0,0.0,False,False,74.82,74.82,False,False,0.0,0.0,False,False,27.29,27.29,False,True,,,True,85.23926637000363
726,0.0,75.02,2.0,30.702,,0,0,0,0,1,0,0,False,0.0,0.0,False,False,75.02,75.02,False,False,2.0,2.0,False,False,30.702,30.702,False,True,,,True,93.12425000367442
727,0.4,74.49,2.0,30.978,,0,0,0,0,1,0,0,False,0.4,0.4,False,False,74.49,74.49,False,False,2.0,2.0,False,False,30.978,30.978,False,True,,,True,93.6565812702428
728,,73.88,0.0,33.466,,1,0,0,0,1,0,0,True,0.25,0.25,True,False,73.88,73.88,False,False,0.0,0.0,False,False,33.466,33.466,False,True,,,True,91.20833043100721
729,0.1,74.11,0.0,29.507,,0,0,0,0,1,0,0,False,0.1,0.1,False,False,74.11,74.11,False,False,0.0,0.0,False,False,29.507,29.507,False,True,,,True,87.20498589534262
730,0.7,74.99,3.0,32.498,,0,0,0,0,1,0,0,False,0.7,0.7,False,False,74.99,74.99,False,False,3.0,3.0,False,False,32.498,32.498,False,True,,,True,98.0169333714095
731,0.4,71.93,1.0,30.647,,0,0,0,0,1,0,0,False,0.4,0.4,False,False,71.93,71.93,False,False,1.0,1.0,False,False,30.647,30.647,False,True,,,True,89.81790451724899
732,0.3,70.88,4.0,30.18,,0,0,0,0,1,0,0,False,0.3,0.3,False,False,70.88,70.88,False,False,4.0,4.0,False,False,30.18,30.18,False,True,,,True,95.28912963222416
733,0.0,71.42,1.0,28.188,,0,0,0,0,1,0,0,False,0.0,0.0,False,False,71.42,71.42,False,False,1.0,1.0,False,False,28.188,28.188,False,True,,,True,86.5908249313015
734,0.0,70.9,0.0,26.827,,0,0,0,0,1,0,0,False,0.0,0.0,False,False,70.9,70.9,False,False,0.0,0.0,False,False,26.827,26.827,False,True,,,True,82.77527805835815
735,6.8,73.62,0.0,33.62,,0,0,0,0,1,0,0,False,6.8,6.8,False,False,73.62,73.62,False,False,0.0,0.0,False,False,33.62,33.62,False,True,,,True,99.90691788192525
736,0.0,72.05,1.0,26.292,,0,0,0,0,1,0,0,False,0.0,0.0,False,False,72.05,72.05,False,False,1.0,1.0,False,False,26.292,26.292,False,True,,,True,85.0347052250159
737,0.1,72.22,1.0,34.733,,0,0,0,0,1,0,0,False,0.1,0.1,False,False,72.22,72.22,False,False,1.0,1.0,False,False,34.733,34.733,False,True,,,True,93.61680882251133
738,0.0,73.61,2.0,31.382,,0,0,0,0,1,0,0,False,0.0,0.0,False,False,73.61,73.61,False,False,2.0,2.0,False,False,31.382,31.382,False,True,,,True,93.07664767234881
739,0.0,70.21,2.0,35.053,,0,0,0,0,1,0,0,False,0.0,0.0,False,False,70.21,70.21,False,False,2.0,2.0,False,False,35.053,35.053,False,True,,,True,94.97428757819966
740,0.2,68.72,0.0,32.469,,0,0,0,0,1,0,0,False,0.2,0.2,False,False,68.72,68.72,False,False,0.0,0.0,False,False,32.469,32.469,False,True,,,True,87.51472221024004
741,0.0,70.37,1.0,29.046,,0,0,0,0,1,0,0,False,0.0,0.0,False,False,70.37,70.37,False,False,1.0,1.0,False,False,29.046,29.046,False,True,,,True,86.90372906810305
742,0.3,68.93,0.0,26.938,,0,0,0,0,1,0,0,False,0.3,0.3,False,False,68.93,68.93,False,False,0.0,0.0,False,False,26.938,26.938,False,True,,,True,82.27500108193979
743,0.0,67.12,1.0,29.878,,0,0,0,0,1,0,0,False,0.0,0.0,False,False,67.12,67.12,False,False,1.0,1.0,False,False,29.878,29.878,False,True,,,True,86.06545857388747
744,0.0,66.73,1.0,26.154,,0,0,0,0,1,0,0,False,0.0,0.0,False,False,66.73,66.73,False,False,1.0,1.0,False,False,26.154,26.154,False,True,,,True,82.17652585610867
745,0.0,67.22,0.0,27.191,,0,0,0,0,1,0,0,False,0.0,0.0,False,False,67.22,67.22,False,False,0.0,0.0,False,False,27.191,27.191,False,True,,,True,81.25338470495896
746,8.7,69.88,0.0,34.545,,0,0,0,0,1,0,0,False,8.7,8.7,False,False,69.88,69.88,False,False,0.0,0.0,False,False,34.545,34.545,False,True,,,True,101.42770172802115
747,7.1,73.2,3.0,32.012,,0,0,0,0,1,0,0,False,7.1,7.1,False,False,73.2,73.2,False,False,3.0,3.0,False,False,32.012,32.012,False,True,,,True,105.1000305678026
748,0.3,73.88,0.0,29.955,,0,0,0,0,1,0,0,False,0.3,0.3,False,False,73.88,73.88,False,False,0.0,0.0,False,False,29.955,29.955,False,True,,,True,87.79617789820206
749,0.0,73.8,1.0,30.846,,0,0,0,0,1,0,0,False,0.0,0.0,False,False,73.8,73.8,False,False,1.0,1.0,False,False,30.846,30.846,False,True,,,True,90.44164410911931
750,5.0,74.7,0.0,30.43,,0,0,0,0,1,0,0,False,5.0,5.0,False,False,74.7,74.7,False,False,0.0,0.0,False,False,30.43,30.43,False,True,,,True,94.91393569758979
751,1.7,73.29,2.0,29.242,,0,0,0,0,1,0,0,False,1.7,1.7,False,False,73.29,73.29,False,False,2.0,2.0,False,False,29.242,29.242,False,True,,,True,93.04538841757416
752,,80.18,0.0,35.807,,1,0,0,0,1,0,0,True,0.85,0.85,True,False,80.18,80.18,False,False,0.0,0.0,False,False,35.807,35.807,False,True,,,True,97.54540409161606
753,0.0,78.49,0.0,30.57,,0,0,0,0,1,0,0,False,0.0,0.0,False,False,78.49,78.49,False,False,0.0,0.0,False,False,30.57,30.57,False,True,,,True,90.36621405200995
754,3.6,80.86,0.0,38.415,,0,0,0,0,1,0,0,False,3.6,3.6,False,False,80.86,80.86,False,False,0.0,0.0,False,False,38.415,38.415,False,True,,,True,104.1209115373974
755,0.0,79.73,4.0,34.605,,0,0,0,0,1,0,0,False,0.0,0.0,False,False,79.73,79.73,False,False,4.0,4.0,False,False,34.605,34.605,False,True,,,True,103.80277811444782
756,0.3,78.78,1.0,32.971,,0,0,0,0,1,0,0,False,0.3,0.3,False,False,78.78,78.78,False,False,1.0,1.0,False,False,32.971,32.971,False,True,,,True,95.4919610573186
757,0.0,78.49,0.0,32.336,,0,0,0,0,1,0,0,False,0.0,0.0,False,False,78.49,78.49,False,False,0.0,0.0,False,False,32.336,32.336,False,True,,,True,92.11581887241645
758,,76.78,0.0,32.06,,1,0,0,0,1,0,0,True,0.05,0.05,True,False,76.78,76.78,False,False,0.0,0.0,False,False,32.06,32.06,False,True,,,True,91.03387809600095
759,0.0,76.3,2.0,36.804,,0,0,0,0,1,0,0,False,0.0,0.0,False,False,76.3,76.3,False,False,2.0,2.0,False,False,36.804,36.804,False,True,,,True,99.82438779132075
760,0.1,75.7,4.0,32.745,,0,0,0,0,1,0,0,False,0.1,0.1,False,False,75.7,75.7,False,False,4.0,4.0,False,False,32.745,32.745,False,True,,,True,100.03099259740397
761,0.6,74.51,0.0,31.815,,0,0,0,0,1,0,0,False,0.6,0.6,False,False,74.51,74.51,False,False,0.0,0.0,False,False,31.815,31.815,False,True,,,True,90.3587006689985
762,0.3,74.33,1.0,29.952,,0,0,0,0,1,0,0,False,0.3,0.3,False,False,74.33,74.33,False,False,1.0,1.0,False,False,29.952,29.952,False,True,,,True,90.22457917447367
763,0.5,72.84,1.0,33.417,,0,0,0,0,1,0,0,False,0.5,0.5,False,False,72.84,72.84,False,False,1.0,1.0,False,False,33.417,33.417,False,True,,,True,93.16020552998643
764,0.1,72.33,1.0,31.903,,0,0,0,0,1,0,0,False,0.1,0.1,False,False,72.33,72.33,False,False,1.0,1.0,False,False,31.903,31.903,False,True,,,True,90.86935275903562
765,0.3,70.39,1.0,,,0,0,0,1,1,0,0,False,0.3,0.3,False,False,70.39,70.39,False,False,1.0,1.0,False,True,30.072294864591527,30.072294864591527,True,True,,,True,88.32823948362403
766,0.0,70.93,0.0,28.986,,0,0,0,0,1,0,0,False,0.0,0.0,False,False,70.93,70.93,False,False,0.0,0.0,False,False,28.986,28.986,False,True,,,True,84.92958092980831
767,2.8,71.85,0.0,29.466,,0,0,0,0,1,0,0,False,2.8,2.8,False,False,71.85,71.85,False,False,0.0,0.0,False,False,29.466,29.466,False,True,,,True,89.58586901175903
768,0.7,68.93,0.0,28.624,,0,0,0,0,1,0,0,False,0.7,0.7,False,False,68.93,68.93,False,False,0.0,0.0,False,False,28.624,28.624,False,True,,,True,84.47536514723544
769,12.3,73.53,0.0,29.957,,0,0,0,0,1,0,0,False,12.3,12.3,False,False,73.53,73.53,False,False,0.0,0.0,False,False,29.957,29.957,False,True,,,True,103.51961211643741
770,0.3,73.44,2.0,35.788,,0,0,0,0,1,0,0,False,0.3,0.3,False,False,73.44,73.44,False,False,2.0,2.0,False,False,35.788,35.788,False,True,,,True,97.75229171917333
771,0.0,72.0,0.0,26.316,,0,0,0,0,1,0,1,False,0.0,0.0,False,False,72.0,72.0,False,False,0.0,0.0,False,False,26.316,26.316,False,True,,,True,82.83173008174157
772,0.0,71.4,2.0,26.258,,0,0,0,0,1,0,0,False,0.0,0.0,False,False,71.4,71.4,False,False,2.0,2.0,False,False,26.258,26.258,False,True,,,True,86.86968629406472
773,0.0,72.24,0.0,27.859,,0,0,0,0,1,0,0,False,0.0,0.0,False,False,72.24,72.24,False,False,0.0,0.0,False,False,27.859,27.859,False,True,,,True,84.4831778437314
774,0.0,71.77,3.0,28.87,,0,0,0,0,1,0,0,False,0.0,0.0,False,False,71.77,71.77,False,False,3.0,3.0,False,False,28.87,28.87,False,True,,,True,91.84788623139752
775,3.8,71.81,0.0,27.827,,0,0,0,0,1,0,0,False,3.8,3.8,False,False,71.81,71.81,False,False,0.0,0.0,False,False,27.827,27.827,False,True,,,True,89.266664393784
776,0.0,70.61,1.0,26.81,,0,0,0,0,1,0,0,False,0.0,0.0,False,False,70.61,70.61,False,False,1.0,1.0,False,False,26.81,26.81,False,True,,,True,84.81126028631247
777,3.6,72.76,1.0,31.896,,0,0,0,0,1,0,0,False,3.6,3.6,False,False,72.76,72.76,False,False,1.0,1.0,False,False,31.896,31.896,False,True,,,True,95.72003015742693
778,0.0,72.71,1.0,30.113,,0,0,0,0,1,0,0,False,0.0,0.0,False,False,72.71,72.71,False,False,1.0,1.0,False,False,30.113,30.113,False,True,,,True,89.15785665235845
779,0.0,71.23,1.0,31.729,,0,0,0,0,1,0,0,False,0.0,0.0,False,False,71.23,71.23,False,False,1.0,1.0,False,False,31.729,31.729,False,True,,,True,90.0017559989562
780,,72.31,0.0,30.161,,1,0,0,0,1,0,0,True,0.0,0.0,True,False,72.31,72.31,False,False,0.0,0.0,False,False,30.161,30.161,False,True,,,True,86.7996152419554
781,0.0,70.73,1.0,31.262,,0,0,0,0,1,0,0,False,0.0,0.0,False,False,70.73,70.73,False,False,1.0,1.0,False,False,31.262,31.262,False,True,,,True,89.28331516476274
782,5.7,73.8,0.0,30.939,,0,0,0,0,1,0,0,False,5.7,5.7,False,False,73.8,73.8,False,False,0.0,0.0,False,False,30.939,30.939,False,True,,,True,95.88534173557008
783,0.0,70.56,1.0,26.352,,0,0,0,0,1,0,0,False,0.0,0.0,False,False,70.56,70.56,False,False,1.0,1.0,False,False,26.352,26.352,False,True,,,True,84.33193462722315
784,0.0,71.59,4.0,30.991,,0,0,0,0,1,0,0,False,0.0,0.0,False,False,71.59,71.59,False,False,4.0,4.0,False,False,30.991,30.991,False,True,,,True,96.05829050900157
785,0.3,70.88,0.0,28.003,,0,0,0,0,1,0,0,False,0.3,0.3,False,False,70.88,70.88,False,False,0.0,0.0,False,False,28.003,28.003,False,True,,,True,84.32764166843508
786,21.5,81.88,1.0,39.198,,0,0,0,0,1,0,0,False,21.5,21.5,False,False,81.88,81.88,False,False,1.0,1.0,False,False,39.198,39.198,False,True,,,True,131.3378410364093
787,0.0,80.26,1.0,33.523,,0,0,0,0,1,0,0,False,0.0,0.0,False,False,80.26,80.26,False,False,1.0,1.0,False,False,33.523,33.523,False,True,,,True,96.39842204003074
788,14.6,85.52,3.0,42.473,,0,0,0,0,1,0,0,False,14.6,14.6,False,False,85.52,85.52,False,False,3.0,3.0,False,False,42.473,42.473,False,True,,,True,131.7040526076267
789,8.4,89.67,0.0,38.848,,0,0,0,0,1,0,0,False,8.4,8.4,False,False,89.67,89.67,False,False,0.0,0.0,False,False,38.848,38.848,False,True,,,True,115.4168697174317
790,0.0,89.07,2.0,37.691,,0,0,0,0,1,0,0,False,0.0,0.0,False,False,89.07,89.07,False,False,2.0,2.0,False,False,37.691,37.691,False,True,,,True,107.23568144964835
791,0.0,87.19,1.0,34.288,,0,0,0,0,1,0,0,False,0.0,0.0,False,False,87.19,87.19,False,False,1.0,1.0,False,False,34.288,34.288,False,True,,,True,100.7013803682894
792,7.2,90.09,2.0,37.711,,0,0,0,0,1,0,0,False,7.2,7.2,False,False,90.09,90.09,False,False,2.0,2.0,False,False,37.711,37.711,False,True,,,True,117.31757730521073
793,0.0,87.66,1.0,36.821,,0,0,0,0,1,0,0,False,0.0,0.0,False,False,87.66,87.66,False,False,1.0,1.0,False,False,36.821,36.821,False,True,,,True,103.45129430284328
794,0.9,88.2,0.0,41.195,,0,0,0,0,1,0,0,False,0.9,0.9,False,False,88.2,88.2,False,False,0.0,0.0,False,False,41.195,41.195,False,True,,,True,107.05228798699495
795,0.0,89.14,0.0,38.992,,0,0,0,0,1,0,0,False,0.0,0.0,False,False,89.14,89.14,False,False,0.0,0.0,False,False,38.992,38.992,False,True,,,True,104.15806253403306
796,0.0,87.29,0.0,38.041,,0,0,0,0,1,0,0,False,0.0,0.0,False,False,87.29,87.29,False,False,0.0,0.0,False,False,38.041,38.041,False,True,,,True,102.2695188682272
797,0.0,86.94,1.0,,,0,0,0,1,1,0,0,False,0.0,0.0,False,False,86.94,86.94,False,False,1.0,1.0,False,True,38.816500000000005,38.816500000000005,True,True,,,True,105.05995052581089
798,3.4,88.92,0.0,39.592,,0,0,0,0,1,0,0,False,3.4,3.4,False,False,88.92,88.92,False,False,0.0,0.0,False,False,39.592,39.592,False,True,,,True,109.14509125874798
799,0.0,86.04,1.0,,,0,0,0,1,1,0,0,False,0.0,0.0,False,False,86.04,86.04,False,False,1.0,1.0,False,True,37.00999999999999,37.00999999999999,True,True,,,True,102.80982424055333
800,0.2,84.39,1.0,34.428,,0,0,0,0,1,0,0,False,0.2,0.2,False,False,84.39,84.39,False,False,1.0,1.0,False,False,34.428,34.428,False,True,,,True,99.67274125922802
801,0.4,85.11,2.0,40.219,,0,0,0,0,1,0,0,False,0.4,0.4,False,False,85.11,85.11,False,False,2.0,2.0,False,False,40.219,40.219,False,True,,,True,108.24447974331324
802,0.6,83.36,,35.174,,0,0,1,0,1,0,0,False,0.6,0.6,False,False,83.36,83.36,False,True,1.0,1.0,True,False,35.174,35.174,False,True,,,True,100.41493277694885
803,,84.2,,34.656,,1,0,1,0,1,0,0,True,0.5,0.5,True,False,84.2,84.2,False,True,1.0,1.0,True,False,34.656,34.656,False,True,,,True,100.19894194130703
804,0.0,84.62,1.0,34.282,,0,0,0,0,1,0,0,False,0.0,0.0,False,False,84.62,84.62,False,False,1.0,1.0,False,False,34.282,34.282,False,True,,,True,99.38074555068498
805,3.0,84.04,1.0,35.15,,0,0,0,0,1,0,0,False,3.0,3.0,False,False,84.04,84.04,False,False,1.0,1.0,False,False,35.15,35.15,False,True,,,True,103.91911069390613
806,3.0,88.08,1.0,39.746,,0,0,0,0,1,0,0,False,3.0,3.0,False,False,88.08,88.08,False,False,1.0,1.0,False,False,39.746,39.746,False,True,,,True,110.5391154141776
807,0.0,88.22,,37.318,,0,0,1,0,1,0,0,False,0.0,0.0,False,False,88.22,88.22,False,True,1.0,1.0,True,False,37.318,37.318,False,True,,,True,104.23014978712673
808,1.1,87.13,1.0,36.766,,0,0,0,0,1,0,0,False,1.1,1.1,False,False,87.13,87.13,False,False,1.0,1.0,False,False,36.766,36.766,False,True,,,True,104.5832274525556
809,0.0,85.91,1.0,35.258,,0,0,0,0,1,0,0,False,0.0,0.0,False,False,85.91,85.91,False,False,1.0,1.0,False,False,35.258,35.258,False,True,,,True,101.00758759191986
810,0.1,,2.0,,,0,1,0,1,1,0,0,False,0.1,0.1,False,True,86.875,86.875,True,False,2.0,2.0,False,True,37.0595,37.0595,True,True,,,True,105.6196900546964
811,7.6,87.84,,38.861,,0,0,1,0,1,0,0,False,7.6,7.6,False,False,87.84,87.84,False,True,1.0,1.0,True,False,38.861,38.861,False,True,,,True,115.63474914202632
812,0.8,87.28,,37.487,,0,0,1,0,1,0,0,False,0.8,0.8,False,False,87.28,87.28,False,True,1.0,1.0,True,False,37.487,37.487,False,True,,,True,104.97675434103228
813,0.0,86.04,0.0,,,0,0,0,1,1,0,0,False,0.0,0.0,False,False,86.04,86.04,False,False,0.0,0.0,False,True,35.476814544392525,35.476814544392525,True,True,,,True,99.08969786670586
814,0.0,84.81,0.0,34.207,,0,0,0,0,1,0,0,False,0.0,0.0,False,False,84.81,84.81,False,False,0.0,0.0,False,False,34.207,34.207,False,True,,,True,97.20246215858084
815,0.8,83.47,1.0,36.967,,0,0,0,0,1,0,0,False,0.8,0.8,False,False,83.47,83.47,False,False,1.0,1.0,False,False,36.967,36.967,False,True,,,True,102.51256600610768
816,0.0,82.61,,37.563,,0,0,1,0,1,0,0,False,0.0,0.0,False,False,82.61,82.61,False,True,0.0,0.0,True,False,37.563,37.563,False,True,,,True,99.40188973742487
817,0.0,82.02,1.0,34.93,,0,0,0,0,1,0,0,False,0.0,0.0,False,False,82.02,82.02,False,False,1.0,1.0,False,False,34.93,34.93,False,True,,,True,98.69269255008084
818,0.0,81.88,0.0,26.356,,0,0,0,0,1,0,0,False,0.0,0.0,False,False,81.88,81.88,False,False,0.0,0.0,False,False,26.356,26.356,False,True,,,True,87.92549971879679
819,11.1,86.58,0.0,37.88,,0,0,0,0,1,0,0,False,11.1,11.1,False,False,86.58,86.58,False,False,0.0,0.0,False,False,37.88,37.88,False,True,,,True,116.45477014328779
820,1.1,85.61,1.0,40.775,,0,0,0,0,1,0,0,False,1.1,1.1,False,False,85.61,85.61,False,False,1.0,1.0,False,False,40.775,40.775,False,True,,,True,107.77744857167222
821,0.0,85.84,0.0,32.405,,0,0,0,0,1,0,0,False,0.0,0.0,False,False,85.84,85.84,False,False,0.0,0.0,False,False,32.405,32.405,False,True,,,True,95.94409086835576
822,0.1,,,32.745,,0,1,1,0,1,0,0,False,0.1,0.1,False,True,84.92524573142593,84.92524573142593,True,True,0.0,0.0,True,False,32.745,32.745,False,True,,,True,95.94549346897571
823,0.0,83.41,2.0,33.992,,0,0,0,0,1,0,0,False,0.0,0.0,False,False,83.41,83.41,False,False,2.0,2.0,False,False,33.992,33.992,False,True,,,True,100.67563374117967
824,0.6,82.22,0.0,,,0,0,0,1,1,0,0,False,0.6,0.6,False,False,82.22,82.22,False,False,0.0,0.0,False,True,33.416,33.416,True,True,,,True,95.88890887645701
825,0.0,83.93,1.0,32.84,,0,0,0,0,1,0,0,False,0.0,0.0,False,False,83.93,83.93,False,False,1.0,1.0,False,False,32.84,32.84,False,True,,,True,97.59916139628905
826,0.0,82.35,0.0,33.282,,0,0,0,0,1,0,0,False,0.0,0.0,False,False,82.35,82.35,False,False,0.0,0.0,False,False,33.282,33.282,False,True,,,True,95.02762994782731
827,3.8,83.75,0.0,36.552,,0,0,0,0,1,0,0,False,3.8,3.8,False,False,83.75,83.75,False,False,0.0,0.0,False,False,36.552,36.552,False,True,,,True,104.01860291017132
828,0.4,83.51,1.0,29.94,,0,0,0,0,1,0,0,False,0.4,0.4,False,False,83.51,83.51,False,False,1.0,1.0,False,False,29.94,29.94,False,True,,,True,95.04124879198608
829,0.5,82.51,1.0,36.898,,0,0,0,0,1,0,0,False,0.5,0.5,False,False,82.51,82.51,False,False,1.0,1.0,False,False,36.898,36.898,False,True,,,True,101.55560355942859
830,,80.6,3.0,31.079,,1,0,0,0,1,0,0,True,0.45,0.45,True,False,80.6,80.6,False,False,3.0,3.0,False,False,31.079,31.079,False,True,,,True,99.1496575608449
831,0.0,82.29,1.0,33.98,,0,0,0,0,1,0,0,False,0.0,0.0,False,False,82.29,82.29,False,False,1.0,1.0,False,False,33.98,33.98,False,True,,,True,97.88963139160063
832,0.2,79.52,1.0,37.316,,0,0,0,0,1,0,0,False,0.2,0.2,False,False,79.52,79.52,False,False,1.0,1.0,False,False,37.316,37.316,False,True,,,True,100.04266785996991
833,11.9,84.56,1.0,35.144,,0,0,0,0,1,0,0,False,11.9,11.9,False,False,84.56,84.56,False,False,1.0,1.0,False,False,35.144,35.144,False,True,,,True,115.97204186320985
834,0.0,85.26,3.0,35.247,,0,0,0,0,1,0,0,False,0.0,0.0,False,False,85.26,85.26,False,False,3.0,3.0,False,False,35.247,35.247,False,True,,,True,105.06652982935826
835,8.6,88.94,0.0,40.338,,0,0,0,0,1,0,0,False,8.6,8.6,False,False,88.94,88.94,False,False,0.0,0.0,False,False,40.338,40.338,False,True,,,True,116.78461164147333
836,3.6,91.65,2.0,36.598,,0,0,0,0,1,0,0,False,3.6,3.6,False,False,91.65,91.65,False,False,2.0,2.0,False,False,36.598,36.598,False,True,,,True,112.24278355636656
837,0.0,88.61,2.0,36.583,,0,0,0,0,1,0,0,False,0.0,0.0,False,False,88.61,88.61,False,False,2.0,2.0,False,False,36.583,36.583,False,True,,,True,105.90265363645369
838,0.0,88.23,1.0,40.586,,0,0,0,0,1,0,0,False,0.0,0.0,False,False,88.23,88.23,False,False,1.0,1.0,False,False,40.586,40.586,False,True,,,True,107.47292587678108
839,0.3,84.56,2.0,37.407,,0,0,0,0,1,0,0,False,0.3,0.3,False,False,84.56,84.56,False,False,2.0,2.0,False,False,37.407,37.407,False,True,,,True,105.04472763330689
840,0.0,85.18,4.0,33.225,,0,0,0,0,1,0,0,False,0.0,0.0,False,False,85.18,85.18,False,False,4.0,4.0,False,False,33.225,33.225,False,True,,,True,105.22355213723809
841,0.3,84.13,,31.278,,0,0,1,0,1,0,0,False,0.3,0.3,False,False,84.13,84.13,False,True,2.0,2.0,True,False,31.278,31.278,False,True,,,True,98.75266033000028
842,1.1,82.1,3.0,28.731,,0,0,0,0,1,0,0,False,1.1,1.1,False,False,82.1,82.1,False,False,3.0,3.0,False,False,28.731,28.731,False,True,,,True,98.45206188560508
843,0.0,81.94,1.0,33.867,,0,0,0,0,1,0,0,False,0.0,0.0,False,False,81.94,81.94,False,False,1.0,1.0,False,False,33.867,33.867,False,True,,,True,97.59863700420254
844,0.0,80.53,0.0,33.984,,0,0,0,0,1,0,0,False,0.0,0.0,False,False,80.53,80.53,False,False,0.0,0.0,False,False,33.984,33.984,False,True,,,True,94.79208675306069
845,0.0,79.35,2.0,32.198,,0,0,0,0,1,0,0,False,0.0,0.0,False,False,79.35,79.35,False,False,2.0,2.0,False,False,32.198,32.198,False,True,,,True,96.82138477645564
846,0.5,78.1,3.0,29.944,,0,0,0,0,1,0,0,False,0.5,0.5,False,False,78.1,78.1,False,False,3.0,3.0,False,False,29.944,29.944,False,True,,,True,96.81256490516698
847,17.2,,0.0,41.638,,0,1,0,0,1,0,0,False,17.2,17.2,False,True,82.32999999999998,82.32999999999998,True,False,0.0,0.0,False,False,41.638,41.638,False,True,,,True,126.0865347934807
848,0.7,86.56,0.0,35.088,,0,0,0,0,1,0,0,False,0.7,0.7,False,False,86.56,86.56,False,False,0.0,0.0,False,False,35.088,35.088,False,True,,,True,99.89802936422089
849,0.6,84.79,3.0,34.178,,0,0,0,0,1,0,0,False,0.6,0.6,False,False,84.79,84.79,False,False,3.0,3.0,False,False,34.178,34.178,False,True,,,True,104.56204923298966
850,0.5,84.41,1.0,32.812,,0,0,0,0,1,0,0,False,0.5,0.5,False,False,84.41,84.41,False,False,1.0,1.0,False,False,32.812,32.812,False,True,,,True,98.47948733045416
851,0.0,80.75,0.0,34.201,,0,0,0,0,1,0,0,False,0.0,0.0,False,False,80.75,80.75,False,False,0.0,0.0,False,False,34.201,34.201,False,True,,,True,95.11961377080291
852,0.2,81.65,0.0,29.616,,0,0,0,0,1,0,0,False,0.2,0.2,False,False,81.65,81.65,False,False,0.0,0.0,False,False,29.616,29.616,False,True,,,True,91.30258569390034
853,1.1,,2.0,,,0,1,0,1,1,0,0,False,1.1,1.1,False,True,80.80989327143713,80.80989327143713,True,False,2.0,2.0,False,True,31.0685,31.0685,True,True,,,True,97.90672870116516
854,0.1,,2.0,32.521,,0,1,0,0,1,0,0,False,0.1,0.1,False,True,79.16534209842982,79.16534209842982,True,False,2.0,2.0,False,False,32.521,32.521,False,True,,,True,97.17942799248367
855,0.9,78.03,0.0,31.459,,0,0,0,0,1,0,0,False,0.9,0.9,False,False,78.03,78.03,False,False,0.0,0.0,False,False,31.459,31.459,False,True,,,True,92.20418372103043
856,0.0,,2.0,32.92,,0,1,0,0,1,0,0,False,0.0,0.0,False,True,77.76032387058346,77.76032387058346,True,False,2.0,2.0,False,False,32.92,32.92,False,True,,,True,96.72347871097942
857,0.4,77.46,2.0,33.215,,0,0,0,0,1,0,0,False,0.4,0.4,False,False,77.46,77.46,False,False,2.0,2.0,False,False,33.215,33.215,False,True,,,True,97.39212503686849
858,0.0,76.15,1.0,31.31,,0,0,0,0,1,0,0,False,0.0,0.0,False,False,76.15,76.15,False,False,1.0,1.0,False,False,31.31,31.31,False,True,,,True,92.10348534826485
859,0.3,75.55,1.0,30.433,,0,0,0,0,1,0,0,False,0.3,0.3,False,False,75.55,75.55,False,False,1.0,1.0,False,False,30.433,30.433,False,True,,,True,91.32520800235123
860,0.2,75.86,0.0,,,0,0,0,1,1,0,0,False,0.2,0.2,False,False,75.86,75.86,False,False,0.0,0.0,False,True,29.701933014068835,29.701933014068835,True,True,,,True,88.42583060728671
861,0.2,74.33,0.0,29.32,,0,0,0,0,1,0,0,False,0.2,0.2,False,False,74.33,74.33,False,False,0.0,0.0,False,False,29.32,29.32,False,True,,,True,87.26476770107037
862,0.0,74.19,1.0,32.214,,0,0,0,0,1,0,0,False,0.0,0.0,False,False,74.19,74.19,False,False,1.0,1.0,False,False,32.214,32.214,False,True,,,True,91.99644944474764
863,0.8,,1.0,29.104,,0,1,0,0,1,0,1,False,0.8,0.8,False,True,73.96382745416571,73.96382745416571,True,False,1.0,1.0,False,False,29.104,29.104,False,True,,,True,89.85965594215806
864,0.0,73.67,2.0,,,0,0,0,1,1,0,0,False,0.0,0.0,False,False,73.67,73.67,False,False,2.0,2.0,False,True,29.116349315068494,29.116349315068494,True,True,,,True,90.86272398476854
865,0.3,73.3,1.0,29.152,,0,0,0,0,1,0,0,False,0.3,0.3,False,False,73.3,73.3,False,False,1.0,1.0,False,False,29.152,29.152,False,True,,,True,88.90510689578726
866,0.0,72.68,1.0,29.341,,0,0,0,0,1,0,0,False,0.0,0.0,False,False,72.68,72.68,False,False,1.0,1.0,False,False,29.341,29.341,False,True,,,True,88.37767715910977
867,0.0,72.76,0.0,29.265,,0,0,0,0,1,0,0,False,0.0,0.0,False,False,72.76,72.76,False,False,0.0,0.0,False,False,29.265,29.265,False,True,,,True,86.14213225031668
868,0.2,71.53,1.0,32.059,,0,0,0,0,1,0,0,False,0.2,0.2,False,False,71.53,71.53,False,False,1.0,1.0,False,False,32.059,32.059,False,True,,,True,90.74716643724669
869,12.8,75.98,1.0,34.679,,0,0,0,0,1,0,0,False,12.8,12.8,False,False,75.98,75.98,False,False,1.0,1.0,False,False,34.679,34.679,False,True,,,True,112.31477360775855
870,0.0,77.41,0.0,27.972,,0,0,0,0,1,0,0,False,0.0,0.0,False,False,77.41,77.41,False,False,0.0,0.0,False,False,27.972,27.972,False,True,,,True,87.23985639773096
871,0.0,75.16,1.0,30.117,,0,0,0,0,1,0,0,False,0.0,0.0,False,False,75.16,75.16,False,False,1.0,1.0,False,False,30.117,30.117,False,True,,,True,90.41512370975097
872,0.4,74.62,0.0,31.504,,0,0,0,0,1,0,0,False,0.4,0.4,False,False,74.62,74.62,False,False,0.0,0.0,False,False,31.504,31.504,False,True,,,True,89.8418504586092
873,0.2,72.35,1.0,29.115,,0,0,0,0,1,0,0,False,0.2,0.2,False,False,72.35,72.35,False,False,1.0,1.0,False,False,29.115,29.115,False,True,,,True,88.24997116572621
874,0.4,72.32,1.0,30.753,,0,0,0,0,1,0,0,False,0.4,0.4,False,False,72.32,72.32,False,False,1.0,1.0,False,False,30.753,30.753,False,True,,,True,90.12242600046905
875,1.0,71.69,0.0,27.425,,0,0,0,0,1,0,0,False,1.0,1.0,False,False,71.69,71.69,False,False,0.0,0.0,False,False,27.425,27.425,False,True,,,True,85.09689436125629
876,,70.47,2.0,30.572,,1,0,0,0,1,0,0,True,0.5,0.5,True,False,70.47,70.47,False,False,2.0,2.0,False,False,30.572,30.572,False,True,,,True,91.33041264454219
877,3.9,70.97,0.0,30.245,,0,0,0,0,1,0,0,False,3.9,3.9,False,False,70.97,70.97,False,False,0.0,0.0,False,False,30.245,30.245,False,True,,,True,91.36501602148265
878,0.6,70.78,3.0,32.249,,0,0,0,0,1,0,0,False,0.6,0.6,False,False,70.78,70.78,False,False,3.0,3.0,False,False,32.249,32.249,False,True,,,True,95.48410390039137
879,0.4,70.69,1.0,29.904,,0,0,0,0,1,0,0,False,0.4,0.4,False,False,70.69,70.69,False,False,1.0,1.0,False,False,29.904,29.904,False,True,,,True,88.44747698867566
880,0.8,69.62,1.0,,,0,0,0,1,1,0,0,False,0.8,0.8,False,False,69.62,69.62,False,False,1.0,1.0,False,True,38.235,38.235,True,True,,,True,96.6837888222622
881,30.7,85.35,0.0,46.566,,0,0,0,0,1,1,0,False,30.7,30.7,False,False,85.35,85.35,False,False,0.0,0.0,False,False,46.566,46.566,False,True,,,True,150.40173178010733
882,0.4,85.68,0.0,35.906,,0,0,0,0,1,0,0,False,0.4,0.4,False,False,85.68,85.68,False,False,0.0,0.0,False,False,35.906,35.906,False,True,,,True,99.86075641110322
883,19.9,92.14,1.0,40.384,,0,0,0,0,1,0,0,False,19.9,19.9,False,False,92.14,92.14,False,False,1.0,1.0,False,False,40.384,40.384,False,True,,,True,135.64129531838034
884,0.0,91.93,1.0,37.961,,0,0,0,0,1,0,0,False,0.0,0.0,False,False,91.93,91.93,False,False,1.0,1.0,False,False,37.961,37.961,False,True,,,True,106.76504094226584
885,6.7,95.5,2.0,44.407,,0,0,0,0,1,0,0,False,6.7,6.7,False,False,95.5,95.5,False,False,2.0,2.0,False,False,44.407,44.407,False,True,,,True,126.05639262443646
886,7.5,98.0,0.0,45.477,,0,0,0,0,1,0,0,False,7.5,7.5,False,False,98.0,98.0,False,False,0.0,0.0,False,False,45.477,45.477,False,True,,,True,125.05302448588284
887,0.0,96.58,0.0,,,0,0,0,1,1,0,0,False,0.0,0.0,False,False,96.58,96.58,False,False,0.0,0.0,False,True,42.87941870247533,42.87941870247533,True,True,,,True,111.81534356697757
888,0.7,94.98,1.0,39.952,,0,0,0,0,1,0,0,False,0.7,0.7,False,False,94.98,94.98,False,False,1.0,1.0,False,False,39.952,39.952,False,True,,,True,111.22532168810768
889,0.0,95.94,1.0,39.542,,0,0,0,0,1,0,0,False,0.0,0.0,False,False,95.94,95.94,False,False,1.0,1.0,False,False,39.542,39.542,False,True,,,True,110.38268971845523
890,0.0,94.78,0.0,37.509,,0,0,0,0,1,0,0,False,0.0,0.0,False,False,94.78,94.78,False,False,0.0,0.0,False,False,37.509,37.509,False,True,,,True,105.57398780658514
891,0.0,92.43,1.0,37.788,,0,0,0,0,1,0,0,False,0.0,0.0,False,False,92.43,92.43,False,False,1.0,1.0,False,False,37.788,37.788,False,True,,,True,106.84942340439807
892,13.6,98.2,0.0,,,0,0,0,1,1,0,0,False,13.6,13.6,False,False,98.2,98.2,False,False,0.0,0.0,False,True,40.15322401180179,40.15322401180179,True,True,,,True,127.96373613805385
893,3.0,95.59,1.0,42.29,,0,0,0,0,1,0,0,False,3.0,3.0,False,False,95.59,95.59,False,False,1.0,1.0,False,False,42.29,42.29,False,True,,,True,116.9012584578881
894,0.5,94.74,2.0,41.869,,0,0,0,0,1,0,0,False,0.5,0.5,False,False,94.74,94.74,False,False,2.0,2.0,False,False,41.869,41.869,False,True,,,True,114.9379184250192
895,0.0,92.97,2.0,37.638,,0,0,0,0,1,0,0,False,0.0,0.0,False,False,92.97,92.97,False,False,2.0,2.0,False,False,37.638,37.638,False,True,,,True,109.17822914418626
896,0.0,93.55,1.0,34.439,,0,0,0,0,1,0,0,False,0.0,0.0,False,False,93.55,93.55,False,False,1.0,1.0,False,False,34.439,34.439,False,True,,,True,104.10445388880558
897,0.0,90.62,0.0,37.537,,0,0,0,0,1,0,0,False,0.0,0.0,False,False,90.62,90.62,False,False,0.0,0.0,False,False,37.537,37.537,False,True,,,True,103.47366849665696
898,0.1,91.84,1.0,36.616,,0,0,0,0,1,0,0,False,0.1,0.1,False,False,91.84,91.84,False,False,1.0,1.0,False,False,36.616,36.616,False,True,,,True,105.51899203423066
899,0.6,90.76,2.0,33.162,,0,0,0,0,1,0,0,False,0.6,0.6,False,False,90.76,90.76,False,False,2.0,2.0,False,False,33.162,33.162,False,True,,,True,104.40827667970937
900,0.0,88.14,0.0,40.595,,0,0,0,0,1,0,0,False,0.0,0.0,False,False,88.14,88.14,False,False,0.0,0.0,False,False,40.595,40.595,False,True,,,True,105.23462788114516
901,0.0,88.56,1.0,36.504,,0,0,0,0,1,0,0,False,0.0,0.0,False,False,88.56,88.56,False,False,1.0,1.0,False,False,36.504,36.504,False,True,,,True,103.59763472392575
902,18.6,96.38,1.0,50.232,,0,0,0,0,1,0,0,False,18.6,18.6,False,False,96.38,96.38,False,False,1.0,1.0,False,False,50.232,50.232,False,True,,,True,145.84429834117185
903,10.8,100.66,0.0,,,0,0,0,1,1,0,0,False,10.8,10.8,False,False,100.66,100.66,False,False,0.0,0.0,False,True,45.40617251733753,45.40617251733753,True,True,,,True,130.71622128369376
904,0.0,99.55,1.0,40.06,,0,0,0,0,1,0,0,False,0.0,0.0,False,False,99.55,99.55,False,False,1.0,1.0,False,False,40.06,40.06,False,True,,,True,112.74258607463511
905,0.0,,2.0,39.424,,0,1,0,0,1,0,0,False,0.0,0.0,False,True,98.57853777030977,98.57853777030977,True,False,2.0,2.0,False,False,39.424,39.424,False,True,,,True,113.81671110574027
906,0.0,97.55,1.0,39.917,,0,0,0,0,1,0,0,False,0.0,0.0,False,False,97.55,97.55,False,False,1.0,1.0,False,False,39.917,39.917,False,True,,,True,111.57780819380756
907,0.4,96.19,2.0,39.008,,0,0,0,0,1,0,0,False,0.4,0.4,False,False,96.19,96.19,False,False,2.0,2.0,False,False,39.008,39.008,False,True,,,True,112.71272668422205
908,0.0,,3.0,37.471,,0,1,0,0,1,0,0,False,0.0,0.0,False,True,94.67229814139631,94.67229814139631,True,False,3.0,3.0,False,False,37.471,37.471,False,True,,,True,112.08476949770127
909,0.0,93.26,2.0,39.639,,0,0,0,0,1,0,0,False,0.0,0.0,False,False,93.26,93.26,False,False,2.0,2.0,False,False,39.639,39.639,False,True,,,True,111.30900256526543
910,0.0,92.22,5.0,36.919,,0,0,0,0,1,0,0,False,0.0,0.0,False,False,92.22,92.22,False,False,5.0,5.0,False,False,36.919,36.919,False,True,,,True,114.68576373000953
911,0.4,91.27,1.0,39.479,,0,0,0,0,1,0,0,False,0.4,0.4,False,False,91.27,91.27,False,False,1.0,1.0,False,False,39.479,39.479,False,True,,,True,108.46133988199975
912,0.2,92.3,2.0,36.254,,0,0,0,0,1,0,0,False,0.2,0.2,False,False,92.3,92.3,False,False,2.0,2.0,False,False,36.254,36.254,False,True,,,True,107.72934585508997
913,6.4,92.76,2.0,40.903,,0,0,0,0,1,0,0,False,6.4,6.4,False,False,92.76,92.76,False,False,2.0,2.0,False,False,40.903,40.903,False,True,,,True,120.78575614660498
914,9.2,97.49,1.0,45.743,,0,0,0,0,1,0,0,False,9.2,9.2,False,False,97.49,97.49,False,False,1.0,1.0,False,False,45.743,45.743,False,True,,,True,129.50940810020415
915,0.1,,1.0,41.221,,0,1,0,0,1,0,0,False,0.1,0.1,False,True,97.26764812575574,97.26764812575574,True,False,1.0,1.0,False,False,41.221,41.221,False,True,,,True,112.85776838967256
916,,96.71,0.0,40.232,,1,0,0,0,1,0,0,True,1.1,1.1,True,False,96.71,96.71,False,False,0.0,0.0,False,False,40.232,40.232,False,True,,,True,110.71655029740955
917,0.1,95.13,2.0,35.177,,0,0,0,0,1,0,0,False,0.1,0.1,False,False,95.13,95.13,False,False,2.0,2.0,False,False,35.177,35.177,False,True,,,True,107.97753459610442
918,,96.89,0.0,37.943,,1,0,0,0,1,0,0,True,0.2,0.2,True,False,96.89,96.89,False,False,0.0,0.0,False,False,37.943,37.943,False,True,,,True,107.34834317464028
919,1.1,95.87,2.0,41.761,,0,0,0,0,1,0,0,False,1.1,1.1,False,False,95.87,95.87,False,False,2.0,2.0,False,False,41.761,41.761,False,True,,,True,116.20400047360494
920,0.2,94.32,0.0,37.733,,0,0,0,0,1,0,0,False,0.2,0.2,False,False,94.32,94.32,False,False,0.0,0.0,False,False,37.733,37.733,False,True,,,True,105.82560225094133
921,8.0,99.18,1.0,45.644,,0,0,0,0,1,0,0,False,8.0,8.0,False,False,99.18,99.18,False,False,1.0,1.0,False,False,45.644,45.644,False,True,,,True,128.68580168809106
922,8.4,102.77,1.0,44.703,,0,0,0,0,1,0,0,False,8.4,8.4,False,False,102.77,102.77,False,False,1.0,1.0,False,False,44.703,44.703,False,True,,,True,130.12002858597617
923,0.1,99.9,0.0,39.525,,0,0,0,0,1,0,0,False,0.1,0.1,False,False,99.9,99.9,False,False,0.0,0.0,False,False,39.525,39.525,False,True,,,True,110.32292580002677
924,0.0,99.39,0.0,39.617,,0,0,0,0,1,0,0,False,0.0,0.0,False,False,99.39,99.39,False,False,0.0,0.0,False,False,39.617,39.617,False,True,,,True,110.02067566251473
925,0.1,98.79,3.0,38.213,,0,0,0,0,1,0,0,False,0.1,0.1,False,False,98.79,98.79,False,False,3.0,3.0,False,False,38.213,38.213,False,True,,,True,115.05880669208942
926,6.7,100.9,1.0,43.554,,0,0,0,0,1,0,0,False,6.7,6.7,False,False,100.9,100.9,False,False,1.0,1.0,False,False,43.554,43.554,False,True,,,True,125.7725217557443
927,0.0,101.38,0.0,42.505,,0,0,0,0,1,0,0,False,0.0,0.0,False,False,101.38,101.38,False,False,0.0,0.0,False,False,42.505,42.505,False,True,,,True,113.89985400244464
928,0.0,99.94,0.0,41.555,,0,0,0,0,1,0,0,False,0.0,0.0,False,False,99.94,99.94,False,False,0.0,0.0,False,False,41.555,41.555,False,True,,,True,112.22203767282573
929,0.1,99.04,,39.101,,0,0,1,0,1,0,0,False,0.1,0.1,False,False,99.04,99.04,False,True,0.0,0.0,True,False,39.101,39.101,False,True,,,True,109.46292677930853
930,0.2,98.6,0.0,39.206,,0,0,0,0,1,0,0,False,0.2,0.2,False,False,98.6,98.6,False,False,0.0,0.0,False,False,39.206,39.206,False,True,,,True,109.4743729143936
931,0.0,94.83,1.0,38.274,,0,0,0,0,1,0,0,False,0.0,0.0,False,False,94.83,94.83,False,False,1.0,1.0,False,False,38.274,38.274,False,True,,,True,108.55863803666622
932,0.1,94.71,2.0,42.637,,0,0,0,0,1,0,0,False,0.1,0.1,False,False,94.71,94.71,False,False,2.0,2.0,False,False,42.637,42.637,False,True,,,True,115.1534253481461
933,0.0,93.83,0.0,40.669,,0,0,0,0,1,0,0,False,0.0,0.0,False,False,93.83,93.83,False,False,0.0,0.0,False,False,40.669,40.669,False,True,,,True,108.21867592356048
934,0.0,93.72,4.0,38.48,,0,0,0,0,1,0,0,False,0.0,0.0,False,False,93.72,93.72,False,False,4.0,4.0,False,False,38.48,38.48,False,True,,,True,114.79842612996163
935,10.9,97.38,1.0,46.698,,0,0,0,0,1,0,0,False,10.9,10.9,False,False,97.38,97.38,False,False,1.0,1.0,False,False,46.698,46.698,False,True,,,True,132.65184157771805
936,0.3,97.14,1.0,45.566,,0,0,0,0,1,0,0,False,0.3,0.3,False,False,97.14,97.14,False,False,1.0,1.0,False,False,45.566,45.566,False,True,,,True,117.36213982952138
937,0.5,96.49,2.0,40.824,,0,0,0,0,1,0,0,False,0.5,0.5,False,False,96.49,96.49,False,False,2.0,2.0,False,False,40.824,40.824,False,True,,,True,114.79783726979305
938,,96.14,2.0,36.174,,1,0,0,0,1,0,0,True,0.2,0.2,True,False,96.14,96.14,False,False,2.0,2.0,False,False,36.174,36.174,False,True,,,True,109.61445104815695
939,0.0,94.59,3.0,41.692,,0,0,0,0,1,0,0,False,0.0,0.0,False,False,94.59,94.59,False,False,3.0,3.0,False,False,41.692,41.692,False,True,,,True,116.22448276564464
940,0.0,92.09,2.0,,,0,0,0,1,1,0,0,False,0.0,0.0,False,False,92.09,92.09,False,False,2.0,2.0,False,True,38.899,38.899,True,True,,,True,109.97735587652734
941,0.1,93.55,,36.106,,0,0,1,0,1,0,0,False,0.1,0.1,False,False,93.55,93.55,False,True,2.0,2.0,True,False,36.106,36.106,False,True,,,True,108.08965663577669
942,0.0,93.45,1.0,41.567,,0,0,0,0,1,0,0,False,0.0,0.0,False,False,93.45,93.45,False,False,1.0,1.0,False,False,41.567,41.567,False,True,,,True,111.11512373447172
943,0.0,92.05,0.0,37.835,,0,0,0,0,1,0,0,False,0.0,0.0,False,False,92.05,92.05,False,False,0.0,0.0,False,False,37.835,37.835,False,True,,,True,104.50042233242186
944,0.0,90.54,0.0,36.929,,0,0,0,0,1,0,0,False,0.0,0.0,False,False,90.54,90.54,False,False,0.0,0.0,False,False,36.929,36.929,False,True,,,True,102.83038882466597
945,0.0,90.44,1.0,42.045,,0,0,0,0,1,0,0,False,0.0,0.0,False,False,90.44,90.44,False,False,1.0,1.0,False,False,42.045,42.045,False,True,,,True,110.04891235880818
946,7.5,90.76,,38.354,,0,0,1,0,1,0,0,False,7.5,7.5,False,False,90.76,90.76,False,True,0.0,0.0,True,False,38.354,38.354,False,True,,,True,114.2925111708636
947,4.5,91.88,1.0,37.224,,0,0,0,0,1,0,0,False,4.5,4.5,False,False,91.88,91.88,False,False,1.0,1.0,False,False,37.224,37.224,False,True,,,True,111.97199155231993
948,7.7,95.68,1.0,40.914,,0,0,0,0,1,0,0,False,7.7,7.7,False,False,95.68,95.68,False,False,1.0,1.0,False,False,40.914,40.914,False,True,,,True,121.8117670652181
949,0.9,94.31,0.0,39.641,,0,0,0,0,1,0,0,False,0.9,0.9,False,False,94.31,94.31,False,False,0.0,0.0,False,False,39.641,39.641,False,True,,,True,108.6383021927767
950,0.0,93.78,0.0,32.819,,0,0,0,0,1,0,0,False,0.0,0.0,False,False,93.78,93.78,False,False,0.0,0.0,False,False,32.819,32.819,False,True,,,True,100.41597606716375
951,9.6,97.13,0.0,42.924,,0,0,0,0,1,0,0,False,9.6,9.6,False,False,97.13,97.13,False,False,0.0,0.0,False,False,42.924,42.924,False,True,,,True,124.86126197687116
952,0.0,95.41,3.0,38.373,,0,0,0,0,1,0,0,False,0.0,0.0,False,False,95.41,95.41,False,False,3.0,3.0,False,False,38.373,38.373,False,True,,,True,113.35576891674452
953,0.6,95.7,0.0,42.549,,0,0,0,0,1,0,0,False,0.6,0.6,False,False,95.7,95.7,False,False,0.0,0.0,False,False,42.549,42.549,False,True,,,True,111.83285081178988
954,0.0,96.14,0.0,38.786,,0,0,0,0,1,0,0,False,0.0,0.0,False,False,96.14,96.14,False,False,0.0,0.0,False,False,38.786,38.786,False,True,,,True,107.53484411714626
955,0.0,93.67,0.0,,,0,0,0,1,1,0,0,False,0.0,0.0,False,False,93.67,93.67,False,False,0.0,0.0,False,True,38.92450000000001,38.92450000000001,True,True,,,True,106.40852306452481
956,0.0,89.49,1.0,39.063,,0,0,0,0,1,0,0,False,0.0,0.0,False,False,89.49,89.49,False,False,1.0,1.0,False,False,39.063,39.063,False,True,,,True,106.60862153640825
957,0.7,90.21,0.0,38.286,,0,0,0,0,1,0,0,False,0.7,0.7,False,False,90.21,90.21,False,False,0.0,0.0,False,False,38.286,38.286,False,True,,,True,104.93350726267364
958,0.5,90.63,2.0,36.648,,0,0,0,0,1,0,0,False,0.5,0.5,False,False,90.63,90.63,False,False,2.0,2.0,False,False,36.648,36.648,False,True,,,True,107.66290738456547
959,5.8,89.97,0.0,42.947,,0,0,0,0,1,0,0,False,5.8,5.8,False,False,89.97,89.97,False,False,0.0,0.0,False,False,42.947,42.947,False,True,,,True,116.1861737476616
960,3.2,,,39.901,,0,1,1,0,1,0,0,False,3.2,3.2,False,True,92.11999999999999,92.11999999999999,True,True,0.0,0.0,True,False,39.901,39.901,False,True,,,True,110.82318303712259
961,2.1,94.27,0.0,39.972,,0,0,0,0,1,0,0,False,2.1,2.1,False,False,94.27,94.27,False,False,0.0,0.0,False,False,39.972,39.972,False,True,,,True,110.5358167720011
962,0.0,,1.0,37.35,,0,1,0,0,1,0,0,False,0.0,0.0,False,True,92.56,92.56,True,False,1.0,1.0,False,False,37.35,37.35,False,True,,,True,106.48199156113446
963,0.0,90.85,1.0,36.099,,0,0,0,0,1,0,0,False,0.0,0.0,False,False,90.85,90.85,False,False,1.0,1.0,False,False,36.099,36.099,False,True,,,True,104.36785041585728
964,,90.86,1.0,39.342,,1,0,0,0,1,0,0,True,0.2,0.2,True,False,90.86,90.86,False,False,1.0,1.0,False,False,39.342,39.342,False,True,,,True,107.85086687105138
965,0.0,,1.0,34.192,,0,1,0,0,1,0,0,False,0.0,0.0,False,True,92.55947886083383,92.55947886083383,True,False,1.0,1.0,False,False,34.192,34.192,False,True,,,True,103.35304319133071
966,5.8,94.25,0.0,42.316,,0,0,0,0,1,0,0,False,5.8,5.8,False,False,94.25,94.25,False,False,0.0,0.0,False,False,42.316,42.316,False,True,,,True,117.75047751296252
967,0.4,91.19,0.0,34.121,,0,0,0,0,1,0,0,False,0.4,0.4,False,False,91.19,91.19,False,False,0.0,0.0,False,False,34.121,34.121,False,True,,,True,100.91098353422308
968,,91.02,2.0,39.232,,1,0,0,0,1,0,0,True,0.05,0.05,True,False,91.02,91.02,False,False,2.0,2.0,False,False,39.232,39.232,False,True,,,True,109.82615501803879
969,0.0,,0.0,36.152,,0,1,0,0,1,0,0,False,0.0,0.0,False,True,90.39402037184074,90.39402037184074,True,False,0.0,0.0,False,False,36.152,36.152,False,True,,,True,101.98592605478377
970,0.1,89.38,1.0,35.062,,0,0,0,0,1,0,0,False,0.1,0.1,False,False,89.38,89.38,False,False,1.0,1.0,False,False,35.062,35.062,False,True,,,True,102.7209993296857
971,0.0,88.06,0.0,,,0,0,0,1,1,0,0,False,0.0,0.0,False,False,88.06,88.06,False,False,0.0,0.0,False,True,34.67685355232051,34.67685355232051,True,True,,,True,99.33050006536905
972,0.1,85.47,1.0,,,0,0,0,1,1,0,0,False,0.1,0.1,False,False,85.47,85.47,False,False,1.0,1.0,False,True,34.42576010949359,34.42576010949359,True,True,,,True,100.09049497824655
973,0.4,82.93,0.0,34.336,,0,0,0,0,1,0,0,False,0.4,0.4,False,False,82.93,82.93,False,False,0.0,0.0,False,False,34.336,34.336,False,True,,,True,96.89856195507531
974,0.2,83.31,0.0,35.439,,0,0,0,0,1,0,0,False,0.2,0.2,False,False,83.31,83.31,False,False,0.0,0.0,False,False,35.439,35.439,False,True,,,True,97.92070369800705
975,0.0,82.53,2.0,35.65,,0,0,0,0,1,0,0,False,0.0,0.0,False,False,82.53,82.53,False,False,2.0,2.0,False,False,35.65,35.65,False,True,,,True,101.86807480743998
976,,81.04,1.0,33.44,,1,0,0,0,1,0,0,True,0.30000000000000004,0.30000000000000004,True,False,81.04,81.04,False,False,1.0,1.0,False,False,33.44,33.44,False,True,,,True,97.11271613164648
977,8.3,86.23,1.0,36.978,,0,0,0,0,1,0,0,False,8.3,8.3,False,False,86.23,86.23,False,False,1.0,1.0,False,False,36.978,36.978,False,True,,,True,113.87315957494906
978,6.8,89.41,0.0,37.859,,0,0,0,0,1,0,0,False,6.8,6.8,False,False,89.41,89.41,False,False,0.0,0.0,False,False,37.859,37.859,False,True,,,True,112.18398151353702
979,0.0,88.01,0.0,34.458,,0,0,0,0,1,0,0,False,0.0,0.0,False,False,88.01,88.01,False,False,0.0,0.0,False,False,34.458,34.458,False,True,,,True,99.0881006676858
980,0.0,87.02,4.0,38.749,,0,0,0,0,1,0,0,False,0.0,0.0,False,False,87.02,87.02,False,False,4.0,4.0,False,False,38.749,38.749,False,True,,,True,111.63752548734622
981,,84.49,2.0,34.932,,1,0,0,0,1,0,0,True,0.15,0.15,True,False,84.49,84.49,False,False,2.0,2.0,False,False,34.932,34.932,False,True,,,True,102.35814012836128
982,9.8,88.68,1.0,40.435,,0,0,0,0,1,0,0,False,9.8,9.8,False,False,88.68,88.68,False,False,1.0,1.0,False,False,40.435,40.435,False,True,,,True,120.53893172309124
983,0.3,88.08,5.0,34.787,,0,0,0,0,1,0,0,False,0.3,0.3,False,False,88.08,88.08,False,False,5.0,5.0,False,False,34.787,34.787,False,True,,,True,110.85324087505545
984,0.0,88.62,2.0,33.188,,0,0,0,0,1,0,0,False,0.0,0.0,False,False,88.62,88.62,False,False,2.0,2.0,False,False,33.188,33.188,False,True,,,True,102.54428764322665
985,0.0,86.08,1.0,,,0,0,0,1,1,0,0,False,0.0,0.0,False,False,86.08,86.08,False,False,1.0,1.0,False,True,35.3305,35.3305,True,True,,,True,101.16637848126213
986,7.4,90.4,1.0,37.473,,0,0,0,0,1,0,0,False,7.4,7.4,False,False,90.4,90.4,False,False,1.0,1.0,False,False,37.473,37.473,False,True,,,True,115.30420176996985
987,0.4,88.25,1.0,35.478,,0,0,0,0,1,0,0,False,0.4,0.4,False,False,88.25,88.25,False,False,1.0,1.0,False,False,35.478,35.478,False,True,,,True,102.95259509079725
988,0.0,87.72,1.0,41.03,,0,0,0,0,1,0,0,False,0.0,0.0,False,False,87.72,87.72,False,False,1.0,1.0,False,False,41.03,41.03,False,True,,,True,107.65191197925193
989,0.0,86.63,1.0,36.517,,0,0,0,0,1,0,0,False,0.0,0.0,False,False,86.63,86.63,False,False,1.0,1.0,False,False,36.517,36.517,False,True,,,True,102.62321726250433
990,0.0,85.85,1.0,37.639,,0,0,0,0,1,0,0,False,0.0,0.0,False,False,85.85,85.85,False,False,1.0,1.0,False,False,37.639,37.639,False,True,,,True,103.33578971532935
991,,91.11,1.0,,,1,0,0,1,1,0,0,True,0.0,0.0,True,False,91.11,91.11,False,False,1.0,1.0,False,True,35.27597404946718,35.27597404946718,True,True,,,True,103.68546897865296
992,0.0,91.15,0.0,32.475,,0,0,0,0,1,0,0,False,0.0,0.0,False,False,91.15,91.15,False,False,0.0,0.0,False,False,32.475,32.475,False,True,,,True,98.72978600791487
993,0.8,87.79,0.0,31.902,,0,0,0,0,1,0,0,False,0.8,0.8,False,False,87.79,87.79,False,False,0.0,0.0,False,False,31.902,31.902,False,True,,,True,97.50332152609457
994,0.0,89.72,1.0,35.211,,0,0,0,0,1,0,0,False,0.0,0.0,False,False,89.72,89.72,False,False,1.0,1.0,False,False,35.211,35.211,False,True,,,True,102.91003983784643
995,0.0,85.8,,34.451,,0,0,1,0,1,0,0,False,0.0,0.0,False,False,85.8,85.8,False,True,1.0,1.0,True,False,34.451,34.451,False,True,,,True,100.15180881291627
996,0.1,87.05,1.0,36.309,,0,0,0,0,1,0,0,False,0.1,0.1,False,False,87.05,87.05,False,False,1.0,1.0,False,False,36.309,36.309,False,True,,,True,102.76450457423084
997,0.5,85.57,1.0,32.595,,0,0,0,0,1,0,0,False,0.5,0.5,False,False,85.57,85.57,False,False,1.0,1.0,False,False,32.595,32.595,False,True,,,True,98.85790308240283
998,0.0,83.55,4.0,34.231,,0,0,0,0,1,0,0,False,0.0,0.0,False,False,83.55,83.55,False,False,4.0,4.0,False,False,34.231,34.231,False,True,,,True,105.38638168821595
999,0.0,83.59,0.0,31.514,,0,0,0,0,1,0,0,False,0.0,0.0,False,False,83.59,83.59,False,False,0.0,0.0,False,False,31.514,31.514,False,True,,,True,93.9103690822666
1000,0.0,83.09,0.0,31.322,,0,0,0,0,1,0,0,False,0.0,0.0,False,False,83.09,83.09,False,False,0.0,0.0,False,False,31.322,31.322,False,True,,,True,93.4643752048182
1001,3.0,82.03,2.0,,,0,0,0,1,1,0,0,False,3.0,3.0,False,False,82.03,82.03,False,False,2.0,2.0,False,True,35.123999999999995,35.123999999999995,True,True,,,True,105.06630577754804
1002,0.0,80.8,0.0,38.926,,0,0,0,0,1,0,0,False,0.0,0.0,False,False,80.8,80.8,False,False,0.0,0.0,False,False,38.926,38.926,False,True,,,True,99.82632548236934
1003,0.2,80.55,0.0,33.754,,0,0,0,0,1,0,0,False,0.2,0.2,False,False,80.55,80.55,False,False,0.0,0.0,False,False,33.754,33.754,False,True,,,True,94.83946135093277
1004,0.7,79.86,0.0,29.815,,0,0,0,0,1,0,0,False,0.7,0.7,False,False,79.86,79.86,False,False,0.0,0.0,False,False,29.815,29.815,False,True,,,True,91.24657950603762
1005,0.0,79.12,2.0,32.666,,0,0,0,0,1,0,0,False,0.0,0.0,False,False,79.12,79.12,False,False,2.0,2.0,False,False,32.666,32.666,False,True,,,True,97.16738283274361
1006,0.3,78.96,1.0,29.975,,0,0,0,0,1,0,0,False,0.3,0.3,False,False,78.96,78.96,False,False,1.0,1.0,False,False,29.975,29.975,False,True,,,True,92.6158547948057
1007,0.0,76.68,3.0,34.299,,0,0,0,0,1,0,0,False,0.0,0.0,False,False,76.68,76.68,False,False,3.0,3.0,False,False,34.299,34.299,False,True,,,True,99.73820842809923
1008,0.0,76.41,0.0,28.99,,0,0,0,0,1,0,0,False,0.0,0.0,False,False,76.41,76.41,False,False,0.0,0.0,False,False,28.99,28.99,False,True,,,True,87.73685276413082
1009,0.2,75.41,1.0,31.635,,0,0,0,0,1,0,0,False,0.2,0.2,False,False,75.41,75.41,False,False,1.0,1.0,False,False,31.635,31.635,False,True,,,True,92.31192736459715
1010,0.0,76.08,1.0,32.307,,0,0,0,0,1,0,0,False,0.0,0.0,False,False,76.08,76.08,False,False,1.0,1.0,False,False,32.307,32.307,False,True,,,True,93.05542071477531
1011,0.2,73.56,4.0,,,0,0,0,1,1,0,0,False,0.2,0.2,False,False,73.56,73.56,False,False,4.0,4.0,False,True,32.22598339902465,32.22598339902465,True,True,,,True,98.5545757290519
1012,0.7,73.14,1.0,31.982,,0,0,0,0,1,0,0,False,0.7,0.7,False,False,73.14,73.14,False,False,1.0,1.0,False,False,31.982,31.982,False,True,,,True,92.15700186407676
1013,0.0,72.51,1.0,30.314,,0,0,0,0,1,0,0,False,0.0,0.0,False,False,72.51,72.51,False,False,1.0,1.0,False,False,30.314,30.314,False,True,,,True,89.25468006350192
1014,0.0,70.09,0.0,32.526,,0,0,0,0,1,0,0,False,0.0,0.0,False,False,70.09,70.09,False,False,0.0,0.0,False,False,32.526,32.526,False,True,,,True,88.00701200567764
1015,0.0,69.67,1.0,28.474,,0,0,0,0,1,0,0,False,0.0,0.0,False,False,69.67,69.67,False,False,1.0,1.0,False,False,28.474,28.474,False,True,,,True,85.97895248591126
1016,6.1,71.09,1.0,28.444,,0,0,0,0,1,0,0,False,6.1,6.1,False,False,71.09,71.09,False,False,1.0,1.0,False,False,28.444,28.444,False,True,,,True,94.75838813497921
1017,0.7,71.61,0.0,29.142,,0,0,0,0,1,0,0,False,0.7,0.7,False,False,71.61,71.61,False,False,0.0,0.0,False,False,29.142,29.142,False,True,,,True,86.35951746297147
1018,0.0,69.01,0.0,28.347,,0,0,0,0,1,0,0,False,0.0,0.0,False,False,69.01,69.01,False,False,0.0,0.0,False,False,28.347,28.347,False,True,,,True,83.3143320291661
1019,0.0,66.48,1.0,26.996,,0,0,0,0,1,0,0,False,0.0,0.0,False,False,66.48,66.48,False,False,1.0,1.0,False,False,26.996,26.996,False,True,,,True,82.88282071893673
1020,0.0,66.49,1.0,28.674,,0,0,0,0,1,0,0,False,0.0,0.0,False,False,66.49,66.49,False,False,1.0,1.0,False,False,28.674,28.674,False,True,,,True,84.55035804050141
1021,11.8,72.67,3.0,36.587,,0,0,0,0,1,0,0,False,11.8,11.8,False,False,72.67,72.67,False,False,3.0,3.0,False,False,36.587,36.587,False,True,,,True,115.58912862546663
1022,8.8,76.16,0.0,32.479,,0,0,0,0,1,0,0,False,8.8,8.8,False,False,76.16,76.16,False,False,0.0,0.0,False,False,32.479,32.479,False,True,,,True,102.7259373358853
1023,0.0,75.31,0.0,31.004,,0,0,0,0,1,0,0,False,0.0,0.0,False,False,75.31,75.31,False,False,0.0,0.0,False,False,31.004,31.004,False,True,,,True,89.169447198885
1024,3.2,77.64,0.0,33.967,,0,0,0,0,1,0,0,False,3.2,3.2,False,False,77.64,77.64,False,False,0.0,0.0,False,False,33.967,33.967,False,True,,,True,97.53698951422955
1025,0.3,76.49,1.0,34.41,,0,0,0,0,1,0,0,False,0.3,0.3,False,False,76.49,76.49,False,False,1.0,1.0,False,False,34.41,34.41,False,True,,,True,95.74614592274852
1026,0.0,,1.0,32.737,,0,1,0,0,1,0,0,False,0.0,0.0,False,True,75.80389332299552,75.80389332299552,True,False,1.0,1.0,False,False,32.737,32.737,False,True,,,True,93.34018555865273
1027,0.4,74.91,1.0,33.987,,0,0,0,0,1,0,0,False,0.4,0.4,False,False,74.91,74.91,False,False,1.0,1.0,False,False,33.987,33.987,False,True,,,True,94.6513237867906
1028,0.8,71.57,0.0,,,0,0,0,1,1,0,0,False,0.8,0.8,False,False,71.57,71.57,False,False,0.0,0.0,False,True,32.230368712974794,32.230368712974794,True,True,,,True,89.53125642416938
1029,0.0,70.32,,29.274,,0,0,1,0,1,0,0,False,0.0,0.0,False,False,70.32,70.32,False,True,1.0,1.0,True,False,29.274,29.274,False,True,,,True,87.10403472656685
1030,0.0,69.9,1.0,26.839,,0,0,0,0,1,0,0,False,0.0,0.0,False,False,69.9,69.9,False,False,1.0,1.0,False,False,26.839,26.839,False,True,,,True,84.47678861681786
1031,7.2,73.76,1.0,35.712,,0,0,0,0,1,0,0,False,7.2,7.2,False,False,73.76,73.76,False,False,1.0,1.0,False,False,35.712,35.712,False,True,,,True,104.78230480507328
1032,8.6,77.06,0.0,33.08,,0,0,0,0,1,0,0,False,8.6,8.6,False,False,77.06,77.06,False,False,0.0,0.0,False,False,33.08,33.08,False,True,,,True,103.51674696369474
1033,0.7,77.46,1.0,33.615,,0,0,0,0,1,0,0,False,0.7,0.7,False,False,77.46,77.46,False,False,1.0,1.0,False,False,33.615,33.615,False,True,,,True,95.98474922981075
1034,0.0,75.69,0.0,,,0,0,0,1,1,0,0,False,0.0,0.0,False,False,75.69,75.69,False,False,0.0,0.0,False,True,33.56709071329026,33.56709071329026,True,True,,,True,91.90313274490663
1035,1.0,,1.0,,,0,1,0,1,1,0,0,False,1.0,1.0,False,True,74.5047212543554,74.5047212543554,True,False,1.0,1.0,False,True,33.40851475991385,33.40851475991385,True,True,,,True,94.66591244698239
1036,0.0,73.93,2.0,33.117,,0,0,0,0,1,0,0,False,0.0,0.0,False,False,73.93,73.93,False,False,2.0,2.0,False,False,33.117,33.117,False,True,,,True,94.95923716448982
1037,0.2,74.93,0.0,30.543,,0,0,0,0,1,0,0,False,0.2,0.2,False,False,74.93,74.93,False,False,0.0,0.0,False,False,30.543,30.543,False,True,,,True,88.7833452604272
1038,0.1,70.56,1.0,28.749,,0,0,0,0,1,0,0,False,0.1,0.1,False,False,70.56,70.56,False,False,1.0,1.0,False,False,28.749,28.749,False,True,,,True,86.83918550918298
1039,0.0,72.24,0.0,28.436,,0,0,0,0,1,0,0,False,0.0,0.0,False,False,72.24,72.24,False,False,0.0,0.0,False,False,28.436,28.436,False,True,,,True,85.05482109479286
1040,2.3,72.77,0.0,26.672,,0,0,0,0,1,0,0,False,2.3,2.3,False,False,72.77,72.77,False,False,0.0,0.0,False,False,26.672,26.672,False,True,,,True,86.62591576761042
1041,0.0,71.0,1.0,32.888,,0,0,0,0,1,0,0,False,0.0,0.0,False,False,71.0,71.0,False,False,1.0,1.0,False,False,32.888,32.888,False,True,,,True,91.03233895382905
1042,1.1,72.34,,28.426,,0,0,1,0,1,0,0,False,1.1,1.1,False,False,72.34,72.34,False,True,0.0,0.0,True,False,28.426,28.426,False,True,,,True,86.55361469473658
1043,0.3,69.6,0.0,29.406,,0,0,0,0,1,0,0,False,0.3,0.3,False,False,69.6,69.6,False,False,0.0,0.0,False,False,29.406,29.406,False,True,,,True,85.0628290094132
1044,0.6,68.21,0.0,30.283,,0,0,0,0,1,0,0,False,0.6,0.6,False,False,68.21,68.21,False,False,0.0,0.0,False,False,30.283,30.283,False,True,,,True,85.6181412314185
1045,0.0,67.65,1.0,29.676,,0,0,0,0,1,0,0,False,0.0,0.0,False,False,67.65,67.65,False,False,1.0,1.0,False,False,29.676,29.676,False,True,,,True,86.13645684798547
1046,15.7,73.91,1.0,37.753,,0,0,0,0,1,0,0,False,15.7,15.7,False,False,73.91,73.91,False,False,1.0,1.0,False,False,37.753,37.753,False,True,,,True,118.14394099665563
1047,10.1,79.88,2.0,35.205,,0,0,0,0,1,0,0,False,10.1,10.1,False,False,79.88,79.88,False,False,2.0,2.0,False,False,35.205,35.205,False,True,,,True,113.45450902698592
1048,0.0,80.43,0.0,32.494,,0,0,0,0,1,0,0,False,0.0,0.0,False,False,80.43,80.43,False,False,0.0,0.0,False,False,32.494,32.494,False,True,,,True,93.2647643324396
1049,6.0,81.24,2.0,38.446,,0,0,0,0,1,0,0,False,6.0,6.0,False,False,81.24,81.24,False,False,2.0,2.0,False,False,38.446,38.446,False,True,,,True,111.92846241749291
1050,0.4,80.91,1.0,36.043,,0,0,0,0,1,0,0,False,0.4,0.4,False,False,80.91,80.91,False,False,1.0,1.0,False,False,36.043,36.043,False,True,,,True,99.75755269699772
1051,0.4,79.85,3.0,33.128,,0,0,0,0,1,0,0,False,0.4,0.4,False,False,79.85,79.85,False,False,3.0,3.0,False,False,33.128,33.128,False,True,,,True,100.72971845122758
1052,0.0,80.06,0.0,,,0,0,0,1,1,0,0,False,0.0,0.0,False,False,80.06,80.06,False,False,0.0,0.0,False,True,33.0745473533988,33.0745473533988,True,True,,,True,93.65064749328866
1053,,79.04,2.0,33.021,,1,0,0,0,1,0,0,True,0.2,0.2,True,False,79.04,79.04,False,False,2.0,2.0,False,False,33.021,33.021,False,True,,,True,97.74317113816194
1054,0.0,76.11,0.0,29.881,,0,0,0,0,1,0,0,False,0.0,0.0,False,False,76.11,76.11,False,False,0.0,0.0,False,False,29.881,29.881,False,True,,,True,88.46611508448683
1055,0.0,76.31,1.0,31.233,,0,0,0,0,1,0,0,False,0.0,0.0,False,False,76.31,76.31,False,False,1.0,1.0,False,False,31.233,31.233,False,True,,,True,92.10904863744184
1056,0.4,73.99,0.0,28.707,,0,0,0,0,1,0,0,False,0.4,0.4,False,False,73.99,73.99,False,False,0.0,0.0,False,False,28.707,28.707,False,True,,,True,86.74853900851443
1057,0.0,74.35,2.0,33.267,,0,0,0,0,1,0,0,False,0.0,0.0,False,False,74.35,74.35,False,False,2.0,2.0,False,False,33.267,33.267,False,True,,,True,95.3226967427389
1058,,76.88,1.0,34.011,,1,0,0,0,1,0,0,True,0.05,0.05,True,False,76.88,76.88,False,False,1.0,1.0,False,False,34.011,34.011,False,True,,,True,95.21909538339102
1059,0.0,77.83,0.0,35.598,,0,0,0,0,1,0,0,False,0.0,0.0,False,False,77.83,77.83,False,False,0.0,0.0,False,False,35.598,35.598,False,True,,,True,95.00991033462049
1060,0.1,75.62,1.0,33.076,,0,0,0,0,1,0,0,False,0.1,0.1,False,False,75.62,75.62,False,False,1.0,1.0,False,False,33.076,33.076,False,True,,,True,93.71447135624072
1061,0.5,76.45,1.0,33.522,,0,0,0,0,1,0,0,False,0.5,0.5,False,False,76.45,76.45,False,False,1.0,1.0,False,False,33.522,33.522,False,True,,,True,95.11093609294554
1062,0.0,75.9,1.0,37.519,,0,0,0,0,1,0,0,False,0.0,0.0,False,False,75.9,75.9,False,False,1.0,1.0,False,False,37.519,37.519,False,True,,,True,98.12695409055027
1063,0.2,75.29,1.0,31.285,,0,0,0,0,1,0,0,False,0.2,0.2,False,False,75.29,75.29,False,False,1.0,1.0,False,False,31.285,31.285,False,True,,,True,91.90379036457695
1064,1.4,74.87,1.0,34.651,,0,0,0,0,1,0,0,False,1.4,1.4,False,False,74.87,74.87,False,False,1.0,1.0,False,False,34.651,34.651,False,True,,,True,96.61373859202972
1065,1.0,75.22,1.0,28.415,,0,0,0,0,1,0,0,False,1.0,1.0,False,False,75.22,75.22,False,False,1.0,1.0,False,False,28.415,28.415,False,True,,,True,90.08465924394217
1066,6.9,77.66,0.0,34.563,,0,0,0,0,1,0,0,False,6.9,6.9,False,False,77.66,77.66,False,False,0.0,0.0,False,False,34.563,34.563,False,True,,,True,103.04034043576509
1067,0.4,76.0,0.0,,,0,0,0,1,1,0,0,False,0.4,0.4,False,False,76.0,76.0,False,False,0.0,0.0,False,True,35.81573894603549,35.81573894603549,True,True,,,True,94.81950287966936
1068,0.0,76.07,0.0,36.256,,0,0,0,0,1,0,0,False,0.0,0.0,False,False,76.07,76.07,False,False,0.0,0.0,False,False,36.256,36.256,False,True,,,True,94.76146879067424
1069,0.1,74.52,1.0,30.429,,0,0,0,0,1,0,0,False,0.1,0.1,False,False,74.52,74.52,False,False,1.0,1.0,False,False,30.429,30.429,False,True,,,True,90.52933755321759
1070,0.0,74.59,0.0,34.331,,0,0,0,0,1,0,0,False,0.0,0.0,False,False,74.59,74.59,False,False,0.0,0.0,False,False,34.331,34.331,False,True,,,True,92.09724205060189
1071,0.0,72.22,3.0,29.84,,0,0,0,0,1,0,0,False,0.0,0.0,False,False,72.22,72.22,False,False,3.0,3.0,False,False,29.84,29.84,False,True,,,True,93.03907968079989
1072,0.2,73.39,1.0,31.033,,0,0,0,0,1,0,0,False,0.2,0.2,False,False,73.39,73.39,False,False,1.0,1.0,False,False,31.033,31.033,False,True,,,True,90.68217969042372
1073,0.0,71.59,2.0,,,0,0,0,1,1,0,0,False,0.0,0.0,False,False,71.59,71.59,False,False,2.0,2.0,False,True,29.039,29.039,True,True,,,True,89.72206308292752
1074,0.0,70.69,0.0,27.045,,0,0,0,0,1,0,0,False,0.0,0.0,False,False,70.69,70.69,False,False,0.0,0.0,False,False,27.045,27.045,False,True,,,True,82.8838281176929
1075,0.0,70.93,2.0,28.235,,0,0,0,0,1,0,0,False,0.0,0.0,False,False,70.93,70.93,False,False,2.0,2.0,False,False,28.235,28.235,False,True,,,True,88.58790245012995
1076,0.5,69.84,3.0,31.756,,0,0,0,0,1,0,0,False,0.5,0.5,False,False,69.84,69.84,False,False,3.0,3.0,False,False,31.756,31.756,False,True,,,True,94.38231710755329
1077,0.0,67.49,1.0,25.56,,0,0,0,0,1,0,0,False,0.0,0.0,False,False,67.49,67.49,False,False,1.0,1.0,False,False,25.56,25.56,False,True,,,True,81.97682050560095
1078,5.8,69.56,0.0,29.424,,0,0,0,0,1,0,0,False,5.8,5.8,False,False,69.56,69.56,False,False,0.0,0.0,False,False,29.424,29.424,False,True,,,True,92.3479272360669
1079,0.1,71.65,1.0,29.983,,0,0,0,0,1,0,0,False,0.1,0.1,False,False,71.65,71.65,False,False,1.0,1.0,False,False,29.983,29.983,False,True,,,True,88.61932178532304
1080,0.0,69.54,1.0,32.05,,0,0,0,0,1,0,0,False,0.0,0.0,False,False,69.54,69.54,False,False,1.0,1.0,False,False,32.05,32.05,False,True,,,True,89.45525178468768
1081,4.1,70.77,1.0,31.087,,0,0,0,0,1,0,0,False,4.1,4.1,False,False,70.77,70.77,False,False,1.0,1.0,False,False,31.087,31.087,False,True,,,True,94.56307148723573
1082,0.4,70.95,0.0,27.906,,0,0,0,0,1,0,0,False,0.4,0.4,False,False,70.95,70.95,False,False,0.0,0.0,False,False,27.906,27.906,False,True,,,True,84.39985502298495
1083,0.0,69.58,0.0,30.203,,0,0,0,0,1,0,0,False,0.0,0.0,False,False,69.58,69.58,False,False,0.0,0.0,False,False,30.203,30.203,False,True,,,True,85.44468636518994
1084,0.0,66.61,1.0,26.791,,0,0,0,0,1,0,0,False,0.0,0.0,False,False,66.61,66.61,False,False,1.0,1.0,False,False,26.791,26.791,False,True,,,True,82.74622575175167
1085,0.0,68.23,0.0,,,0,0,0,1,1,0,0,False,0.0,0.0,False,False,68.23,68.23,False,False,0.0,0.0,False,True,27.576999999999998,27.576999999999998,True,True,,,True,82.15246941958506
1086,0.5,63.23,3.0,28.363,,0,0,0,0,1,0,0,False,0.5,0.5,False,False,63.23,63.23,False,False,3.0,3.0,False,False,28.363,28.363,False,True,,,True,87.63945346314934
1087,0.5,66.13,0.0,27.037,,0,0,0,0,1,0,0,False,0.5,0.5,False,False,66.13,66.13,False,False,0.0,0.0,False,False,27.037,27.037,False,True,,,True,81.20574260841823
1088,0.5,64.82,2.0,24.121,,0,0,0,0,1,0,0,False,0.5,0.5,False,False,64.82,64.82,False,False,2.0,2.0,False,False,24.121,24.121,False,True,,,True,82.04902946352675
1089,0.7,63.13,0.0,27.248,,0,0,0,0,1,0,0,False,0.7,0.7,False,False,63.13,63.13,False,False,0.0,0.0,False,False,27.248,27.248,False,True,,,True,80.1451338036754
1090,0.0,61.88,1.0,28.426,,0,0,0,0,1,0,0,False,0.0,0.0,False,False,61.88,61.88,False,False,1.0,1.0,False,False,28.426,28.426,False,True,,,True,81.9464023283748
1091,0.0,62.33,3.0,25.828,,0,0,0,0,1,0,0,False,0.0,0.0,False,False,62.33,62.33,False,False,3.0,3.0,False,False,25.828,25.828,False,True,,,True,84.00506974482295
1092,0.0,62.65,2.0,24.366,,0,0,0,0,1,0,0,False,0.0,0.0,False,False,62.65,62.65,False,False,2.0,2.0,False,False,24.366,24.366,False,True,,,True,80.51916482963314
1093,0.6,62.38,0.0,23.2,,0,0,0,0,1,0,0,False,0.6,0.6,False,False,62.38,62.38,False,False,0.0,0.0,False,False,23.2,23.2,False,True,,,True,75.61854591629378
1094,0.0,61.47,1.0,27.498,,0,0,0,0,1,0,0,False,0.0,0.0,False,False,61.47,61.47,False,False,1.0,1.0,False,False,27.498,27.498,False,True,,,True,80.81728106890537
1095,0.0,62.99,1.0,26.457,,0,0,0,0,1,0,0,False,0.0,0.0,False,False,62.99,62.99,False,False,1.0,1.0,False,False,26.457,26.457,False,True,,,True,80.5635056502228
1096,14.7,70.73,,32.26,,0,0,1,0,1,0,0,False,14.7,14.7,False,False,70.73,70.73,False,True,1.0,1.0,True,False,32.26,32.26,False,True,,,True,109.75015783502775
1097,0.0,68.3,3.0,29.979,,0,0,0,0,1,0,0,False,0.0,0.0,False,False,68.3,68.3,False,False,3.0,3.0,False,False,29.979,29.979,False,True,,,True,91.1715025253745
1098,0.3,66.99,1.0,29.534,,0,0,0,0,1,0,0,False,0.3,0.3,False,False,66.99,66.99,False,False,1.0,1.0,False,False,29.534,29.534,False,True,,,True,86.05566274983633
1099,7.0,70.63,3.0,35.287,,0,0,0,0,1,0,0,False,7.0,7.0,False,False,70.63,70.63,False,False,3.0,3.0,False,False,35.287,35.287,False,True,,,True,106.89743148786921
1100,14.3,77.78,,37.164,,0,0,1,0,1,0,0,False,14.3,14.3,False,False,77.78,77.78,False,True,1.0,1.0,True,False,37.164,37.164,False,True,,,True,117.68506032775369
1101,0.0,,0.0,31.064,,0,1,0,0,1,0,0,False,0.0,0.0,False,True,76.03145610278372,76.03145610278372,True,False,0.0,0.0,False,False,31.064,31.064,False,True,,,True,89.59795301141757
1102,0.6,73.91,1.0,29.331,,0,0,0,0,1,0,0,False,0.6,0.6,False,False,73.91,73.91,False,False,1.0,1.0,False,False,29.331,29.331,False,True,,,True,89.79200466908335
1103,0.2,73.41,0.0,29.116,,0,0,0,0,1,0,0,False,0.2,0.2,False,False,73.41,73.41,False,False,0.0,0.0,False,False,29.116,29.116,False,True,,,True,86.5920330818486
1104,0.1,71.36,1.0,32.097,,0,0,0,0,1,0,0,False,0.1,0.1,False,False,71.36,71.36,False,False,1.0,1.0,False,False,32.097,32.097,False,True,,,True,90.56534555335642
1105,7.6,73.66,1.0,30.871,,0,0,0,0,1,0,0,False,7.6,7.6,False,False,73.66,73.66,False,False,1.0,1.0,False,False,30.871,30.871,False,True,,,True,100.46510891838453
1106,0.0,71.74,1.0,27.142,,0,0,0,0,1,0,0,False,0.0,0.0,False,False,71.74,71.74,False,False,1.0,1.0,False,False,27.142,27.142,False,True,,,True,85.71823265359511
1107,29.5,86.53,0.0,44.798,,0,0,0,0,1,0,0,False,29.5,29.5,False,False,86.53,86.53,False,False,0.0,0.0,False,False,44.798,44.798,False,True,,,True,147.66372812645665
1108,13.2,90.83,4.0,41.968,,0,0,0,0,1,0,0,False,13.2,13.2,False,False,90.83,90.83,False,False,4.0,4.0,False,False,41.968,41.968,False,True,,,True,134.2662027292919
1109,0.2,90.57,0.0,34.331,,0,0,0,0,1,0,0,False,0.2,0.2,False,False,90.57,90.57,False,False,0.0,0.0,False,False,34.331,34.331,False,True,,,True,100.53686297322804
1110,0.0,89.84,0.0,38.256,,0,0,0,0,1,0,0,False,0.0,0.0,False,False,89.84,89.84,False,False,0.0,0.0,False,False,38.256,38.256,False,True,,,True,103.78698231832468
1111,0.0,,1.0,35.512,,0,1,0,0,1,0,0,False,0.0,0.0,False,True,89.8153359862867,89.8153359862867,True,False,1.0,1.0,False,False,35.512,35.512,False,True,,,True,103.25701480016696
1112,0.0,89.79,0.0,34.32,,0,0,0,0,1,0,0,False,0.0,0.0,False,False,89.79,89.79,False,False,0.0,0.0,False,False,34.32,34.32,False,True,,,True,99.861945693565
1113,0.0,88.0,0.0,,,0,0,0,1,1,0,0,False,0.0,0.0,False,False,88.0,88.0,False,False,0.0,0.0,False,True,35.1880903721205,35.1880903721205,True,True,,,True,99.80629750412594
1114,0.1,,1.0,36.344,,0,1,0,0,1,0,0,False,0.1,0.1,False,True,85.97493403693932,85.97493403693932,True,False,1.0,1.0,False,False,36.344,36.344,False,True,,,True,102.2492267113345
1115,0.8,84.8,0.0,36.772,,0,0,0,0,1,0,0,False,0.8,0.8,False,False,84.8,84.8,False,False,0.0,0.0,False,False,36.772,36.772,False,True,,,True,100.79856678333452
1116,0.3,85.17,0.0,33.15,,0,0,0,0,1,0,0,False,0.3,0.3,False,False,85.17,85.17,False,False,0.0,0.0,False,False,33.15,33.15,False,True,,,True,96.73694651791865
1117,0.1,85.63,1.0,34.398,,0,0,0,0,1,0,0,False,0.1,0.1,False,False,85.63,85.63,False,False,1.0,1.0,False,False,34.398,34.398,False,True,,,True,100.14484102494694
1118,0.0,83.89,3.0,33.317,,0,0,0,0,1,0,0,False,0.0,0.0,False,False,83.89,83.89,False,False,3.0,3.0,False,False,33.317,33.317,False,True,,,True,102.45362030873679
1119,0.0,82.43,1.0,32.87,,0,0,0,0,1,0,0,False,0.0,0.0,False,False,82.43,82.43,False,False,1.0,1.0,False,False,32.87,32.87,False,True,,,True,96.86155378498933
1120,0.0,81.72,0.0,35.431,,0,0,0,0,1,0,0,False,0.0,0.0,False,False,81.72,81.72,False,False,0.0,0.0,False,False,35.431,35.431,False,True,,,True,96.83440085431837
1121,0.0,81.47,0.0,31.401,,0,0,0,0,1,0,0,False,0.0,0.0,False,False,81.47,81.47,False,False,0.0,0.0,False,False,31.401,31.401,False,True,,,True,92.71392635983021
1122,3.7,82.45,2.0,36.686,,0,0,0,0,1,0,0,False,3.7,3.7,False,False,82.45,82.45,False,False,2.0,2.0,False,False,36.686,36.686,False,True,,,True,107.75618558660163
1123,9.8,86.08,1.0,41.925,,0,0,0,0,1,0,0,False,9.8,9.8,False,False,86.08,86.08,False,False,1.0,1.0,False,False,41.925,41.925,False,True,,,True,120.68506176823017
1124,4.4,87.93,0.0,34.023,,0,0,0,0,1,0,0,False,4.4,4.4,False,False,87.93,87.93,False,False,0.0,0.0,False,False,34.023,34.023,False,True,,,True,104.44639685475731
1125,0.3,88.08,0.0,38.89,,0,0,0,0,1,0,0,False,0.3,0.3,False,False,88.08,88.08,False,False,0.0,0.0,False,False,38.89,38.89,False,True,,,True,103.91227599147373
1126,0.1,86.13,1.0,40.031,,0,0,0,0,1,0,0,False,0.1,0.1,False,False,86.13,86.13,False,False,1.0,1.0,False,False,40.031,40.031,False,True,,,True,105.98132178112228
1127,0.2,83.7,0.0,35.507,,0,0,0,0,1,0,0,False,0.2,0.2,False,False,83.7,83.7,False,False,0.0,0.0,False,False,35.507,35.507,False,True,,,True,98.18757796538597
1128,0.4,83.25,2.0,33.406,,0,0,0,0,1,0,0,False,0.4,0.4,False,False,83.25,83.25,False,False,2.0,2.0,False,False,33.406,33.406,False,True,,,True,100.54324214859227
1129,0.0,83.09,1.0,,,0,0,0,1,1,0,0,False,0.0,0.0,False,False,83.09,83.09,False,False,1.0,1.0,False,True,33.293646681491616,33.293646681491616,True,True,,,True,97.61889222100328
1130,0.0,81.21,0.0,33.26,,0,0,0,0,1,0,0,False,0.0,0.0,False,False,81.21,81.21,False,False,0.0,0.0,False,False,33.26,33.26,False,True,,,True,94.42266407719524
1131,0.0,79.26,0.0,,,0,0,0,1,1,0,0,False,0.0,0.0,False,False,79.26,79.26,False,False,0.0,0.0,False,True,35.204,35.204,True,True,,,True,95.35108855559417
1132,8.3,80.5,1.0,37.148,,0,0,0,0,1,0,0,False,8.3,8.3,False,False,80.5,80.5,False,False,1.0,1.0,False,False,37.148,37.148,False,True,,,True,111.11038417761569
1133,0.0,79.3,0.0,31.434,,0,0,0,0,1,0,0,False,0.0,0.0,False,False,79.3,79.3,False,False,0.0,0.0,False,False,31.434,31.434,False,True,,,True,91.63655056693729
1134,8.8,83.83,2.0,37.424,,0,0,0,0,1,0,0,False,8.8,8.8,False,False,83.83,83.83,False,False,2.0,2.0,False,False,37.424,37.424,False,True,,,True,115.9509878193847
1135,0.0,80.46,1.0,33.986,,0,0,0,0,1,0,0,False,0.0,0.0,False,False,80.46,80.46,False,False,1.0,1.0,False,False,33.986,33.986,False,True,,,True,96.95943418990079
1136,0.4,81.92,0.0,31.28,,0,0,0,0,1,0,0,False,0.4,0.4,False,False,81.92,81.92,False,False,0.0,0.0,False,False,31.28,31.28,False,True,,,True,93.35426496950619
1137,0.0,79.61,1.0,34.801,,0,0,0,0,1,0,0,False,0.0,0.0,False,False,79.61,79.61,False,False,1.0,1.0,False,False,34.801,34.801,False,True,,,True,97.3320480761615
1138,0.1,78.92,1.0,32.253,,0,0,0,0,1,0,0,False,0.1,0.1,False,False,78.92,78.92,False,False,1.0,1.0,False,False,32.253,32.253,False,True,,,True,94.5872359328964
1139,0.0,78.75,1.0,33.231,,0,0,0,0,1,0,0,False,0.0,0.0,False,False,78.75,78.75,False,False,1.0,1.0,False,False,33.231,33.231,False,True,,,True,95.3366882829711
1140,0.5,78.42,5.0,31.968,,0,0,0,0,1,0,0,False,0.5,0.5,False,False,78.42,78.42,False,False,5.0,5.0,False,False,31.968,31.968,False,True,,,True,103.38382077222914
1141,7.1,80.41,0.0,34.951,,0,0,0,0,1,0,0,False,7.1,7.1,False,False,80.41,80.41,False,False,0.0,0.0,False,False,34.951,34.951,False,True,,,True,105.09651660659078
1142,0.0,80.36,,34.28,,0,0,1,0,1,0,0,False,0.0,0.0,False,False,80.36,80.36,False,True,1.0,1.0,True,False,34.28,34.28,False,True,,,True,97.19954948140042
1143,0.0,78.46,0.0,32.807,,0,0,0,0,1,0,0,False,0.0,0.0,False,False,78.46,78.46,False,False,0.0,0.0,False,False,32.807,32.807,False,True,,,True,92.56709962365548
1144,,77.98,1.0,33.367,,1,0,0,0,1,0,0,True,0.1,0.1,True,False,77.98,77.98,False,False,1.0,1.0,False,False,33.367,33.367,False,True,,,True,95.21003421900505
1145,0.2,75.55,2.0,33.43,,0,0,0,0,1,0,0,False,0.2,0.2,False,False,75.55,75.55,False,False,2.0,2.0,False,False,33.43,33.43,False,True,,,True,96.36305503306372
1146,0.3,75.92,,31.385,,0,0,1,0,1,0,0,False,0.3,0.3,False,False,75.92,75.92,False,True,1.0,1.0,True,False,31.385,31.385,False,True,,,True,92.45764434150657
1147,0.0,74.87,2.0,35.376,,0,0,0,0,1,0,0,False,0.0,0.0,False,False,74.87,74.87,False,False,2.0,2.0,False,False,35.376,35.376,False,True,,,True,97.6781246423852
1148,0.8,73.11,0.0,30.296,,0,0,0,0,1,0,0,False,0.8,0.8,False,False,73.11,73.11,False,False,0.0,0.0,False,False,30.296,30.296,False,True,,,True,88.40263719793369
1149,0.3,73.87,,30.967,,0,0,1,0,1,0,0,False,0.3,0.3,False,False,73.87,73.87,False,True,2.0,2.0,True,False,30.967,30.967,False,True,,,True,93.19601656299456
1150,0.0,75.2,3.0,29.801,,0,0,0,0,1,0,0,False,0.0,0.0,False,False,75.2,75.2,False,False,3.0,3.0,False,False,29.801,29.801,False,True,,,True,94.52486888909938
1151,0.2,71.62,2.0,28.903,,0,0,0,0,1,0,0,False,0.2,0.2,False,False,71.62,71.62,False,False,2.0,2.0,False,False,28.903,28.903,False,True,,,True,89.8676805315127
1152,13.4,79.26,1.0,34.986,,0,0,0,0,1,0,0,False,13.4,13.4,False,False,79.26,79.26,False,False,1.0,1.0,False,False,34.986,34.986,False,True,,,True,115.09184125504686
1153,0.0,78.31,3.0,32.843,,0,0,0,0,1,0,0,False,0.0,0.0,False,False,78.31,78.31,False,False,3.0,3.0,False,False,32.843,32.843,False,True,,,True,99.12955658426579
1154,0.0,76.86,4.0,33.821,,0,0,0,0,1,0,0,False,0.0,0.0,False,False,76.86,76.86,False,False,4.0,4.0,False,False,33.821,33.821,False,True,,,True,101.55790026880841
1155,0.0,77.59,2.0,32.359,,0,0,0,0,1,0,0,False,0.0,0.0,False,False,77.59,77.59,False,False,2.0,2.0,False,False,32.359,32.359,False,True,,,True,96.0805572779556
1156,,80.02,3.0,33.71,,1,0,0,0,1,0,0,True,0.0,0.0,True,False,80.02,80.02,False,False,3.0,3.0,False,False,33.71,33.71,False,True,,,True,100.8632627063062
1157,3.6,80.39,1.0,32.999,,0,0,0,0,1,0,0,False,3.6,3.6,False,False,80.39,80.39,False,False,1.0,1.0,False,False,32.999,32.999,False,True,,,True,100.7159374755925
1158,14.0,85.16,2.0,42.156,,0,0,0,0,1,0,0,False,14.0,14.0,False,False,85.16,85.16,False,False,2.0,2.0,False,False,42.156,42.156,False,True,,,True,128.20963707907868
1159,0.0,,0.0,35.47,,0,1,0,0,1,0,0,False,0.0,0.0,False,True,85.11028336380255,85.11028336380255,True,False,0.0,0.0,False,False,35.47,35.47,False,True,,,True,98.60734750222072
1160,0.3,84.95,1.0,36.167,,0,0,0,0,1,0,0,False,0.3,0.3,False,False,84.95,84.95,False,False,1.0,1.0,False,False,36.167,36.167,False,True,,,True,101.81457040714203
1161,0.0,83.03,1.0,35.025,,0,0,0,0,1,0,0,False,0.0,0.0,False,False,83.03,83.03,False,False,1.0,1.0,False,False,35.025,35.025,False,True,,,True,99.30347884866033
1162,0.0,84.08,2.0,29.992,,0,0,0,0,1,0,0,False,0.0,0.0,False,False,84.08,84.08,False,False,2.0,2.0,False,False,29.992,29.992,False,True,,,True,97.05550924600912
1163,0.3,81.95,0.0,35.196,,0,0,0,0,1,0,0,False,0.3,0.3,False,False,81.95,81.95,False,False,0.0,0.0,False,False,35.196,35.196,False,True,,,True,97.11675208015654
1164,0.0,80.77,2.0,34.338,,0,0,0,0,1,0,0,False,0.0,0.0,False,False,80.77,80.77,False,False,2.0,2.0,False,False,34.338,34.338,False,True,,,True,99.66792233699273
1165,0.4,79.71,2.0,33.075,,0,0,0,0,1,0,0,False,0.4,0.4,False,False,79.71,79.71,False,False,2.0,2.0,False,False,33.075,33.075,False,True,,,True,98.40441841421523
1166,5.3,80.95,0.0,35.683,,0,0,0,0,1,0,0,False,5.3,5.3,False,False,80.95,80.95,False,False,0.0,0.0,False,False,35.683,35.683,False,True,,,True,103.71288490844671
1167,0.0,80.23,0.0,29.317,,0,0,0,0,1,0,0,False,0.0,0.0,False,False,80.23,80.23,False,False,0.0,0.0,False,False,29.317,29.317,False,True,,,True,90.0149483985473
1168,0.0,78.71,1.0,32.035,,0,0,0,0,1,0,0,False,0.0,0.0,False,False,78.71,78.71,False,False,1.0,1.0,False,False,32.035,32.035,False,True,,,True,94.13132959091523
1169,0.0,,0.0,31.991,,0,1,0,0,1,0,0,False,0.0,0.0,False,True,77.5547267497603,77.5547267497603,True,False,0.0,0.0,False,False,31.991,31.991,False,True,,,True,91.29558019521849
1170,0.0,76.97,1.0,32.719,,0,0,0,0,1,0,0,False,0.0,0.0,False,False,76.97,76.97,False,False,1.0,1.0,False,False,32.719,32.719,False,True,,,True,93.9188777229672
1171,0.1,77.22,1.0,30.867,,0,0,0,0,1,0,0,False,0.1,0.1,False,False,77.22,77.22,False,False,1.0,1.0,False,False,30.867,30.867,False,True,,,True,92.34446362707916
1172,0.6,76.6,0.0,,,0,0,0,1,1,0,0,False,0.6,0.6,False,False,76.6,76.6,False,False,0.0,0.0,False,True,32.5155,32.5155,True,True,,,True,92.12184258071318
1173,0.0,75.13,1.0,34.164,,0,0,0,0,1,0,0,False,0.0,0.0,False,False,75.13,75.13,False,False,1.0,1.0,False,False,34.164,34.164,False,True,,,True,94.40920561488221
1174,7.4,78.67,2.0,32.222,,0,0,0,0,1,0,0,False,7.4,7.4,False,False,78.67,78.67,False,False,2.0,2.0,False,False,32.222,32.222,False,True,,,True,106.30261212371971
1175,0.6,79.81,2.0,35.112,,0,0,0,0,1,0,0,False,0.6,0.6,False,False,79.81,79.81,False,False,2.0,2.0,False,False,35.112,35.112,False,True,,,True,100.73867087040583
1176,9.3,84.23,2.0,39.337,,0,0,0,0,1,0,0,False,9.3,9.3,False,False,84.23,84.23,False,False,2.0,2.0,False,False,39.337,39.337,False,True,,,True,118.71336969153404
1177,8.3,87.44,2.0,38.455,,0,0,0,0,1,0,0,False,8.3,8.3,False,False,87.44,87.44,False,False,2.0,2.0,False,False,38.455,38.455,False,True,,,True,118.15660091267395
1178,8.8,92.63,2.0,36.057,,0,0,0,0,1,0,0,False,8.8,8.8,False,False,92.63,87.64,False,False,2.0,2.0,False,False,36.057,36.057,False,True,,,True,116.54569467293496
1179,0.3,87.64,1.0,,,0,0,0,1,1,0,0,False,0.3,0.3,False,False,87.64,87.64,False,False,1.0,1.0,False,True,36.53740740740741,36.53740740740741,True,True,,,True,103.5576158767766
1180,1.6,89.21,2.0,,,0,0,0,1,1,0,0,False,1.6,1.6,False,False,89.21,89.21,False,False,2.0,2.0,False,True,37.42959259259259,37.42959259259259,True,True,,,True,109.16838444269058
1181,0.0,88.42,3.0,37.91,,0,0,0,0,1,0,0,False,0.0,0.0,False,False,88.42,88.42,False,False,3.0,3.0,False,False,37.91,37.91,False,True,,,True,109.32131371890264
1182,0.6,89.2,3.0,37.823,,0,0,0,0,1,0,0,False,0.6,0.6,False,False,89.2,89.2,False,False,3.0,3.0,False,False,37.823,37.823,False,True,,,True,110.4291573517406
1183,0.0,88.25,0.0,36.607,,0,0,0,0,1,0,0,False,0.0,0.0,False,False,88.25,88.25,False,False,0.0,0.0,False,False,36.607,36.607,False,True,,,True,101.33992245072112
1184,0.8,,1.0,34.393,,0,1,0,0,1,0,0,False,0.8,0.8,False,True,86.04115764216743,86.04115764216743,True,False,1.0,1.0,False,False,34.393,34.393,False,True,,,True,101.27774520635325
1185,0.0,84.1,0.0,34.244,,0,0,0,0,1,0,0,False,0.0,0.0,False,False,84.1,84.1,False,False,0.0,0.0,False,False,34.244,34.244,False,True,,,True,96.87591621873698
1186,0.8,83.63,1.0,36.889,,0,0,0,0,1,0,0,False,0.8,0.8,False,False,83.63,83.63,False,False,1.0,1.0,False,False,36.889,36.889,False,True,,,True,102.51713857907833
1187,0.2,83.82,3.0,32.701,,0,0,0,0,1,0,0,False,0.2,0.2,False,False,83.82,83.82,False,False,3.0,3.0,False,False,32.701,32.701,False,True,,,True,102.07253870511002
1188,0.0,82.41,2.0,35.562,,0,0,0,0,1,0,0,False,0.0,0.0,False,False,82.41,82.41,False,False,2.0,2.0,False,False,35.562,35.562,False,True,,,True,101.71950545348236
1189,4.5,82.44,1.0,33.956,,0,0,0,0,1,0,0,False,4.5,4.5,False,False,82.44,82.44,False,False,1.0,1.0,False,False,33.956,33.956,False,True,,,True,103.90527320311122
1190,1.8,82.5,0.0,33.722,,0,0,0,0,1,0,0,False,1.8,1.8,False,False,82.5,82.5,False,False,0.0,0.0,False,False,33.722,33.722,False,True,,,True,97.925352424654
1191,0.8,,1.0,34.688,,0,1,0,0,1,0,0,False,0.8,0.8,False,True,81.91261991657977,81.91261991657977,True,False,1.0,1.0,False,False,34.688,34.688,False,True,,,True,99.45804173593925
1192,3.9,81.11,4.0,29.439,,0,0,0,0,1,0,0,False,3.9,3.9,False,False,81.11,81.11,False,False,4.0,4.0,False,False,29.439,29.439,False,True,,,True,104.55834224077552
1193,4.0,80.78,0.0,,,0,0,0,1,1,0,0,False,4.0,4.0,False,False,80.78,80.78,False,False,0.0,0.0,False,True,30.390674320008113,30.390674320008113,True,True,,,True,96.66017436409746
1194,0.0,82.81,0.0,32.38,,0,0,0,0,1,0,0,False,0.0,0.0,False,False,82.81,82.81,False,False,0.0,0.0,False,False,32.38,32.38,False,True,,,True,94.36931818626712
1195,0.7,83.19,1.0,35.473,,0,0,0,0,1,0,0,False,0.7,0.7,False,False,83.19,83.19,False,False,1.0,1.0,False,False,35.473,35.473,False,True,,,True,100.7566970936132
1196,0.0,80.97,1.0,32.111,,0,0,0,0,1,0,0,False,0.0,0.0,False,False,80.97,80.97,False,False,1.0,1.0,False,False,32.111,32.111,False,True,,,True,95.36273319614924
1197,1.9,79.6,1.0,31.936,,0,0,0,0,1,0,0,False,1.9,1.9,False,False,79.6,79.6,False,False,1.0,1.0,False,False,31.936,31.936,False,True,,,True,97.00610918929921
1198,0.0,79.97,0.0,31.471,,0,0,0,0,1,0,0,False,0.0,0.0,False,False,79.97,79.97,False,False,0.0,0.0,False,False,31.471,31.471,False,True,,,True,92.01594739678431
1199,0.0,77.24,2.0,34.864,,0,0,0,0,1,0,0,False,0.0,0.0,False,False,77.24,77.24,False,False,2.0,2.0,False,False,34.864,34.864,False,True,,,True,98.38325791877054
1200,0.0,75.41,2.0,29.058,,0,0,0,0,1,0,0,False,0.0,0.0,False,False,75.41,75.41,False,False,2.0,2.0,False,False,29.058,29.058,False,True,,,True,91.69501812578952
1201,0.0,72.97,0.0,29.874,,0,0,0,0,1,0,0,False,0.0,0.0,False,False,72.97,72.97,False,False,0.0,0.0,False,False,29.874,29.874,False,True,,,True,86.85290449362981
1202,0.7,70.47,0.0,29.5,,0,0,0,0,1,0,0,False,0.7,0.7,False,False,70.47,70.47,False,False,0.0,0.0,False,False,29.5,29.5,False,True,,,True,86.13102375075076
1203,0.4,71.51,0.0,26.964,,0,0,0,0,1,0,0,False,0.4,0.4,False,False,71.51,71.51,False,False,0.0,0.0,False,False,26.964,26.964,False,True,,,True,83.75306988633693
1204,9.3,74.23,0.0,34.982,,0,0,0,0,1,0,0,False,9.3,9.3,False,False,74.23,74.23,False,False,0.0,0.0,False,False,34.982,34.982,False,True,,,True,104.88092390501068
1205,0.0,74.76,1.0,30.763,,0,0,0,0,1,0,0,False,0.0,0.0,False,False,74.76,74.76,False,False,1.0,1.0,False,False,30.763,30.763,False,True,,,True,90.85050528638628
1206,0.0,71.9,0.0,,,0,0,0,1,1,0,0,False,0.0,0.0,False,False,71.9,71.9,False,False,0.0,0.0,False,True,32.111000000000004,32.111000000000004,True,True,,,True,88.52177522434889
1207,2.7,74.05,3.0,33.459,,0,0,0,0,1,0,0,False,2.7,2.7,False,False,74.05,74.05,False,False,3.0,3.0,False,False,33.459,33.459,False,True,,,True,101.1382347849312
1208,0.0,74.1,0.0,29.311,,0,0,0,0,1,0,0,False,0.0,0.0,False,False,74.1,74.1,False,False,0.0,0.0,False,False,29.311,29.311,False,True,,,True,86.87318585623305
1209,0.3,72.86,1.0,32.005,,0,0,0,0,1,0,0,False,0.3,0.3,False,False,72.86,72.86,False,False,1.0,1.0,False,False,32.005,32.005,False,True,,,True,91.5065370305611
1210,0.5,73.16,1.0,30.613,,0,0,0,0,1,0,0,False,0.5,0.5,False,False,73.16,73.16,False,False,1.0,1.0,False,False,30.613,30.613,False,True,,,True,90.5459341615243
1211,2.1,,1.0,29.36,,0,1,0,0,1,0,0,False,2.1,2.1,False,True,74.06384615384616,74.06384615384616,True,False,1.0,1.0,False,False,29.36,29.36,False,True,,,True,91.88699788956075
1212,0.0,74.76,1.0,29.039,,0,0,0,0,1,0,0,False,0.0,0.0,False,False,74.76,74.76,False,False,1.0,1.0,False,False,29.039,29.039,False,True,,,True,89.14251054664629
1213,0.5,71.32,3.0,29.221,,0,0,0,0,1,0,0,False,0.5,0.5,False,False,71.32,71.32,False,False,3.0,3.0,False,False,29.221,29.221,False,True,,,True,92.62794956732382
1214,,69.39,1.0,32.763,,1,0,0,0,1,0,0,True,0.5,0.5,True,False,69.39,69.39,False,False,1.0,1.0,False,False,32.763,32.763,False,True,,,True,90.74742020680912
1215,0.0,69.16,0.0,28.132,,0,0,0,0,1,0,0,False,0.0,0.0,False,False,69.16,69.16,False,False,0.0,0.0,False,False,28.132,28.132,False,True,,,True,83.17806095455077
1216,,69.27,1.0,24.721,,1,0,0,0,1,0,0,True,0.3,0.3,True,False,69.27,69.27,False,False,1.0,1.0,False,False,24.721,24.721,False,True,,,True,82.45368587687943
1217,0.6,67.61,1.0,30.522,,0,0,0,0,1,0,0,False,0.6,0.6,False,False,67.61,67.61,False,False,1.0,1.0,False,False,30.522,30.522,False,True,,,True,87.74916546138272
1218,0.1,68.19,1.0,28.249,,0,0,0,0,1,0,0,False,0.1,0.1,False,False,68.19,68.19,False,False,1.0,1.0,False,False,28.249,28.249,False,True,,,True,85.13144743197579
1219,0.3,66.22,3.0,28.934,,0,0,0,0,1,0,0,False,0.3,0.3,False,False,66.22,66.22,False,False,3.0,3.0,False,False,28.934,28.934,False,True,,,True,89.46968681393791
1220,0.2,66.55,0.0,26.137,,0,0,0,0,1,0,0,False,0.2,0.2,False,False,66.55,66.55,False,False,0.0,0.0,False,False,26.137,26.137,False,True,,,True,80.13143776395674
1221,1.0,67.13,0.0,26.601,,0,0,0,0,1,0,0,False,1.0,1.0,False,False,67.13,67.13,False,False,0.0,0.0,False,False,26.601,26.601,False,True,,,True,81.94786375085756
1222,0.3,67.17,4.0,26.348,,0,0,0,0,1,0,0,False,0.3,0.3,False,False,67.17,67.17,False,False,4.0,4.0,False,False,26.348,26.348,False,True,,,True,89.59484449504862
1223,0.2,65.62,1.0,25.294,,0,0,0,0,1,0,0,False,0.2,0.2,False,False,65.62,65.62,False,False,1.0,1.0,False,False,25.294,25.294,False,True,,,True,81.02169465720709
1224,0.0,64.79,1.0,27.045,,0,0,0,0,1,0,0,False,0.0,0.0,False,False,64.79,64.79,False,False,1.0,1.0,False,False,27.045,27.045,False,True,,,True,82.06684169654217
1225,0.9,63.87,1.0,29.71,,0,0,0,0,1,0,0,False,0.9,0.9,False,False,63.87,63.87,False,False,1.0,1.0,False,False,29.71,29.71,False,True,,,True,85.42900909146897
1226,0.0,63.95,0.0,23.905,,0,0,0,0,1,0,0,False,0.0,0.0,False,False,63.95,63.95,False,False,0.0,0.0,False,False,23.905,23.905,False,True,,,True,76.32511381837861
1227,0.6,62.57,3.0,27.425,,0,0,0,0,1,0,0,False,0.6,0.6,False,False,62.57,62.57,False,False,3.0,3.0,False,False,27.425,27.425,False,True,,,True,86.50504099405063
1228,0.0,61.11,1.0,28.675,,0,0,0,0,1,0,0,False,0.0,0.0,False,False,61.11,61.11,False,False,1.0,1.0,False,False,28.675,28.675,False,True,,,True,81.79919506037663
1229,16.5,68.94,2.0,,,0,0,0,1,1,0,0,False,16.5,16.5,False,False,68.94,68.94,False,False,2.0,2.0,False,True,27.875500000000002,27.875500000000002,True,True,,,True,109.0769323705627
1230,0.0,68.65,3.0,27.076,,0,0,0,0,1,0,0,False,0.0,0.0,False,False,68.65,68.65,False,False,3.0,3.0,False,False,27.076,27.076,False,True,,,True,88.47449683443396
1231,0.9,67.2,2.0,28.992,,0,0,0,0,1,0,0,False,0.9,0.9,False,False,67.2,67.2,False,False,2.0,2.0,False,False,28.992,28.992,False,True,,,True,88.62232014738439
1232,0.0,68.45,2.0,31.48,,0,0,0,0,1,0,0,False,0.0,0.0,False,False,68.45,68.45,False,False,2.0,2.0,False,False,31.48,31.48,False,True,,,True,90.53412576520478
1233,0.0,66.03,1.0,28.238,,0,0,0,0,1,0,0,False,0.0,0.0,False,False,66.03,66.03,False,False,1.0,1.0,False,False,28.238,28.238,False,True,,,True,83.88309151797105
1234,0.0,66.51,1.0,24.992,,0,0,0,0,1,0,0,False,0.0,0.0,False,False,66.51,66.51,False,False,1.0,1.0,False,False,24.992,24.992,False,True,,,True,80.91277202336975
1235,3.9,67.91,1.0,26.496,,0,0,0,0,1,0,0,False,3.9,3.9,False,False,67.91,67.91,False,False,1.0,1.0,False,False,26.496,26.496,False,True,,,True,88.28664430065646
1236,11.9,,1.0,32.847,,0,1,0,0,1,0,0,False,11.9,11.9,False,True,70.39949999999999,70.39949999999999,True,False,1.0,1.0,False,False,32.847,32.847,False,True,,,True,106.45252428056149
1237,,72.07,1.0,30.95,,1,0,0,0,1,0,0,True,0.05,0.05,True,False,72.07,72.07,False,False,1.0,1.0,False,False,30.95,30.95,False,True,,,True,89.72594443648195
1238,0.1,71.7,1.0,33.126,,0,0,0,0,1,0,0,False,0.1,0.1,False,False,71.7,71.7,False,False,1.0,1.0,False,False,33.126,33.126,False,True,,,True,91.75872045845057
1239,0.0,69.79,1.0,29.995,,0,0,0,0,1,0,0,False,0.0,0.0,False,False,69.79,69.79,False,False,1.0,1.0,False,False,29.995,29.995,False,True,,,True,87.54721816356228
1240,0.0,68.92,0.0,25.703,,0,0,0,0,1,0,0,False,0.0,0.0,False,False,68.92,68.92,False,False,0.0,0.0,False,False,25.703,25.703,False,True,,,True,80.64883863373866
1241,9.5,74.26,4.0,32.785,,0,0,0,0,1,0,0,False,9.5,9.5,False,False,74.26,74.26,False,False,4.0,4.0,False,False,32.785,32.785,False,True,,,True,111.78937403489186
1242,,72.14,2.0,28.535,,1,0,0,0,1,0,0,True,0.1,0.1,True,False,72.14,72.14,False,False,2.0,2.0,False,False,28.535,28.535,False,True,,,True,89.63660025269152
1243,0.1,71.29,0.0,28.431,,0,0,0,0,1,0,0,False,0.1,0.1,False,False,71.29,71.29,False,False,0.0,0.0,False,False,28.431,28.431,False,True,,,True,84.69639655403327
1244,0.1,72.35,0.0,26.171,,0,0,0,0,1,0,0,False,0.1,0.1,False,False,72.35,72.35,False,False,0.0,0.0,False,False,26.171,26.171,False,True,,,True,82.99962382325165
1245,0.4,71.38,2.0,30.961,,0,0,0,0,1,0,0,False,0.4,0.4,False,False,71.38,71.38,False,False,2.0,2.0,False,False,30.961,30.961,False,True,,,True,92.04881009927213
1246,0.0,,2.0,25.829,,0,1,0,0,1,0,0,False,0.0,0.0,False,True,69.47546311818944,69.47546311818944,True,False,2.0,2.0,False,False,25.829,25.829,False,True,,,True,85.46016694247169
1247,0.4,68.16,0.0,26.306,,0,0,0,0,1,0,0,False,0.4,0.4,False,False,68.16,68.16,False,False,0.0,0.0,False,False,26.306,26.306,False,True,,,True,81.38747697150026
1248,10.2,,2.0,30.65,,0,1,0,0,1,0,0,False,10.2,10.2,False,True,69.89499999999998,69.89499999999998,True,False,2.0,2.0,False,False,30.65,30.65,False,True,,,True,103.96644681680476
1249,0.0,71.63,2.0,27.514,,0,0,0,0,1,0,0,False,0.0,0.0,False,False,71.63,71.63,False,False,2.0,2.0,False,False,27.514,27.514,False,True,,,True,88.23168297751673
1250,0.0,71.26,0.0,30.937,,0,0,0,0,1,0,0,False,0.0,0.0,False,False,71.26,71.26,False,False,0.0,0.0,False,False,30.937,30.937,False,True,,,True,87.03128064983659
1251,0.0,69.7,1.0,30.023,,0,0,0,0,1,0,0,False,0.0,0.0,False,False,69.7,69.7,False,False,1.0,1.0,False,False,30.023,30.023,False,True,,,True,87.52891847149056
1252,0.0,71.36,2.0,27.059,,0,0,0,0,1,0,0,False,0.0,0.0,False,False,71.36,71.36,False,False,2.0,2.0,False,False,27.059,27.059,False,True,,,True,87.64278786608122
1253,0.0,68.57,2.0,,,0,0,0,1,1,0,0,False,0.0,0.0,False,False,68.57,68.57,False,False,2.0,2.0,False,True,28.00918518518519,28.00918518518519,True,True,,,True,87.1569196067422
1254,0.3,69.55,0.0,,,0,0,0,1,1,0,0,False,0.3,0.3,False,False,69.55,69.55,False,False,0.0,0.0,False,True,29.773814814814816,29.773814814814816,True,True,,,True,85.4016514708013
1255,0.0,67.86,2.0,30.724,,0,0,0,0,1,0,0,False,0.0,0.0,False,False,67.86,67.86,False,False,2.0,2.0,False,False,30.724,30.724,False,True,,,True,89.483328201528
1256,0.0,65.48,0.0,26.048,,0,0,0,0,1,0,0,False,0.0,0.0,False,False,65.48,65.48,False,False,0.0,0.0,False,False,26.048,26.048,False,True,,,True,79.23089432801733
1257,0.0,66.39,1.0,26.54,,0,0,0,0,1,0,0,False,0.0,0.0,False,False,66.39,66.39,False,False,1.0,1.0,False,False,26.54,26.54,False,True,,,True,82.38501438299369
1258,0.2,,0.0,29.615,,0,1,0,0,1,0,0,False,0.2,0.2,False,True,64.715,64.715,True,False,0.0,0.0,False,False,29.615,29.615,False,True,,,True,82.63844946703088
1259,0.0,63.04,2.0,30.691,,0,0,0,0,1,0,0,False,0.0,0.0,False,False,63.04,63.04,False,False,2.0,2.0,False,False,30.691,30.691,False,True,,,True,86.9849504001171
1260,0.0,65.04,1.0,31.203,,0,0,0,0,1,0,0,False,0.0,0.0,False,False,65.04,65.04,False,False,1.0,1.0,False,False,31.203,31.203,False,True,,,True,86.3141278654426
1261,0.0,63.35,1.0,28.679,,0,0,0,0,1,0,0,False,0.0,0.0,False,False,63.35,63.35,False,False,1.0,1.0,False,False,28.679,28.679,False,True,,,True,82.94903604412055
1262,0.0,62.98,3.0,21.784,,0,0,0,0,1,0,0,False,0.0,0.0,False,False,62.98,62.98,False,False,3.0,3.0,False,False,21.784,21.784,False,True,,,True,80.33112268193999
1263,12.9,69.52,1.0,31.289,,0,0,0,0,1,0,0,False,12.9,12.9,False,False,69.52,69.52,False,False,1.0,1.0,False,False,31.289,31.289,False,True,,,True,105.78411915707184
1264,10.6,75.32,0.0,29.665,,0,0,0,0,1,0,0,False,10.6,10.6,False,False,75.32,75.32,False,False,0.0,0.0,False,False,29.665,29.665,False,True,,,True,101.89343207291962
1265,0.0,,1.0,31.472,,0,1,0,0,1,0,0,False,0.0,0.0,False,True,73.55731707317072,73.55731707317072,True,False,1.0,1.0,False,False,31.472,31.472,False,True,,,True,90.93768734014495
1266,0.0,71.36,3.0,26.673,,0,0,0,0,1,0,0,False,0.0,0.0,False,False,71.36,71.36,False,False,3.0,3.0,False,False,26.673,26.673,False,True,,,True,89.4615461060754
1267,0.0,70.76,0.0,29.037,,0,0,0,0,1,0,0,False,0.0,0.0,False,False,70.76,70.76,False,False,0.0,0.0,False,False,29.037,29.037,False,True,,,True,84.89314349194973
1268,6.9,73.66,0.0,32.432,,0,0,0,0,1,0,0,False,6.9,6.9,False,False,73.66,73.66,False,False,0.0,0.0,False,False,32.432,32.432,False,True,,,True,98.88291327340217
1269,0.0,73.64,2.0,31.314,,0,0,0,0,1,0,0,False,0.0,0.0,False,False,73.64,73.64,False,False,2.0,2.0,False,False,31.314,31.314,False,True,,,True,93.02462555226711
1270,0.5,72.16,2.0,29.578,,0,0,0,0,1,0,0,False,0.5,0.5,False,False,72.16,72.16,False,False,2.0,2.0,False,False,29.578,29.578,False,True,,,True,91.21016485194008
1271,0.8,70.99,0.0,28.714,,0,0,0,0,1,0,0,False,0.8,0.8,False,False,70.99,70.99,False,False,0.0,0.0,False,False,28.714,28.714,False,True,,,True,85.75083236837546
1272,0.0,69.76,3.0,30.72,,0,0,0,0,1,0,0,False,0.0,0.0,False,False,69.76,69.76,False,False,3.0,3.0,False,False,30.72,30.72,False,True,,,True,92.65249022250035
1273,16.5,78.22,0.0,34.382,,0,0,0,0,1,0,0,False,16.5,16.5,False,False,78.22,78.22,False,False,0.0,0.0,False,False,34.382,34.382,False,True,,,True,115.86788732566909
1274,7.1,80.97,2.0,36.527,,0,0,0,0,1,0,0,False,7.1,7.1,False,False,80.97,80.97,False,False,2.0,2.0,False,False,36.527,36.527,False,True,,,True,111.34670426880848
1275,0.6,80.26,1.0,30.456,,0,0,0,0,1,0,0,False,0.6,0.6,False,False,80.26,80.26,False,False,1.0,1.0,False,False,30.456,30.456,False,True,,,True,94.15492024726366
1276,0.0,78.49,0.0,,,0,0,0,1,1,0,0,False,0.0,0.0,False,False,78.49,78.49,False,False,0.0,0.0,False,True,37.0355,37.0355,True,True,,,True,96.77168968413805
1277,13.1,85.49,4.0,43.615,,0,0,0,0,1,0,0,False,13.1,13.1,False,False,85.49,85.49,False,False,4.0,4.0,False,False,43.615,43.615,False,True,,,True,133.03371659872934
1278,0.5,84.26,1.0,33.893,,0,0,0,0,1,0,0,False,0.5,0.5,False,False,84.26,84.26,False,False,1.0,1.0,False,False,33.893,33.893,False,True,,,True,99.47371863976487
1279,0.1,83.78,1.0,33.88,,0,0,0,0,1,0,0,False,0.1,0.1,False,False,83.78,83.78,False,False,1.0,1.0,False,False,33.88,33.88,False,True,,,True,98.68527747648875
1280,0.0,83.85,1.0,33.184,,0,0,0,0,1,0,0,False,0.0,0.0,False,False,83.85,83.85,False,False,1.0,1.0,False,False,33.184,33.184,False,True,,,True,97.89904355273914
1281,0.0,82.23,0.0,34.855,,0,0,0,0,1,0,0,False,0.0,0.0,False,False,82.23,82.23,False,False,0.0,0.0,False,False,34.855,34.855,False,True,,,True,96.5246402126099
1282,0.0,80.52,0.0,34.388,,0,0,0,0,1,0,0,False,0.0,0.0,False,False,80.52,80.52,False,False,0.0,0.0,False,False,34.388,34.388,False,True,,,True,95.18722057310775
1283,0.0,80.21,1.0,35.712,,0,0,0,0,1,0,0,False,0.0,0.0,False,False,80.21,80.21,False,False,1.0,1.0,False,False,35.712,35.712,False,True,,,True,98.54152217913845
1284,0.0,79.98,1.0,31.883,,0,0,0,0,1,0,0,False,0.0,0.0,False,False,79.98,79.98,False,False,1.0,1.0,False,False,31.883,31.883,False,True,,,True,94.63041269675897
1285,0.0,78.69,2.0,31.171,,0,0,0,0,1,0,0,False,0.0,0.0,False,False,78.69,78.69,False,False,2.0,2.0,False,False,31.171,31.171,False,True,,,True,95.46629442964297
1286,0.0,79.42,1.0,30.789,,0,0,0,0,1,0,0,False,0.0,0.0,False,False,79.42,79.42,False,False,1.0,1.0,False,False,30.789,30.789,False,True,,,True,93.26009963728714
1287,0.0,77.23,1.0,28.813,,0,0,0,0,1,0,0,False,0.0,0.0,False,False,77.23,77.23,False,False,1.0,1.0,False,False,28.813,28.813,False,True,,,True,90.18214393121251
1288,4.4,79.55,0.0,36.095,,0,0,0,0,1,0,0,False,4.4,4.4,False,False,79.55,79.55,False,False,0.0,0.0,False,False,36.095,36.095,False,True,,,True,102.21234894299428
1289,0.0,77.58,1.0,30.675,,0,0,0,0,1,0,1,False,0.0,0.0,False,False,77.58,77.58,False,False,1.0,1.0,False,False,30.675,30.675,False,True,,,True,92.20590096350922
1290,10.6428256081803,83.909214719297,2.0,30.6688304694512,,0,0,0,0,1,0,0,False,10.6428256081803,10.6428256081803,False,False,83.909214719297,83.909214719297,False,False,2.0,2.0,False,False,30.6688304694512,30.6688304694512,False,True,,,True,111.7408745330143
1291,0.8,74.87,0.0,30.637,,0,0,0,0,1,0,0,False,0.8,0.8,False,False,74.87,74.87,False,False,0.0,0.0,False,False,30.637,30.637,False,True,,,True,89.64080423201928
1292,0.0,75.93,2.0,,,0,0,0,1,1,0,0,False,0.0,0.0,False,False,75.93,75.93,False,False,2.0,2.0,False,True,31.435704881186204,31.435704881186204,True,True,,,True,94.3166563059512
1293,0.0,73.51,1.0,33.158,,0,0,0,0,1,0,0,False,0.0,0.0,False,False,73.51,73.51,False,False,1.0,1.0,False,False,33.158,33.158,False,True,,,True,92.58382968600915
1294,10.5,77.7,0.0,36.101,,0,0,0,0,1,0,0,False,10.5,10.5,False,False,77.7,77.7,False,False,0.0,0.0,False,False,36.101,36.101,False,True,,,True,109.35467294296228
1295,0.0,78.55,0.0,30.953,,0,0,0,0,1,0,0,False,0.0,0.0,False,False,78.55,78.55,False,False,0.0,0.0,False,False,30.953,30.953,False,True,,,True,90.77635152293996
1296,0.0,77.13,4.0,34.605,,0,0,0,0,1,0,0,False,0.0,0.0,False,False,77.13,77.13,False,False,4.0,4.0,False,False,34.605,34.605,False,True,,,True,102.47274101213165
1297,0.0,77.13,2.0,33.713,,0,0,0,0,1,0,0,False,0.0,0.0,False,False,77.13,77.13,False,False,2.0,2.0,False,False,33.713,33.713,False,True,,,True,97.18667276478405
1298,0.0,75.7,,31.303,,0,0,1,0,1,0,0,False,0.0,0.0,False,False,75.7,75.7,False,True,1.0,1.0,True,False,31.303,31.303,False,True,,,True,91.86635160557341
1299,0.7,74.82,1.0,31.152,,0,0,0,0,1,0,0,False,0.7,0.7,False,False,74.82,74.82,False,False,1.0,1.0,False,False,31.152,31.152,False,True,,,True,92.19411600199874
1300,0.0,71.48,1.0,29.014,,0,0,0,0,1,0,0,False,0.0,0.0,False,False,71.48,71.48,False,False,1.0,1.0,False,False,29.014,29.014,False,True,,,True,87.43984968164266
1301,1.0,70.87,0.0,,,0,0,0,1,1,0,0,False,1.0,1.0,False,False,70.87,70.87,False,False,0.0,0.0,False,True,28.790856627543878,28.790856627543878,True,True,,,True,86.03059741774744
1302,0.5,69.75,0.0,28.72,,0,0,0,0,1,0,0,False,0.5,0.5,False,False,69.75,69.75,False,False,0.0,0.0,False,False,28.72,28.72,False,True,,,True,84.72493887230748
1303,13.3,,0.0,33.618,,0,1,0,0,1,0,0,False,13.3,13.3,False,True,73.24,73.24,True,False,0.0,0.0,False,False,33.618,33.618,False,True,,,True,108.32331520917957
1304,0.0,76.73,2.0,32.321,,0,0,0,0,1,0,0,False,0.0,0.0,False,False,76.73,76.73,False,False,2.0,2.0,False,False,32.321,32.321,False,True,,,True,95.6029747128868
1305,0.3,75.34,0.0,32.129,,0,0,0,0,1,0,0,False,0.3,0.3,False,False,75.34,75.34,False,False,0.0,0.0,False,False,32.129,32.129,False,True,,,True,90.6968619190213
1306,,75.67,0.0,31.85,,1,0,0,0,1,0,0,True,0.0,0.0,True,False,75.67,75.67,False,False,0.0,0.0,False,False,31.85,31.85,False,True,,,True,90.19175209285108
1307,0.0,73.98,2.0,31.335,,0,0,0,0,1,0,0,False,0.0,0.0,False,False,73.98,73.98,False,False,2.0,2.0,False,False,31.335,31.335,False,True,,,True,93.2193585213648
1308,,73.01,3.0,28.786,,1,0,0,0,1,0,0,True,0.3,0.3,True,False,73.01,73.01,False,False,3.0,3.0,False,False,28.786,28.786,False,True,,,True,92.79650386337056
1309,0.0,73.77,2.0,27.45,,0,0,0,0,1,0,0,False,0.0,0.0,False,False,73.77,73.77,False,False,2.0,2.0,False,False,27.45,27.45,False,True,,,True,89.26299998606314
1310,0.3,71.44,3.0,32.786,,0,0,0,0,1,0,0,False,0.3,0.3,False,False,71.44,71.44,False,False,3.0,3.0,False,False,32.786,32.786,False,True,,,True,95.95623090004706
1311,0.5,70.85,2.0,,,0,0,0,1,1,0,0,False,0.5,0.5,False,False,70.85,70.85,False,False,2.0,2.0,False,True,32.71994857986624,32.71994857986624,True,True,,,True,93.65281015104372
1312,0.7,69.41,1.0,,,0,0,0,1,1,0,0,False,0.7,0.7,False,False,69.41,69.41,False,False,1.0,1.0,False,True,32.49819621297664,32.49819621297664,True,True,,,True,90.76031412883496
1313,0.0,68.9,2.0,,,0,0,0,1,1,0,0,False,0.0,0.0,False,False,68.9,68.9,False,False,2.0,2.0,False,True,32.085345739598715,32.085345739598715,True,True,,,True,91.36405032911458
1314,1.1,68.84,0.0,31.446,,0,0,0,0,1,0,0,False,1.1,1.1,False,False,68.84,68.84,False,False,0.0,0.0,False,False,31.446,31.446,False,True,,,True,87.75514307709038
1315,0.0,65.85,1.0,26.192,,0,0,0,0,1,0,0,False,0.0,0.0,False,False,65.85,65.85,False,False,1.0,1.0,False,False,26.192,26.192,False,True,,,True,81.76400666808894
1316,11.4,71.93,1.0,33.624,,0,0,0,0,1,0,0,False,11.4,11.4,False,False,71.93,71.93,False,False,1.0,1.0,False,False,33.624,33.624,False,True,,,True,107.34272155195184
1317,0.5,70.96,1.0,31.167,,0,0,0,0,1,0,0,False,0.5,0.5,False,False,70.96,70.96,False,False,1.0,1.0,False,False,31.167,31.167,False,True,,,True,89.96937493018768
1318,14.4,78.71,0.0,35.356,,0,0,0,0,1,0,0,False,14.4,14.4,False,False,78.71,78.71,False,False,0.0,0.0,False,False,35.356,35.356,False,True,,,True,114.30091890683009
1319,0.0,76.15,0.0,32.359,,0,0,0,0,1,0,0,False,0.0,0.0,False,False,76.15,76.15,False,False,0.0,0.0,False,False,32.359,32.359,False,True,,,True,90.94157195307787
1320,0.9,75.33,2.0,,,0,0,0,1,1,0,0,False,0.9,0.9,False,False,75.33,75.33,False,False,2.0,2.0,False,True,33.23810828877005,33.23810828877005,True,True,,,True,96.98793215136396
1321,0.0,74.04,3.0,34.435,,0,0,0,0,1,0,0,False,0.0,0.0,False,False,74.04,74.04,False,False,3.0,3.0,False,False,34.435,34.435,False,True,,,True,98.52244662057969
1322,6.4,,0.0,,,0,1,0,1,1,0,0,False,6.4,6.4,False,True,74.52000000000001,74.52000000000001,True,False,0.0,0.0,False,True,35.05189171122995,35.05189171122995,True,True,,,True,101.25589712307011
1323,0.0,75.0,2.0,35.351,,0,0,0,0,1,0,0,False,0.0,0.0,False,False,75.0,75.0,False,False,2.0,2.0,False,False,35.351,35.351,False,True,,,True,97.71985859234238
1324,0.0,74.85,2.0,32.873,,0,0,0,0,1,0,0,False,0.0,0.0,False,False,74.85,74.85,False,False,2.0,2.0,False,False,32.873,32.873,False,True,,,True,95.18813092326872
1325,0.0,77.71,2.0,33.014,,0,0,0,0,1,0,0,False,0.0,0.0,False,False,77.71,77.71,False,False,2.0,2.0,False,False,33.014,33.014,False,True,,,True,96.79086272091124
1326,,79.73,1.0,36.327,,1,0,0,0,1,0,0,True,0.0,0.0,True,False,79.73,79.73,False,False,1.0,1.0,False,False,36.327,36.327,False,True,,,True,98.90526733484424
1327,0.0,78.51,3.0,31.43,,0,0,0,0,1,0,0,False,0.0,0.0,False,False,78.51,78.51,False,False,3.0,3.0,False,False,31.43,31.43,False,True,,,True,97.83198513103133
1328,3.2,79.05,,30.887,,0,0,1,0,1,0,0,False,3.2,3.2,False,False,79.05,79.05,False,True,2.0,2.0,True,False,30.887,30.887,False,True,,,True,99.60922234161274
1329,0.0,78.07,0.0,32.996,,0,0,0,0,1,0,0,False,0.0,0.0,False,False,78.07,78.07,False,False,0.0,0.0,False,False,32.996,32.996,False,True,,,True,92.55483942130739
1330,0.0,78.73,1.0,34.431,,0,0,0,0,1,0,0,False,0.0,0.0,False,False,78.73,78.73,False,False,1.0,1.0,False,False,34.431,34.431,False,True,,,True,96.51531667595273
1331,0.5,77.97,3.0,30.287,,0,0,0,0,1,0,0,False,0.5,0.5,False,False,77.97,77.97,False,False,3.0,3.0,False,False,30.287,30.287,False,True,,,True,97.08587870882775
1332,,79.98,0.0,30.36,,1,0,0,0,1,0,0,True,0.1,0.1,True,False,79.98,79.98,False,False,0.0,0.0,False,False,30.36,30.36,False,True,,,True,91.05288135420004
1333,0.1,77.89,1.0,32.439,,0,0,0,0,1,0,0,False,0.1,0.1,False,False,77.89,77.89,False,False,1.0,1.0,False,False,32.439,32.439,False,True,,,True,94.24460983366684
1334,0.4,77.05,0.0,32.176,,0,0,0,0,1,0,0,False,0.4,0.4,False,False,77.05,77.05,False,False,0.0,0.0,False,False,32.176,32.176,False,True,,,True,91.75068488720744
1335,0.1,77.58,2.0,30.436,,0,0,0,0,1,0,0,False,0.1,0.1,False,False,77.58,77.58,False,False,2.0,2.0,False,False,30.436,30.436,False,True,,,True,94.30279862118542
1336,,74.04,1.0,33.189,,1,0,0,0,1,0,0,True,0.1,0.1,True,False,74.04,74.04,False,False,1.0,1.0,False,False,33.189,33.189,False,True,,,True,93.01816897153489
1337,0.0,72.82,0.0,30.35,,0,0,0,0,1,0,0,False,0.0,0.0,False,False,72.82,72.82,False,False,0.0,0.0,False,False,30.35,30.35,False,True,,,True,87.24775249810136
1338,0.0,71.83,4.0,31.224,,0,0,0,0,1,0,0,False,0.0,0.0,False,False,71.83,71.83,False,False,4.0,4.0,False,False,31.224,31.224,False,True,,,True,96.41190004067853
1339,0.4,71.56,,31.072,,0,0,1,0,1,0,0,False,0.4,0.4,False,False,71.56,71.56,False,True,1.0,1.0,True,False,31.072,31.072,False,True,,,True,90.04968439423169
1340,1.8,71.69,3.0,32.039,,0,0,0,0,1,0,0,False,1.8,1.8,False,False,71.69,71.69,False,False,3.0,3.0,False,False,32.039,32.039,False,True,,,True,97.3316161070598
1341,0.0,71.35,1.0,25.448,,0,0,0,0,1,0,0,False,0.0,0.0,False,False,71.35,71.35,False,False,1.0,1.0,False,False,25.448,25.448,False,True,,,True,83.84045383469808
1342,13.9,77.22,1.0,35.763,,0,0,0,0,1,0,0,False,13.9,13.9,False,False,77.22,77.22,False,False,1.0,1.0,False,False,35.763,35.763,False,True,,,True,115.48058085153693
1343,0.1,76.52,2.0,28.412,,0,0,0,0,1,0,0,False,0.1,0.1,False,False,76.52,76.52,False,False,2.0,2.0,False,False,28.412,28.412,False,True,,,True,91.75534312398206
1344,,,1.0,32.797,,1,1,0,0,1,0,0,True,0.3,0.3,True,True,79.895,79.895,True,False,1.0,1.0,False,False,32.797,32.797,False,True,,,True,95.88995773321541
1345,9.2,83.27,1.0,36.417,,0,0,0,0,1,0,0,False,9.2,9.2,False,False,83.27,83.27,False,False,1.0,1.0,False,False,36.417,36.417,False,True,,,True,112.99570891561811
1346,0.0,81.13,2.0,33.052,,0,0,0,0,1,0,0,False,0.0,0.0,False,False,81.13,81.13,False,False,2.0,2.0,False,False,33.052,33.052,False,True,,,True,98.57802027902977
1347,0.5,81.95,1.0,,,0,0,0,1,1,0,0,False,0.5,0.5,False,False,81.95,81.95,False,False,1.0,1.0,False,True,33.46863111707619,33.46863111707619,True,True,,,True,97.8716026998487
1348,4.4,81.8,1.0,33.931,,0,0,0,0,1,0,0,False,4.4,4.4,False,False,81.8,81.8,False,False,1.0,1.0,False,False,33.931,33.931,False,True,,,True,103.42060741434095
1349,0.0,79.58,2.0,33.987,,0,0,0,0,1,0,0,False,0.0,0.0,False,False,79.58,79.58,False,False,2.0,2.0,False,False,33.987,33.987,False,True,,,True,98.71143319788992
1350,0.6,78.55,2.0,32.085,,0,0,0,0,1,0,0,False,0.6,0.6,False,False,78.55,78.55,False,False,2.0,2.0,False,False,32.085,32.085,False,True,,,True,97.09521647190572
1351,0.1,78.23,1.0,31.643,,0,0,0,0,1,0,0,False,0.1,0.1,False,False,78.23,78.23,False,False,1.0,1.0,False,False,31.643,31.643,False,True,,,True,93.6299276621801
1352,8.5,80.88,1.0,36.034,,0,0,0,0,1,0,0,False,8.5,8.5,False,False,80.88,80.88,False,False,1.0,1.0,False,False,36.034,36.034,False,True,,,True,110.46612463247578
1353,0.0,80.12,1.0,32.85,,0,0,0,0,1,0,0,False,0.0,0.0,False,False,80.12,80.12,False,False,1.0,1.0,False,False,32.85,32.85,False,True,,,True,95.66005265072766
1354,0.2,81.21,1.0,29.89,,0,0,0,0,1,0,0,False,0.2,0.2,False,False,81.21,81.21,False,False,1.0,1.0,False,False,29.89,29.89,False,True,,,True,93.55013342815225
1355,0.7,79.55,2.0,32.708,,0,0,0,0,1,0,0,False,0.7,0.7,False,False,79.55,79.55,False,False,2.0,2.0,False,False,32.708,32.708,False,True,,,True,98.35648953546834
1356,0.0,76.05,1.0,30.727,,0,0,0,0,1,0,0,False,0.0,0.0,False,False,76.05,76.05,False,False,1.0,1.0,False,False,30.727,30.727,False,True,,,True,91.4747425267993
1357,0.5,74.8,1.0,30.113,,0,0,0,0,1,0,0,False,0.5,0.5,False,False,74.8,74.8,False,False,1.0,1.0,False,False,30.113,30.113,False,True,,,True,90.88952253827395
1358,6.5,77.03,0.0,34.143,,0,0,0,0,1,0,0,False,6.5,6.5,False,False,77.03,77.03,False,False,0.0,0.0,False,False,34.143,34.143,False,True,,,True,101.77194486675727
1359,0.0,,0.0,31.166,,0,1,0,0,1,0,0,False,0.0,0.0,False,True,76.72666666666667,76.72666666666667,True,False,0.0,0.0,False,False,31.166,31.166,False,True,,,True,90.0546429274981
1360,0.0,,2.0,34.062,,0,1,0,0,1,0,0,False,0.0,0.0,False,True,76.16333333333333,76.16333333333333,True,False,2.0,2.0,False,False,34.062,34.062,False,True,,,True,97.03793174686064
1361,0.0,75.86,1.0,29.6,,0,0,0,0,1,0,0,False,0.0,0.0,False,False,75.86,75.86,False,False,1.0,1.0,False,False,29.6,29.6,False,True,,,True,90.26101034323229
1362,30.7,88.86,0.0,46.387,,0,0,0,0,1,0,0,False,30.7,30.7,False,False,88.86,88.86,False,False,0.0,0.0,False,False,46.387,46.387,False,True,,,True,152.01994366729826
1363,0.7,,4.0,35.377,,0,1,0,0,1,0,0,False,0.7,0.7,False,True,88.325,88.325,True,False,4.0,4.0,False,False,35.377,35.377,False,True,,,True,109.8919357018093
1364,0.0,87.79,1.0,39.248,,0,0,0,0,1,0,0,False,0.0,0.0,False,False,87.79,87.79,False,False,1.0,1.0,False,False,39.248,39.248,False,True,,,True,105.9222643907601
1365,0.0,88.88,1.0,38.328,,0,0,0,0,1,0,0,False,0.0,0.0,False,False,88.88,88.88,False,False,1.0,1.0,False,False,38.328,38.328,False,True,,,True,105.56839795843153
1366,,88.77,1.0,33.691,,1,0,0,0,1,0,0,True,0.0,0.0,True,False,88.77,88.77,False,False,1.0,1.0,False,False,33.691,33.691,False,True,,,True,100.91817610912392
1367,0.0,88.38,1.0,34.5,,0,0,0,0,1,0,0,False,0.0,0.0,False,False,88.38,88.38,False,False,1.0,1.0,False,False,34.5,34.5,False,True,,,True,101.52015995471017
1368,0.0,87.23,1.0,36.252,,0,0,0,0,1,0,0,False,0.0,0.0,False,False,87.23,87.23,False,False,1.0,1.0,False,False,36.252,36.252,False,True,,,True,102.66760910681876
1369,0.0,87.6,3.0,40.209,,0,0,0,0,1,0,0,False,0.0,0.0,False,False,87.6,87.6,False,False,3.0,3.0,False,False,40.209,40.209,False,True,,,True,111.17949703733015
1370,0.0,84.91,0.0,31.792,,0,0,0,0,1,0,0,False,0.0,0.0,False,False,84.91,84.91,False,False,0.0,0.0,False,False,31.792,31.792,False,True,,,True,94.86103779342199
1371,0.2,83.6,0.0,35.299,,0,0,0,0,1,0,0,False,0.2,0.2,False,False,83.6,83.6,False,False,0.0,0.0,False,False,35.299,35.299,False,True,,,True,97.93035372130005
1372,0.1,84.61,4.0,37.011,,0,0,0,0,1,0,0,False,0.1,0.1,False,False,84.61,84.61,False,False,4.0,4.0,False,False,37.011,37.011,False,True,,,True,108.81532277276585
1373,0.0,84.2,1.0,34.913,,0,0,0,0,1,0,0,False,0.0,0.0,False,False,84.2,84.2,False,False,1.0,1.0,False,False,34.913,34.913,False,True,,,True,99.79103532959188
1374,0.0,85.54,1.0,34.211,,0,0,0,0,1,0,0,False,0.0,0.0,False,False,85.54,85.54,False,False,1.0,1.0,False,False,34.211,34.211,False,True,,,True,99.78103321316169
1375,4.8,,0.0,36.232,,0,1,0,0,1,0,0,False,4.8,4.8,False,True,85.15,85.15,True,False,0.0,0.0,False,False,36.232,36.232,False,True,,,True,105.74278890195677
1376,0.0,84.76,0.0,32.761,,0,0,0,0,1,0,0,False,0.0,0.0,False,False,84.76,84.76,False,False,0.0,0.0,False,False,32.761,32.761,False,True,,,True,95.74430888762195
1377,0.1,85.71,0.0,33.526,,0,0,0,0,1,0,0,False,0.1,0.1,False,False,85.71,85.71,False,False,0.0,0.0,False,False,33.526,33.526,False,True,,,True,97.12068601590266
1378,11.2,89.51,0.0,38.969,,0,0,0,0,1,0,0,False,11.2,11.2,False,False,89.51,89.51,False,False,0.0,0.0,False,False,38.969,38.969,False,True,,,True,119.16501373111143
1379,0.0,88.98,1.0,35.184,,0,0,0,0,1,0,0,False,0.0,0.0,False,False,88.98,88.98,False,False,1.0,1.0,False,False,35.184,35.184,False,True,,,True,102.50474147884665
1380,0.0,87.8,,39.09,,0,0,1,0,1,0,0,False,0.0,0.0,False,False,87.8,87.8,False,True,0.0,0.0,True,False,39.09,39.09,False,True,,,True,103.56967206183046
1381,0.0,86.19,0.0,34.357,,0,0,0,0,1,0,0,False,0.0,0.0,False,False,86.19,86.19,False,False,0.0,0.0,False,False,34.357,34.357,False,True,,,True,98.05701235922358
1382,0.0,85.77,0.0,35.76,,0,0,0,0,1,0,0,False,0.0,0.0,False,False,85.77,85.77,False,False,0.0,0.0,False,False,35.76,35.76,False,True,,,True,99.23213504942936
1383,10.8,87.77,0.0,35.649,,0,0,0,0,1,0,0,False,10.8,10.8,False,False,87.77,87.77,False,False,0.0,0.0,False,False,35.649,35.649,False,True,,,True,114.45571763155843
1384,1.5,89.42,3.0,34.472,,0,0,0,0,1,0,0,False,1.5,1.5,False,False,89.42,89.42,False,False,3.0,3.0,False,False,34.472,34.472,False,True,,,True,108.41434616338415
1385,0.5,88.28,0.0,36.412,,0,0,0,0,1,0,0,False,0.5,0.5,False,False,88.28,88.28,False,False,0.0,0.0,False,False,36.412,36.412,False,True,,,True,101.8246000491795
1386,0.3,88.06,1.0,39.84,,0,0,0,0,1,0,0,False,0.3,0.3,False,False,88.06,88.06,False,False,1.0,1.0,False,False,39.84,39.84,False,True,,,True,107.04440002851257
1387,0.0,83.25,3.0,39.417,,0,0,0,0,1,0,0,False,0.0,0.0,False,False,83.25,83.25,False,False,3.0,3.0,False,False,39.417,39.417,False,True,,,True,108.1695954191831
1388,0.0,85.31,1.0,38.604,,0,0,0,0,1,0,0,False,0.0,0.0,False,False,85.31,85.31,False,False,1.0,1.0,False,False,38.604,38.604,False,True,,,True,104.01559237935652
1389,0.0,83.97,3.0,35.195,,0,0,0,0,1,0,0,False,0.0,0.0,False,False,83.97,83.97,False,False,3.0,3.0,False,False,35.195,35.195,False,True,,,True,104.35510956278681
1390,0.0,84.45,2.0,35.887,,0,0,0,0,1,0,0,False,0.0,0.0,False,False,84.45,84.45,False,False,2.0,2.0,False,False,35.887,35.887,False,True,,,True,103.08505579313123
1391,0.0,82.06,1.0,31.365,,0,0,0,0,1,0,0,False,0.0,0.0,False,False,82.06,82.06,False,False,1.0,1.0,False,False,31.365,31.365,False,True,,,True,95.18125138372483
1392,19.7,,2.0,47.437,,0,1,0,0,1,0,0,False,19.7,19.7,False,True,90.08000000000001,90.08000000000001,True,False,2.0,2.0,False,False,47.437,47.437,False,True,,,True,143.51118451946206
1393,15.2,98.1,0.0,46.45,,0,0,0,0,1,0,0,False,15.2,15.2,False,False,98.1,98.1,False,False,0.0,0.0,False,False,46.45,46.45,False,True,,,True,136.2709650497114
1394,0.0,96.9,4.0,39.768,,0,0,0,0,1,0,0,False,0.0,0.0,False,False,96.9,96.9,False,False,4.0,4.0,False,False,39.768,39.768,False,True,,,True,117.7012062904139
1395,0.0,94.81,2.0,37.59,,0,0,0,0,1,0,0,False,0.0,0.0,False,False,94.81,94.81,False,False,2.0,2.0,False,False,37.59,37.59,False,True,,,True,110.07193179253619
1396,0.0,,1.0,40.395,,0,1,0,0,1,0,0,False,0.0,0.0,False,True,94.83000000000001,94.83000000000001,True,False,1.0,1.0,False,False,40.395,40.395,False,True,,,True,110.65994711032545
1397,0.0,94.85,0.0,,,0,0,0,1,1,0,0,False,0.0,0.0,False,False,94.85,94.85,False,False,0.0,0.0,False,True,37.8755,37.8755,True,True,,,True,105.97289398742703
1398,0.0,92.82,0.0,35.356,,0,0,0,0,1,0,0,False,0.0,0.0,False,False,92.82,92.82,False,False,0.0,0.0,False,False,35.356,35.356,False,True,,,True,102.43833246026912
1399,,92.74,4.0,35.995,,1,0,0,0,1,0,0,True,0.0,0.0,True,False,92.74,92.74,False,False,4.0,4.0,False,False,35.995,35.995,False,True,,,True,111.83517468016571
1400,0.0,91.92,1.0,38.402,,0,0,0,0,1,0,0,False,0.0,0.0,False,False,91.92,91.92,False,False,1.0,1.0,False,False,38.402,38.402,False,True,,,True,107.1968312619477
1401,0.6,89.63,0.0,37.171,,0,0,0,0,1,0,0,False,0.6,0.6,False,False,89.63,89.63,False,False,0.0,0.0,False,False,37.171,37.171,False,True,,,True,103.39965397288616
1402,0.0,90.92,0.0,39.48,,0,0,0,0,1,0,0,False,0.0,0.0,False,False,90.92,90.92,False,False,0.0,0.0,False,False,39.48,39.48,False,True,,,True,105.55209590508467
1403,0.0,89.56,2.0,37.125,,0,0,0,0,1,0,0,False,0.0,0.0,False,False,89.56,89.56,False,False,2.0,2.0,False,False,37.125,37.125,False,True,,,True,106.92559691537012
1404,0.0,88.66,1.0,35.191,,0,0,0,0,1,0,0,False,0.0,0.0,False,False,88.66,88.66,False,False,1.0,1.0,False,False,35.191,35.191,False,True,,,True,102.34797961815985
1405,0.3,87.16,0.0,35.98,,0,0,0,0,1,0,0,False,0.3,0.3,False,False,87.16,87.16,False,False,0.0,0.0,False,False,35.98,35.98,False,True,,,True,100.55866331788049
1406,0.2,85.84,0.0,36.685,,0,0,0,0,1,0,0,False,0.2,0.2,False,False,85.84,85.84,False,False,0.0,0.0,False,False,36.685,36.685,False,True,,,True,100.44936450221374
1407,0.0,86.47,1.0,37.324,,0,0,0,0,1,0,0,False,0.0,0.0,False,False,86.47,86.47,False,False,1.0,1.0,False,False,37.324,37.324,False,True,,,True,103.3408768039597
1408,1.0,86.3,,37.917,,0,0,1,0,1,0,0,False,1.0,1.0,False,False,86.3,86.3,False,True,1.0,1.0,True,False,37.917,37.917,False,True,,,True,105.16644890343247
1409,0.0,86.56,2.0,37.416,,0,0,0,0,1,0,0,False,0.0,0.0,False,False,86.56,86.56,False,False,2.0,2.0,False,False,37.416,37.416,False,True,,,True,105.67923713643653
1410,0.7,85.77,3.0,32.781,,0,0,0,0,1,0,0,False,0.7,0.7,False,False,85.77,85.77,False,False,3.0,3.0,False,False,32.781,32.781,False,True,,,True,103.81184450510078
1411,0.1,84.22,1.0,35.76,,0,0,0,0,1,0,0,False,0.1,0.1,False,False,84.22,84.22,False,False,1.0,1.0,False,False,35.76,35.76,False,True,,,True,100.77290714634908
1412,5.2,87.15,2.0,35.862,,0,0,0,0,1,0,0,False,5.2,5.2,False,False,87.15,87.15,False,False,2.0,2.0,False,False,35.862,35.862,False,True,,,True,111.33169530161302
1413,0.0,85.4,1.0,31.717,,0,0,0,0,1,0,0,False,0.0,0.0,False,False,85.4,85.4,False,False,1.0,1.0,False,False,31.717,31.717,False,True,,,True,97.2385696121031
1414,0.7,85.08,1.0,34.041,,0,0,0,0,1,0,0,False,0.7,0.7,False,False,85.08,85.08,False,False,1.0,1.0,False,False,34.041,34.041,False,True,,,True,100.30482614896367
1415,0.1,82.96,0.0,35.872,,0,0,0,0,1,0,0,False,0.1,0.1,False,False,82.96,82.96,False,False,0.0,0.0,False,False,35.872,35.872,False,True,,,True,98.03813622392451
1416,0.1,82.63,0.0,33.853,,0,0,0,0,1,0,0,False,0.1,0.1,False,False,82.63,82.63,False,False,0.0,0.0,False,False,33.853,33.853,False,True,,,True,95.86906780186473
1417,0.2,81.56,2.0,31.207,,0,0,0,0,1,0,0,False,0.2,0.2,False,False,81.56,81.56,False,False,2.0,2.0,False,False,31.207,31.207,False,True,,,True,97.2351248236342
1418,,80.47,0.0,33.226,,1,0,0,0,1,0,0,True,0.1,0.1,True,False,80.47,80.47,False,False,0.0,0.0,False,False,33.226,33.226,False,True,,,True,94.14293484010024
1419,0.0,,1.0,38.934,,0,1,0,0,1,0,0,False,0.0,0.0,False,True,80.341434169279,80.341434169279,True,False,1.0,1.0,False,False,38.934,38.934,False,True,,,True,101.80084530431243
1420,0.1,80.3,2.0,35.979,,0,0,0,0,1,0,0,False,0.1,0.1,False,False,80.3,80.3,False,False,2.0,2.0,False,False,35.979,35.979,False,True,,,True,101.18576198307498
1421,1.1,81.13,2.0,37.046,,0,0,0,0,1,0,0,False,1.1,1.1,False,False,81.13,81.13,False,False,2.0,2.0,False,False,37.046,37.046,False,True,,,True,103.99248629601567
1422,6.1,81.2,1.0,35.067,,0,0,0,0,1,0,0,False,6.1,6.1,False,False,81.2,81.2,False,False,1.0,1.0,False,False,35.067,35.067,False,True,,,True,106.49169968668998
1423,0.1,80.87,1.0,33.706,,0,0,0,0,1,0,0,False,0.1,0.1,False,False,80.87,80.87,False,False,1.0,1.0,False,False,33.706,33.706,False,True,,,True,97.02427440745383
1424,3.6,83.34,1.0,35.958,,0,0,0,0,1,0,0,False,3.6,3.6,False,False,83.34,83.34,False,False,1.0,1.0,False,False,35.958,35.958,False,True,,,True,105.15654728856659
1425,0.0,82.19,1.0,32.608,,0,0,0,0,1,0,0,False,0.0,0.0,False,False,82.19,82.19,False,False,1.0,1.0,False,False,32.608,32.608,False,True,,,True,96.47921348332832
1426,0.0,80.66,2.0,33.322,,0,0,0,0,1,0,0,False,0.0,0.0,False,False,80.66,80.66,False,False,2.0,2.0,False,False,33.322,33.322,False,True,,,True,98.60508387086288
1427,0.0,81.08,1.0,35.923,,0,0,0,0,1,0,0,False,0.0,0.0,False,False,81.08,81.08,False,False,1.0,1.0,False,False,35.923,35.923,False,True,,,True,99.19561417522165
1428,0.7,,1.0,30.322,,0,1,0,0,1,0,0,False,0.7,0.7,False,True,79.19257561209794,79.19257561209794,True,False,1.0,1.0,False,False,30.322,30.322,False,True,,,True,93.60862454949066
1429,,77.17,1.0,31.828,,1,0,0,0,1,0,0,True,0.0,0.0,True,False,77.17,77.17,False,False,1.0,1.0,False,False,31.828,31.828,False,True,,,True,93.13846012944518
1430,0.0,77.01,1.0,29.286,,0,0,0,0,1,0,0,False,0.0,0.0,False,False,77.01,77.01,False,False,1.0,1.0,False,False,29.286,29.286,False,True,,,True,90.53821109584882
1431,0.0,77.11,0.0,,,0,0,0,1,1,0,0,False,0.0,0.0,False,False,77.11,77.11,False,False,0.0,0.0,False,True,32.65050000000001,32.65050000000001,True,True,,,True,91.7214563496213
1432,10.4,80.21,5.0,36.015,,0,0,0,0,1,0,0,False,10.4,10.4,False,False,80.21,80.21,False,False,5.0,5.0,False,False,36.015,36.015,False,True,,,True,121.42683804855221
1433,0.2,,2.0,30.881,,0,1,0,0,1,0,0,False,0.2,0.2,False,True,84.10318108177731,84.10318108177731,True,False,2.0,2.0,False,False,30.881,30.881,False,True,,,True,98.21312256985486
1434,14.3,86.56,2.0,33.566,,0,0,0,0,1,0,0,False,14.3,14.3,False,False,86.56,86.56,False,False,2.0,2.0,False,False,33.566,33.566,False,True,,,True,120.81307109694082
1435,0.0,86.71,1.0,33.121,,0,0,0,0,1,0,0,False,0.0,0.0,False,False,86.71,86.71,False,False,1.0,1.0,False,False,33.121,33.121,False,True,,,True,99.29966924428714
1436,0.0,85.27,2.0,,,0,0,0,1,1,0,0,False,0.0,0.0,False,False,85.27,85.27,False,False,2.0,2.0,False,True,34.9755,34.9755,True,True,,,True,102.60149121100838
1437,7.7,88.5,1.0,36.83,,0,0,0,0,1,0,0,False,7.7,7.7,False,False,88.5,88.5,False,False,1.0,1.0,False,False,36.83,36.83,False,True,,,True,114.09273346518304
1438,0.0,85.86,2.0,35.324,,0,0,0,0,1,0,0,False,0.0,0.0,False,False,85.86,85.86,False,False,2.0,2.0,False,False,35.324,35.324,False,True,,,True,103.24857192059929
1439,0.1,85.39,1.0,39.827,,0,0,0,0,1,0,0,False,0.1,0.1,False,False,85.39,85.39,False,False,1.0,1.0,False,False,39.827,39.827,False,True,,,True,105.40066665359932
1440,6.1,88.44,1.0,40.067,,0,0,0,0,1,0,0,False,6.1,6.1,False,False,88.44,88.44,False,False,1.0,1.0,False,False,40.067,40.067,False,True,,,True,115.14892249563731
1441,8.5,91.07,2.0,,,0,0,0,1,1,0,0,False,8.5,8.5,False,False,91.07,91.07,False,False,2.0,2.0,False,True,38.367000000000004,38.367000000000004,True,True,,,True,120.19136257313994
1442,0.0,90.2,1.0,36.667,,0,0,0,0,1,0,0,False,0.0,0.0,False,False,90.2,90.2,False,False,1.0,1.0,False,False,36.667,36.667,False,True,,,True,104.5980679454826
1443,0.0,90.48,1.0,37.823,,0,0,0,0,1,0,0,False,0.0,0.0,False,False,90.48,90.48,False,False,1.0,1.0,False,False,37.823,37.823,False,True,,,True,105.88657064488305
1444,0.8,90.1,1.0,38.214,,0,0,0,0,1,0,0,False,0.8,0.8,False,False,90.1,90.1,False,False,1.0,1.0,False,False,38.214,38.214,False,True,,,True,107.13958372632696
1445,0.0,87.81,1.0,35.278,,0,0,0,0,1,0,0,False,0.0,0.0,False,False,87.81,87.81,False,False,1.0,1.0,False,False,35.278,35.278,False,True,,,True,101.99935210620089
1446,4.1,,2.0,39.871,,0,1,0,0,1,0,0,False,4.1,4.1,False,True,88.13000000000001,88.13000000000001,True,False,2.0,2.0,False,False,39.871,39.871,False,True,,,True,114.34725276103862
1447,0.0,88.45,1.0,35.015,,0,0,0,0,1,0,0,False,0.0,0.0,False,False,88.45,88.45,False,False,1.0,1.0,False,False,35.015,35.015,False,True,,,True,102.0661874921944
1448,0.0,87.79,,37.734,,0,0,1,0,1,0,0,False,0.0,0.0,False,False,87.79,87.79,False,True,0.0,0.0,True,False,37.734,37.734,False,True,,,True,102.2211453587091
1449,0.0,87.12,0.0,37.656,,0,0,0,0,1,0,0,False,0.0,0.0,False,False,87.12,87.12,False,False,0.0,0.0,False,False,37.656,37.656,False,True,,,True,101.80112916440189
1450,4.6,85.9,0.0,37.033,,0,0,0,0,1,0,0,False,4.6,4.6,False,False,85.9,85.9,False,False,0.0,0.0,False,False,37.033,37.033,False,True,,,True,106.65500886128632
1451,0.4,87.36,0.0,35.675,,0,0,0,0,1,0,0,False,0.4,0.4,False,False,87.36,87.36,False,False,0.0,0.0,False,False,35.675,35.675,False,True,,,True,100.49130955662626
1452,0.3,87.56,0.0,36.004,,0,0,0,0,1,0,0,False,0.3,0.3,False,False,87.56,87.56,False,False,0.0,0.0,False,False,36.004,36.004,False,True,,,True,100.78706159949681
1453,2.9,89.15,0.0,36.105,,0,0,0,0,1,0,0,False,2.9,2.9,False,False,89.15,89.15,False,False,0.0,0.0,False,False,36.105,36.105,False,True,,,True,105.14560029875635
1454,0.4,88.73,2.0,36.656,,0,0,0,0,1,0,0,False,0.4,0.4,False,False,88.73,88.73,False,False,2.0,2.0,False,False,36.656,36.656,False,True,,,True,106.56637878871292
1455,3.9,87.52,2.0,37.87,,0,0,0,0,1,0,0,False,3.9,3.9,False,False,87.52,87.52,False,False,2.0,2.0,False,False,37.87,37.87,False,True,,,True,111.78777419512983
1456,10.3,93.69,1.0,44.032,,0,0,0,0,1,0,0,False,10.3,10.3,False,False,93.69,93.69,False,False,1.0,1.0,False,False,44.032,44.032,False,True,,,True,127.3279377796796
1457,0.0,92.72,3.0,34.069,,0,0,0,0,1,0,0,False,0.0,0.0,False,False,92.72,92.72,False,False,3.0,3.0,False,False,34.069,34.069,False,True,,,True,107.71564951646708
1458,0.3,90.48,0.0,39.439,,0,0,0,0,1,0,0,False,0.3,0.3,False,False,90.48,90.48,False,False,0.0,0.0,False,False,39.439,39.439,False,True,,,True,105.68390574474166
1459,0.3,91.15,2.0,36.281,,0,0,0,0,1,0,0,False,0.3,0.3,False,False,91.15,91.15,False,False,2.0,2.0,False,False,36.281,36.281,False,True,,,True,107.30031368660144
1460,0.0,88.19,3.0,37.369,,0,0,0,0,1,0,0,False,0.0,0.0,False,False,88.19,88.19,False,False,3.0,3.0,False,False,37.369,37.369,False,True,,,True,108.6676791229878
1461,0.0,87.96,0.0,38.406,,0,0,0,0,1,0,0,False,0.0,0.0,False,False,87.96,87.96,False,False,0.0,0.0,False,False,38.406,38.406,False,True,,,True,102.97387061375561
1462,6.3,90.93,3.0,37.772,,0,0,0,0,1,0,0,False,6.3,6.3,False,False,90.93,90.93,False,False,3.0,3.0,False,False,37.772,37.772,False,True,,,True,118.81635276589313
1463,0.5,91.62,0.0,34.162,,0,0,0,0,1,0,0,False,0.5,0.5,False,False,91.62,91.62,False,False,0.0,0.0,False,False,34.162,34.162,False,True,,,True,101.30407470864628
1464,4.7,92.29,,38.7,,0,0,1,0,1,0,0,False,4.7,4.7,False,False,92.29,92.29,False,True,1.0,1.0,True,False,38.7,38.7,False,True,,,True,113.90903356356522
1465,0.0,91.07,1.0,38.395,,0,0,0,0,1,0,0,False,0.0,0.0,False,False,91.07,91.07,False,False,1.0,1.0,False,False,38.395,38.395,False,True,,,True,106.75507642659223
1466,0.3,89.33,2.0,37.782,,0,0,0,0,1,0,0,False,0.3,0.3,False,False,89.33,89.33,False,False,2.0,2.0,False,False,37.782,37.782,False,True,,,True,107.856352740705
1467,0.0,87.53,,39.181,,0,0,1,0,1,0,0,False,0.0,0.0,False,False,87.53,87.53,False,True,2.0,2.0,True,False,39.181,39.181,False,True,,,True,107.92405739034695
1468,0.0,86.1,1.0,35.533,,0,0,0,0,1,0,0,False,0.0,0.0,False,False,86.1,86.1,False,False,1.0,1.0,False,False,35.533,35.533,False,True,,,True,101.37722956768033
1469,,85.22,2.0,35.223,,1,0,0,0,1,0,0,True,0.0,0.0,True,False,85.22,85.22,False,False,2.0,2.0,False,False,35.223,35.223,False,True,,,True,102.82111583549593
1470,,86.69,4.0,38.629,,1,0,0,0,1,0,0,True,0.0,0.0,True,False,86.69,86.69,False,False,4.0,4.0,False,False,38.629,38.629,False,True,,,True,111.34982714113691
1471,0.0,83.88,2.0,34.015,,0,0,0,0,1,0,0,False,0.0,0.0,False,False,83.88,83.88,False,False,2.0,2.0,False,False,34.015,34.015,False,True,,,True,100.93884999780585
1472,0.6,83.59,0.0,,,0,0,0,1,1,0,0,False,0.6,0.6,False,False,83.59,83.59,False,False,0.0,0.0,False,True,34.527,34.527,True,True,,,True,97.69042182408137
1473,0.0,84.91,1.0,35.039,,0,0,0,0,1,0,0,False,0.0,0.0,False,False,84.91,84.91,False,False,1.0,1.0,False,False,35.039,35.039,False,True,,,True,100.27906801107008
1474,0.0,82.81,3.0,32.783,,0,0,0,0,1,0,0,False,0.0,0.0,False,False,82.81,82.81,False,False,3.0,3.0,False,False,32.783,32.783,False,True,,,True,101.37210090435532
1475,16.7,,0.0,42.353,,0,1,0,0,1,0,0,False,16.7,16.7,False,True,85.30604911489067,85.30604911489067,True,False,0.0,0.0,False,False,42.353,42.353,False,True,,,True,127.65478225854872
1476,0.0,89.39,1.0,37.353,,0,0,0,0,1,0,0,False,0.0,0.0,False,False,89.39,89.39,False,False,1.0,1.0,False,False,37.353,37.353,False,True,,,True,104.8633415503911
1477,6.1,92.48,2.0,36.801,,0,0,0,0,1,0,0,False,6.1,6.1,False,False,92.48,92.48,False,False,2.0,2.0,False,False,36.801,36.801,False,True,,,True,116.18109109726252
1478,0.6,90.9,0.0,37.249,,0,0,0,0,1,0,0,False,0.6,0.6,False,False,90.9,90.9,False,False,0.0,0.0,False,False,37.249,37.249,False,True,,,True,104.1266018061894
1479,14.0,97.15,0.0,43.672,,0,0,0,0,1,0,0,False,14.0,14.0,False,False,97.15,97.15,False,False,0.0,0.0,False,False,43.672,43.672,False,True,,,True,131.44273070921565
1480,1.2,95.62,0.0,41.233,,0,0,0,0,1,0,0,False,1.2,1.2,False,False,95.62,95.62,False,False,0.0,0.0,False,False,41.233,41.233,False,True,,,True,111.28316887780133
1481,0.7,95.05,1.0,39.445,,0,0,0,0,1,0,0,False,0.7,0.7,False,False,95.05,95.05,False,False,1.0,1.0,False,False,39.445,39.445,False,True,,,True,110.75883726270662
1482,0.1,95.66,2.0,40.964,,0,0,0,0,1,0,0,False,0.1,0.1,False,False,95.66,95.66,False,False,2.0,2.0,False,False,40.964,40.964,False,True,,,True,113.9819322300068
1483,0.0,93.44,1.0,41.451,,0,0,0,0,1,0,0,False,0.0,0.0,False,False,93.44,93.44,False,False,1.0,1.0,False,False,41.451,41.451,False,True,,,True,110.99508512721901
1484,5.9,97.01,1.0,40.835,,0,0,0,0,1,0,0,False,5.9,5.9,False,False,97.01,97.01,False,False,1.0,1.0,False,False,40.835,40.835,False,True,,,True,120.02879118173912
1485,,95.18,0.0,39.596,,1,0,0,0,1,0,0,True,0.3,0.3,True,False,95.18,95.18,False,False,0.0,0.0,False,False,39.596,39.596,False,True,,,True,108.24374602794022
1486,0.6,94.62,2.0,38.35,,0,0,0,0,1,0,0,False,0.6,0.6,False,False,94.62,94.62,False,False,2.0,2.0,False,False,38.35,38.35,False,True,,,True,111.52270590243869
1487,0.0,92.29,1.0,36.105,,0,0,0,0,1,0,0,False,0.0,0.0,False,False,92.29,92.29,False,False,1.0,1.0,False,False,36.105,36.105,False,True,,,True,105.11043064668584
1488,0.5,93.36,2.0,39.156,,0,0,0,0,1,0,0,False,0.5,0.5,False,False,93.36,93.36,False,False,2.0,2.0,False,False,39.156,39.156,False,True,,,True,111.54416258751245
1489,0.3,91.91,1.0,,,0,0,0,1,1,0,0,False,0.3,0.3,False,False,91.91,91.91,False,False,1.0,1.0,False,True,40.1344839198154,40.1344839198154,True,True,,,True,109.30562803727312
1490,0.1,91.18,0.0,40.515,,0,0,0,0,1,0,0,False,0.1,0.1,False,False,91.18,91.18,False,False,0.0,0.0,False,False,40.515,40.515,False,True,,,True,106.84299502423329
1491,0.5,89.3,3.0,38.269,,0,0,0,0,1,0,0,False,0.5,0.5,False,False,89.3,89.3,False,False,3.0,3.0,False,False,38.269,38.269,False,True,,,True,110.7896679175876
1492,0.6,89.17,0.0,,,0,0,0,1,1,0,0,False,0.6,0.6,False,False,89.17,89.17,False,False,0.0,0.0,False,True,37.70427075316108,37.70427075316108,True,True,,,True,103.6926596938494
1493,0.0,88.14,0.0,37.497,,0,0,0,0,1,0,0,False,0.0,0.0,False,False,88.14,88.14,False,False,0.0,0.0,False,False,37.497,37.497,False,True,,,True,102.16538907388619
1494,7.5,,0.0,42.167,,0,1,0,0,1,0,0,False,7.5,7.5,False,True,88.76222222222222,88.76222222222222,True,False,0.0,0.0,False,False,42.167,42.167,False,True,,,True,117.04814338618776
1495,0.5,,4.0,41.446,,0,1,0,0,1,0,0,False,0.5,0.5,False,True,89.91777777777777,89.91777777777777,True,False,4.0,4.0,False,False,41.446,41.446,False,True,,,True,116.4543739105726
1496,1.3,90.54,3.0,36.843,,0,0,0,0,1,0,0,False,1.3,1.3,False,False,90.54,90.54,False,False,3.0,3.0,False,False,36.843,36.843,False,True,,,True,111.07126507739068
1497,0.6,90.14,1.0,39.355,,0,0,0,0,1,0,0,False,0.6,0.6,False,False,90.14,90.14,False,False,1.0,1.0,False,False,39.355,39.355,False,True,,,True,108.02544475633542
1498,0.1,87.45,0.0,34.089,,0,0,0,0,1,0,0,False,0.1,0.1,False,False,87.45,87.45,False,False,0.0,0.0,False,False,34.089,34.089,False,True,,,True,98.5685609931638
1499,0.2,88.14,2.0,40.272,,0,0,0,0,1,0,0,False,0.2,0.2,False,False,88.14,88.14,False,False,2.0,2.0,False,False,40.272,40.272,False,True,,,True,109.58198420848113
1500,0.0,88.17,0.0,36.428,,0,0,0,0,1,0,0,False,0.0,0.0,False,False,88.17,88.17,False,False,0.0,0.0,False,False,36.428,36.428,False,True,,,True,101.12166003125243
1501,0.5,86.43,3.0,38.155,,0,0,0,0,1,0,0,False,0.5,0.5,False,False,86.43,86.43,False,False,3.0,3.0,False,False,38.155,38.155,False,True,,,True,109.20856993019981
1502,13.8,90.29,1.0,41.09,,0,0,0,0,1,0,0,False,13.8,13.8,False,False,90.29,90.29,False,False,1.0,1.0,False,False,41.09,41.09,False,True,,,True,127.31161615018827
1503,7.2,93.98,1.0,40.097,,0,0,0,0,1,0,0,False,7.2,7.2,False,False,93.98,93.98,False,False,1.0,1.0,False,False,40.097,40.097,False,True,,,True,119.47019160406558
1504,0.0,93.78,0.0,35.292,,0,0,0,0,1,0,0,False,0.0,0.0,False,False,93.78,93.78,False,False,0.0,0.0,False,False,35.292,35.292,False,True,,,True,102.86601724545666
1505,0.0,91.62,0.0,40.085,,0,0,0,0,1,0,0,False,0.0,0.0,False,False,91.62,91.62,False,False,0.0,0.0,False,False,40.085,40.085,False,True,,,True,106.50956612208586
1506,,,1.0,33.362,,1,1,0,0,1,0,0,True,1.0,1.0,True,True,91.0945889383469,91.0945889383469,True,False,1.0,1.0,False,False,33.362,33.362,False,True,,,True,103.10642165212627
1507,0.0,90.68,,34.566,,0,0,1,0,1,0,0,False,0.0,0.0,False,False,90.68,90.68,False,True,1.0,1.0,True,False,34.566,34.566,False,True,,,True,102.76211850714712
1508,2.0,89.88,1.0,38.677,,0,0,0,0,1,0,0,False,2.0,2.0,False,False,89.88,89.88,False,False,1.0,1.0,False,False,38.677,38.677,False,True,,,True,109.07579335309018
1509,3.6,92.56,1.0,41.912,,0,0,0,0,1,0,0,False,3.6,3.6,False,False,92.56,92.56,False,False,1.0,1.0,False,False,41.912,41.912,False,True,,,True,115.77178776705463
1510,0.7,89.99,2.0,35.696,,0,0,0,0,1,0,0,False,0.7,0.7,False,False,89.99,89.99,False,False,2.0,2.0,False,False,35.696,35.696,False,True,,,True,106.65736007856032
1511,2.1,,0.0,34.4,,0,1,0,0,1,0,0,False,2.1,2.1,False,True,88.82097111726044,88.82097111726044,True,False,0.0,0.0,False,False,34.4,34.4,False,True,,,True,102.22808046038288
1512,0.8,88.32,1.0,35.845,,0,0,0,0,1,0,0,False,0.8,0.8,False,False,88.32,88.32,False,False,1.0,1.0,False,False,35.845,35.845,False,True,,,True,103.88201317113909
1513,0.0,88.89,0.0,36.161,,0,0,0,0,1,0,0,False,0.0,0.0,False,False,88.89,88.89,False,False,0.0,0.0,False,False,36.161,36.161,False,True,,,True,101.22545677095337
1514,,87.83,3.0,36.766,,1,0,0,0,1,0,0,True,0.75,0.75,True,False,87.83,87.83,False,False,3.0,3.0,False,False,36.766,36.766,False,True,,,True,108.87989928228271
1515,0.7,88.7,2.0,34.936,,0,0,0,0,1,0,0,False,0.7,0.7,False,False,88.7,88.7,False,False,2.0,2.0,False,False,34.936,34.936,False,True,,,True,105.24451273789612
1516,0.0,87.53,1.0,38.435,,0,0,0,0,1,0,0,False,0.0,0.0,False,False,87.53,87.53,False,False,1.0,1.0,False,False,38.435,38.435,False,True,,,True,104.98380840476943
1517,1.2,85.21,0.0,35.465,,0,0,0,0,1,0,0,False,1.2,1.2,False,False,85.21,85.21,False,False,0.0,0.0,False,False,35.465,35.465,False,True,,,True,100.24345386301812
1518,0.2,86.04,2.0,35.914,,0,0,0,0,1,0,0,False,0.2,0.2,False,False,86.04,86.04,False,False,2.0,2.0,False,False,35.914,35.914,False,True,,,True,104.19018224474046
1519,0.0,84.44,0.0,34.468,,0,0,0,0,1,0,0,False,0.0,0.0,False,False,84.44,84.44,False,False,0.0,0.0,False,False,34.468,34.468,False,True,,,True,97.27176457772285
1520,0.6,84.31,1.0,35.271,,0,0,0,0,1,0,0,False,0.6,0.6,False,False,84.31,84.31,False,False,1.0,1.0,False,False,35.271,35.271,False,True,,,True,100.99700734404144
1521,3.3,83.94,0.0,34.099,,0,0,0,0,1,0,0,False,3.3,3.3,False,False,83.94,83.94,False,False,0.0,0.0,False,False,34.099,34.099,False,True,,,True,101.02305039827476
1522,0.1,83.63,1.0,35.717,,0,0,0,0,1,0,0,False,0.1,0.1,False,False,83.63,83.63,False,False,1.0,1.0,False,False,35.717,35.717,False,True,,,True,100.42849023779678
1523,0.3,81.49,1.0,36.165,,0,0,0,0,1,0,0,False,0.3,0.3,False,False,81.49,81.49,False,False,1.0,1.0,False,False,36.165,36.165,False,True,,,True,100.04261652318553
1524,0.9,80.76,0.0,33.053,,0,0,0,0,1,0,0,False,0.9,0.9,False,False,80.76,80.76,False,False,0.0,0.0,False,False,33.053,33.053,False,True,,,True,95.17992431137743
1525,0.1,80.23,2.0,34.326,,0,0,0,0,1,0,0,False,0.1,0.1,False,False,80.23,80.23,False,False,2.0,2.0,False,False,34.326,34.326,False,True,,,True,99.51229940276934
1526,,80.68,1.0,34.501,,1,0,0,0,1,0,0,True,0.2,0.2,True,False,80.68,80.68,False,False,1.0,1.0,False,False,34.501,34.501,False,True,,,True,97.84720290783244
1527,0.0,81.2,0.0,33.656,,0,0,0,0,1,0,0,False,0.0,0.0,False,False,81.2,81.2,False,False,0.0,0.0,False,False,33.656,33.656,False,True,,,True,94.80987216759154
1528,0.4,81.57,1.0,34.252,,0,0,0,0,1,0,0,False,0.4,0.4,False,False,81.57,81.57,False,False,1.0,1.0,False,False,34.252,34.252,False,True,,,True,98.32080477432821
1529,0.0,79.88,2.0,35.835,,0,0,0,0,1,0,0,False,0.0,0.0,False,False,79.88,79.88,False,False,2.0,2.0,False,False,35.835,35.835,False,True,,,True,100.69574256671478
1530,0.1,78.16,2.0,35.352,,0,0,0,0,1,0,0,False,0.1,0.1,False,False,78.16,78.16,False,False,2.0,2.0,False,False,35.352,35.352,False,True,,,True,99.4698600759437
1531,0.0,77.91,0.0,29.244,,0,0,0,0,1,0,0,False,0.0,0.0,False,False,77.91,77.91,False,False,0.0,0.0,False,False,29.244,29.244,False,True,,,True,88.75582377803272
1532,1.0,77.72,1.0,,,0,0,0,1,1,0,0,False,1.0,1.0,False,False,77.72,77.72,False,False,1.0,1.0,False,True,30.519275288092192,30.519275288092192,True,True,,,True,93.44828070361802
1533,0.0,77.5,0.0,31.984,,0,0,0,0,1,0,0,False,0.0,0.0,False,False,77.5,77.5,False,False,0.0,0.0,False,False,31.984,31.984,False,True,,,True,91.26064956343932
1534,0.9,77.34,2.0,32.224,,0,0,0,0,1,0,0,False,0.9,0.9,False,False,77.34,77.34,False,False,2.0,2.0,False,False,32.224,32.224,False,True,,,True,97.0114596253267
1535,1.6,78.6,,34.674,,0,0,1,0,1,0,0,False,1.6,1.6,False,False,78.6,78.6,False,True,1.0,1.0,True,False,34.674,34.674,False,True,,,True,98.80962502456607
1536,0.0,76.12,2.0,28.364,,0,0,0,0,1,0,0,False,0.0,0.0,False,False,76.12,76.12,False,False,2.0,2.0,False,False,28.364,28.364,False,True,,,True,91.37066351806425
1537,0.4,77.49,1.0,31.381,,0,0,0,0,1,0,0,False,0.4,0.4,False,False,77.49,77.49,False,False,1.0,1.0,False,False,31.381,31.381,False,True,,,True,93.38932340073666
1538,0.0,75.72,1.0,34.609,,0,0,0,0,1,0,0,False,0.0,0.0,False,False,75.72,75.72,False,False,1.0,1.0,False,False,34.609,34.609,False,True,,,True,95.15189043838548
1539,0.2,76.13,0.0,28.696,,0,0,0,0,1,0,0,False,0.2,0.2,False,False,76.13,76.13,False,False,0.0,0.0,False,False,28.696,28.696,False,True,,,True,87.56735570529877
1540,1.1,75.5,0.0,33.986,,0,0,0,0,1,0,0,False,1.1,1.1,False,False,75.5,75.5,False,False,0.0,0.0,False,False,33.986,33.986,False,True,,,True,93.67850343406444
1541,0.0,74.31,0.0,32.653,,0,0,0,0,1,0,0,False,0.0,0.0,False,False,74.31,74.31,False,False,0.0,0.0,False,False,32.653,32.653,False,True,,,True,90.29158549148899
1542,0.0,71.57,2.0,30.599,,0,0,0,0,1,0,0,False,0.0,0.0,False,False,71.57,71.57,False,False,2.0,2.0,False,False,30.599,30.599,False,True,,,True,91.2573493101936
1543,0.4,71.54,1.0,31.703,,0,0,0,0,1,0,0,False,0.4,0.4,False,False,71.54,71.54,False,False,1.0,1.0,False,False,31.703,31.703,False,True,,,True,90.66459526580263
1544,1.4,,3.0,26.51,,0,1,0,0,1,0,0,False,1.4,1.4,False,True,69.74167910447761,69.74167910447761,True,False,3.0,3.0,False,False,26.51,26.51,False,True,,,True,90.32726078452279
1545,,67.97,0.0,28.779,,1,0,0,0,1,0,0,True,0.55,0.55,True,False,67.97,67.97,False,False,0.0,0.0,False,False,28.779,28.779,False,True,,,True,83.93907933380156
1546,5.2,71.73,1.0,35.882,,0,0,0,0,1,0,0,False,5.2,5.2,False,False,71.73,71.73,False,False,1.0,1.0,False,False,35.882,35.882,False,True,,,True,101.26219180789818
1547,0.7,70.33,2.0,31.169,,0,0,0,0,1,0,0,False,0.7,0.7,False,False,70.33,70.33,False,False,2.0,2.0,False,False,31.169,31.169,False,True,,,True,92.11526110799656
1548,0.0,69.65,2.0,28.503,,0,0,0,0,1,0,0,False,0.0,0.0,False,False,69.65,69.65,False,False,2.0,2.0,False,False,28.503,28.503,False,True,,,True,88.19862689690571
1549,0.0,68.45,2.0,28.92,,0,0,0,0,1,0,0,False,0.0,0.0,False,False,68.45,68.45,False,False,2.0,2.0,False,False,28.92,28.92,False,True,,,True,87.99789227695979
1550,6.3,70.13,2.0,33.358,,0,0,0,0,1,0,0,False,6.3,6.3,False,False,70.13,70.13,False,False,2.0,2.0,False,False,33.358,33.358,False,True,,,True,101.60185991691033
1551,1.3,69.76,2.0,29.945,,0,0,0,0,1,0,0,False,1.3,1.3,False,False,69.76,69.76,False,False,2.0,2.0,False,False,29.945,29.945,False,True,,,True,91.40606422647838
1552,0.9,67.65,0.0,26.949,,0,0,0,0,1,0,0,False,0.9,0.9,False,False,67.65,67.65,False,False,0.0,0.0,False,False,26.949,26.949,False,True,,,True,82.42613627577991
1553,0.5,66.3,2.0,30.517,,0,0,0,0,1,0,0,False,0.5,0.5,False,False,66.3,66.3,False,False,2.0,2.0,False,False,30.517,30.517,False,True,,,True,89.14274836217072
1554,0.7,66.32,1.0,23.897,,0,0,0,0,1,0,0,False,0.7,0.7,False,False,66.32,66.32,False,False,1.0,1.0,False,False,23.897,23.897,False,True,,,True,80.65827170585018
1555,0.0,,3.0,26.22,,0,1,0,0,1,0,0,False,0.0,0.0,False,True,64.80499999999999,64.80499999999999,True,False,3.0,3.0,False,False,26.22,26.22,False,True,,,True,85.65952350856911
1556,0.3,63.29,1.0,23.292,,0,0,0,0,1,0,0,False,0.3,0.3,False,False,63.29,63.29,False,False,1.0,1.0,False,False,23.292,23.292,False,True,,,True,77.97886708268426
1557,0.4,64.4,4.0,32.788,,0,0,0,0,1,0,0,False,0.4,0.4,False,False,64.4,64.4,False,False,4.0,4.0,False,False,32.788,32.788,False,True,,,True,94.69055993256575
1558,0.0,60.89,3.0,24.568,,0,0,0,0,1,0,0,False,0.0,0.0,False,False,60.89,60.89,False,False,3.0,3.0,False,False,24.568,24.568,False,True,,,True,82.02013139123689
1559,0.0,60.13,2.0,29.06,,0,0,0,0,1,0,0,False,0.0,0.0,False,False,60.13,60.13,False,False,2.0,2.0,False,False,29.06,29.06,False,True,,,True,83.88047381843649
1560,0.3,62.0,0.0,25.363,,0,0,0,0,1,0,0,False,0.3,0.3,False,False,62.0,62.0,False,False,0.0,0.0,False,False,25.363,25.363,False,True,,,True,77.16956262654111
1561,0.0,61.68,2.0,24.356,,0,0,0,0,1,0,0,False,0.0,0.0,False,False,61.68,61.68,False,False,2.0,2.0,False,False,24.356,24.356,False,True,,,True,80.01305151785942
1562,0.1,59.79,1.0,24.197,,0,0,0,0,1,0,0,False,0.1,0.1,False,False,59.79,59.79,False,False,1.0,1.0,False,False,24.197,24.197,False,True,,,True,76.82002241791851
1563,0.0,59.57,4.0,,,0,0,0,1,1,0,0,False,0.0,0.0,False,False,59.57,59.57,False,False,4.0,4.0,False,True,24.592399197807172,24.592399197807172,True,True,,,True,83.57022916177863
1564,8.2,62.97,0.0,25.659,,0,0,0,0,1,1,0,False,8.2,8.2,False,False,62.97,62.97,False,False,0.0,0.0,False,False,25.659,25.659,False,True,,,True,88.42684746591627
1565,3.7,62.33,3.0,29.716,,0,0,0,0,1,0,0,False,3.7,3.7,False,False,62.33,62.33,False,False,3.0,3.0,False,False,29.716,29.716,False,True,,,True,92.75962736301533
1566,0.5,,0.0,27.373,,0,1,0,0,1,0,0,False,0.5,0.5,False,True,63.644999999999996,63.644999999999996,True,False,0.0,0.0,False,False,27.373,27.373,False,True,,,True,80.26741471557514
1567,7.7,64.96,1.0,26.317,,0,0,0,0,1,0,0,False,7.7,7.7,False,False,64.96,64.96,False,False,1.0,1.0,False,False,26.317,26.317,False,True,,,True,91.6353826845929
1568,0.2,64.19,1.0,29.649,,0,0,0,0,1,0,0,False,0.2,0.2,False,False,64.19,64.19,False,False,1.0,1.0,False,False,29.649,29.649,False,True,,,True,84.60474332956872
1569,0.5,59.82,4.0,24.189,,0,0,0,0,1,0,0,False,0.5,0.5,False,False,59.82,59.82,False,False,4.0,4.0,False,False,24.189,24.189,False,True,,,True,83.96098389854521
1570,0.0,60.28,1.0,24.165,,0,0,0,0,1,0,0,False,0.0,0.0,False,False,60.28,60.28,False,False,1.0,1.0,False,False,24.165,24.165,False,True,,,True,76.90647620247968
1571,0.0,59.03,1.0,25.933,,0,0,0,0,1,0,0,False,0.0,0.0,False,False,59.03,59.03,False,False,1.0,1.0,False,False,25.933,25.933,False,True,,,True,78.0186215407238
1572,0.5,60.87,1.0,25.515,,0,0,0,0,1,0,0,False,0.5,0.5,False,False,60.87,60.87,False,False,1.0,1.0,False,False,25.515,25.515,False,True,,,True,79.2082798694718
1573,0.7,59.15,2.0,27.84,,0,0,0,0,1,0,0,False,0.7,0.7,False,False,59.15,59.15,False,False,2.0,2.0,False,False,27.84,27.84,False,True,,,True,83.09800731711226
1574,3.3,58.91,2.0,20.134,,0,0,0,0,1,0,0,False,3.3,3.3,False,False,58.91,58.91,False,False,2.0,2.0,False,False,20.134,20.134,False,True,,,True,78.78588309449303
1575,0.0,59.28,1.0,25.843,,0,0,0,0,1,0,0,False,0.0,0.0,False,False,59.28,59.28,False,False,1.0,1.0,False,False,25.843,25.843,False,True,,,True,78.05734526506771
1576,0.0,58.22,2.0,26.638,,0,0,0,0,1,0,0,False,0.0,0.0,False,False,58.22,58.22,False,False,2.0,2.0,False,False,26.638,26.638,False,True,,,True,80.5038934491965
1577,0.0,57.32,1.0,24.336,,0,0,0,0,1,0,0,False,0.0,0.0,False,False,57.32,57.32,False,False,1.0,1.0,False,False,24.336,24.336,False,True,,,True,75.56169258805102
1578,0.1,56.94,2.0,23.067,,0,0,0,0,1,0,0,False,0.1,0.1,False,False,56.94,56.94,False,False,2.0,2.0,False,False,23.067,23.067,False,True,,,True,76.44376251516033
1579,0.3,57.16,3.0,25.454,,0,0,0,0,1,0,0,False,0.3,0.3,False,False,57.16,57.16,False,False,3.0,3.0,False,False,25.454,25.454,False,True,,,True,81.38732666701475
1580,12.3,62.93,1.0,30.12,,0,0,0,0,1,0,0,False,12.3,12.3,False,False,62.93,62.93,False,False,1.0,1.0,False,False,30.12,30.12,False,True,,,True,100.45981459811875
1581,0.0,60.59,2.0,23.691,,0,0,0,0,1,0,0,False,0.0,0.0,False,False,60.59,60.59,False,False,2.0,2.0,False,False,23.691,23.691,False,True,,,True,78.79663276313008
1582,0.2,,1.0,26.651,,0,1,0,0,1,0,0,False,0.2,0.2,False,True,60.37761569904393,60.37761569904393,True,False,1.0,1.0,False,False,26.651,26.651,False,True,,,True,79.68434053965231
1583,0.0,60.21,2.0,26.495,,0,0,0,0,1,0,0,False,0.0,0.0,False,False,60.21,60.21,False,False,2.0,2.0,False,False,26.495,26.495,False,True,,,True,81.38021096769259
1584,0.0,59.66,0.0,24.821,,0,0,0,0,1,0,0,False,0.0,0.0,False,False,59.66,59.66,False,False,0.0,0.0,False,False,24.821,24.821,False,True,,,True,75.0380486445696
1585,0.1,60.14,1.0,25.515,,0,0,0,0,1,0,0,False,0.1,0.1,False,False,60.14,60.14,False,False,1.0,1.0,False,False,25.515,25.515,False,True,,,True,78.30482983396317
1586,0.6,59.73,1.0,21.594,,0,0,0,0,1,0,0,False,0.6,0.6,False,False,59.73,59.73,False,False,1.0,1.0,False,False,21.594,21.594,False,True,,,True,74.87301564564704
1587,0.0,58.39,0.0,23.721,,0,0,0,0,1,0,0,False,0.0,0.0,False,False,58.39,58.39,False,False,0.0,0.0,False,False,23.721,23.721,False,True,,,True,73.29858884838106
1588,7.9,63.09,1.0,29.937,,0,0,0,0,1,1,0,False,7.9,7.9,False,False,63.09,63.09,False,False,1.0,1.0,False,False,29.937,29.937,False,True,,,True,94.53018001405842
1589,0.2,59.01,1.0,27.243,,0,0,0,0,1,0,0,False,0.2,0.2,False,False,59.01,59.01,False,False,1.0,1.0,False,False,27.243,27.243,False,True,,,True,79.57123698710186
1590,1.3,59.29,1.0,22.311,,0,0,0,0,1,0,0,False,1.3,1.3,False,False,59.29,59.29,False,False,1.0,1.0,False,False,22.311,22.311,False,True,,,True,76.28580491111086
1591,0.0,60.07,1.0,26.235,,0,0,0,0,1,0,0,False,0.0,0.0,False,False,60.07,60.07,False,False,1.0,1.0,False,False,26.235,26.235,False,True,,,True,78.84983267596667
1592,1.4,60.69,0.0,,,0,0,0,1,1,0,0,False,1.4,1.4,False,False,60.69,60.69,False,False,0.0,0.0,False,True,30.445049001350156,30.445049001350156,True,True,,,True,82.99184234398817
1593,16.2,67.26,0.0,32.844,,0,0,0,0,1,0,0,False,16.2,16.2,False,False,67.26,67.26,False,False,0.0,0.0,False,False,32.844,32.844,False,True,,,True,108.34003545526757
1594,0.7,66.02,3.0,25.325,,0,0,0,0,1,0,0,False,0.7,0.7,False,False,66.02,66.02,False,False,3.0,3.0,False,False,25.325,25.325,False,True,,,True,86.32189802030106
1595,9.6,72.74,3.0,33.195,,0,0,0,0,1,0,0,False,9.6,9.6,False,False,72.74,72.74,False,False,3.0,3.0,False,False,33.195,33.195,False,True,,,True,109.34933696707587
1596,0.0,68.9,1.0,30.567,,0,0,0,0,1,0,0,False,0.0,0.0,False,False,68.9,68.9,False,False,1.0,1.0,False,False,30.567,30.567,False,True,,,True,87.65862590241457
1597,0.2,69.67,4.0,26.698,,0,0,0,0,1,0,0,False,0.2,0.2,False,False,69.67,69.67,False,False,4.0,4.0,False,False,26.698,26.698,False,True,,,True,91.08797286107057
1598,0.4,69.22,3.0,27.508,,0,0,0,0,1,0,0,False,0.4,0.4,False,False,69.22,69.22,False,False,3.0,3.0,False,False,27.508,27.508,False,True,,,True,89.72408783401832
1599,10.3,72.69,0.0,33.187,,0,0,0,0,1,0,0,False,10.3,10.3,False,False,72.69,72.69,False,False,0.0,0.0,False,False,33.187,33.187,False,True,,,True,103.63983846135562
1600,0.0,71.86,2.0,,,0,0,0,1,1,0,0,False,0.0,0.0,False,False,71.86,71.86,False,False,2.0,2.0,False,True,31.179999999999996,31.179999999999996,True,True,,,True,91.98130571826186
1601,0.0,71.33,1.0,29.173,,0,0,0,0,1,0,0,False,0.0,0.0,False,False,71.33,71.33,False,False,1.0,1.0,False,False,29.173,29.173,False,True,,,True,87.5206406487026
1602,0.0,69.81,1.0,31.976,,0,0,0,0,1,0,0,False,0.0,0.0,False,False,69.81,69.81,False,False,1.0,1.0,False,False,31.976,31.976,False,True,,,True,89.52005802296631
1603,0.0,70.61,1.0,28.839,,0,0,0,0,1,0,0,False,0.0,0.0,False,False,70.61,70.61,False,False,1.0,1.0,False,False,28.839,28.839,False,True,,,True,86.8214234689879
1604,0.0,70.74,1.0,29.516,,0,0,0,0,1,0,0,False,0.0,0.0,False,False,70.74,70.74,False,False,1.0,1.0,False,False,29.516,29.516,False,True,,,True,87.55864019579974
1605,8.0,74.0,0.0,31.179,,0,0,0,0,1,0,0,False,8.0,8.0,False,False,74.0,74.0,False,False,0.0,0.0,False,False,31.179,31.179,False,True,,,True,99.2730192844566
1606,5.6,74.73,1.0,27.697,,0,0,0,0,1,0,0,False,5.6,5.6,False,False,74.73,74.73,False,False,1.0,1.0,False,False,27.697,27.697,False,True,,,True,95.2178543953356
1607,0.0,75.04,0.0,28.873,,0,0,0,0,1,0,0,False,0.0,0.0,False,False,75.04,75.04,False,False,0.0,0.0,False,False,28.873,28.873,False,True,,,True,86.9201117256141
1608,0.0,74.66,2.0,27.715,,0,0,0,0,1,0,0,False,0.0,0.0,False,False,74.66,74.66,False,False,2.0,2.0,False,False,27.715,27.715,False,True,,,True,89.9808217119222
1609,,72.88,1.0,29.387,,1,0,0,0,1,0,0,True,0.05,0.05,True,False,72.88,72.88,False,False,1.0,1.0,False,False,29.387,29.387,False,True,,,True,88.59181271860828
1610,0.6,73.76,2.0,33.918,,0,0,0,0,1,0,0,False,0.6,0.6,False,False,73.76,73.76,False,False,2.0,2.0,False,False,33.918,33.918,False,True,,,True,96.4608616934857
1611,0.0,73.8,1.0,29.209,,0,0,0,0,1,0,0,False,0.0,0.0,False,False,73.8,73.8,False,False,1.0,1.0,False,False,29.209,29.209,False,True,,,True,88.8198416793314
1612,0.1,72.59,1.0,29.808,,0,0,0,0,1,0,0,False,0.1,0.1,False,False,72.59,72.59,False,False,1.0,1.0,False,False,29.808,29.808,False,True,,,True,88.926806016973
1613,0.3,,3.0,28.764,,0,1,0,0,1,0,0,False,0.3,0.3,False,True,71.28524743167931,71.28524743167931,True,False,3.0,3.0,False,False,28.764,28.764,False,True,,,True,91.8924062190688
1614,0.0,70.03,0.0,27.866,,0,0,0,0,1,0,0,False,0.0,0.0,False,False,70.03,70.03,False,False,0.0,0.0,False,False,27.866,27.866,False,True,,,True,83.35958132020707
1615,0.7,68.98,1.0,29.172,,0,0,0,0,1,0,0,False,0.7,0.7,False,False,68.98,68.98,False,False,1.0,1.0,False,False,29.172,29.172,False,True,,,True,87.2450299605395
1616,0.0,71.38,,26.948,,0,0,1,0,1,0,0,False,0.0,0.0,False,False,71.38,71.38,False,True,1.0,1.0,True,False,26.948,26.948,False,True,,,True,85.34187472616642
1617,0.0,69.52,,34.361,,0,0,1,0,1,0,0,False,0.0,0.0,False,False,69.52,69.52,False,True,0.0,0.0,True,False,34.361,34.361,False,True,,,True,89.53339118727575
1618,0.0,65.82,1.0,26.488,,0,0,0,0,1,0,0,False,0.0,0.0,False,False,65.82,65.82,False,False,1.0,1.0,False,False,26.488,26.488,False,True,,,True,82.04191208321747
1619,0.4,69.1,0.0,30.609,,0,0,0,0,1,0,0,False,0.4,0.4,False,False,69.1,69.1,False,False,0.0,0.0,False,False,30.609,30.609,False,True,,,True,86.13138837516625
1620,0.0,68.24,,29.251,,0,0,1,0,1,0,0,False,0.0,0.0,False,False,68.24,68.24,False,True,0.0,0.0,True,False,29.251,29.251,False,True,,,True,83.81604387632436
1621,,70.85,1.0,32.242,,1,0,0,0,1,0,0,True,0.2,0.2,True,False,70.85,70.85,False,False,1.0,1.0,False,False,32.242,32.242,False,True,,,True,90.58061164547911
1622,0.0,69.9,,28.358,,0,0,1,0,1,0,0,False,0.0,0.0,False,False,69.9,69.9,False,True,0.0,0.0,True,False,28.358,28.358,False,True,,,True,83.78051183861336
1623,0.5,69.71,0.0,27.223,,0,0,0,0,1,0,0,False,0.5,0.5,False,False,69.71,69.71,False,False,0.0,0.0,False,False,27.223,27.223,False,True,,,True,83.22137460214155
1624,0.6,69.44,0.0,27.403,,0,0,0,0,1,0,0,False,0.6,0.6,False,False,69.44,69.44,False,False,0.0,0.0,False,False,27.403,27.403,False,True,,,True,83.39408841708476
1625,3.5,68.34,1.0,30.16,,0,0,0,0,1,0,0,False,3.5,3.5,False,False,68.34,68.34,False,False,1.0,1.0,False,False,30.16,30.16,False,True,,,True,91.60657961392414
1626,15.8,75.48,1.0,35.906,,0,0,0,0,1,0,0,False,15.8,15.8,False,False,75.48,75.48,False,False,1.0,1.0,False,False,35.906,35.906,False,True,,,True,117.24973008759062
1627,0.5,74.56,1.0,,,0,0,0,1,1,0,0,False,0.5,0.5,False,False,74.56,74.56,False,False,1.0,1.0,False,True,35.07747406381286,35.07747406381286,True,True,,,True,95.68513479367783
1628,0.2,70.68,2.0,32.919,,0,0,0,0,1,0,0,False,0.2,0.2,False,False,70.68,70.68,False,False,2.0,2.0,False,False,32.919,32.919,False,True,,,True,93.36553724843657
1629,0.0,72.89,2.0,25.83,,0,0,0,0,1,0,0,False,0.0,0.0,False,False,72.89,72.89,False,False,2.0,2.0,False,False,25.83,25.83,False,True,,,True,87.20787332792226
1630,0.5,73.6,1.0,30.638,,0,0,0,0,1,0,0,False,0.5,0.5,False,False,73.6,73.6,False,False,1.0,1.0,False,False,30.638,30.638,False,True,,,True,90.79578526861337
1631,0.3,73.48,1.0,29.989,,0,0,0,0,1,0,0,False,0.3,0.3,False,False,73.48,73.48,False,False,1.0,1.0,False,False,29.989,29.989,False,True,,,True,89.82641585219741
1632,1.0,71.3,1.0,30.088,,0,0,0,0,1,0,0,False,1.0,1.0,False,False,71.3,71.3,False,False,1.0,1.0,False,False,30.088,30.088,False,True,,,True,89.73684074905108
1633,0.0,70.54,3.0,28.99,,0,0,0,0,1,0,0,False,0.0,0.0,False,False,70.54,70.54,False,False,3.0,3.0,False,False,28.99,28.99,False,True,,,True,91.33756231621715
1634,0.0,71.09,1.0,28.097,,0,0,0,0,1,0,0,False,0.0,0.0,False,False,71.09,71.09,False,False,1.0,1.0,False,False,28.097,28.097,False,True,,,True,86.33185735507622
1635,0.4,69.77,1.0,32.316,,0,0,0,0,1,0,0,False,0.4,0.4,False,False,69.77,69.77,False,False,1.0,1.0,False,False,32.316,32.316,False,True,,,True,90.36645596525423
1636,0.3,69.93,0.0,34.374,,0,0,0,0,1,0,0,False,0.3,0.3,False,False,69.93,69.93,False,False,0.0,0.0,False,False,34.374,34.374,False,True,,,True,90.15351952398647
1637,,68.67,,,,1,0,1,1,1,0,0,True,0.15,0.15,True,False,68.67,68.67,False,True,1.0,1.0,True,True,30.8235,30.8235,True,True,,,True,87.99384368408421
1638,0.0,68.27,1.0,27.273,,0,0,0,0,1,0,0,False,0.0,0.0,False,False,68.27,68.27,False,False,1.0,1.0,False,False,27.273,27.273,False,True,,,True,84.07292849776599
1639,0.5,69.54,4.0,27.871,,0,0,0,0,1,0,0,False,0.5,0.5,False,False,69.54,69.54,False,False,4.0,4.0,False,False,27.871,27.871,False,True,,,True,92.58109352204586
1640,0.0,68.84,1.0,24.511,,0,0,0,0,1,0,0,False,0.0,0.0,False,False,68.84,68.84,False,False,1.0,1.0,False,False,24.511,24.511,False,True,,,True,81.62815539288542
1641,0.0,65.74,0.0,28.283,,0,0,0,0,1,0,0,False,0.0,0.0,False,False,65.74,65.74,False,False,0.0,0.0,False,False,28.283,28.283,False,True,,,True,81.57814875943157
1642,0.0,65.05,1.0,28.659,,0,0,0,0,1,0,0,False,0.0,0.0,False,False,65.05,65.05,False,False,1.0,1.0,False,False,28.659,28.659,False,True,,,True,83.79886136381573
1643,0.0,65.0,1.0,27.1,,0,0,0,0,1,0,0,False,0.0,0.0,False,False,65.0,65.0,False,False,1.0,1.0,False,False,27.1,27.1,False,True,,,True,82.22875716153979
1644,14.3,72.72,2.0,35.022,,0,0,0,0,1,0,0,False,14.3,14.3,False,False,72.72,72.72,False,False,2.0,2.0,False,False,35.022,35.022,False,True,,,True,115.17566408720492
1645,0.0,72.11,1.0,30.034,,0,0,0,0,1,0,0,False,0.0,0.0,False,False,72.11,72.11,False,False,1.0,1.0,False,False,30.034,30.034,False,True,,,True,88.7726584330611
1646,0.0,69.56,2.0,30.77,,0,0,0,0,1,0,0,False,0.0,0.0,False,False,69.56,69.56,False,False,2.0,2.0,False,False,30.77,30.77,False,True,,,True,90.398540790842
1647,12.5,75.95,2.0,33.369,,0,0,0,0,1,0,0,False,12.5,12.5,False,False,75.95,75.95,False,False,2.0,2.0,False,False,33.369,33.369,False,True,,,True,112.80525108509192
1648,0.0,74.7,0.0,29.869,,0,0,0,0,1,0,0,False,0.0,0.0,False,False,74.7,74.7,False,False,0.0,0.0,False,False,29.869,29.869,False,True,,,True,87.73293713836999
1649,0.0,75.46,0.0,31.356,,0,0,0,0,1,0,0,False,0.0,0.0,False,False,75.46,75.46,False,False,0.0,0.0,False,False,31.356,31.356,False,True,,,True,89.59491221326769
1650,0.1,73.45,2.0,31.163,,0,0,0,0,1,0,0,False,0.1,0.1,False,False,73.45,73.45,False,False,2.0,2.0,False,False,31.163,31.163,False,True,,,True,92.91033652144269
1651,0.1,71.24,1.0,30.459,,0,0,0,0,1,0,0,False,0.1,0.1,False,False,71.24,71.24,False,False,1.0,1.0,False,False,30.459,30.459,False,True,,,True,88.88116607956296
1652,0.0,71.09,2.0,31.878,,0,0,0,0,1,0,0,False,0.0,0.0,False,False,71.09,71.09,False,False,2.0,2.0,False,False,31.878,31.878,False,True,,,True,92.27893002691293
1653,0.4,69.64,0.0,29.779,,0,0,0,0,1,0,0,False,0.4,0.4,False,False,69.64,69.64,False,False,0.0,0.0,False,False,29.779,29.779,False,True,,,True,85.58533239899576
1654,0.0,69.8,1.0,,,0,0,0,1,1,0,0,False,0.0,0.0,False,False,69.8,69.8,False,False,1.0,1.0,False,True,31.149,31.149,True,True,,,True,88.69562019300182
1655,7.4,73.06,2.0,32.519,,0,0,0,0,1,0,0,False,7.4,7.4,False,False,73.06,73.06,False,False,2.0,2.0,False,False,32.519,32.519,False,True,,,True,103.72704401239145
1656,0.0,72.11,1.0,31.246,,0,0,0,0,1,0,0,False,0.0,0.0,False,False,72.11,72.11,False,False,1.0,1.0,False,False,31.246,31.246,False,True,,,True,89.97340647515207
1657,0.3,72.09,5.0,27.679,,0,0,0,0,1,0,0,False,0.3,0.3,False,False,72.09,72.09,False,False,5.0,5.0,False,False,27.679,27.679,False,True,,,True,95.63150190110586
1658,5.1,72.22,0.0,32.565,,0,0,0,0,1,0,0,False,5.1,5.1,False,False,72.22,72.22,False,False,0.0,0.0,False,False,32.565,32.565,False,True,,,True,95.8929681589701
1659,2.8,71.7,0.0,30.154,,0,0,0,0,1,0,0,False,2.8,2.8,False,False,71.7,71.7,False,False,0.0,0.0,False,False,30.154,30.154,False,True,,,True,90.19074885197585
1660,0.0,71.55,0.0,31.217,,0,0,0,0,1,0,0,False,0.0,0.0,False,False,71.55,71.55,False,False,0.0,0.0,False,False,31.217,31.217,False,True,,,True,87.45703147979481
1661,0.0,70.25,0.0,33.526,,0,0,0,0,1,0,0,False,0.0,0.0,False,False,70.25,70.25,False,False,0.0,0.0,False,False,33.526,33.526,False,True,,,True,89.07957664908895
1662,0.0,69.82,2.0,29.744,,0,0,0,0,1,0,0,False,0.0,0.0,False,False,69.82,69.82,False,False,2.0,2.0,False,False,29.744,29.744,False,True,,,True,89.51506967336293
1663,0.7,,1.0,28.67,,0,1,0,0,1,0,0,False,0.7,0.7,False,True,71.98499999999999,71.98499999999999,True,False,1.0,1.0,False,False,28.67,28.67,False,True,,,True,88.28490638359243
1664,6.1,74.15,1.0,30.985,,0,0,0,0,1,0,0,False,6.1,6.1,False,False,74.15,74.15,False,False,1.0,1.0,False,False,30.985,30.985,False,True,,,True,98.84114937418342
1665,2.9,72.38,2.0,29.251,,0,0,0,0,1,0,0,False,2.9,2.9,False,False,72.38,72.38,False,False,2.0,2.0,False,False,29.251,29.251,False,True,,,True,94.17884150181098
1666,8.3,77.97,0.0,31.716,,0,0,0,0,1,0,0,False,8.3,8.3,False,False,77.97,77.97,False,False,0.0,0.0,False,False,31.716,31.716,False,True,,,True,102.23341063800227
1667,0.5,76.92,3.0,31.37,,0,0,0,0,1,0,0,False,0.5,0.5,False,False,76.92,76.92,False,False,3.0,3.0,False,False,31.37,31.37,False,True,,,True,97.62169399205708
1668,,77.1,0.0,31.327,,1,0,0,0,1,0,0,True,1.7,1.7,True,False,77.1,77.1,False,False,0.0,0.0,False,False,31.327,31.327,False,True,,,True,92.65769822414252
1669,0.2,75.05,2.0,33.253,,0,0,0,0,1,0,0,False,0.2,0.2,False,False,75.05,75.05,False,False,2.0,2.0,False,False,33.253,33.253,False,True,,,True,95.9319218987105
1670,9.1,78.34,0.0,35.432,,0,0,0,0,1,0,0,False,9.1,9.1,False,False,78.34,78.34,False,False,0.0,0.0,False,False,35.432,35.432,False,True,,,True,107.16421965429069
1671,0.4,79.64,2.0,30.785,,0,0,0,0,1,0,0,False,0.4,0.4,False,False,79.64,79.64,False,False,2.0,2.0,False,False,30.785,30.785,False,True,,,True,96.09986961046738
1672,0.1,78.38,0.0,34.192,,0,0,0,0,1,0,0,False,0.1,0.1,False,False,78.38,78.38,False,False,0.0,0.0,False,False,34.192,34.192,False,True,,,True,94.03082148626066
1673,0.0,77.0,1.0,29.6,,0,0,0,0,1,0,0,False,0.0,0.0,False,False,77.0,77.0,False,False,1.0,1.0,False,False,29.6,29.6,False,True,,,True,90.84418045732477
1674,0.4,77.46,3.0,33.882,,0,0,0,0,1,0,0,False,0.4,0.4,False,False,77.46,77.46,False,False,3.0,3.0,False,False,33.882,33.882,False,True,,,True,100.2541074421447
1675,14.7,84.74,2.0,38.579,,0,0,0,0,1,1,0,False,14.7,14.7,False,False,84.74,84.74,False,False,2.0,2.0,False,False,38.579,38.579,False,True,,,True,125.37852200912727
1676,0.9,83.43,0.0,33.313,,0,0,0,0,1,0,0,False,0.9,0.9,False,False,83.43,83.43,False,False,0.0,0.0,False,False,33.313,33.313,False,True,,,True,96.80335631855968
1677,0.0,81.59,1.0,33.122,,0,0,0,0,1,0,0,False,0.0,0.0,False,False,81.59,81.59,False,False,1.0,1.0,False,False,33.122,33.122,False,True,,,True,96.68150997439399
1678,0.0,81.71,3.0,33.564,,0,0,0,0,1,0,0,False,0.0,0.0,False,False,81.71,81.71,False,False,3.0,3.0,False,False,33.564,33.564,False,True,,,True,101.58314225668524
1679,0.0,80.08,1.0,32.194,,0,0,0,0,1,0,0,False,0.0,0.0,False,False,80.08,80.08,False,False,1.0,1.0,False,False,32.194,32.194,False,True,,,True,94.98968071009848
1680,0.0,80.15,3.0,33.584,,0,0,0,0,1,0,0,False,0.0,0.0,False,False,80.15,80.15,False,False,3.0,3.0,False,False,33.584,33.584,False,True,,,True,100.80493431942246
1681,0.0,77.73,0.0,32.761,,0,0,0,0,1,0,0,False,0.0,0.0,False,False,77.73,77.73,False,False,0.0,0.0,False,False,32.761,32.761,False,True,,,True,92.14809318405173
1682,0.0,78.5,1.0,37.287,,0,0,0,0,1,0,0,False,0.0,0.0,False,False,78.5,78.5,False,False,1.0,1.0,False,False,37.287,37.287,False,True,,,True,99.22714503299423
1683,0.1,76.26,3.0,33.649,,0,0,0,0,1,0,0,False,0.1,0.1,False,False,76.26,76.26,False,False,3.0,3.0,False,False,33.649,33.649,False,True,,,True,99.0118948820265
1684,0.0,77.79,1.0,34.971,,0,0,0,0,1,0,0,False,0.0,0.0,False,False,77.79,77.79,False,False,1.0,1.0,False,False,34.971,34.971,False,True,,,True,96.56944385961896
1685,0.8,74.94,2.0,32.143,,0,0,0,0,1,0,0,False,0.8,0.8,False,False,74.94,74.94,False,False,2.0,2.0,False,False,32.143,32.143,False,True,,,True,95.57098092127934
1686,5.7,76.46,2.0,35.93,,0,0,0,0,1,0,0,False,5.7,5.7,False,False,76.46,76.46,False,False,2.0,2.0,False,False,35.93,35.93,False,True,,,True,106.59308597894446
1687,0.7,74.69,0.0,33.479,,0,0,0,0,1,0,0,False,0.7,0.7,False,False,74.69,74.69,False,False,0.0,0.0,False,False,33.479,33.479,False,True,,,True,92.23183606340574
1688,2.4,76.35,2.0,,,0,0,0,1,1,0,0,False,2.4,2.4,False,False,76.35,76.35,False,False,2.0,2.0,False,True,32.71111114213076,32.71111114213076,True,True,,,True,98.97517335402169
1689,0.5,76.52,,32.363,,0,0,1,0,1,0,0,False,0.5,0.5,False,False,76.52,76.52,False,True,2.0,2.0,True,False,32.363,32.363,False,True,,,True,96.1996793966507
1690,0.1,73.51,2.0,32.277,,0,0,0,0,1,0,0,False,0.1,0.1,False,False,73.51,73.51,False,False,2.0,2.0,False,False,32.277,32.277,False,True,,,True,94.04468753921141
1691,0.2,73.19,,32.881,,0,0,1,0,1,0,0,False,0.2,0.2,False,False,73.19,73.19,False,True,2.0,2.0,True,False,32.881,32.881,False,True,,,True,94.61188738906218
1692,1.3,72.26,2.0,29.67,,0,0,0,0,1,0,0,False,1.3,1.3,False,False,72.26,72.26,False,False,2.0,2.0,False,False,29.67,29.67,False,True,,,True,92.41249909888347
1693,0.0,74.93,1.0,30.952,,0,0,0,0,1,0,0,False,0.0,0.0,False,False,74.93,74.93,False,False,1.0,1.0,False,False,30.952,30.952,False,True,,,True,91.12471461376782
1694,3.0,73.17,3.0,31.101,,0,0,0,0,1,0,0,False,3.0,3.0,False,False,73.17,73.17,False,False,3.0,3.0,False,False,31.101,31.101,False,True,,,True,98.74947197255479
1695,0.0,73.46,1.0,32.156,,0,0,0,0,1,0,0,False,0.0,0.0,False,False,73.46,73.46,False,False,1.0,1.0,False,False,32.156,32.156,False,True,,,True,91.56555441066774
1696,0.3,72.3,1.0,26.166,,0,0,0,0,1,0,0,False,0.3,0.3,False,False,72.3,72.3,False,False,1.0,1.0,False,False,26.166,26.166,False,True,,,True,85.43527557197893
1697,0.7,71.22,1.0,30.091,,0,0,0,0,1,0,0,False,0.7,0.7,False,False,71.22,71.22,False,False,1.0,1.0,False,False,30.091,30.091,False,True,,,True,89.30137627308973
1698,0.0,71.21,0.0,28.975,,0,0,0,0,1,0,0,False,0.0,0.0,False,False,71.21,71.21,False,False,0.0,0.0,False,False,28.975,28.975,False,True,,,True,85.06191781640332
1699,0.0,72.57,0.0,28.554,,0,0,0,0,1,0,0,False,0.0,0.0,False,False,72.57,72.57,False,False,0.0,0.0,False,False,28.554,28.554,False,True,,,True,85.34053800858946
1700,0.3,71.78,0.0,31.456,,0,0,0,0,1,0,0,False,0.3,0.3,False,False,71.78,71.78,False,False,0.0,0.0,False,False,31.456,31.456,False,True,,,True,88.20898218744082
1701,0.1,72.76,1.0,30.668,,0,0,0,0,1,0,0,False,0.1,0.1,False,False,72.76,72.76,False,False,1.0,1.0,False,False,30.668,30.668,False,True,,,True,89.8657859188125
1702,0.0,70.62,1.0,30.638,,0,0,0,0,1,0,0,False,0.0,0.0,False,False,70.62,70.62,False,False,1.0,1.0,False,False,30.638,30.638,False,True,,,True,88.60883745152042
1703,0.0,69.76,4.0,28.607,,0,0,0,0,1,0,0,False,0.0,0.0,False,False,69.76,69.76,False,False,4.0,4.0,False,False,28.607,28.607,False,True,,,True,92.76028157413552
1704,0.0,68.95,4.0,30.061,,0,0,0,0,1,0,0,False,0.0,0.0,False,False,68.95,68.95,False,False,4.0,4.0,False,False,30.061,30.061,False,True,,,True,93.78642522551752
1705,1.0,68.41,2.0,,,0,0,0,1,1,0,0,False,1.0,1.0,False,False,68.41,68.41,False,False,2.0,2.0,False,True,29.4135,29.4135,True,True,,,True,89.79138996901696
1706,0.7,67.77,1.0,28.766,,0,0,0,0,1,0,0,False,0.7,0.7,False,False,67.77,67.77,False,False,1.0,1.0,False,False,28.766,28.766,False,True,,,True,86.22382037545447
1707,0.0,66.88,1.0,28.836,,0,0,0,0,1,0,0,False,0.0,0.0,False,False,66.88,66.88,False,False,1.0,1.0,False,False,28.836,28.836,False,True,,,True,84.91035963127683
1708,0.9,66.34,2.0,29.065,,0,0,0,0,1,0,0,False,0.9,0.9,False,False,66.34,66.34,False,False,2.0,2.0,False,False,29.065,29.065,False,True,,,True,88.25470708121998
1709,0.0,65.72,,29.142,,0,0,1,0,1,0,0,False,0.0,0.0,False,False,65.72,65.72,False,True,2.0,2.0,True,False,29.142,29.142,False,True,,,True,86.82129231733657
1710,10.9841835292648,73.0989851126037,7.0,28.0397862959286,,0,0,0,0,1,1,0,False,10.9841835292648,10.9841835292648,False,False,73.0989851126037,73.0989851126037,False,False,7.0,7.0,False,False,28.0397862959286,28.0397862959286,False,True,,,True,115.06442221792744
1711,13.8,70.09,3.0,38.445,,0,0,0,0,1,0,0,False,13.8,13.8,False,False,70.09,70.09,False,False,3.0,3.0,False,False,38.445,38.445,False,True,,,True,118.76015599615792
1712,0.0,70.3,3.0,27.922,,0,0,0,0,1,0,0,False,0.0,0.0,False,False,70.3,70.3,False,False,3.0,3.0,False,False,27.922,27.922,False,True,,,True,90.15670475224152
1713,0.0,71.27,2.0,30.039,,0,0,0,0,1,0,0,False,0.0,0.0,False,False,71.27,71.27,False,False,2.0,2.0,False,False,30.039,30.039,False,True,,,True,90.549082415142
1714,3.6,71.84,2.0,33.785,,0,0,0,0,1,0,0,False,3.6,3.6,False,False,71.84,71.84,False,False,2.0,2.0,False,False,33.785,33.785,False,True,,,True,99.32203925373032
1715,3.0,72.5,2.0,,,0,0,0,1,1,0,0,False,3.0,3.0,False,False,72.5,72.5,False,False,2.0,2.0,False,True,35.1414123578142,35.1414123578142,True,True,,,True,100.20845894990488
1716,9.6,77.98,1.0,35.686,,0,0,0,0,1,0,0,False,9.6,9.6,False,False,77.98,77.98,False,False,1.0,1.0,False,False,35.686,35.686,False,True,,,True,110.09539795969448
1717,0.2,76.38,1.0,32.095,,0,0,0,0,1,0,0,False,0.2,0.2,False,False,76.38,76.38,False,False,1.0,1.0,False,False,32.095,32.095,False,True,,,True,93.26386296922642
1718,0.0,75.67,0.0,35.035,,0,0,0,0,1,0,0,False,0.0,0.0,False,False,75.67,75.67,False,False,0.0,0.0,False,False,35.035,35.035,False,True,,,True,93.34718321006213
1719,2.2,76.16,2.0,,,0,0,0,1,1,0,0,False,2.2,2.2,False,False,76.16,76.16,False,False,2.0,2.0,False,True,33.97252761407644,33.97252761407644,True,True,,,True,99.86267580601589
1720,,76.08,1.0,31.691,,1,0,0,0,1,0,0,True,0.5,0.5,True,False,76.08,76.08,False,False,1.0,1.0,False,False,31.691,31.691,False,True,,,True,93.10766020841234
1721,0.0,75.08,0.0,27.842,,0,0,0,0,1,0,0,False,0.0,0.0,False,False,75.08,75.08,False,False,0.0,0.0,False,False,27.842,27.842,False,True,,,True,85.91914542613809
1722,3.0,74.74,3.0,33.559,,0,0,0,0,1,0,0,False,3.0,3.0,False,False,74.74,74.74,False,False,3.0,3.0,False,False,33.559,33.559,False,True,,,True,101.9877901964588
1723,0.8,73.72,3.0,28.424,,0,0,0,0,1,0,0,False,0.8,0.8,False,False,73.72,73.72,False,False,3.0,3.0,False,False,28.424,28.424,False,True,,,True,93.46358771289805
1724,0.0,,0.0,31.122,,0,1,0,0,1,0,0,False,0.0,0.0,False,True,72.21406158357773,72.21406158357773,True,False,0.0,0.0,False,False,31.122,31.122,False,True,,,True,87.70261595726166
1725,0.1,71.26,1.0,34.828,,0,0,0,0,1,0,0,False,0.1,0.1,False,False,71.26,71.26,False,False,1.0,1.0,False,False,34.828,34.828,False,True,,,True,93.21983623972052
1726,0.0,72.17,0.0,,,0,0,0,1,1,0,0,False,0.0,0.0,False,False,72.17,72.17,False,False,0.0,0.0,False,True,33.11722510946968,33.11722510946968,True,True,,,True,89.65677798508068
1727,0.0,69.78,1.0,31.055,,0,0,0,0,1,0,0,False,0.0,0.0,False,False,69.78,69.78,False,False,1.0,1.0,False,False,31.055,31.055,False,True,,,True,88.59226181497212
1728,1.0,69.04,1.0,30.587,,0,0,0,0,1,0,0,False,1.0,1.0,False,False,69.04,69.04,False,False,1.0,1.0,False,False,30.587,30.587,False,True,,,True,89.07509896246586
1729,0.0,68.75,,26.527,,0,0,1,0,1,0,0,False,0.0,0.0,False,False,68.75,68.75,False,True,1.0,1.0,True,False,26.527,26.527,False,True,,,True,83.57939951902894
1730,0.0,69.69,1.0,26.213,,0,0,0,0,1,0,0,False,0.0,0.0,False,False,69.69,69.69,False,False,1.0,1.0,False,False,26.213,26.213,False,True,,,True,83.74917419799684
1731,0.1,67.06,2.0,27.05,,0,0,0,0,1,0,0,False,0.1,0.1,False,False,67.06,67.06,False,False,2.0,2.0,False,False,27.05,27.05,False,True,,,True,85.56669880943505
1732,0.1,67.43,1.0,26.534,,0,0,0,0,1,0,0,False,0.1,0.1,False,False,67.43,67.43,False,False,1.0,1.0,False,False,26.534,26.534,False,True,,,True,83.04358906203127
1733,0.0,67.97,1.0,25.512,,0,0,0,0,1,0,0,False,0.0,0.0,False,False,67.97,67.97,False,False,1.0,1.0,False,False,25.512,25.512,False,True,,,True,82.1748114388932
1734,0.2,65.66,1.0,27.546,,0,0,0,0,1,0,0,False,0.2,0.2,False,False,65.66,65.66,False,False,1.0,1.0,False,False,27.546,27.546,False,True,,,True,83.27324966316401
1735,0.0,66.04,2.0,28.86,,0,0,0,0,1,0,0,False,0.0,0.0,False,False,66.04,66.04,False,False,2.0,2.0,False,False,28.86,28.86,False,True,,,True,86.70560722127831
1736,0.0,66.1,1.0,26.107,,0,0,0,0,1,0,0,False,0.0,0.0,False,False,66.1,66.1,False,False,1.0,1.0,False,False,26.107,26.107,False,True,,,True,81.80768397346458
1737,0.9,65.73,,29.639,,0,0,1,0,1,0,0,False,0.9,0.9,False,False,65.73,65.73,False,True,1.0,1.0,True,False,29.639,29.639,False,True,,,True,86.31015632170615
1738,0.3,63.91,2.0,26.332,,0,0,0,0,1,0,0,False,0.3,0.3,False,False,63.91,63.91,False,False,2.0,2.0,False,False,26.332,26.332,False,True,,,True,83.50898173924804
1739,1.3,62.25,0.0,25.04,,0,0,0,0,1,0,0,False,1.3,1.3,False,False,62.25,62.25,False,False,0.0,0.0,False,False,25.04,25.04,False,True,,,True,78.30249082829843
1740,0.6,60.75,,25.858,,0,0,1,0,1,0,0,False,0.6,0.6,False,False,60.75,60.75,False,True,1.0,1.0,True,False,25.858,25.858,False,True,,,True,79.61921333579836
1741,0.0,61.19,1.0,28.847,,0,0,0,0,1,0,0,False,0.0,0.0,False,False,61.19,61.19,False,False,1.0,1.0,False,False,28.847,28.847,False,True,,,True,82.0105224664009
1742,0.0,,0.0,23.436,,0,1,0,0,1,0,0,False,0.0,0.0,False,True,61.45808839789924,61.45808839789924,True,False,0.0,0.0,False,False,23.436,23.436,False,True,,,True,74.58572373049242
1743,9.2,61.92,3.0,31.064,,0,0,0,0,1,0,0,False,9.2,9.2,False,False,61.92,61.92,False,False,3.0,3.0,False,False,31.064,31.064,False,True,,,True,101.17310363339456
1744,2.52678249430542,73.7796621658991,2.0,,,0,0,0,1,1,0,0,False,2.52678249430542,2.52678249430542,False,False,73.7796621658991,61.62,False,False,2.0,2.0,False,True,28.89729096400705,28.89729096400705,True,True,,,True,87.82958020596715
1745,0.0,62.21,0.0,25.742,,0,0,0,0,1,0,0,False,0.0,0.0,False,False,62.21,62.21,False,False,0.0,0.0,False,False,25.742,25.742,False,True,,,True,77.25495773634714
1746,0.3,62.74,0.0,24.102,,0,0,0,0,1,0,0,False,0.3,0.3,False,False,62.74,62.74,False,False,0.0,0.0,False,False,24.102,24.102,False,True,,,True,76.29881851176762
1747,0.6,61.62,1.0,28.77,,0,0,0,0,1,0,0,False,0.6,0.6,False,False,61.62,61.62,False,False,1.0,1.0,False,False,28.77,28.77,False,True,,,True,82.94922980522128
1748,0.6,61.02,1.0,26.356,,0,0,0,0,1,0,0,False,0.6,0.6,False,False,61.02,61.02,False,False,1.0,1.0,False,False,26.356,26.356,False,True,,,True,80.25070924410674
1749,0.5,60.68,0.0,23.976,,0,0,0,0,1,0,0,False,0.5,0.5,False,False,60.68,60.68,False,False,0.0,0.0,False,False,23.976,23.976,False,True,,,True,75.38519791324674
1750,1.0,59.25,0.0,26.629,,0,0,0,0,1,0,0,False,1.0,1.0,False,False,59.25,59.25,False,False,0.0,0.0,False,False,26.629,26.629,False,True,,,True,77.94456827915397
1751,0.6,58.67,2.0,21.559,,0,0,0,0,1,0,0,False,0.6,0.6,False,False,58.67,58.67,False,False,2.0,2.0,False,False,21.559,21.559,False,True,,,True,76.49726937850892
1752,0.0,57.49,1.0,21.538,,0,0,0,0,1,0,0,False,0.0,0.0,False,False,57.49,57.49,False,False,1.0,1.0,False,False,21.538,21.538,False,True,,,True,72.87663260707797
1753,0.7,57.74,2.0,25.319,,0,0,0,0,1,0,0,False,0.7,0.7,False,False,57.74,57.74,False,False,2.0,2.0,False,False,25.319,25.319,False,True,,,True,79.87912240927407
1754,12.5,60.5,2.0,31.482,,0,0,0,0,1,0,0,False,12.5,12.5,False,False,60.5,60.5,False,False,2.0,2.0,False,False,31.482,31.482,False,True,,,True,103.03227989956966
1755,0.0,60.76,0.0,,,0,0,0,1,1,0,0,False,0.0,0.0,False,False,60.76,60.76,False,False,0.0,0.0,False,True,29.278721914775872,29.278721914775872,True,True,,,True,80.0170939937465
1756,0.2,58.06,1.0,25.399,,0,0,0,0,1,0,0,False,0.2,0.2,False,False,58.06,58.06,False,False,1.0,1.0,False,False,25.399,25.399,False,True,,,True,77.25838120752334
1757,0.0,58.6,1.0,21.747,,0,0,0,0,1,0,0,False,0.0,0.0,False,False,58.6,58.6,False,False,1.0,1.0,False,False,21.747,21.747,False,True,,,True,73.6515158263469
1758,0.2,57.9,3.0,24.288,,0,0,0,0,1,0,0,False,0.2,0.2,False,False,57.9,57.9,False,False,3.0,3.0,False,False,24.288,24.288,False,True,,,True,80.47819645649491
1759,0.0,,1.0,25.902,,0,1,0,0,1,0,0,False,0.0,0.0,False,True,56.307332167832165,56.307332167832165,True,False,1.0,1.0,False,False,25.902,25.902,False,True,,,True,76.59512117137865
1760,0.2,55.12,,23.262,,0,0,1,0,1,0,0,False,0.2,0.2,False,False,55.12,55.12,False,True,2.0,2.0,True,False,23.262,23.262,False,True,,,True,75.83843033912562
1761,0.4,55.07,2.0,23.055,,0,0,0,0,1,0,0,False,0.4,0.4,False,False,55.07,55.07,False,False,2.0,2.0,False,False,23.055,23.055,False,True,,,True,75.87278271852746
1762,0.7,55.37,0.0,23.463,,0,0,0,0,1,0,0,False,0.7,0.7,False,False,55.37,55.37,False,False,0.0,0.0,False,False,23.463,23.463,False,True,,,True,72.42562376497487
1763,0.6,54.81,2.0,21.646,,0,0,0,0,1,0,0,False,0.6,0.6,False,False,54.81,54.81,False,False,2.0,2.0,False,False,21.646,21.646,False,True,,,True,74.60886814425315
1764,0.6,54.26,1.0,24.696,,0,0,0,0,1,0,0,False,0.6,0.6,False,False,54.26,54.26,False,False,1.0,1.0,False,False,24.696,24.696,False,True,,,True,75.14802387555088
1765,0.0,55.11,5.0,21.417,,0,0,0,0,1,0,0,False,0.0,0.0,False,False,55.11,55.11,False,False,5.0,5.0,False,False,21.417,21.417,False,True,,,True,80.34395922733368
1766,0.5,52.03,0.0,24.97,,0,0,0,0,1,0,0,False,0.5,0.5,False,False,52.03,52.03,False,False,0.0,0.0,False,False,24.97,24.97,False,True,,,True,71.94503869349484
1767,0.2,52.42,1.0,19.393,,0,0,0,0,1,0,0,False,0.2,0.2,False,False,52.42,52.42,False,False,1.0,1.0,False,False,19.393,19.393,False,True,,,True,68.42298226564833
1768,0.0,51.14,2.0,17.3,,0,0,0,0,1,0,0,False,0.0,0.0,False,False,51.14,51.14,False,False,2.0,2.0,False,False,17.3,17.3,False,True,,,True,67.63079217418715
1769,0.1,51.43,2.0,,,0,0,0,1,1,0,0,False,0.1,0.1,False,False,51.43,51.43,False,False,2.0,2.0,False,True,20.136499999999998,20.136499999999998,True,True,,,True,70.72181312101733
1770,0.0,,0.0,22.973,,0,1,0,0,1,0,0,False,0.0,0.0,False,True,50.14,50.14,True,False,0.0,0.0,False,False,22.973,22.973,False,True,,,True,68.33722308983897
1771,0.0,48.85,1.0,22.169,,0,0,0,0,1,0,0,False,0.0,0.0,False,False,48.85,48.85,False,False,1.0,1.0,False,False,22.169,22.169,False,True,,,True,69.0819589317392
1772,0.6,,3.0,23.681,,0,1,0,0,1,0,0,False,0.6,0.6,False,True,49.475,49.475,True,False,3.0,3.0,False,False,23.681,23.681,False,True,,,True,76.09701649640385
1773,0.2,50.1,1.0,22.386,,0,0,0,0,1,0,0,False,0.2,0.2,False,False,50.1,50.1,False,False,1.0,1.0,False,False,22.386,22.386,False,True,,,True,70.20139353378967
1774,0.6,49.32,0.0,18.747,,0,0,0,0,1,0,0,False,0.6,0.6,False,False,49.32,49.32,False,False,0.0,0.0,False,False,18.747,18.747,False,True,,,True,64.52600797395598
1775,0.0,48.63,3.0,19.121,,0,0,0,0,1,0,0,False,0.0,0.0,False,False,48.63,48.63,False,False,3.0,3.0,False,False,19.121,19.121,False,True,,,True,70.35206372511954
1776,0.0,49.23,1.0,19.599,,0,0,0,0,1,0,0,False,0.0,0.0,False,False,49.23,49.23,False,False,1.0,1.0,False,False,19.599,19.599,False,True,,,True,66.73020831946155
1777,0.0,49.0,0.0,18.711,,0,0,0,0,1,0,0,False,0.0,0.0,False,False,49.0,49.0,False,False,0.0,0.0,False,False,18.711,18.711,False,True,,,True,63.531620504301145
1778,0.0,50.11,1.0,20.024,,0,0,0,0,1,0,0,False,0.0,0.0,False,False,50.11,50.11,False,False,1.0,1.0,False,False,20.024,20.024,False,True,,,True,67.60142911101934
1779,0.0,49.25,2.0,18.736,,0,0,0,0,1,0,0,False,0.0,0.0,False,False,49.25,49.25,False,False,2.0,2.0,False,False,18.736,18.736,False,True,,,True,68.08662598366206
1780,,49.32,1.0,20.879,,1,0,0,0,1,0,0,True,0.0,0.0,True,False,49.32,49.32,False,False,1.0,1.0,False,False,20.879,20.879,False,True,,,True,68.04436480943346
1781,0.3,48.71,1.0,18.747,,0,0,0,0,1,0,0,False,0.3,0.3,False,False,48.71,48.71,False,False,1.0,1.0,False,False,18.747,18.747,False,True,,,True,66.01762309723938
1782,0.0,,2.0,20.967,,0,1,0,0,1,0,0,False,0.0,0.0,False,True,48.257282608695654,48.257282608695654,True,False,2.0,2.0,False,False,20.967,20.967,False,True,,,True,69.78908654673111
1783,0.0,48.03,0.0,21.444,,0,0,0,0,1,0,0,False,0.0,0.0,False,False,48.03,48.03,False,False,0.0,0.0,False,False,21.444,21.444,False,True,,,True,65.74304174653369
1784,0.3,48.85,1.0,21.472,,0,0,0,0,1,0,0,False,0.3,0.3,False,False,48.85,48.85,False,False,1.0,1.0,False,False,21.472,21.472,False,True,,,True,68.78894214196383
1785,0.0,47.13,1.0,20.585,,0,0,0,0,1,0,0,False,0.0,0.0,False,False,47.13,47.13,False,False,1.0,1.0,False,False,20.585,20.585,False,True,,,True,66.6327937624323
1786,0.0,47.26,1.0,16.538,,0,0,0,0,1,0,0,False,0.0,0.0,False,False,47.26,47.26,False,False,1.0,1.0,False,False,16.538,16.538,False,True,,,True,62.689867130467064
1787,0.8,46.04,0.0,,,0,0,0,1,1,0,0,False,0.8,0.8,False,False,46.04,46.04,False,False,0.0,0.0,False,True,18.6615,18.6615,True,True,,,True,63.02841704916683
1788,4.8,49.55,3.0,20.785,,0,0,0,0,1,0,0,False,4.8,4.8,False,False,49.55,49.55,False,False,3.0,3.0,False,False,20.785,20.785,False,True,,,True,78.8314425023675
1789,0.0,49.4,2.0,17.037,,0,0,0,0,1,0,0,False,0.0,0.0,False,False,49.4,49.4,False,False,2.0,2.0,False,False,17.037,17.037,False,True,,,True,66.48013205882972
1790,0.0,47.09,2.0,20.695,,0,0,0,0,1,0,0,False,0.0,0.0,False,False,47.09,47.09,False,False,2.0,2.0,False,False,20.695,20.695,False,True,,,True,68.92248513150754
1791,13.4,53.62,0.0,24.775,,0,0,0,0,1,0,0,False,13.4,13.4,False,False,53.62,53.62,False,False,0.0,0.0,False,False,24.775,24.775,False,True,,,True,89.65825133664337
1792,0.0,53.85,1.0,23.402,,0,0,0,0,1,0,0,False,0.0,0.0,False,False,53.85,53.85,False,False,1.0,1.0,False,False,23.402,23.402,False,True,,,True,72.86127567246373
1793,12.5,58.81,1.0,29.014,,0,0,0,0,1,0,0,False,12.5,12.5,False,False,58.81,58.81,False,False,1.0,1.0,False,False,29.014,29.014,False,True,,,True,97.52149349015934
1794,1.1,56.95,,24.917,,0,0,1,0,1,0,0,False,1.1,1.1,False,False,56.95,56.95,False,True,1.0,1.0,True,False,24.917,24.917,False,True,,,True,77.40556968206482
1795,0.1,56.67,2.0,24.406,,0,0,0,0,1,0,0,False,0.1,0.1,False,False,56.67,56.67,False,False,2.0,2.0,False,False,24.406,24.406,False,True,,,True,77.632212277909
1796,1.7,55.6,2.0,24.742,,0,0,0,0,1,0,0,False,1.7,1.7,False,False,55.6,55.6,False,False,2.0,2.0,False,False,24.742,24.742,False,True,,,True,79.53779766595204
1797,0.3,55.55,1.0,21.316,,0,0,0,0,1,0,0,False,0.3,0.3,False,False,55.55,55.55,False,False,1.0,1.0,False,False,21.316,21.316,False,True,,,True,72.0617937158963
1798,14.7,61.19,1.0,30.478,,0,0,0,0,1,0,0,False,14.7,14.7,False,False,61.19,61.19,False,False,1.0,1.0,False,False,30.478,30.478,False,True,,,True,103.10448849528274
1799,1.3,62.37,1.0,26.161,,0,0,0,0,1,0,0,False,1.3,1.3,False,False,62.37,62.37,False,False,1.0,1.0,False,False,26.161,26.161,False,True,,,True,81.67564471905479
1800,0.1,60.66,0.0,,,0,0,0,1,1,0,0,False,0.1,0.1,False,False,60.66,60.66,False,False,0.0,0.0,False,True,25.362584912043303,25.362584912043303,True,True,,,True,76.21866246105247
1801,0.3,59.06,3.0,25.087,,0,0,0,0,1,0,0,False,0.3,0.3,False,False,59.06,59.06,False,False,3.0,3.0,False,False,25.087,25.087,False,True,,,True,81.99568400943998
1802,0.0,58.62,0.0,25.41,,0,0,0,0,1,0,0,False,0.0,0.0,False,False,58.62,58.62,False,False,0.0,0.0,False,False,25.41,25.41,False,True,,,True,75.08956564918076
1803,1.8,59.16,,25.014,,0,0,1,0,1,0,0,False,1.8,1.8,False,False,59.16,59.16,False,True,0.0,0.0,True,False,25.014,25.014,False,True,,,True,77.35855494284985
1804,0.0,59.58,3.0,23.633,,0,0,0,0,1,0,0,False,0.0,0.0,False,False,59.58,59.58,False,False,3.0,3.0,False,False,23.633,23.633,False,True,,,True,80.42367765982898
1805,0.0,58.81,1.0,24.562,,0,0,0,0,1,0,0,False,0.0,0.0,False,False,58.81,58.81,False,False,1.0,1.0,False,False,24.562,24.562,False,True,,,True,76.54780802085864
1806,0.1,58.11,0.0,26.475,,0,0,0,0,1,0,0,False,0.1,0.1,False,False,58.11,58.11,False,False,0.0,0.0,False,False,26.475,26.475,False,True,,,True,76.01629065114149
1807,0.0,57.83,1.0,22.992,,0,0,0,0,1,0,0,False,0.0,0.0,False,False,57.83,57.83,False,False,1.0,1.0,False,False,22.992,22.992,False,True,,,True,74.49106189986904
1808,5.3,57.45,1.0,25.38,,0,0,0,0,1,0,0,False,5.3,5.3,False,False,57.45,57.45,False,False,1.0,1.0,False,False,25.38,25.38,False,True,,,True,83.68522133609919
1809,0.1,58.02,0.0,26.063,,0,0,0,0,1,0,0,False,0.1,0.1,False,False,58.02,58.02,False,False,0.0,0.0,False,False,26.063,26.063,False,True,,,True,75.56207582827766
1810,0.6,56.72,2.0,,,0,0,0,1,1,0,0,False,0.6,0.6,False,False,56.72,56.72,False,False,2.0,2.0,False,True,23.7815,23.7815,True,True,,,True,77.7016083203751
1811,0.0,56.94,1.0,21.5,,0,0,0,0,1,0,0,False,0.0,0.0,False,False,56.94,56.94,False,False,1.0,1.0,False,False,21.5,21.5,False,True,,,True,72.5576313888238
1812,0.4,55.22,2.0,22.804,,0,0,0,0,1,0,0,False,0.4,0.4,False,False,55.22,55.22,False,False,2.0,2.0,False,False,22.804,22.804,False,True,,,True,75.7008458604837
1813,0.0,54.1,1.0,21.46,,0,0,0,0,1,0,0,False,0.0,0.0,False,False,54.1,54.1,False,False,1.0,1.0,False,False,21.46,21.46,False,True,,,True,71.0651929826554
1814,0.1,53.74,1.0,21.968,,0,0,0,0,1,0,0,False,0.1,0.1,False,False,53.74,53.74,False,False,1.0,1.0,False,False,21.968,21.968,False,True,,,True,71.51682196743059
1815,0.5,53.94,2.0,25.017,,0,0,0,0,1,0,0,False,0.5,0.5,False,False,53.94,53.94,False,False,2.0,2.0,False,False,25.017,25.017,False,True,,,True,77.37101746395105
1816,0.0,52.6,1.0,22.265,,0,0,0,0,1,0,0,False,0.0,0.0,False,False,52.6,52.6,False,False,1.0,1.0,False,False,22.265,22.265,False,True,,,True,71.0953904312736
1817,0.0,53.22,1.0,24.542,,0,0,0,0,1,0,0,False,0.0,0.0,False,False,53.22,53.22,False,False,1.0,1.0,False,False,24.542,24.542,False,True,,,True,73.66841392675198
1818,0.0,51.59,0.0,22.456,,0,0,0,0,1,0,0,False,0.0,0.0,False,False,51.59,51.59,False,False,0.0,0.0,False,False,22.456,22.456,False,True,,,True,68.56677427206535
1819,2.3,54.87,1.0,20.303,,0,0,0,0,1,0,0,False,2.3,2.3,False,False,54.87,54.87,False,False,1.0,1.0,False,False,20.303,20.303,False,True,,,True,73.36042504832321
1820,0.0,51.74,,18.967,,0,0,1,0,1,0,0,False,0.0,0.0,False,False,51.74,51.74,False,True,1.0,1.0,True,False,18.967,18.967,False,True,,,True,67.38807303351783
1821,0.9,50.05,0.0,19.587,,0,0,0,0,1,0,0,False,0.9,0.9,False,False,50.05,50.05,False,False,0.0,0.0,False,False,19.587,19.587,False,True,,,True,66.12915548744581
1822,0.2,51.66,2.0,23.864,,0,0,0,0,1,0,0,False,0.2,0.2,False,False,51.66,51.66,False,False,2.0,2.0,False,False,23.864,23.864,False,True,,,True,74.66486904380193
1823,0.2,47.83,4.0,22.148,,0,0,0,0,1,0,0,False,0.2,0.2,False,False,47.83,47.83,False,False,4.0,4.0,False,False,22.148,22.148,False,True,,,True,75.40790246274193
1824,0.0,51.36,1.0,21.399,,0,0,0,0,1,0,0,False,0.0,0.0,False,False,51.36,51.36,False,False,1.0,1.0,False,False,21.399,21.399,False,True,,,True,69.60310480931975
1825,0.2,50.86,2.0,17.719,,0,0,0,0,1,0,0,False,0.2,0.2,False,False,50.86,50.86,False,False,2.0,2.0,False,False,17.719,17.719,False,True,,,True,68.16767577047956
1826,,49.76,2.0,22.402,,1,0,0,0,1,0,0,True,0.0,0.0,True,False,49.76,49.76,False,False,2.0,2.0,False,False,22.402,22.402,False,True,,,True,71.97948348927201
1827,0.0,47.86,5.0,17.198,,0,0,0,0,1,0,0,False,0.0,0.0,False,False,47.86,47.86,False,False,5.0,5.0,False,False,17.198,17.198,False,True,,,True,72.45537024822576
1828,0.0,48.97,4.0,21.68,,0,0,0,0,1,0,0,False,0.0,0.0,False,False,48.97,48.97,False,False,4.0,4.0,False,False,21.68,21.68,False,True,,,True,75.26240912156621
1829,0.0,49.06,1.0,20.796,,0,0,0,0,1,0,0,False,0.0,0.0,False,False,49.06,49.06,False,False,1.0,1.0,False,False,20.796,20.796,False,True,,,True,67.82913165407516
1830,0.5,47.31,1.0,20.182,,0,0,0,0,1,0,0,False,0.5,0.5,False,False,47.31,47.31,False,False,1.0,1.0,False,False,20.182,20.182,False,True,,,True,66.98813529971977
1831,0.0,45.29,3.0,17.436,,0,0,0,0,1,0,0,False,0.0,0.0,False,False,45.29,45.29,False,False,3.0,3.0,False,False,17.436,17.436,False,True,,,True,66.97412079368243
1832,0.0,45.19,1.0,18.268,,0,0,0,0,1,0,0,False,0.0,0.0,False,False,45.19,45.19,False,False,1.0,1.0,False,False,18.268,18.268,False,True,,,True,63.3448920129088
1833,,46.58,2.0,19.363,,1,0,0,0,1,0,0,True,0.25,0.25,True,False,46.58,46.58,False,False,2.0,2.0,False,False,19.363,19.363,False,True,,,True,67.67321958988144
1834,0.6,46.82,2.0,18.75,,0,0,0,0,1,0,0,False,0.6,0.6,False,False,46.82,46.82,False,False,2.0,2.0,False,False,18.75,18.75,False,True,,,True,67.65244768471213
1835,0.0,46.82,3.0,19.531,,0,0,0,0,1,0,0,False,0.0,0.0,False,False,46.82,46.82,False,False,3.0,3.0,False,False,19.531,19.531,False,True,,,True,69.83234692541656
1836,0.6,44.89,4.0,,,0,0,0,1,1,0,0,False,0.6,0.6,False,False,44.89,44.89,False,False,4.0,4.0,False,True,17.201,17.201,True,True,,,True,69.53288090026598
1837,0.0,45.62,2.0,14.871,,0,0,0,0,1,0,0,False,0.0,0.0,False,False,45.62,45.62,False,False,2.0,2.0,False,False,14.871,14.871,False,True,,,True,62.400571430209915
1838,,45.66,0.0,17.144,,1,0,0,0,1,0,0,True,0.0,0.0,True,False,45.66,45.66,False,False,0.0,0.0,False,False,17.144,17.144,False,True,,,True,60.27058208521284
1839,0.0,43.59,1.0,21.286,,0,0,0,0,1,0,0,False,0.0,0.0,False,False,43.59,43.59,False,False,1.0,1.0,False,False,21.286,21.286,False,True,,,True,65.51638915300401
1840,0.3,43.78,1.0,16.813,,0,0,0,0,1,0,0,False,0.3,0.3,False,False,43.78,43.78,False,False,1.0,1.0,False,False,16.813,16.813,False,True,,,True,61.579622987082715
1841,0.0,44.58,2.0,20.048,,0,0,0,0,1,0,0,False,0.0,0.0,False,False,44.58,44.58,False,False,2.0,2.0,False,False,20.048,20.048,False,True,,,True,66.99749438953512
1842,0.0,41.36,3.0,19.507,,0,0,0,0,1,0,0,False,0.0,0.0,False,False,41.36,41.36,False,False,3.0,3.0,False,False,19.507,19.507,False,True,,,True,67.01549182160034
1843,0.3,42.56,1.0,18.316,,0,0,0,0,1,0,0,False,0.3,0.3,False,False,42.56,42.56,False,False,1.0,1.0,False,False,18.316,18.316,False,True,,,True,62.444575112595025
1844,1.0,40.59,1.0,21.311,,0,0,0,0,1,0,0,False,1.0,1.0,False,False,40.59,40.59,False,False,1.0,1.0,False,False,21.311,21.311,False,True,,,True,65.33154021667445
1845,0.0,40.78,1.0,15.727,,0,0,0,0,1,0,0,False,0.0,0.0,False,False,40.78,40.78,False,False,1.0,1.0,False,False,15.727,15.727,False,True,,,True,58.57153458596352
1846,0.0,41.7,2.0,,,0,0,0,1,1,0,0,False,0.0,0.0,False,False,41.7,41.7,False,False,2.0,2.0,False,True,21.971,21.971,True,True,,,True,67.42936978715693
1847,8.5,45.11,1.0,28.215,,0,0,0,0,1,0,0,False,8.5,8.5,False,False,45.11,45.11,False,False,1.0,1.0,False,False,28.215,28.215,False,True,,,True,84.42147340357843
1848,5.8,46.52,3.0,18.817,,0,0,0,0,1,0,0,False,5.8,5.8,False,False,46.52,46.52,False,False,3.0,3.0,False,False,18.817,18.817,False,True,,,True,76.65674958484115
1849,6.2,,2.0,20.134,,0,1,0,0,1,0,0,False,6.2,6.2,False,True,48.6992237834133,48.6992237834133,True,False,2.0,2.0,False,False,20.134,20.134,False,True,,,True,77.40515255365526
1850,0.0,50.1,1.0,19.049,,0,0,0,0,1,0,0,False,0.0,0.0,False,False,50.1,50.1,False,False,1.0,1.0,False,False,19.049,19.049,False,True,,,True,66.63036528251568
1851,0.6,48.94,1.0,18.61,,0,0,0,0,1,0,0,False,0.6,0.6,False,False,48.94,48.94,False,False,1.0,1.0,False,False,18.61,18.61,False,True,,,True,66.39706451129943
1852,0.6,50.09,0.0,21.019,,0,0,0,0,1,0,0,False,0.6,0.6,False,False,50.09,50.09,False,False,0.0,0.0,False,False,21.019,21.019,False,True,,,True,67.17081079815166
1853,0.0,,4.0,,,0,1,0,1,1,0,0,False,0.0,0.0,False,True,49.417202216066485,49.417202216066485,True,False,4.0,4.0,False,True,21.622623060648802,21.622623060648802,True,True,,,True,75.4343323731137
1854,0.5,48.71,1.0,21.844,,0,0,0,0,1,0,0,False,0.5,0.5,False,False,48.71,48.71,False,False,1.0,1.0,False,False,21.844,21.844,False,True,,,True,69.3508794589904
1855,0.9,48.67,0.0,16.29,,0,0,0,0,1,0,0,False,0.9,0.9,False,False,48.67,48.67,False,False,0.0,0.0,False,False,16.29,16.29,False,True,,,True,62.15682138543317
1856,0.0,47.69,2.0,18.557,,0,0,0,0,1,0,0,False,0.0,0.0,False,False,47.69,47.69,False,False,2.0,2.0,False,False,18.557,18.557,False,True,,,True,67.11126552133648
1857,0.7,48.3,,21.243,,0,0,1,0,1,0,0,False,0.7,0.7,False,False,48.3,48.3,False,True,1.0,1.0,True,False,21.243,21.243,False,True,,,True,68.81073066969442
1858,0.6,47.61,1.0,14.591,,0,0,0,0,1,0,0,False,0.6,0.6,False,False,47.61,47.61,False,False,1.0,1.0,False,False,14.591,14.591,False,True,,,True,61.73501094488819
1859,0.0,47.4,1.0,19.492,,0,0,0,0,1,0,0,False,0.0,0.0,False,False,47.4,47.4,False,False,1.0,1.0,False,False,19.492,19.492,False,True,,,True,65.68806018644466
1860,0.8,47.93,1.0,21.518,,0,0,0,0,1,0,0,False,0.8,0.8,False,False,47.93,47.93,False,False,1.0,1.0,False,False,21.518,21.518,False,True,,,True,69.02640725107446
1861,16.9,55.79,,,,0,0,1,1,1,0,0,False,16.9,16.9,False,False,55.79,55.79,False,True,1.0,1.0,True,True,21.443660974938034,21.443660974938034,True,True,,,True,94.30672863625047
1862,0.2,54.79,1.0,21.218,,0,0,0,0,1,0,0,False,0.2,0.2,False,False,54.79,54.79,False,False,1.0,1.0,False,False,21.218,21.218,False,True,,,True,71.44341931626357
1863,0.1,52.93,1.0,19.59,,0,0,0,0,1,0,0,False,0.1,0.1,False,False,52.93,52.93,False,False,1.0,1.0,False,False,19.59,19.59,False,True,,,True,68.74654111609587
1864,,52.59,,21.565,,1,0,1,0,1,0,0,True,1.8,1.8,True,False,52.59,52.59,False,True,1.0,1.0,True,False,21.565,21.565,False,True,,,True,72.78184799580056
1865,8.3,56.24,1.0,27.141,,0,0,0,0,1,0,0,False,8.3,8.3,False,False,56.24,56.24,False,False,1.0,1.0,False,False,27.141,27.141,False,True,,,True,88.78601783064121
1866,0.0,56.48,1.0,25.508,,0,0,0,0,1,0,0,False,0.0,0.0,False,False,56.48,56.48,False,False,1.0,1.0,False,False,25.508,25.508,False,True,,,True,76.29310768729373
1867,3.4,56.02,0.0,26.46,,0,0,0,0,1,0,0,False,3.4,3.4,False,False,56.02,56.02,False,False,0.0,0.0,False,False,26.46,26.46,False,True,,,True,79.30492116540029
1868,0.3,55.98,1.0,25.164,,0,0,0,0,1,0,0,False,0.3,0.3,False,False,55.98,55.98,False,False,1.0,1.0,False,False,25.164,25.164,False,True,,,True,76.09403735252837
1869,9.7,59.88,1.0,22.216,,0,0,0,0,1,0,0,False,9.7,9.7,False,False,59.88,59.88,False,False,1.0,1.0,False,False,22.216,22.216,False,True,,,True,87.62385035252004
1870,0.0,59.84,2.0,23.917,,0,0,0,0,1,0,0,False,0.0,0.0,False,False,59.84,59.84,False,False,2.0,2.0,False,False,23.917,23.917,False,True,,,True,78.63687007701915
1871,4.1,60.71,1.0,26.023,,0,0,0,0,1,0,0,False,4.1,4.1,False,False,60.71,60.71,False,False,1.0,1.0,False,False,26.023,26.023,False,True,,,True,84.3998641378009
1872,8.3,,2.0,26.639,,0,1,0,0,1,0,0,False,8.3,8.3,False,True,61.31003805007472,61.31003805007472,True,False,2.0,2.0,False,False,26.639,26.639,False,True,,,True,93.08344480483547
1873,0.0,62.26,,26.865,,0,0,1,0,1,0,0,False,0.0,0.0,False,False,62.26,62.26,False,True,2.0,2.0,True,False,26.865,26.865,False,True,,,True,82.79545906394361
1874,12.6,69.01,3.0,32.201,,0,0,0,0,1,0,0,False,12.6,12.6,False,False,69.01,69.01,False,False,3.0,3.0,False,False,32.201,32.201,False,True,,,True,110.43159742935215
1875,,72.68,,33.113,,1,0,1,0,1,0,0,True,0.65,0.65,True,False,72.68,72.68,False,True,0.0,0.0,True,False,33.113,33.113,False,True,,,True,90.77476087357189
1876,0.2,71.28,0.0,28.293,,0,0,0,0,1,0,0,False,0.2,0.2,False,False,71.28,71.28,False,False,0.0,0.0,False,False,28.293,28.293,False,True,,,True,84.68706632559017
1877,1.1,69.7,0.0,29.905,,0,0,0,0,1,0,0,False,1.1,1.1,False,False,69.7,69.7,False,False,0.0,0.0,False,False,29.905,29.905,False,True,,,True,86.6683847523393
1878,0.0,68.25,0.0,31.541,,0,0,0,0,1,0,0,False,0.0,0.0,False,False,68.25,68.25,False,False,0.0,0.0,False,False,31.541,31.541,False,True,,,True,86.08989951617261
1879,1.0,69.89,0.0,28.47,,0,0,0,0,1,0,0,False,1.0,1.0,False,False,69.89,69.89,False,False,0.0,0.0,False,False,28.47,28.47,False,True,,,True,85.21139787989944
1880,0.4,68.57,1.0,30.237,,0,0,0,0,1,0,0,False,0.4,0.4,False,False,68.57,68.57,False,False,1.0,1.0,False,False,30.237,30.237,False,True,,,True,87.69289369426944
1881,0.0,69.54,4.0,25.789,,0,0,0,0,1,0,0,False,0.0,0.0,False,False,69.54,69.54,False,False,4.0,4.0,False,False,25.789,25.789,False,True,,,True,89.85590170368813
1882,0.0,68.85,0.0,29.355,,0,0,0,0,1,0,0,False,0.0,0.0,False,False,68.85,68.85,False,False,0.0,0.0,False,False,29.355,29.355,False,True,,,True,84.23112552809695
1883,0.5,68.32,2.0,24.145,,0,0,0,0,1,0,0,False,0.5,0.5,False,False,68.32,68.32,False,False,2.0,2.0,False,False,24.145,24.145,False,True,,,True,83.86324121328926
1884,0.1,67.23,0.0,26.767,,0,0,0,0,1,0,0,False,0.1,0.1,False,False,67.23,67.23,False,False,0.0,0.0,False,False,26.767,26.767,False,True,,,True,80.97094069613419
1885,0.2,64.46,1.0,29.385,,0,0,0,0,1,0,0,False,0.2,0.2,False,False,64.46,64.46,False,False,1.0,1.0,False,False,29.385,29.385,False,True,,,True,84.48131348864167
1886,0.2,63.24,0.0,,,0,0,0,1,1,0,0,False,0.2,0.2,False,False,63.24,63.24,False,False,0.0,0.0,False,True,29.63974158892966,29.63974158892966,True,True,,,True,81.90842108095565
1887,0.0,63.06,4.0,29.72,,0,0,0,0,1,0,0,False,0.0,0.0,False,False,63.06,63.06,False,False,4.0,4.0,False,False,29.72,29.72,False,True,,,True,90.43554540967588
1888,0.2,63.22,0.0,23.687,,0,0,0,0,1,0,0,False,0.2,0.2,False,False,63.22,63.22,False,False,0.0,0.0,False,False,23.687,23.687,False,True,,,True,76.00071246198179
1889,,63.43,1.0,23.831,,1,0,0,0,1,0,0,True,0.1,0.1,True,False,63.43,63.43,False,False,1.0,1.0,False,False,23.831,23.831,False,True,,,True,78.3194722296386
1890,0.0,63.63,1.0,32.166,,0,0,0,0,1,0,0,False,0.0,0.0,False,False,63.63,63.63,False,False,1.0,1.0,False,False,32.166,32.166,False,True,,,True,86.54689822051282
1891,0.0,62.93,2.0,28.778,,0,0,0,0,1,0,0,False,0.0,0.0,False,False,62.93,62.93,False,False,2.0,2.0,False,False,28.778,28.778,False,True,,,True,85.03343949689517
1892,5.5,,0.0,29.672,,0,1,0,0,1,0,0,False,5.5,5.5,False,True,63.114999999999995,63.114999999999995,True,False,0.0,0.0,False,False,29.672,29.672,False,True,,,True,88.89915509364394
1893,0.2,63.3,2.0,25.777,,0,0,0,0,1,0,0,False,0.2,0.2,False,False,63.3,63.3,False,False,2.0,2.0,False,False,25.777,25.777,False,True,,,True,82.51458294306435
1894,0.0,62.99,0.0,27.603,,0,0,0,0,1,0,0,False,0.0,0.0,False,False,62.99,62.99,False,False,0.0,0.0,False,False,27.603,27.603,False,True,,,True,79.49769172705133
1895,0.6,,1.0,26.615,,0,1,0,0,1,0,0,False,0.6,0.6,False,True,61.949868421052635,61.949868421052635,True,False,1.0,1.0,False,False,26.615,26.615,False,True,,,True,80.98298147242417
1896,1.9,61.13,1.0,26.0,,0,0,0,0,1,0,0,False,1.9,1.9,False,False,61.13,61.13,False,False,1.0,1.0,False,False,26.0,26.0,False,True,,,True,81.67683883466984
1897,0.0,61.7,2.0,24.841,,0,0,0,0,1,0,0,False,0.0,0.0,False,False,61.7,61.7,False,False,2.0,2.0,False,False,24.841,24.841,False,True,,,True,80.5037799325703
1898,0.1,60.38,2.0,27.664,,0,0,0,0,1,0,0,False,0.1,0.1,False,False,60.38,60.38,False,False,2.0,2.0,False,False,27.664,27.664,False,True,,,True,82.75782631264211
1899,0.0,61.55,1.0,22.805,,0,0,0,0,1,0,1,False,0.0,0.0,False,False,61.55,61.55,False,False,1.0,1.0,False,False,22.805,22.805,False,True,,,True,76.20877413105781
1900,0.2,60.18,3.0,,,0,0,0,1,1,0,0,False,0.2,0.2,False,False,60.18,60.18,False,False,3.0,3.0,False,True,23.458526213592233,23.458526213592233,True,True,,,True,80.82276356174674
1901,,59.88,1.0,24.889,,1,0,0,0,1,0,0,True,0.15000000000000002,0.15000000000000002,True,False,59.88,59.88,False,False,1.0,1.0,False,False,24.889,24.889,False,True,,,True,77.61788984623374
1902,0.2,57.62,2.0,27.449,,0,0,0,0,1,0,0,False,0.2,0.2,False,False,57.62,57.62,False,False,2.0,2.0,False,False,27.449,27.449,False,True,,,True,81.26544092424521
1903,0.0,58.84,1.0,28.354,,0,0,0,0,1,0,0,False,0.0,0.0,False,False,58.84,58.84,False,False,1.0,1.0,False,False,28.354,28.354,False,True,,,True,80.31995045727133
1904,0.2,60.55,1.0,24.715,,0,0,0,0,1,0,0,False,0.2,0.2,False,False,60.55,60.55,False,False,1.0,1.0,False,False,24.715,24.715,False,True,,,True,77.85449762421644
1905,7.6,61.61,0.0,32.183,,0,0,0,0,1,0,0,False,7.6,7.6,False,False,61.61,61.61,False,False,0.0,0.0,False,False,32.183,32.183,False,True,,,True,93.39954346896275
1906,0.4,62.49,3.0,25.707,,0,0,0,0,1,0,0,False,0.4,0.4,False,False,62.49,62.49,False,False,3.0,3.0,False,False,25.707,25.707,False,True,,,True,84.49705806231752
1907,0.0,,0.0,26.597,,0,1,0,0,1,0,0,False,0.0,0.0,False,True,61.53,61.53,True,False,0.0,0.0,False,False,26.597,26.597,False,True,,,True,77.75416423524388
1908,0.0,60.57,5.0,26.606,,0,0,0,0,1,0,0,False,0.0,0.0,False,False,60.57,60.57,False,False,5.0,5.0,False,False,26.606,26.606,False,True,,,True,88.27786353692545
1909,0.0,61.28,1.0,23.483,,0,0,0,0,1,0,0,False,0.0,0.0,False,False,61.28,61.28,False,False,1.0,1.0,False,False,23.483,23.483,False,True,,,True,76.74236048141198
1910,0.0,60.64,0.0,24.732,,0,0,0,0,1,0,0,False,0.0,0.0,False,False,60.64,60.64,False,False,0.0,0.0,False,False,24.732,24.732,False,True,,,True,75.45119657923169
1911,0.5,59.04,0.0,24.663,,0,0,0,0,1,0,0,False,0.5,0.5,False,False,59.04,59.04,False,False,0.0,0.0,False,False,24.663,24.663,False,True,,,True,75.22687346708373
1912,1.9,58.63,1.0,24.924,,0,0,0,0,1,0,0,False,1.9,1.9,False,False,58.63,58.63,False,False,1.0,1.0,False,False,24.924,24.924,False,True,,,True,79.33194636749172
1913,0.6,58.21,2.0,23.953,,0,0,0,0,1,0,0,False,0.6,0.6,False,False,58.21,58.21,False,False,2.0,2.0,False,False,23.953,23.953,False,True,,,True,78.63372971993688
1914,0.0,,,25.516,,0,1,1,0,1,0,0,False,0.0,0.0,False,True,56.85720960415315,56.85720960415315,True,True,0.0,0.0,True,False,25.516,25.516,False,True,,,True,74.29282132471383
1915,0.1,55.8,0.0,25.964,,0,0,0,0,1,0,0,False,0.1,0.1,False,False,55.8,55.8,False,False,0.0,0.0,False,False,25.964,25.964,False,True,,,True,74.3283478595641
1916,0.0,57.02,1.0,23.31,,0,0,0,0,1,0,0,False,0.0,0.0,False,False,57.02,57.02,False,False,1.0,1.0,False,False,23.31,23.31,False,True,,,True,74.39175194084231
1917,15.8,63.74,0.0,30.198,,0,0,0,0,1,0,0,False,15.8,15.8,False,False,63.74,63.74,False,False,0.0,0.0,False,False,30.198,30.198,False,True,,,True,103.38791821643665
1918,0.3,62.42,1.0,26.127,,0,0,0,0,1,0,0,False,0.3,0.3,False,False,62.42,62.42,False,False,1.0,1.0,False,False,26.127,26.127,False,True,,,True,80.34249665113006
1919,5.0,,4.0,29.524,,0,1,0,0,1,0,0,False,5.0,5.0,False,True,63.06302839116719,63.06302839116719,True,False,4.0,4.0,False,False,29.524,29.524,False,True,,,True,96.8681209824661
1920,0.0,64.24,1.0,,,0,0,0,1,1,0,0,False,0.0,0.0,False,False,64.24,64.24,False,False,1.0,1.0,False,True,29.350738162287374,29.350738162287374,True,True,,,True,84.06981985909698
1921,,65.48,2.0,28.807,,1,0,0,0,1,0,0,True,0.15,0.15,True,False,65.48,65.48,False,False,2.0,2.0,False,False,28.807,28.807,False,True,,,True,86.56538593563614
1922,0.0,64.52,2.0,23.751,,0,0,0,0,1,0,0,False,0.0,0.0,False,False,64.52,64.52,False,False,2.0,2.0,False,False,23.751,23.751,False,True,,,True,80.86647797093485
1923,6.3,64.99,0.0,30.077,,0,0,0,0,1,0,0,False,6.3,6.3,False,False,64.99,64.99,False,False,0.0,0.0,False,False,30.077,30.077,False,True,,,True,91.31958961187014
1924,0.0,64.41,0.0,29.022,,0,0,0,0,1,0,0,False,0.0,0.0,False,False,64.41,64.41,False,False,0.0,0.0,False,False,29.022,29.022,False,True,,,True,81.62992290281316
1925,0.0,,0.0,29.109,,0,1,0,0,1,0,0,False,0.0,0.0,False,True,64.21617696160267,64.21617696160267,True,False,0.0,0.0,False,False,29.109,29.109,False,True,,,True,81.61696450801443
1926,0.5,64.14,1.0,24.465,,0,0,0,0,1,0,0,False,0.5,0.5,False,False,64.14,64.14,False,False,1.0,1.0,False,False,24.465,24.465,False,True,,,True,79.84080528533721
1927,0.4,,3.0,24.422,,0,1,0,0,1,0,0,False,0.4,0.4,False,True,65.0,65.0,True,False,3.0,3.0,False,False,24.422,24.422,False,True,,,True,84.50798509363005
1928,6.5,65.86,1.0,29.787,,0,0,0,0,1,0,0,False,6.5,6.5,False,False,65.86,65.86,False,False,1.0,1.0,False,False,29.787,29.787,False,True,,,True,93.94351575491616
1929,0.4,63.92,2.0,23.52,,0,0,0,0,1,0,0,False,0.4,0.4,False,False,63.92,63.92,False,False,2.0,2.0,False,False,23.52,23.52,False,True,,,True,80.86070742966974
1930,1.1,63.4,2.0,25.946,,0,0,0,0,1,0,0,False,1.1,1.1,False,False,63.4,63.4,False,False,2.0,2.0,False,False,25.946,25.946,False,True,,,True,83.92570647324555
1931,0.5,63.14,2.0,26.355,,0,0,0,0,1,0,0,False,0.5,0.5,False,False,63.14,63.14,False,False,2.0,2.0,False,False,26.355,26.355,False,True,,,True,83.40288087931414
1932,0.0,63.09,0.0,29.18,,0,0,0,0,1,0,0,False,0.0,0.0,False,False,63.09,63.09,False,False,0.0,0.0,False,False,29.18,29.18,False,True,,,True,81.1112064576245
1933,0.3,61.42,2.0,26.117,,0,0,0,0,1,0,0,False,0.3,0.3,False,False,61.42,61.42,False,False,2.0,2.0,False,False,26.117,26.117,False,True,,,True,82.02221145305018
1934,0.0,59.65,0.0,24.195,,0,0,0,0,1,0,0,False,0.0,0.0,False,False,59.65,59.65,False,False,0.0,0.0,False,False,24.195,24.195,False,True,,,True,74.4127447720806
1935,0.0,58.62,3.0,20.772,,0,0,0,0,1,0,0,False,0.0,0.0,False,False,58.62,58.62,False,False,3.0,3.0,False,False,20.772,20.772,False,True,,,True,77.09814797108028
1936,0.1,58.83,0.0,,,0,0,0,1,1,0,0,False,0.1,0.1,False,False,58.83,58.83,False,False,0.0,0.0,False,True,26.4465,26.4465,True,True,,,True,76.35637320605588
1937,,62.82,1.0,32.121,,1,0,0,0,1,0,0,True,0.05,0.05,True,False,62.82,62.82,False,False,1.0,1.0,False,False,32.121,32.121,False,True,,,True,86.15421034625722
1938,0.1,63.21,1.0,28.838,,0,0,0,0,1,0,0,False,0.1,0.1,False,False,63.21,63.21,False,False,1.0,1.0,False,False,28.838,28.838,False,True,,,True,83.16744667384631
1939,0.2,60.5,2.0,24.669,,0,0,0,0,1,0,0,False,0.2,0.2,False,False,60.5,60.5,False,False,2.0,2.0,False,False,24.669,24.669,False,True,,,True,79.98452173778514
1940,0.0,60.7,3.0,26.498,,0,0,0,0,1,0,0,False,0.0,0.0,False,False,60.7,60.7,False,False,3.0,3.0,False,False,26.498,26.498,False,True,,,True,83.83501865046867
1941,0.1,58.88,1.0,26.117,,0,0,0,0,1,0,0,False,0.1,0.1,False,False,58.88,58.88,False,False,1.0,1.0,False,False,26.117,26.117,False,True,,,True,78.2566845482916
1942,0.0,60.38,1.0,24.151,,0,0,0,0,1,0,0,False,0.0,0.0,False,False,60.38,60.38,False,False,1.0,1.0,False,False,24.151,24.151,False,True,,,True,76.94376144875685
1943,0.0,59.12,2.0,23.988,,0,0,0,0,1,0,0,False,0.0,0.0,False,False,59.12,59.12,False,False,2.0,2.0,False,False,23.988,23.988,False,True,,,True,78.33889296087445
1944,0.1,58.15,,24.344,,0,0,1,0,1,0,0,False,0.1,0.1,False,False,58.15,58.15,False,True,2.0,2.0,True,False,24.344,24.344,False,True,,,True,78.32788591597246
1945,18.9,66.9,3.0,34.61,,0,0,0,0,1,1,1,False,18.9,18.9,False,False,66.9,66.9,False,False,3.0,3.0,False,False,34.61,34.61,False,True,,,True,120.08661703363563
1946,0.0,66.2,1.0,30.435,,0,0,0,0,1,0,0,False,0.0,0.0,False,False,66.2,66.2,False,False,1.0,1.0,False,False,30.435,30.435,False,True,,,True,86.14665898769476
1947,11.9,69.64,2.0,30.983,,0,0,0,0,1,0,0,False,11.9,11.9,False,False,69.64,69.64,False,False,2.0,2.0,False,False,30.983,30.983,False,True,,,True,106.41847966788093
1948,0.0,68.58,3.0,27.729,,0,0,0,0,1,0,0,False,0.0,0.0,False,False,68.58,68.58,False,False,3.0,3.0,False,False,27.729,27.729,False,True,,,True,89.0856258259615
1949,0.0,68.04,3.0,27.002,,0,0,0,0,1,0,0,False,0.0,0.0,False,False,68.04,68.04,False,False,3.0,3.0,False,False,27.002,27.002,False,True,,,True,88.08913666885175
1950,0.7,67.82,0.0,30.063,,0,0,0,0,1,0,0,False,0.7,0.7,False,False,67.82,67.82,False,False,0.0,0.0,False,False,30.063,30.063,False,True,,,True,85.33318223602421
1951,0.1,66.45,1.0,24.044,,0,0,0,0,1,0,0,False,0.1,0.1,False,False,66.45,66.45,False,False,1.0,1.0,False,False,24.044,24.044,False,True,,,True,80.07538403120363
1952,0.0,66.13,3.0,31.878,,0,0,0,0,1,0,0,False,0.0,0.0,False,False,66.13,66.13,False,False,3.0,3.0,False,False,31.878,31.878,False,True,,,True,91.94280317352265
1953,0.8,63.98,1.0,,,0,0,0,1,1,0,0,False,0.8,0.8,False,False,63.98,63.98,False,False,1.0,1.0,False,True,28.1315,28.1315,True,True,,,True,83.78893022488569
1954,0.2,63.16,1.0,24.385,,0,0,0,0,1,0,0,False,0.2,0.2,False,False,63.16,63.16,False,False,1.0,1.0,False,False,24.385,24.385,False,True,,,True,78.8627139057551
1955,0.5,60.69,1.0,26.637,,0,0,0,0,1,0,0,False,0.5,0.5,False,False,60.69,60.69,False,False,1.0,1.0,False,False,26.637,26.637,False,True,,,True,80.22778396129286
1956,0.0,60.37,1.0,24.906,,0,0,0,0,1,0,0,False,0.0,0.0,False,False,60.37,60.37,False,False,1.0,1.0,False,False,24.906,24.906,False,True,,,True,77.68663665723125
1957,0.0,60.57,1.0,,,0,0,0,1,1,0,0,False,0.0,0.0,False,False,60.57,60.57,False,False,1.0,1.0,False,True,23.582343502077826,23.582343502077826,True,True,,,True,76.47757925943698
1958,0.0,60.42,0.0,22.911,,0,0,0,0,1,0,0,False,0.0,0.0,False,False,60.42,60.42,False,False,0.0,0.0,False,False,22.911,22.911,False,True,,,True,73.53456076651096
1959,9.6,64.22,2.0,26.616,,0,0,0,0,1,0,0,False,9.6,9.6,False,False,64.22,64.22,False,False,2.0,2.0,False,False,26.616,26.616,False,True,,,True,96.2718110761402
1960,10.7,68.47,1.0,30.806,,0,0,0,0,1,0,0,False,10.7,10.7,False,False,68.47,68.47,False,False,1.0,1.0,False,False,30.806,30.806,False,True,,,True,101.85338188348148
1961,0.0,66.99,2.0,25.108,,0,0,0,0,1,0,0,False,0.0,0.0,False,False,66.99,66.99,False,False,2.0,2.0,False,False,25.108,25.108,False,True,,,True,83.4744151101463
1962,0.4,67.09,1.0,25.415,,0,0,0,0,1,0,0,False,0.4,0.4,False,False,67.09,67.09,False,False,1.0,1.0,False,False,25.415,25.415,False,True,,,True,82.1585621044136
1963,0.0,65.5,1.0,23.633,,0,0,0,0,1,0,0,False,0.0,0.0,False,False,65.5,65.5,False,False,1.0,1.0,False,False,23.633,23.633,False,True,,,True,79.04972043996929
1964,14.8,72.69,1.0,35.952,,0,0,0,0,1,0,0,False,14.8,14.8,False,False,72.69,72.69,False,False,1.0,1.0,False,False,35.952,35.952,False,True,,,True,114.54302955825898
1965,0.0,71.12,1.0,29.862,,0,0,0,0,1,0,0,False,0.0,0.0,False,False,71.12,71.12,False,False,1.0,1.0,False,False,29.862,29.862,False,True,,,True,88.09581804122618
1966,0.0,71.25,1.0,27.964,,0,0,0,0,1,0,0,False,0.0,0.0,False,False,71.25,71.25,False,False,1.0,1.0,False,False,27.964,27.964,False,True,,,True,86.28194053669785
1967,0.0,71.44,4.0,26.95,,0,0,0,0,1,0,0,False,0.0,0.0,False,False,71.44,71.44,False,False,4.0,4.0,False,False,26.95,26.95,False,True,,,True,91.97807340940959
1968,0.0,68.77,3.0,32.946,,0,0,0,0,1,0,0,False,0.0,0.0,False,False,68.77,68.77,False,False,3.0,3.0,False,False,32.946,32.946,False,True,,,True,94.35138729348242
1969,1.0,67.02,1.0,28.316,,0,0,0,0,1,0,0,False,1.0,1.0,False,False,67.02,67.02,False,False,1.0,1.0,False,False,28.316,28.316,False,True,,,True,85.79184593990145
1970,0.0,68.02,1.0,27.789,,0,0,0,0,1,0,0,False,0.0,0.0,False,False,68.02,68.02,False,False,1.0,1.0,False,False,27.789,27.789,False,True,,,True,84.45624987732536
1971,17.0,75.83,1.0,37.69,,0,0,0,0,1,0,0,False,17.0,17.0,False,False,75.83,75.83,False,False,1.0,1.0,False,False,37.69,37.69,False,True,,,True,120.78626087998273
1972,0.3,75.0,1.0,31.296,,0,0,0,0,1,0,0,False,0.3,0.3,False,False,75.0,75.0,False,False,1.0,1.0,False,False,31.296,31.296,False,True,,,True,91.89884208601454
1973,0.1,74.08,1.0,32.981,,0,0,0,0,1,0,0,False,0.1,0.1,False,False,74.08,74.08,False,False,1.0,1.0,False,False,32.981,32.981,False,True,,,True,92.8325621098814
1974,0.0,72.7,2.0,,,0,0,0,1,1,0,0,False,0.0,0.0,False,False,72.7,72.7,False,False,2.0,2.0,False,True,30.4915,30.4915,True,True,,,True,91.7289019047873
1975,0.0,72.7,0.0,28.002,,0,0,0,0,1,0,0,False,0.0,0.0,False,False,72.7,72.7,False,False,0.0,0.0,False,False,28.002,28.002,False,True,,,True,84.86016451780245
1976,5.0,73.69,1.0,36.108,,0,0,0,0,1,0,0,False,5.0,5.0,False,False,73.69,73.69,False,False,1.0,1.0,False,False,36.108,36.108,False,True,,,True,102.22372875388763
1977,0.4,72.53,0.0,30.049,,0,0,0,0,1,0,0,False,0.4,0.4,False,False,72.53,72.53,False,False,0.0,0.0,False,False,30.049,30.049,False,True,,,True,87.33121316920668
1978,0.3,72.37,2.0,29.087,,0,0,0,0,1,0,0,False,0.3,0.3,False,False,72.37,72.37,False,False,2.0,2.0,False,False,29.087,29.087,False,True,,,True,90.56614099757455
1979,0.8,71.88,,29.704,,0,0,1,0,1,0,0,False,0.8,0.8,False,False,71.88,71.88,False,True,1.0,1.0,True,False,29.704,29.704,False,True,,,True,89.38809803947878
1980,0.0,70.07,1.0,27.282,,0,0,0,0,1,0,0,False,0.0,0.0,False,False,70.07,70.07,False,False,1.0,1.0,False,False,27.282,27.282,False,True,,,True,85.00263986061121
1981,0.1,71.35,0.0,29.815,,0,0,0,0,1,0,0,False,0.1,0.1,False,False,71.35,71.35,False,False,0.0,0.0,False,False,29.815,29.815,False,True,,,True,86.09824094751532
1982,0.2,70.58,1.0,29.344,,0,0,0,0,1,0,0,False,0.2,0.2,False,False,70.58,70.58,False,False,1.0,1.0,False,False,29.344,29.344,False,True,,,True,87.57139684194107
1983,0.0,69.17,0.0,,,0,0,0,1,1,0,0,False,0.0,0.0,False,False,69.17,69.17,False,False,0.0,0.0,False,True,29.727349999999998,29.727349999999998,True,True,,,True,84.76371558166099
1984,8.1,71.6,1.0,30.246,,0,0,0,0,1,0,0,False,8.1,8.1,False,False,71.6,71.6,False,False,1.0,1.0,False,False,30.246,30.246,False,True,,,True,99.45463333894473
1985,0.0,70.07,1.0,30.451,,0,0,0,0,1,0,0,False,0.0,0.0,False,False,70.07,70.07,False,False,1.0,1.0,False,False,30.451,30.451,False,True,,,True,88.14221951852073
1986,0.6,71.29,2.0,28.254,,0,0,0,0,1,0,0,False,0.6,0.6,False,False,71.29,71.29,False,False,2.0,2.0,False,False,28.254,28.254,False,True,,,True,89.58590985354331
1987,0.0,,1.0,29.111,,0,1,0,0,1,0,0,False,0.0,0.0,False,True,71.15,71.15,True,False,1.0,1.0,False,False,29.111,29.111,False,True,,,True,87.36713675221037
1988,0.0,71.01,0.0,29.724,,0,0,0,0,1,0,0,False,0.0,0.0,False,False,71.01,71.01,False,False,0.0,0.0,False,False,29.724,29.724,False,True,,,True,85.70165370862425
1989,0.1,71.2,1.0,28.942,,0,0,0,0,1,0,0,False,0.1,0.1,False,False,71.2,71.2,False,False,1.0,1.0,False,False,28.942,28.942,False,True,,,True,87.35778748527014
1990,0.1,70.64,1.0,27.058,,0,0,0,0,1,0,0,False,0.1,0.1,False,False,70.64,70.64,False,False,1.0,1.0,False,False,27.058,27.058,False,True,,,True,85.20480862278521
1991,0.0,67.83,1.0,28.352,,0,0,0,0,1,0,0,False,0.0,0.0,False,False,67.83,67.83,False,False,1.0,1.0,False,False,28.352,28.352,False,True,,,True,84.91682808248258
1992,0.1,67.24,0.0,27.246,,0,0,0,0,1,0,0,False,0.1,0.1,False,False,67.24,67.24,False,False,0.0,0.0,False,False,27.246,27.246,False,True,,,True,81.45060928629037
1993,0.0,68.34,1.0,27.413,,0,0,0,0,1,0,0,False,0.0,0.0,False,False,68.34,68.34,False,False,1.0,1.0,False,False,27.413,27.413,False,True,,,True,84.2474374578706
1994,0.0,67.6,4.0,31.742,,0,0,0,0,1,0,0,False,0.0,0.0,False,False,67.6,67.6,False,False,4.0,4.0,False,False,31.742,31.742,False,True,,,True,94.76122298064355
1995,0.0,67.09,2.0,28.135,,0,0,0,0,1,0,0,False,0.0,0.0,False,False,67.09,67.09,False,False,2.0,2.0,False,False,28.135,28.135,False,True,,,True,86.52446833992074
1996,0.3,67.5,0.0,,,0,0,0,1,1,0,0,False,0.3,0.3,False,False,67.5,67.5,False,False,0.0,0.0,False,True,26.706134119565494,26.706134119565494,True,True,,,True,81.31376739022083
1997,0.2,64.93,0.0,26.118,,0,0,0,0,1,0,0,False,0.2,0.2,False,False,64.93,64.93,False,False,0.0,0.0,False,False,26.118,26.118,False,True,,,True,79.28389873074688
1998,0.6,62.96,1.0,30.44,,0,0,0,0,1,0,0,False,0.6,0.6,False,False,62.96,62.96,False,False,1.0,1.0,False,False,30.44,30.44,False,True,,,True,85.28920653024309
1999,0.2,61.69,3.0,24.28,,0,0,0,0,1,0,0,False,0.2,0.2,False,False,61.69,61.69,False,False,3.0,3.0,False,False,24.28,24.28,False,True,,,True,82.40905557983577
2000,0.0,62.45,1.0,24.772,,0,0,0,0,1,0,0,False,0.0,0.0,False,False,62.45,62.45,False,False,1.0,1.0,False,False,24.772,24.772,False,True,,,True,78.61791036743385
2001,0.4,60.79,0.0,23.52,,0,0,0,0,1,0,0,False,0.4,0.4,False,False,60.79,60.79,False,False,0.0,0.0,False,False,23.52,23.52,False,True,,,True,74.85719798828652
2002,0.5,,1.0,25.311,,0,1,0,0,1,0,0,False,0.5,0.5,False,True,62.27464348015699,62.27464348015699,True,False,1.0,1.0,False,False,25.311,25.311,False,True,,,True,79.72472297266008
2003,9.5,64.24,0.0,29.644,,0,0,0,0,1,0,0,False,9.5,9.5,False,False,64.24,64.24,False,False,0.0,0.0,False,False,29.644,29.644,False,True,,,True,94.74707727695173
2004,1.1,64.95,0.0,25.143,,0,0,0,0,1,0,0,False,1.1,1.1,False,False,64.95,64.95,False,False,0.0,0.0,False,False,25.143,25.143,False,True,,,True,79.52071870233581
2005,0.4,66.06,0.0,29.42,,0,0,0,0,1,0,0,False,0.4,0.4,False,False,66.06,66.06,False,False,0.0,0.0,False,False,29.42,29.42,False,True,,,True,83.39830650157464
2006,0.0,62.99,1.0,23.915,,0,0,0,0,1,0,0,False,0.0,0.0,False,False,62.99,62.99,False,False,1.0,1.0,False,False,23.915,23.915,False,True,,,True,78.04510505369203
2007,0.0,62.43,2.0,22.41,,0,0,0,0,1,0,0,False,0.0,0.0,False,False,62.43,62.43,False,False,2.0,2.0,False,False,22.41,22.41,False,True,,,True,78.46878232905574
2008,0.0,60.63,3.0,23.71,,0,0,0,0,1,0,0,False,0.0,0.0,False,False,60.63,60.63,False,False,3.0,3.0,False,False,23.71,23.71,False,True,,,True,81.03709317596066
2009,2.9,62.56,1.0,22.47,,0,0,0,0,1,0,0,False,2.9,2.9,False,False,62.56,62.56,False,False,1.0,1.0,False,False,22.47,22.47,False,True,,,True,80.23617238603538
2010,2.9,64.07,0.0,28.516,,0,0,0,0,1,0,0,False,2.9,2.9,False,False,64.07,64.07,False,False,0.0,0.0,False,False,28.516,28.516,False,True,,,True,84.79731249876454
2011,0.0,,2.0,27.294,,0,1,0,0,1,0,0,False,0.0,0.0,False,True,64.61411483808484,64.61411483808484,True,False,2.0,2.0,False,False,27.294,27.294,False,True,,,True,84.4247301925297
2012,4.2,64.96,3.0,29.352,,0,0,0,0,1,0,0,False,4.2,4.2,False,False,64.96,64.96,False,False,3.0,3.0,False,False,29.352,29.352,False,True,,,True,94.40691102491743
2013,0.0,65.24,2.0,26.546,,0,0,0,0,1,0,0,False,0.0,0.0,False,False,65.24,65.24,False,False,2.0,2.0,False,False,26.546,26.546,False,True,,,True,84.0038477344663
2014,0.5,65.64,1.0,26.214,,0,0,0,0,1,0,0,False,0.5,0.5,False,False,65.64,65.64,False,False,1.0,1.0,False,False,26.214,26.214,False,True,,,True,82.34089702772593
2015,0.5,65.5,1.0,23.76,,0,0,0,0,1,0,0,False,0.5,0.5,False,False,65.5,65.5,False,False,1.0,1.0,False,False,23.76,23.76,False,True,,,True,79.83806207492118
2016,0.0,63.94,4.0,24.907,,0,0,0,0,1,0,0,False,0.0,0.0,False,False,63.94,63.94,False,False,4.0,4.0,False,False,24.907,24.907,False,True,,,True,86.11739471239488
2017,0.0,61.61,0.0,28.646,,0,0,0,0,1,0,0,False,0.0,0.0,False,False,61.61,61.61,False,False,0.0,0.0,False,False,28.646,28.646,False,True,,,True,79.82506596057901
2018,0.0,63.77,3.0,26.009,,0,0,0,0,1,0,0,False,0.0,0.0,False,False,63.77,63.77,False,False,3.0,3.0,False,False,26.009,26.009,False,True,,,True,84.92102531176201
2019,0.0,62.46,0.0,23.682,,0,0,0,0,1,0,0,False,0.0,0.0,False,False,62.46,62.46,False,False,0.0,0.0,False,False,23.682,23.682,False,True,,,True,75.34197053419001
2020,0.2,62.21,0.0,27.549,,0,0,0,0,1,0,0,False,0.2,0.2,False,False,62.21,62.21,False,False,0.0,0.0,False,False,27.549,27.549,False,True,,,True,79.31019019191221
2021,0.1,60.78,,24.438,,0,0,1,0,1,0,0,False,0.1,0.1,False,False,60.78,60.78,False,True,0.0,0.0,True,False,24.438,24.438,False,True,,,True,75.36404753234766
2022,,59.6,0.0,24.274,,1,0,0,0,1,0,0,True,2.1,2.1,True,False,59.6,59.6,False,False,0.0,0.0,False,False,24.274,24.274,False,True,,,True,77.24802055813205
2023,7.7,,1.0,27.246,,0,1,0,0,1,0,0,False,7.7,7.7,False,True,64.24169292658397,64.24169292658397,True,False,1.0,1.0,False,False,27.246,27.246,False,True,,,True,92.18830609471134
2024,15.1,69.74,0.0,31.511,,0,0,0,0,1,0,0,False,15.1,15.1,False,False,69.74,69.74,False,False,0.0,0.0,False,False,31.511,31.511,False,True,,,True,106.83051603788452
2025,4.0,70.86,0.0,31.279,,0,0,0,0,1,0,0,False,4.0,4.0,False,False,70.86,70.86,False,False,0.0,0.0,False,False,31.279,31.279,False,True,,,True,92.46564991371069
2026,0.4,70.47,,33.779,,0,0,1,0,1,0,0,False,0.4,0.4,False,False,70.47,70.47,False,True,0.0,0.0,True,False,33.779,33.779,False,True,,,True,89.97278599165641
2027,0.0,70.13,0.0,29.675,,0,0,0,0,1,0,0,False,0.0,0.0,False,False,70.13,70.13,False,False,0.0,0.0,False,False,29.675,29.675,False,True,,,True,85.20294221065245
2028,0.7,71.58,0.0,32.781,,0,0,0,0,1,0,0,False,0.7,0.7,False,False,71.58,71.58,False,False,0.0,0.0,False,False,32.781,32.781,False,True,,,True,89.94938715591366
2029,0.1,68.8,1.0,27.823,,0,0,0,0,1,0,0,False,0.1,0.1,False,False,68.8,68.8,False,False,1.0,1.0,False,False,27.823,27.823,False,True,,,True,85.02144949438515
2030,,,1.0,,,1,1,0,1,1,0,0,True,0.05,0.05,True,True,69.94461678832116,69.94461678832116,True,False,1.0,1.0,False,True,29.469499999999996,29.469499999999996,True,True,,,True,87.1719435052284
2031,0.0,72.05,0.0,31.116,,0,0,0,0,1,0,0,False,0.0,0.0,False,False,72.05,72.05,False,False,0.0,0.0,False,False,31.116,31.116,False,True,,,True,87.61274550878392
2032,0.0,74.3,2.0,30.86,,0,0,0,0,1,0,0,False,0.0,0.0,False,False,74.3,74.3,False,False,2.0,2.0,False,False,30.86,30.86,False,True,,,True,92.9124651974818
2033,11.6,78.69,1.0,34.691,,0,0,0,0,1,0,0,False,11.6,11.6,False,False,78.69,78.69,False,False,1.0,1.0,False,False,34.691,34.691,False,True,,,True,112.1229204808431
2034,,74.85,1.0,30.701,,1,0,0,0,1,0,0,True,0.1,0.1,True,False,74.85,74.85,False,False,1.0,1.0,False,False,30.701,30.701,False,True,,,True,90.96762476279144
2035,0.6,76.75,0.0,30.709,,0,0,0,0,1,0,0,False,0.6,0.6,False,False,76.75,76.75,False,False,0.0,0.0,False,False,30.709,30.709,False,True,,,True,90.40884666369868
2036,0.2,75.29,6.0,32.757,,0,0,0,0,1,0,0,False,0.2,0.2,False,False,75.29,75.29,False,False,6.0,6.0,False,False,32.757,32.757,False,True,,,True,104.36799809853594
2037,0.0,75.36,2.0,29.734,,0,0,0,0,1,0,0,False,0.0,0.0,False,False,75.36,75.36,False,False,2.0,2.0,False,False,29.734,29.734,False,True,,,True,92.33916464469621
2038,0.8,76.23,1.0,27.776,,0,0,0,0,1,0,0,False,0.8,0.8,False,False,76.23,76.23,False,False,1.0,1.0,False,False,27.776,27.776,False,True,,,True,89.70325157636555
2039,0.0,74.84,1.0,34.035,,0,0,0,0,1,0,0,False,0.0,0.0,False,False,74.84,74.84,False,False,1.0,1.0,False,False,34.035,34.035,False,True,,,True,94.1330529320822
2040,5.3,77.43,1.0,29.282,,0,0,0,0,1,0,0,False,5.3,5.3,False,False,77.43,77.43,False,False,1.0,1.0,False,False,29.282,29.282,False,True,,,True,97.77181955182812
2041,0.0,75.2,2.0,31.828,,0,0,0,0,1,0,0,False,0.0,0.0,False,False,75.2,75.2,False,False,2.0,2.0,False,False,31.828,31.828,False,True,,,True,94.33187594371849
2042,13.1,81.02,1.0,34.395,,0,0,0,0,1,0,0,False,13.1,13.1,False,False,81.02,81.02,False,False,1.0,1.0,False,False,34.395,34.395,False,True,,,True,115.00914837877067
2043,0.0,78.17,0.0,31.729,,0,0,0,0,1,0,0,False,0.0,0.0,False,False,78.17,78.17,False,False,0.0,0.0,False,False,31.729,31.729,False,True,,,True,91.3507572610334
2044,0.6,,0.0,32.123,,0,1,0,0,1,0,0,False,0.6,0.6,False,True,78.58500000000001,78.58500000000001,True,False,0.0,0.0,False,False,32.123,32.123,False,True,,,True,92.74841864206772
2045,0.0,79.0,1.0,32.12,,0,0,0,0,1,0,0,False,0.0,0.0,False,False,79.0,79.0,False,False,1.0,1.0,False,False,32.12,32.12,False,True,,,True,94.36389076063604
2046,0.2,77.3,2.0,28.223,,0,0,0,0,1,0,0,False,0.2,0.2,False,False,77.3,77.3,False,False,2.0,2.0,False,False,28.223,28.223,False,True,,,True,92.09961302702676
2047,0.0,76.46,1.0,34.042,,0,0,0,0,1,0,0,False,0.0,0.0,False,False,76.46,76.46,False,False,1.0,1.0,False,False,34.042,34.042,False,True,,,True,94.96870337081592
2048,0.0,76.52,4.0,32.108,,0,0,0,0,1,0,0,False,0.0,0.0,False,False,76.52,76.52,False,False,4.0,4.0,False,False,32.108,32.108,False,True,,,True,99.68687547857381
2049,4.1,76.8,1.0,30.145,,0,0,0,0,1,0,0,False,4.1,4.1,False,False,76.8,76.8,False,False,1.0,1.0,False,False,30.145,30.145,False,True,,,True,96.71447979276824
2050,0.0,76.64,0.0,31.764,,0,0,0,0,1,0,0,False,0.0,0.0,False,False,76.64,76.64,False,False,0.0,0.0,False,False,31.764,31.764,False,True,,,True,90.6027566488156
2051,0.0,75.95,0.0,32.413,,0,0,0,0,1,0,0,False,0.0,0.0,False,False,75.95,75.95,False,False,0.0,0.0,False,False,32.413,32.413,False,True,,,True,90.89276008188853
2052,0.0,73.71,2.0,33.285,,0,0,0,0,1,0,0,False,0.0,0.0,False,False,73.71,73.71,False,False,2.0,2.0,False,False,33.285,33.285,False,True,,,True,95.01313588619067
2053,0.0,,3.0,32.212,,0,1,0,0,1,0,0,False,0.0,0.0,False,True,74.685,74.685,True,False,3.0,3.0,False,False,32.212,32.212,False,True,,,True,96.65003600579394
2054,0.1,75.66,2.0,33.46,,0,0,0,0,1,0,0,False,0.1,0.1,False,False,75.66,75.66,False,False,2.0,2.0,False,False,33.46,33.46,False,True,,,True,96.3165431843875
2055,0.0,75.18,3.0,30.278,,0,0,0,0,1,0,0,False,0.0,0.0,False,False,75.18,75.18,False,False,3.0,3.0,False,False,30.278,30.278,False,True,,,True,94.98720946489308
2056,0.0,72.17,0.0,31.906,,0,0,0,0,1,0,0,False,0.0,0.0,False,False,72.17,72.17,False,False,0.0,0.0,False,False,31.906,31.906,False,True,,,True,88.45679763959623
2057,0.0,74.13,3.0,28.837,,0,0,0,0,1,0,0,False,0.0,0.0,False,False,74.13,74.13,False,False,3.0,3.0,False,False,28.837,28.837,False,True,,,True,93.02245704330586
2058,0.1,,2.0,28.406,,0,1,0,0,1,0,0,False,0.1,0.1,False,True,73.59273178807948,73.59273178807948,True,False,2.0,2.0,False,False,28.406,28.406,False,True,,,True,90.25194677663438
2059,0.0,72.39,0.0,,,0,0,0,1,1,0,0,False,0.0,0.0,False,False,72.39,72.39,False,False,0.0,0.0,False,True,29.294735734466187,29.294735734466187,True,True,,,True,85.98231741364569
2060,0.3,70.08,,31.333,,0,0,1,0,1,0,0,False,0.3,0.3,False,False,70.08,70.08,False,True,2.0,2.0,True,False,31.333,31.333,False,True,,,True,91.61983384152545
2061,5.8,73.48,3.0,35.565,,0,0,0,0,1,0,0,False,5.8,5.8,False,False,73.48,73.48,False,False,3.0,3.0,False,False,35.565,35.565,False,True,,,True,107.04072625427412
2062,0.0,73.28,2.0,32.575,,0,0,0,0,1,0,0,False,0.0,0.0,False,False,73.28,73.28,False,False,2.0,2.0,False,False,32.575,32.575,False,True,,,True,94.08975970507142
2063,0.3,70.83,1.0,28.993,,0,0,0,0,1,0,0,False,0.3,0.3,False,False,70.83,70.83,False,False,1.0,1.0,False,False,28.993,28.993,False,True,,,True,87.48404777177794
2064,0.3,,0.0,25.391,,0,1,0,0,1,0,0,False,0.3,0.3,False,True,69.74518179705491,69.74518179705491,True,False,0.0,0.0,False,False,25.391,25.391,False,True,,,True,81.15937158580599
2065,0.0,69.03,1.0,28.449,,0,0,0,0,1,0,0,False,0.0,0.0,False,False,69.03,69.03,False,False,1.0,1.0,False,False,28.449,28.449,False,True,,,True,85.62679083249019
2066,0.4,68.5,0.0,26.434,,0,0,0,0,1,0,0,False,0.4,0.4,False,False,68.5,68.5,False,False,0.0,0.0,False,False,26.434,26.434,False,True,,,True,81.68821657467694
2067,0.0,66.64,2.0,27.7,,0,0,0,0,1,0,0,False,0.0,0.0,False,False,66.64,66.64,False,False,2.0,2.0,False,False,27.7,27.7,False,True,,,True,85.86330806091334
2068,0.3,66.64,3.0,27.466,,0,0,0,0,1,0,0,False,0.3,0.3,False,False,66.64,66.64,False,False,3.0,3.0,False,False,27.466,27.466,False,True,,,True,88.23016757031965
2069,0.0,64.97,1.0,25.64,,0,0,0,0,1,0,0,False,0.0,0.0,False,False,64.97,64.97,False,False,1.0,1.0,False,False,25.64,25.64,False,True,,,True,80.76696491832527
2070,,63.18,1.0,25.932,,1,0,0,0,1,0,0,True,0.2,0.2,True,False,63.18,63.18,False,False,1.0,1.0,False,False,25.932,25.932,False,True,,,True,80.4055829316051
2071,1.2,62.42,0.0,25.921,,0,0,0,0,1,0,0,False,1.2,1.2,False,False,62.42,62.42,False,False,0.0,0.0,False,False,25.921,25.921,False,True,,,True,79.12977163512201
2072,0.1,61.96,3.0,26.148,,0,0,0,0,1,0,0,False,0.1,0.1,False,False,61.96,61.96,False,False,3.0,3.0,False,False,26.148,26.148,False,True,,,True,84.26532855548855
2073,0.4,61.63,0.0,25.154,,0,0,0,0,1,0,0,False,0.4,0.4,False,False,61.63,61.63,False,False,0.0,0.0,False,False,25.154,25.154,False,True,,,True,76.90573256404983
2074,0.5,59.88,2.0,27.282,,0,0,0,0,1,0,0,False,0.5,0.5,False,False,59.88,59.88,False,False,2.0,2.0,False,False,27.282,27.282,False,True,,,True,82.65361289738482
2075,0.0,60.75,3.0,24.884,,0,0,0,0,1,0,0,False,0.0,0.0,False,False,60.75,60.75,False,False,3.0,3.0,False,False,24.884,24.884,False,True,,,True,82.26158033000972
2076,1.0,59.8,0.0,25.463,,0,0,0,0,1,0,0,False,1.0,1.0,False,False,59.8,59.8,False,False,0.0,0.0,False,False,25.463,25.463,False,True,,,True,77.07074718496791
2077,0.6,58.28,1.0,26.925,,0,0,0,0,1,0,0,False,0.6,0.6,False,False,58.28,58.28,False,False,1.0,1.0,False,False,26.925,26.925,False,True,,,True,79.41277228076888
2078,0.2,58.28,4.0,23.198,,0,0,0,0,1,0,0,False,0.2,0.2,False,False,58.28,58.28,False,False,4.0,4.0,False,False,23.198,23.198,False,True,,,True,81.79388052525255
2079,0.5,57.66,2.0,25.583,,0,0,0,0,1,0,0,False,0.5,0.5,False,False,57.66,57.66,False,False,2.0,2.0,False,False,25.583,25.583,False,True,,,True,79.83473899851813
2080,0.0,57.42,1.0,20.433,,0,0,0,0,1,0,0,False,0.0,0.0,False,False,57.42,57.42,False,False,1.0,1.0,False,False,20.433,20.433,False,True,,,True,71.74608250784976
2081,0.5,57.44,3.0,19.455,,0,0,0,0,1,0,0,False,0.5,0.5,False,False,57.44,57.44,False,False,3.0,3.0,False,False,19.455,19.455,False,True,,,True,75.85226318071011
2082,0.1,57.29,0.0,22.589,,0,0,0,0,1,0,0,False,0.1,0.1,False,False,57.29,57.29,False,False,0.0,0.0,False,False,22.589,22.589,False,True,,,True,71.74689423332086
2083,3.9,57.28,1.0,28.03,,0,0,0,0,1,0,0,False,3.9,3.9,False,False,57.28,57.28,False,False,1.0,1.0,False,False,28.03,28.03,False,True,,,True,84.36859742364432
2084,0.0,57.29,0.0,24.205,,0,0,0,0,1,0,0,False,0.0,0.0,False,False,57.29,57.29,False,False,0.0,0.0,False,False,24.205,24.205,False,True,,,True,73.21538748742631
2085,0.6,57.41,1.0,,,0,0,0,1,1,0,0,False,0.6,0.6,False,False,57.41,57.41,False,False,1.0,1.0,False,True,21.963155232929164,21.963155232929164,True,True,,,True,74.05194138011595
2086,0.0,56.28,0.0,20.923,,0,0,0,0,1,0,0,False,0.0,0.0,False,False,56.28,56.28,False,False,0.0,0.0,False,False,20.923,20.923,False,True,,,True,69.44718863922307
2087,0.2,55.07,1.0,25.724,,0,0,0,0,1,0,0,False,0.2,0.2,False,False,55.07,55.07,False,False,1.0,1.0,False,False,25.724,25.724,False,True,,,True,76.0508213069221
2088,0.2,55.08,2.0,24.912,,0,0,0,0,1,0,0,False,0.2,0.2,False,False,55.08,55.08,False,False,2.0,2.0,False,False,24.912,24.912,False,True,,,True,77.45264997032962
2089,0.6,53.76,2.0,20.27,,0,0,0,0,1,0,0,False,0.6,0.6,False,False,53.76,53.76,False,False,2.0,2.0,False,False,20.27,20.27,False,True,,,True,72.70851227607841
2090,0.1,52.19,2.0,22.687,,0,0,0,0,1,0,0,False,0.1,0.1,False,False,52.19,52.19,False,False,2.0,2.0,False,False,22.687,22.687,False,True,,,True,73.63741488136368
2091,0.0,51.87,1.0,21.16,,0,0,0,0,1,0,0,False,0.0,0.0,False,False,51.87,51.87,False,False,1.0,1.0,False,False,21.16,21.16,False,True,,,True,69.62721552914975
2092,0.0,51.85,1.0,22.642,,0,0,0,0,1,0,0,False,0.0,0.0,False,False,51.85,51.85,False,False,1.0,1.0,False,False,22.642,22.642,False,True,,,True,71.08522589232088
2093,0.0,51.23,2.0,25.131,,0,0,0,0,1,0,0,False,0.0,0.0,False,False,51.23,51.23,False,False,2.0,2.0,False,False,25.131,25.131,False,True,,,True,75.4351305319297
2094,0.0,50.89,,22.289,,0,0,1,0,1,0,0,False,0.0,0.0,False,False,50.89,50.89,False,True,2.0,2.0,True,False,22.289,22.289,False,True,,,True,72.44558714473082
2095,0.1,51.9,4.0,19.53,,0,0,0,0,1,0,0,False,0.1,0.1,False,False,51.9,51.9,False,False,4.0,4.0,False,False,19.53,19.53,False,True,,,True,74.76372291703615
2096,0.3,50.82,2.0,24.681,,0,0,0,0,1,0,0,False,0.3,0.3,False,False,50.82,50.82,False,False,2.0,2.0,False,False,24.681,24.681,False,True,,,True,75.17708402514111
2097,0.9,49.47,1.0,,,0,0,0,1,1,0,0,False,0.9,0.9,False,False,49.47,49.47,False,False,1.0,1.0,False,True,19.698105933674803,19.698105933674803,True,True,,,True,68.1437040478394
2098,,62.5384514751239,2.0,14.7152118673496,,1,0,0,0,1,0,0,True,0.25,0.25,True,False,62.5384514751239,51.23,False,False,2.0,2.0,False,False,14.7152118673496,14.7152118673496,False,True,,,True,65.44730076542277
2099,0.2,48.44,0.0,18.472,,0,0,0,0,1,0,0,False,0.2,0.2,False,False,48.44,48.44,False,False,0.0,0.0,False,False,18.472,18.472,False,True,,,True,63.27337807195329
2100,0.0,49.76,3.0,18.886,,0,0,0,0,1,0,0,False,0.0,0.0,False,False,49.76,49.76,False,False,3.0,3.0,False,False,18.886,18.886,False,True,,,True,70.69730000340417
2101,7.0,52.2,0.0,26.45,,0,0,0,0,1,0,0,False,7.0,7.0,False,False,52.2,52.2,False,False,0.0,0.0,False,False,26.45,26.45,False,True,,,True,82.11103144096651
2102,0.0,51.64,0.0,21.577,,0,0,0,0,1,0,0,False,0.0,0.0,False,False,51.64,51.64,False,False,0.0,0.0,False,False,21.577,21.577,False,True,,,True,67.72151236327048
2103,0.0,51.71,1.0,23.071,,0,0,0,0,1,0,0,False,0.0,0.0,False,False,51.71,51.71,False,False,1.0,1.0,False,False,23.071,23.071,False,True,,,True,71.43862576241078
2104,0.4,50.59,1.0,20.0,,0,0,0,0,1,0,0,False,0.4,0.4,False,False,50.59,50.59,False,False,1.0,1.0,False,False,20.0,20.0,False,True,,,True,68.35321377466066
2105,0.6,51.04,1.0,22.177,,0,0,0,0,1,0,0,False,0.6,0.6,False,False,51.04,51.04,False,False,1.0,1.0,False,False,22.177,22.177,False,True,,,True,71.00520995582066
2106,0.0,52.21,2.0,25.152,,0,0,0,0,1,0,0,False,0.0,0.0,False,False,52.21,52.21,False,False,2.0,2.0,False,False,25.152,25.152,False,True,,,True,75.95725724928982
2107,0.7,49.54,1.0,22.612,,0,0,0,0,1,0,0,False,0.7,0.7,False,False,49.54,49.54,False,False,1.0,1.0,False,False,22.612,22.612,False,True,,,True,70.80134654344015
2108,0.4,50.6,1.0,19.469,,0,0,0,0,1,0,0,False,0.4,0.4,False,False,50.6,50.6,False,False,1.0,1.0,False,False,19.469,19.469,False,True,,,True,67.83225899640769
2109,0.4,51.08,2.0,22.78,,0,0,0,0,1,0,0,False,0.4,0.4,False,False,51.08,51.08,False,False,2.0,2.0,False,False,22.78,22.78,False,True,,,True,73.55924036245875
2110,11.5,56.17,1.0,25.729,,0,0,0,0,1,0,0,False,11.5,11.5,False,False,56.17,56.17,False,False,1.0,1.0,False,False,25.729,25.729,False,True,,,True,91.5914501872392
2111,0.0,54.91,0.0,23.741,,0,0,0,0,1,0,0,False,0.0,0.0,False,False,54.91,54.91,False,False,0.0,0.0,False,False,23.741,23.741,False,True,,,True,71.53819966633095
2112,7.7,59.43,0.0,28.051,,0,0,0,0,1,0,0,False,7.7,7.7,False,False,59.43,59.43,False,False,0.0,0.0,False,False,28.051,28.051,False,True,,,True,88.3232232846726
2113,0.5,58.45,1.0,22.004,,0,0,0,0,1,0,0,False,0.5,0.5,False,False,58.45,58.45,False,False,1.0,1.0,False,False,22.004,22.004,False,True,,,True,74.49191765837472
2114,0.1,58.45,3.0,22.17,,0,0,0,0,1,0,0,False,0.1,0.1,False,False,58.45,58.45,False,False,3.0,3.0,False,False,22.17,22.17,False,True,,,True,78.52870939851856
2115,0.6,60.35,0.0,23.271,,0,0,0,0,1,0,0,False,0.6,0.6,False,False,60.35,60.35,False,False,0.0,0.0,False,False,23.271,23.271,False,True,,,True,74.6504347216744
2116,0.0,59.02,0.0,23.609,,0,0,0,0,1,0,0,False,0.0,0.0,False,False,59.02,59.02,False,False,0.0,0.0,False,False,23.609,23.609,False,True,,,True,73.50990685421618
2117,0.0,59.31,2.0,22.22,,0,0,0,0,1,0,0,False,0.0,0.0,False,False,59.31,59.31,False,False,2.0,2.0,False,False,22.22,22.22,False,True,,,True,76.68450172707067
2118,0.1,57.61,3.0,24.26,,0,0,0,0,1,0,0,False,0.1,0.1,False,False,57.61,57.61,False,False,3.0,3.0,False,False,24.26,24.26,False,True,,,True,80.16960197518661
2119,0.0,56.75,2.0,26.887,,0,0,0,0,1,0,0,False,0.0,0.0,False,False,56.75,56.75,False,False,2.0,2.0,False,False,26.887,26.887,False,True,,,True,79.99859926903629
2120,0.0,55.75,2.0,21.958,,0,0,0,0,1,0,0,False,0.0,0.0,False,False,55.75,55.75,False,False,2.0,2.0,False,False,21.958,21.958,False,True,,,True,74.60380635629828
2121,0.0,55.81,6.0,27.219,,0,0,0,0,1,0,0,False,0.0,0.0,False,False,55.81,55.81,False,False,6.0,6.0,False,False,27.219,27.219,False,True,,,True,88.65135626435709
2122,0.7,,2.0,25.328,,0,1,0,0,1,0,0,False,0.7,0.7,False,True,55.862272727272725,55.862272727272725,True,False,2.0,2.0,False,False,25.328,25.328,False,True,,,True,78.92748233945495
2123,0.4,55.89,1.0,24.169,,0,0,0,0,1,0,0,False,0.4,0.4,False,False,55.89,55.89,False,False,1.0,1.0,False,False,24.169,24.169,False,True,,,True,75.19473911671419
2124,0.3,54.39,3.0,23.369,,0,0,0,0,1,0,0,False,0.3,0.3,False,False,54.39,54.39,False,False,3.0,3.0,False,False,23.369,23.369,False,True,,,True,77.90468231008559
2125,,,0.0,22.422,,1,1,0,0,1,0,0,True,0.15,0.15,True,True,53.59005617977528,53.59005617977528,True,False,0.0,0.0,False,False,22.422,22.422,False,True,,,True,69.75498032631101
2126,0.0,53.23,1.0,22.395,,0,0,0,0,1,0,0,False,0.0,0.0,False,False,53.23,53.23,False,False,1.0,1.0,False,False,22.395,22.395,False,True,,,True,71.54646175904438
2127,0.0,53.55,1.0,23.227,,0,0,0,0,1,0,0,False,0.0,0.0,False,False,53.55,53.55,False,False,1.0,1.0,False,False,23.227,23.227,False,True,,,True,72.53443451685521
2128,0.0,54.3,0.0,20.273,,0,0,0,0,1,0,0,False,0.0,0.0,False,False,54.3,54.3,False,False,0.0,0.0,False,False,20.273,20.273,False,True,,,True,67.79034869641144
2129,0.2,51.16,0.0,23.929,,0,0,0,0,1,0,0,False,0.2,0.2,False,False,51.16,51.16,False,False,0.0,0.0,False,False,23.929,23.929,False,True,,,True,70.07113984009712
2130,,51.62,2.0,22.028,,1,0,0,0,1,0,0,True,0.25,0.25,True,False,51.62,51.62,False,False,2.0,2.0,False,False,22.028,22.028,False,True,,,True,72.89170404735943
2131,5.8,53.12,1.0,23.286,,0,0,0,0,1,0,0,False,5.8,5.8,False,False,53.12,53.12,False,False,1.0,1.0,False,False,23.286,23.286,False,True,,,True,80.05815894866923
2132,1.1,53.53,0.0,23.239,,0,0,0,0,1,0,0,False,1.1,1.1,False,False,53.53,53.53,False,False,0.0,0.0,False,False,23.239,23.239,False,True,,,True,71.79246284989571
2133,0.3,54.28,1.0,23.645,,0,0,0,0,1,0,0,False,0.3,0.3,False,False,54.28,54.28,False,False,1.0,1.0,False,False,23.645,23.645,False,True,,,True,73.71949979126715
2134,0.0,51.62,2.0,24.143,,0,0,0,0,1,0,0,False,0.0,0.0,False,False,51.62,51.62,False,False,2.0,2.0,False,False,24.143,24.143,False,True,,,True,74.65580848540759
2135,0.0,51.7,3.0,21.549,,0,0,0,0,1,0,0,False,0.0,0.0,False,False,51.7,51.7,False,False,3.0,3.0,False,False,21.549,21.549,False,True,,,True,74.32798956032327
2136,0.1,50.27,3.0,24.407,,0,0,0,0,1,0,0,False,0.1,0.1,False,False,50.27,50.27,False,False,3.0,3.0,False,False,24.407,24.407,False,True,,,True,76.56044020713459
2137,0.6,50.09,0.0,19.881,,0,0,0,0,1,0,0,False,0.6,0.6,False,False,50.09,50.09,False,False,0.0,0.0,False,False,19.881,19.881,False,True,,,True,66.04337575533026
2138,0.1,50.58,1.0,21.628,,0,0,0,0,1,0,0,False,0.1,0.1,False,False,50.58,50.58,False,False,1.0,1.0,False,False,21.628,21.628,False,True,,,True,69.56347182522725
2139,0.4,50.36,1.0,19.951,,0,0,0,0,1,0,0,False,0.4,0.4,False,False,50.36,50.36,False,False,1.0,1.0,False,False,19.951,19.951,False,True,,,True,68.1870115522679
2140,0.0,48.46,1.0,18.35,,0,0,0,0,1,0,0,False,0.0,0.0,False,False,48.46,48.46,False,False,1.0,1.0,False,False,18.35,18.35,False,True,,,True,65.09890817435755
2141,0.1,47.98,2.0,20.686,,0,0,0,0,1,0,0,False,0.1,0.1,False,False,47.98,47.98,False,False,2.0,2.0,False,False,20.686,20.686,False,True,,,True,69.50135475217708
2142,0.9,48.45,3.0,16.541,,0,0,0,0,1,0,0,False,0.9,0.9,False,False,48.45,48.45,False,False,3.0,3.0,False,False,16.541,16.541,False,True,,,True,68.8964736391916
2143,5.8,49.98,1.0,19.81,,0,0,0,0,1,0,0,False,5.8,5.8,False,False,49.98,49.98,False,False,1.0,1.0,False,False,19.81,19.81,False,True,,,True,75.00815383799899
2144,0.0,49.02,0.0,19.764,,0,0,0,0,1,0,0,False,0.0,0.0,False,False,49.02,49.02,False,False,0.0,0.0,False,False,19.764,19.764,False,True,,,True,64.58507572421637
2145,0.1,49.62,0.0,23.439,,0,0,0,0,1,0,0,False,0.1,0.1,False,False,49.62,49.62,False,False,0.0,0.0,False,False,23.439,23.439,False,True,,,True,68.66539355688204
2146,0.0,50.38,1.0,18.104,,0,0,0,0,1,0,0,False,0.0,0.0,False,False,50.38,50.38,False,False,1.0,1.0,False,False,18.104,18.104,False,True,,,True,65.83737323238381
2147,0.0,49.03,2.0,20.522,,0,0,0,0,1,0,0,False,0.0,0.0,False,False,49.03,49.03,False,False,2.0,2.0,False,False,20.522,20.522,False,True,,,True,69.74350352723025
2148,0.5,47.78,2.0,20.483,,0,0,0,0,1,0,0,False,0.5,0.5,False,False,47.78,47.78,False,False,2.0,2.0,False,False,20.483,20.483,False,True,,,True,69.72794535735369
2149,0.4,47.89,1.0,16.694,,0,0,0,0,1,0,0,False,0.4,0.4,False,False,47.89,47.89,False,False,1.0,1.0,False,False,16.694,16.694,False,True,,,True,63.696713620999624
2150,0.0,48.93,1.0,15.026,,0,0,0,0,1,0,0,False,0.0,0.0,False,False,48.93,48.93,False,False,1.0,1.0,False,False,15.026,15.026,False,True,,,True,62.04619728834467
2151,0.5,49.06,3.0,18.372,,0,0,0,0,1,0,0,False,0.5,0.5,False,False,49.06,49.06,False,False,3.0,3.0,False,False,18.372,18.372,False,True,,,True,70.49250563792641
2152,5.3,49.74,3.0,23.346,,0,0,0,0,1,0,0,False,5.3,5.3,False,False,49.74,49.74,False,False,3.0,3.0,False,False,23.346,23.346,False,True,,,True,82.12838240258023
2153,0.4,48.77,2.0,20.298,,0,0,0,0,1,0,0,False,0.4,0.4,False,False,48.77,48.77,False,False,2.0,2.0,False,False,20.298,20.298,False,True,,,True,69.91859592817399
2154,4.7,51.1,2.0,20.609,,0,0,0,0,1,0,0,False,4.7,4.7,False,False,51.1,51.1,False,False,2.0,2.0,False,False,20.609,20.609,False,True,,,True,77.11630435313093
2155,0.5,51.81,1.0,21.652,,0,0,0,0,1,0,0,False,0.5,0.5,False,False,51.81,51.81,False,False,1.0,1.0,False,False,21.652,21.652,False,True,,,True,70.74647541551823
2156,6.7,55.48,1.0,27.49,,0,0,0,0,1,0,0,False,6.7,6.7,False,False,55.48,55.48,False,False,1.0,1.0,False,False,27.49,27.49,False,True,,,True,86.62293154500706
2157,11.1,59.24,1.0,27.919,,0,0,0,0,1,0,0,False,11.1,11.1,False,False,59.24,59.24,False,False,1.0,1.0,False,False,27.919,27.919,False,True,,,True,94.80156902393588
2158,0.0,57.47,2.0,18.681,,0,0,0,0,1,0,1,False,0.0,0.0,False,False,57.47,57.47,False,False,2.0,2.0,False,False,18.681,18.681,False,True,,,True,72.23710004655874
2159,0.3,56.58,4.0,23.849,,0,0,0,0,1,0,0,False,0.3,0.3,False,False,56.58,56.58,False,False,4.0,4.0,False,False,23.849,23.849,False,True,,,True,81.70170126711068
2160,0.3,57.1,2.0,25.06,,0,0,0,0,1,0,0,False,0.3,0.3,False,False,57.1,57.1,False,False,2.0,2.0,False,False,25.06,25.06,False,True,,,True,78.7651166221713
2161,0.0,55.84,2.0,25.229,,0,0,0,0,1,0,0,False,0.0,0.0,False,False,55.84,55.84,False,False,2.0,2.0,False,False,25.229,25.229,False,True,,,True,77.89047881310447
2162,0.2,54.4,0.0,23.017,,0,0,0,0,1,0,0,False,0.2,0.2,False,False,54.4,54.4,False,False,0.0,0.0,False,False,23.017,23.017,False,True,,,True,70.82503751048844
2163,0.0,52.05,2.0,19.299,,0,0,0,0,1,0,0,False,0.0,0.0,False,False,52.05,52.05,False,False,2.0,2.0,False,False,19.299,19.299,False,True,,,True,70.07674685648284
2164,0.1,,0.0,22.005,,0,1,0,0,1,0,0,False,0.1,0.1,False,True,52.52112084063047,52.52112084063047,True,False,0.0,0.0,False,False,22.005,22.005,False,True,,,True,68.72878280788277
2165,0.3,53.31,0.0,24.682,,0,0,0,0,1,0,0,False,0.3,0.3,False,False,53.31,53.31,False,False,0.0,0.0,False,False,24.682,24.682,False,True,,,True,72.04949165189376
2166,0.0,53.95,1.0,,,0,0,0,1,1,0,0,False,0.0,0.0,False,False,53.95,53.95,False,False,1.0,1.0,False,True,27.490721659639178,27.490721659639178,True,True,,,True,76.96319375707095
2167,14.6,,0.0,29.079,,0,1,0,0,1,0,0,False,14.6,14.6,False,True,56.41932107753914,56.41932107753914,True,False,0.0,0.0,False,False,29.079,29.079,False,True,,,True,96.94434385695436
2168,0.9,58.42,1.0,23.515,,0,0,0,0,1,0,0,False,0.9,0.9,False,False,58.42,58.42,False,False,1.0,1.0,False,False,23.515,23.515,False,True,,,True,76.50355980561005
2169,0.0,56.27,0.0,23.644,,0,0,0,0,1,0,0,False,0.0,0.0,False,False,56.27,56.27,False,False,0.0,0.0,False,False,23.644,23.644,False,True,,,True,72.13781190937311
2170,0.0,57.06,1.0,22.654,,0,0,0,0,1,0,0,False,0.0,0.0,False,False,57.06,57.06,False,False,1.0,1.0,False,False,22.654,22.654,False,True,,,True,73.76230421874594
2171,0.0,57.44,1.0,24.471,,0,0,0,0,1,0,0,False,0.0,0.0,False,False,57.44,57.44,False,False,1.0,1.0,False,False,24.471,24.471,False,True,,,True,75.75682560370689
2172,6.8,59.66,1.0,29.973,,0,0,0,0,1,0,0,False,6.8,6.8,False,False,59.66,59.66,False,False,1.0,1.0,False,False,29.973,29.973,False,True,,,True,91.35367443905167
2173,0.4,60.54,1.0,21.539,,0,0,0,0,1,0,0,False,0.4,0.4,False,False,60.54,60.54,False,False,1.0,1.0,False,False,21.539,21.539,False,True,,,True,74.96787569624429
2174,0.0,60.94,1.0,23.503,,0,0,0,0,1,0,0,False,0.0,0.0,False,False,60.94,60.94,False,False,1.0,1.0,False,False,23.503,23.503,False,True,,,True,76.58824687677446
2175,0.0,60.36,0.0,26.087,,0,0,0,0,1,0,0,False,0.0,0.0,False,False,60.36,60.36,False,False,0.0,0.0,False,False,26.087,26.087,False,True,,,True,76.6503822739653
2176,0.2,61.49,1.0,22.585,,0,0,0,0,1,0,0,False,0.2,0.2,False,False,61.49,61.49,False,False,1.0,1.0,False,False,22.585,22.585,False,True,,,True,76.22513167246055
2177,0.0,59.84,0.0,23.218,,0,0,0,0,1,0,0,False,0.0,0.0,False,False,59.84,59.84,False,False,0.0,0.0,False,False,23.218,23.218,False,True,,,True,73.54201005749626
2178,0.3,61.35,3.0,,,0,0,0,1,1,0,0,False,0.3,0.3,False,False,61.35,61.35,False,False,3.0,3.0,False,True,24.910425541523463,24.910425541523463,True,True,,,True,82.9922045873021
2179,0.1,57.47,2.0,26.505,,0,0,0,0,1,0,0,False,0.1,0.1,False,False,57.47,57.47,False,False,2.0,2.0,False,False,26.505,26.505,False,True,,,True,80.12096778035666
2180,,58.39,2.0,26.964,,1,0,0,0,1,0,0,True,0.2,0.2,True,False,58.39,58.39,False,False,2.0,2.0,False,False,26.964,26.964,False,True,,,True,81.17883916754579
2181,0.3,57.34,1.0,18.057,,0,0,0,0,1,0,0,False,0.3,0.3,False,False,57.34,57.34,False,False,1.0,1.0,False,False,18.057,18.057,False,True,,,True,69.74872898908717
2182,0.8,57.19,2.0,22.982,,0,0,0,0,1,0,0,False,0.8,0.8,False,False,57.19,57.19,False,False,2.0,2.0,False,False,22.982,22.982,False,True,,,True,77.41496876798034
2183,0.1,56.15,0.0,22.595,,0,0,0,0,1,0,0,False,0.1,0.1,False,False,56.15,56.15,False,False,0.0,0.0,False,False,22.595,22.595,False,True,,,True,71.16966841646646
2184,0.0,55.76,2.0,20.07,,0,0,0,0,1,0,0,False,0.0,0.0,False,False,55.76,55.76,False,False,2.0,2.0,False,False,20.07,20.07,False,True,,,True,72.7384496860342
2185,2.7,55.46,1.0,23.332,,0,0,0,0,1,0,0,False,2.7,2.7,False,False,55.46,55.46,False,False,1.0,1.0,False,False,23.332,23.332,False,True,,,True,77.19313709042055
2186,0.5,,1.0,23.327,,0,1,0,0,1,0,0,False,0.5,0.5,False,True,55.204482758620685,55.204482758620685,True,False,1.0,1.0,False,False,23.327,23.327,False,True,,,True,74.14238198889265
2187,0.1,55.07,3.0,28.163,,0,0,0,0,1,0,0,False,0.1,0.1,False,False,55.07,55.07,False,False,3.0,3.0,False,False,28.163,28.163,False,True,,,True,82.73702339013732
2188,5.1,57.09,1.0,27.19,,0,0,0,0,1,1,0,False,5.1,5.1,False,False,57.09,57.09,False,False,1.0,1.0,False,False,27.19,27.19,False,True,,,True,85.0292504154889
2189,0.0,57.54,0.0,25.88,,0,0,0,0,1,0,0,False,0.0,0.0,False,False,57.54,57.54,False,False,0.0,0.0,False,False,25.88,25.88,False,True,,,True,75.00272531597037
2190,0.2,57.92,1.0,24.594,,0,0,0,0,1,0,0,False,0.2,0.2,False,False,57.92,57.92,False,False,1.0,1.0,False,False,24.594,24.594,False,True,,,True,76.38923727898265
2191,,56.99,0.0,24.654,,1,0,0,0,1,0,0,True,0.1,0.1,True,False,56.99,56.99,False,False,0.0,0.0,False,False,24.654,24.654,False,True,,,True,73.6392573799267
2192,0.0,54.62,0.0,24.096,,0,0,0,0,1,0,0,False,0.0,0.0,False,False,54.62,54.62,False,False,0.0,0.0,False,False,24.096,24.096,False,True,,,True,71.74155362740227
2193,0.0,55.16,2.0,21.342,,0,0,0,0,1,0,0,False,0.0,0.0,False,False,55.16,55.16,False,False,2.0,2.0,False,False,21.342,21.342,False,True,,,True,73.6917090615099
2194,0.5,54.21,1.0,23.077,,0,0,0,0,1,0,0,False,0.5,0.5,False,False,54.21,54.21,False,False,1.0,1.0,False,False,23.077,23.077,False,True,,,True,73.38597256554499
2195,0.0,52.53,3.0,20.002,,0,0,0,0,1,0,0,False,0.0,0.0,False,False,52.53,52.53,False,False,3.0,3.0,False,False,20.002,20.002,False,True,,,True,73.21994035638433
2196,1.2,53.07,0.0,27.53,,0,0,0,0,1,0,0,False,1.2,1.2,False,False,53.07,53.07,False,False,0.0,0.0,False,False,27.53,27.53,False,True,,,True,75.94081597011066
2197,0.6,52.73,3.0,20.514,,0,0,0,0,1,0,0,False,0.6,0.6,False,False,52.73,52.73,False,False,3.0,3.0,False,False,20.514,20.514,False,True,,,True,74.62452241246052
2198,0.0,50.61,1.0,15.474,,0,0,0,0,1,0,0,False,0.0,0.0,False,False,50.61,50.61,False,False,1.0,1.0,False,False,15.474,15.474,False,True,,,True,63.34944673797644
2199,0.3,49.13,1.0,20.902,,0,0,0,0,1,0,0,False,0.3,0.3,False,False,49.13,49.13,False,False,1.0,1.0,False,False,20.902,20.902,False,True,,,True,68.36746866921159
2200,0.2,49.84,2.0,21.128,,0,0,0,0,1,0,0,False,0.2,0.2,False,False,49.84,49.84,False,False,2.0,2.0,False,False,21.128,21.128,False,True,,,True,71.02324353161879
2201,0.5,48.47,2.0,21.907,,0,0,0,0,1,0,0,False,0.5,0.5,False,False,48.47,48.47,False,False,2.0,2.0,False,False,21.907,21.907,False,True,,,True,71.4916966200354
2202,0.0,46.38,0.0,24.53,,0,0,0,0,1,0,0,False,0.0,0.0,False,False,46.38,46.38,False,False,0.0,0.0,False,False,24.53,24.53,False,True,,,True,67.95632995207741
2203,0.0,50.48,0.0,21.829,,0,0,0,0,1,0,0,False,0.0,0.0,False,False,50.48,50.48,False,False,0.0,0.0,False,False,21.829,21.829,False,True,,,True,67.37777167854392
2204,0.4,45.73,1.0,,,0,0,0,1,1,0,0,False,0.4,0.4,False,False,45.73,45.73,False,False,1.0,1.0,False,True,20.112127752822097,20.112127752822097,True,True,,,True,65.97815428069475
2205,5.6,49.94,1.0,19.294,,0,0,0,0,1,0,0,False,5.6,5.6,False,False,49.94,49.94,False,False,1.0,1.0,False,False,19.294,19.294,False,True,,,True,74.21147389555982
2206,0.0,48.8,,20.561,,0,0,1,0,1,0,0,False,0.0,0.0,False,False,48.8,48.8,False,True,2.0,2.0,True,False,20.561,20.561,False,True,,,True,69.66448433099592
2207,0.2,48.92,2.0,21.669,,0,0,0,0,1,0,0,False,0.2,0.2,False,False,48.92,48.92,False,False,2.0,2.0,False,False,21.669,21.669,False,True,,,True,71.08859248612455
2208,0.0,48.01,3.0,21.67,,0,0,0,0,1,0,0,False,0.0,0.0,False,False,48.01,48.01,False,False,3.0,3.0,False,False,21.67,21.67,False,True,,,True,72.56023664146548
2209,2.0,45.76,3.0,22.912,,0,0,0,0,1,0,0,False,2.0,2.0,False,False,45.76,45.76,False,False,3.0,3.0,False,False,22.912,22.912,False,True,,,True,75.28979523049564
2210,10.5,53.41,0.0,27.849,,0,0,0,0,1,1,0,False,10.5,10.5,False,False,53.41,53.41,False,False,0.0,0.0,False,False,27.849,27.849,False,True,,,True,88.75366695617471
2211,0.0,53.81,3.0,24.49,,0,0,0,0,1,0,0,False,0.0,0.0,False,False,53.81,53.81,False,False,3.0,3.0,False,False,24.49,24.49,False,True,,,True,78.3210621869887
2212,0.4,53.64,5.0,20.516,,0,0,0,0,1,0,0,False,0.4,0.4,False,False,53.64,53.64,False,False,5.0,5.0,False,False,20.516,20.516,False,True,,,True,79.22935795127272
2213,0.7,,3.0,22.522,,0,1,0,0,1,0,0,False,0.7,0.7,False,True,52.76955632306057,52.76955632306057,True,False,3.0,3.0,False,False,22.522,22.522,False,True,,,True,76.76661983526793
2214,0.0,52.03,1.0,19.149,,0,0,0,0,1,0,0,False,0.0,0.0,False,False,52.03,52.03,False,False,1.0,1.0,False,False,19.149,19.149,False,True,,,True,67.71673367525418
2215,0.4,52.72,1.0,21.374,,0,0,0,0,1,0,0,False,0.4,0.4,False,False,52.72,52.72,False,False,1.0,1.0,False,False,21.374,21.374,False,True,,,True,70.80406516061558
2216,0.1,51.84,4.0,22.393,,0,0,0,0,1,0,0,False,0.1,0.1,False,False,51.84,51.84,False,False,4.0,4.0,False,False,22.393,22.393,False,True,,,True,77.56945025190427
2217,0.1,51.92,1.0,21.594,,0,0,0,0,1,0,0,False,0.1,0.1,False,False,51.92,51.92,False,False,1.0,1.0,False,False,21.594,21.594,False,True,,,True,70.21526813463599
2218,1.5,50.01,2.0,23.584,,0,0,0,0,1,0,0,False,1.5,1.5,False,False,50.01,50.01,False,False,2.0,2.0,False,False,23.584,23.584,False,True,,,True,75.2659602583256
2219,0.4,49.96,1.0,19.729,,0,0,0,0,1,0,0,False,0.4,0.4,False,False,49.96,49.96,False,False,1.0,1.0,False,False,19.729,19.729,False,True,,,True,67.76245146179514
2220,1.3,,0.0,21.211,,0,1,0,0,1,0,0,False,1.3,1.3,False,True,52.445,52.445,True,False,0.0,0.0,False,False,21.211,21.211,False,True,,,True,69.49326394027386
2221,14.1,54.93,,31.76,,0,0,1,0,1,0,0,False,14.1,14.1,False,False,54.93,54.93,False,True,2.0,2.0,True,False,31.76,31.76,False,True,,,True,102.57841645517439
2222,0.2,54.43,3.0,17.142,,0,0,0,0,1,0,0,False,0.2,0.2,False,False,54.43,54.43,False,False,3.0,3.0,False,False,17.142,17.142,False,True,,,True,71.62345046708813
2223,0.8,54.05,1.0,25.596,,0,0,0,0,1,0,0,False,0.8,0.8,False,False,54.05,54.05,False,False,1.0,1.0,False,False,25.596,25.596,False,True,,,True,76.19725065831179
2224,0.0,55.04,2.0,21.28,,0,0,0,0,1,0,0,False,0.0,0.0,False,False,55.04,55.04,False,False,2.0,2.0,False,False,21.28,21.28,False,True,,,True,73.56889832891726
2225,6.4,57.39,1.0,24.364,,0,0,0,0,1,0,0,False,6.4,6.4,False,False,57.39,57.39,False,False,1.0,1.0,False,False,24.364,24.364,False,True,,,True,84.10550599539354
2226,0.0,56.48,2.0,22.181,,0,0,0,0,1,0,0,False,0.0,0.0,False,False,56.48,56.48,False,False,2.0,2.0,False,False,22.181,22.181,False,True,,,True,75.19816956442521
2227,0.0,56.79,2.0,,,0,0,0,1,1,0,0,False,0.0,0.0,False,False,56.79,56.79,False,False,2.0,2.0,False,True,23.960991756010397,23.960991756010397,True,True,,,True,77.12021759108107
2228,0.0,56.67,2.0,26.404,,0,0,0,0,1,0,0,False,0.0,0.0,False,False,56.67,56.67,False,False,2.0,2.0,False,False,26.404,26.404,False,True,,,True,79.47915912283851
2229,0.0,55.66,0.0,,,0,0,0,1,1,0,0,False,0.0,0.0,False,False,55.66,55.66,False,False,0.0,0.0,False,True,27.702008243989606,27.702008243989606,True,True,,,True,75.84609927586543
2230,0.3,55.16,,28.337,,0,0,1,0,1,0,0,False,0.3,0.3,False,False,55.16,55.16,False,True,2.0,2.0,True,False,28.337,28.337,False,True,,,True,81.01928133094565
2231,0.4,54.1,,27.18,,0,0,1,0,1,0,0,False,0.4,0.4,False,False,54.1,54.1,False,True,1.0,1.0,True,False,27.18,27.18,False,True,,,True,77.26210622434958
2232,0.0,54.91,3.0,21.384,,0,0,0,0,1,0,0,False,0.0,0.0,False,False,54.91,54.91,False,False,3.0,3.0,False,False,21.384,21.384,False,True,,,True,75.80660565490501
2233,0.9,52.17,1.0,22.518,,0,0,0,0,1,0,0,False,0.9,0.9,False,False,52.17,52.17,False,False,1.0,1.0,False,False,22.518,22.518,False,True,,,True,72.31861117500802
2234,0.0,51.82,0.0,24.354,,0,0,0,0,1,0,0,False,0.0,0.0,False,False,51.82,51.82,False,False,0.0,0.0,False,False,24.354,24.354,False,True,,,True,70.56481075999129
2235,2.0,52.81,1.0,20.261,,0,0,0,0,1,0,0,False,2.0,2.0,False,False,52.81,52.81,False,False,1.0,1.0,False,False,20.261,20.261,False,True,,,True,71.86750393438938
2236,0.0,,1.0,23.724,,0,1,0,0,1,0,0,False,0.0,0.0,False,True,51.614999999999995,51.614999999999995,True,False,1.0,1.0,False,False,23.724,23.724,False,True,,,True,72.0369659356468
2237,0.0,50.42,2.0,16.976,,0,0,0,0,1,0,0,False,0.0,0.0,False,False,50.42,50.42,False,False,2.0,2.0,False,False,16.976,16.976,False,True,,,True,66.9414821565359
2238,0.3,51.81,3.0,20.93,,0,0,0,0,1,0,0,False,0.3,0.3,False,False,51.81,51.81,False,False,3.0,3.0,False,False,20.93,20.93,False,True,,,True,74.16851943512549
2239,5.0,53.56,2.0,,,0,0,0,1,1,0,0,False,5.0,5.0,False,False,53.56,53.56,False,False,2.0,2.0,False,True,22.0734215308219,22.0734215308219,True,True,,,True,80.2230626225691
2240,,52.67,1.0,22.704,,1,0,0,0,1,0,0,True,0.3,0.3,True,False,52.67,52.67,False,False,1.0,1.0,False,False,22.704,22.704,False,True,,,True,71.96363594312315
2241,0.0,54.39,4.0,23.108,,0,0,0,0,1,0,0,False,0.0,0.0,False,False,54.39,54.39,False,False,4.0,4.0,False,False,23.108,23.108,False,True,,,True,79.4497676698254
2242,0.3,52.79,1.0,22.517,,0,0,0,0,1,0,0,False,0.3,0.3,False,False,52.79,52.79,False,False,1.0,1.0,False,False,22.517,22.517,False,True,,,True,71.83975834033572
2243,9.4,58.33,0.0,26.655,,0,0,0,0,1,0,0,False,9.4,9.4,False,False,58.33,58.33,False,False,0.0,0.0,False,False,26.655,26.655,False,True,,,True,88.63004575672429
2244,0.0,59.71,3.0,24.716,,0,0,0,0,1,0,0,False,0.0,0.0,False,False,59.71,59.71,False,False,3.0,3.0,False,False,24.716,24.716,False,True,,,True,81.56312516641718
2245,0.0,58.31,0.0,23.081,,0,0,0,0,1,0,0,False,0.0,0.0,False,False,58.31,58.31,False,False,0.0,0.0,False,False,23.081,23.081,False,True,,,True,72.623606257787
2246,0.0,57.25,1.0,23.144,,0,0,0,0,1,0,0,False,0.0,0.0,False,False,57.25,57.25,False,False,1.0,1.0,False,False,23.144,23.144,False,True,,,True,74.34495017887075
2247,0.0,55.88,0.0,19.245,,0,0,0,0,1,0,0,False,0.0,0.0,False,False,55.88,55.88,False,False,0.0,0.0,False,False,19.245,19.245,False,True,,,True,67.58014575231097
2248,0.0,55.27,2.0,21.417,,0,0,0,0,1,0,0,False,0.0,0.0,False,False,55.27,55.27,False,False,2.0,2.0,False,False,21.417,21.417,False,True,,,True,73.82228357746843
2249,0.0,55.36,1.0,22.36,,0,0,0,0,1,0,0,False,0.0,0.0,False,False,55.36,55.36,False,False,1.0,1.0,False,False,22.36,22.36,False,True,,,True,72.6013940102582
2250,0.0,54.44,1.0,21.097,,0,0,0,0,1,0,0,False,0.0,0.0,False,False,54.44,54.44,False,False,1.0,1.0,False,False,21.097,21.097,False,True,,,True,70.87949092851633
2251,0.2,54.16,3.0,21.826,,0,0,0,0,1,0,0,False,0.2,0.2,False,False,54.16,54.16,False,False,3.0,3.0,False,False,21.826,21.826,False,True,,,True,76.12584594006317
2252,0.5,52.6,1.0,23.358,,0,0,0,0,1,0,0,False,0.5,0.5,False,False,52.6,52.6,False,False,1.0,1.0,False,False,23.358,23.358,False,True,,,True,72.84076392155544
2253,0.0,51.57,1.0,20.04,,0,0,0,0,1,0,0,False,0.0,0.0,False,False,51.57,51.57,False,False,1.0,1.0,False,False,20.04,20.04,False,True,,,True,68.36414755854456
2254,0.9,51.71,1.0,,,0,0,0,1,1,0,0,False,0.9,0.9,False,False,51.71,51.71,False,False,1.0,1.0,False,True,16.952406223316586,16.952406223316586,True,True,,,True,66.56937296594737
2255,0.1,51.49,1.0,15.277,,0,0,0,0,1,0,0,False,0.1,0.1,False,False,51.49,51.49,False,False,1.0,1.0,False,False,15.277,15.277,False,True,,,True,63.736946184536386
2256,0.0,52.26,1.0,26.764,,0,0,0,0,1,0,0,False,0.0,0.0,False,False,52.26,52.26,False,False,1.0,1.0,False,False,26.764,26.764,False,True,,,True,75.37869471485847
2257,0.3,50.42,1.0,20.436,,0,0,0,0,1,0,0,False,0.3,0.3,False,False,50.42,50.42,False,False,1.0,1.0,False,False,20.436,20.436,False,True,,,True,68.56569794089597
2258,0.0,50.86,1.0,21.252,,0,0,0,0,1,0,0,False,0.0,0.0,False,False,50.86,50.86,False,False,1.0,1.0,False,False,21.252,21.252,False,True,,,True,69.2016931611569
2259,6.3,52.86,1.0,24.069,,0,0,0,0,1,0,0,False,6.3,6.3,False,False,52.86,52.86,False,False,1.0,1.0,False,False,24.069,24.069,False,True,,,True,81.36340670475228
2260,0.0,51.91,2.0,26.892,,0,0,0,0,1,0,0,False,0.0,0.0,False,False,51.91,51.91,False,False,2.0,2.0,False,False,26.892,26.892,False,True,,,True,77.52763762883333
2261,,50.83,1.0,22.056,,1,0,0,0,1,0,0,True,0.4,0.4,True,False,50.83,50.83,False,False,1.0,1.0,False,False,22.056,22.056,False,True,,,True,70.51289895050583
2262,0.8,50.92,1.0,20.792,,0,0,0,0,1,0,0,False,0.8,0.8,False,False,50.92,50.92,False,False,1.0,1.0,False,False,20.792,20.792,False,True,,,True,69.83668995293107
2263,8.4,53.51,0.0,26.813,,0,0,0,0,1,0,0,False,8.4,8.4,False,False,53.51,53.51,False,False,0.0,0.0,False,False,26.813,26.813,False,True,,,True,84.99585339723343
2264,0.0,53.45,0.0,24.332,,0,0,0,0,1,0,0,False,0.0,0.0,False,False,53.45,53.45,False,False,0.0,0.0,False,False,24.332,24.332,False,True,,,True,71.37684595605758
2265,1.7,54.21,0.0,,,0,0,0,1,1,0,0,False,1.7,1.7,False,False,54.21,54.21,False,False,0.0,0.0,False,True,24.012301112563684,24.012301112563684,True,True,,,True,73.70146546412174
2266,0.0,53.33,3.0,23.726,,0,0,0,0,1,0,0,False,0.0,0.0,False,False,53.33,53.33,False,False,3.0,3.0,False,False,23.726,23.726,False,True,,,True,77.31860969414375
2267,0.8,51.72,0.0,22.461,,0,0,0,0,1,0,0,False,0.8,0.8,False,False,51.72,51.72,False,False,0.0,0.0,False,False,22.461,22.461,False,True,,,True,69.69826279100646
2268,6.1,54.21,1.0,,,0,0,0,1,1,0,0,False,6.1,6.1,False,False,54.21,54.21,False,False,1.0,1.0,False,True,23.022626792264088,23.022626792264088,True,True,,,True,80.75233572700506
2269,0.0,53.3,5.0,23.611,,0,0,0,0,1,0,0,False,0.0,0.0,False,False,53.3,53.3,False,False,5.0,5.0,False,False,23.611,23.611,False,True,,,True,81.59168013975145
2270,9.9,58.42,1.0,23.642,,0,0,0,0,1,0,0,False,9.9,9.9,False,False,58.42,58.42,False,False,1.0,1.0,False,False,23.642,23.642,False,True,,,True,88.5547529452437
2271,0.1,56.3,1.0,24.082,,0,0,0,0,1,0,0,False,0.1,0.1,False,False,56.3,56.3,False,False,1.0,1.0,False,False,24.082,24.082,False,True,,,True,74.92077102069516
2272,0.0,57.49,2.0,24.128,,0,0,0,0,1,0,0,False,0.0,0.0,False,False,57.49,57.49,False,False,2.0,2.0,False,False,24.128,24.128,False,True,,,True,77.64376227715695
2273,16.3,,0.0,30.878,,0,1,0,0,1,0,1,False,16.3,16.3,False,True,60.4886346311159,60.4886346311159,True,False,0.0,0.0,False,False,30.878,30.878,False,True,,,True,103.06088107742012
2274,0.7,62.72,1.0,26.722,,0,0,0,0,1,0,0,False,0.7,0.7,False,False,62.72,62.72,False,False,1.0,1.0,False,False,26.722,26.722,False,True,,,True,81.61545515480057
2275,0.1,62.74,1.0,,,0,0,0,1,1,0,0,False,0.1,0.1,False,False,62.74,62.74,False,False,1.0,1.0,False,True,26.723315789473684,26.723315789473684,True,True,,,True,80.8319649712943
2276,0.0,61.95,0.0,26.727,,0,0,0,0,1,0,0,False,0.0,0.0,False,False,61.95,61.95,False,False,0.0,0.0,False,False,26.727,26.727,False,True,,,True,78.09780948936604
2277,7.9,63.86,1.0,,,0,0,0,1,1,0,0,False,7.9,7.9,False,False,63.86,63.86,False,False,1.0,1.0,False,True,26.773184210526313,26.773184210526313,True,True,,,True,91.78963204091266
2278,0.4,62.88,1.0,26.817,,0,0,0,0,1,0,0,False,0.4,0.4,False,False,62.88,62.88,False,False,1.0,1.0,False,False,26.817,26.817,False,True,,,True,81.39390922542142
2279,,64.14,2.0,24.59,,1,0,0,0,1,0,0,True,0.30000000000000004,0.30000000000000004,True,False,64.14,64.14,False,False,2.0,2.0,False,False,24.59,24.59,False,True,,,True,81.90081123607565
2280,0.0,62.17,1.0,27.94,,0,0,0,0,1,0,0,False,0.0,0.0,False,False,62.17,62.17,False,False,1.0,1.0,False,False,27.94,27.94,False,True,,,True,81.61326454427221
2281,0.6,61.83,0.0,28.104,,0,0,0,0,1,0,0,False,0.6,0.6,False,False,61.83,61.83,False,False,0.0,0.0,False,False,28.104,28.104,False,True,,,True,80.19566418980004
2282,0.2,62.3,1.0,23.199,,0,0,0,0,1,0,0,False,0.2,0.2,False,False,62.3,62.3,False,False,1.0,1.0,False,False,23.199,23.199,False,True,,,True,77.24778913580145
2283,9.7,66.17,2.0,33.155,,0,0,0,0,1,0,0,False,9.7,9.7,False,False,66.17,66.17,False,False,2.0,2.0,False,False,33.155,33.155,False,True,,,True,103.88013631152103
2284,0.7,64.1,3.0,28.316,,0,0,0,0,1,0,0,False,0.7,0.7,False,False,64.1,64.1,False,False,3.0,3.0,False,False,28.316,28.316,False,True,,,True,88.30294894869374
2285,0.9,64.02,0.0,30.633,,0,0,0,0,1,0,0,False,0.9,0.9,False,False,64.02,64.02,False,False,0.0,0.0,False,False,30.633,30.633,False,True,,,True,84.21899836403144
2286,0.1,63.54,1.0,23.649,,0,0,0,0,1,0,0,False,0.1,0.1,False,False,63.54,63.54,False,False,1.0,1.0,False,False,23.649,23.649,False,True,,,True,78.1954326805663
2287,0.0,62.92,1.0,29.821,,0,0,0,0,1,0,0,False,0.0,0.0,False,False,62.92,62.92,False,False,1.0,1.0,False,False,29.821,29.821,False,True,,,True,83.8604662771535
2288,0.0,61.16,1.0,23.59,,0,0,0,0,1,0,0,False,0.0,0.0,False,False,61.16,61.16,False,False,1.0,1.0,False,False,23.59,23.59,False,True,,,True,76.78698078769176
2289,0.2,60.47,1.0,26.047,,0,0,0,0,1,0,0,False,0.2,0.2,False,False,60.47,60.47,False,False,1.0,1.0,False,False,26.047,26.047,False,True,,,True,79.1332073925361
2290,0.5,60.23,1.0,24.224,,0,0,0,0,1,0,0,False,0.5,0.5,False,False,60.23,60.23,False,False,1.0,1.0,False,False,24.224,24.224,False,True,,,True,77.60187149881706
2291,0.2,59.56,2.0,28.717,,0,0,0,0,1,0,0,False,0.2,0.2,False,False,59.56,59.56,False,False,2.0,2.0,False,False,28.717,28.717,False,True,,,True,83.51408137331208
2292,0.0,57.88,0.0,24.265,,0,0,0,0,1,0,0,False,0.0,0.0,False,False,57.88,57.88,False,False,0.0,0.0,False,False,24.265,24.265,False,True,,,True,73.57664657148649
2293,11.9,63.73,0.0,32.5,,0,0,0,0,1,0,0,False,11.9,11.9,False,False,63.73,63.73,False,False,0.0,0.0,False,False,32.5,32.5,False,True,,,True,100.49577011750914
2294,0.0,63.18,0.0,27.657,,0,0,0,0,1,0,0,False,0.0,0.0,False,False,63.18,63.18,False,False,0.0,0.0,False,False,27.657,27.657,False,True,,,True,79.64838542120941
2295,0.0,64.15,2.0,23.988,,0,0,0,0,1,0,0,False,0.0,0.0,False,False,64.15,64.15,False,False,2.0,2.0,False,False,23.988,23.988,False,True,,,True,80.91200320112455
2296,0.7,65.1,1.0,25.337,,0,0,0,0,1,0,0,False,0.7,0.7,False,False,65.1,65.1,False,False,1.0,1.0,False,False,25.337,25.337,False,True,,,True,81.46080871036271
2297,0.0,62.69,2.0,24.549,,0,0,0,0,1,0,0,False,0.0,0.0,False,False,62.69,62.69,False,False,2.0,2.0,False,False,24.549,24.549,False,True,,,True,80.7209280046608
2298,0.8,62.25,2.0,24.663,,0,0,0,0,1,0,0,False,0.8,0.8,False,False,62.25,62.25,False,False,2.0,2.0,False,False,24.663,24.663,False,True,,,True,81.66881953304737
2299,10.0,66.45,0.0,32.769,,0,0,0,0,1,0,0,False,10.0,10.0,False,False,66.45,66.45,False,False,0.0,0.0,False,False,32.769,32.769,False,True,,,True,99.63611763549675
2300,0.5,66.55,1.0,28.567,,0,0,0,0,1,0,0,False,0.5,0.5,False,False,66.55,66.55,False,False,1.0,1.0,False,False,28.567,28.567,False,True,,,True,85.13756524706801
2301,0.3,65.32,1.0,30.722,,0,0,0,0,1,0,0,False,0.3,0.3,False,False,65.32,65.32,False,False,1.0,1.0,False,False,30.722,30.722,False,True,,,True,86.37834054110272
2302,0.2,63.85,1.0,27.291,,0,0,0,0,1,0,0,False,0.2,0.2,False,False,63.85,63.85,False,False,1.0,1.0,False,False,27.291,27.291,False,True,,,True,82.09470658624114
2303,8.1,,3.0,24.379,,0,1,0,0,1,0,0,False,8.1,8.1,False,True,65.42999999999999,65.42999999999999,True,False,3.0,3.0,False,False,24.379,24.379,False,True,,,True,94.8881703932592
2304,0.0,67.01,,29.337,,0,0,1,0,1,0,0,False,0.0,0.0,False,False,67.01,67.01,False,True,2.0,2.0,True,False,29.337,29.337,False,True,,,True,87.67438500141546
2305,0.0,,0.0,26.073,,0,1,0,0,1,0,0,False,0.0,0.0,False,True,66.275,66.275,True,False,0.0,0.0,False,False,26.073,26.073,False,True,,,True,79.66234665484572
2306,0.0,65.54,3.0,23.015,,0,0,0,0,1,0,0,False,0.0,0.0,False,False,65.54,65.54,False,False,3.0,3.0,False,False,23.015,23.015,False,True,,,True,82.8602693250013
2307,0.2,68.28,3.0,32.971,,0,0,0,0,1,0,0,False,0.2,0.2,False,False,68.28,68.28,False,False,3.0,3.0,False,False,32.971,32.971,False,True,,,True,94.39050263082602
2308,22.2,75.98,2.0,37.257,,0,0,0,0,1,0,0,False,22.2,22.2,False,False,75.98,75.98,False,False,2.0,2.0,False,False,37.257,37.257,False,True,,,True,129.52540340618594
2309,,75.67,2.0,32.192,,1,0,0,0,1,0,0,True,0.05,0.05,True,False,75.67,75.67,False,False,2.0,2.0,False,False,32.192,32.192,False,True,,,True,94.99917849438314
2310,0.1,76.49,0.0,26.985,,0,0,0,0,1,0,0,False,0.1,0.1,False,False,76.49,76.49,False,False,0.0,0.0,False,False,26.985,26.985,False,True,,,True,85.9238951242897
2311,0.0,74.16,5.0,31.9,,0,0,0,0,1,0,0,False,0.0,0.0,False,False,74.16,74.16,False,False,5.0,5.0,False,False,31.9,31.9,False,True,,,True,100.47471675657978
2312,0.0,74.42,2.0,34.679,,0,0,0,0,1,0,0,False,0.0,0.0,False,False,74.42,74.42,False,False,2.0,2.0,False,False,34.679,34.679,False,True,,,True,96.75739671731523
2313,0.0,73.69,2.0,31.343,,0,0,0,0,1,0,0,False,0.0,0.0,False,False,73.69,73.69,False,False,2.0,2.0,False,False,31.343,31.343,False,True,,,True,93.07893395883413
2314,1.9,75.93,3.0,32.454,,0,0,0,0,1,0,0,False,1.9,1.9,False,False,75.93,75.93,False,False,3.0,3.0,False,False,32.454,32.454,False,True,,,True,100.04425105028112
2315,,76.84,2.0,31.24,,1,0,0,0,1,0,0,True,0.0,0.0,True,False,76.84,76.84,False,False,2.0,2.0,False,False,31.24,31.24,False,True,,,True,94.58828129430972
2316,,75.51,1.0,29.362,,1,0,0,0,1,0,0,True,0.2,0.2,True,False,75.51,75.51,False,False,1.0,1.0,False,False,29.362,29.362,False,True,,,True,90.11118470073939
2317,0.0,74.0,0.0,31.154,,0,0,0,0,1,0,0,False,0.0,0.0,False,False,74.0,74.0,False,False,0.0,0.0,False,False,31.154,31.154,False,True,,,True,88.64792055136218
2318,1.2,73.6,2.0,28.316,,0,0,0,0,1,0,0,False,1.2,1.2,False,False,73.6,73.6,False,False,2.0,2.0,False,False,28.316,28.316,False,True,,,True,91.62404588056667
2319,0.2,73.11,1.0,32.463,,0,0,0,0,1,0,0,False,0.2,0.2,False,False,73.11,73.11,False,False,1.0,1.0,False,False,32.463,32.463,False,True,,,True,91.95566910063326
2320,0.8,73.59,2.0,29.05,,0,0,0,0,1,0,0,False,0.8,0.8,False,False,73.59,73.59,False,False,2.0,2.0,False,False,29.05,29.05,False,True,,,True,91.81609950731102
2321,0.0,70.42,2.0,27.905,,0,0,0,0,1,0,0,False,0.0,0.0,False,False,70.42,70.42,False,False,2.0,2.0,False,False,27.905,27.905,False,True,,,True,88.00007420888923
2322,0.0,70.81,2.0,30.826,,0,0,0,0,1,0,0,False,0.0,0.0,False,False,70.81,70.81,False,False,2.0,2.0,False,False,30.826,30.826,False,True,,,True,91.09346181297244
2323,9.7,75.11,3.0,33.098,,0,0,0,0,1,0,0,False,9.7,9.7,False,False,75.11,75.11,False,False,3.0,3.0,False,False,33.098,33.098,False,True,,,True,110.59812160444389
2324,0.8,74.25,0.0,30.51,,0,0,0,0,1,0,0,False,0.8,0.8,False,False,74.25,74.25,False,False,0.0,0.0,False,False,30.51,30.51,False,True,,,True,89.19782058018413
2325,0.0,74.16,3.0,29.139,,0,0,0,0,1,0,0,False,0.0,0.0,False,False,74.16,74.16,False,False,3.0,3.0,False,False,29.139,29.139,False,True,,,True,93.33699991957207
2326,1.1,75.05,1.0,34.201,,0,0,0,0,1,0,0,False,1.1,1.1,False,False,75.05,75.05,False,False,1.0,1.0,False,False,34.201,34.201,False,True,,,True,95.86248338482537
2327,0.0,72.97,1.0,31.28,,0,0,0,0,1,0,0,False,0.0,0.0,False,False,72.97,72.97,False,False,1.0,1.0,False,False,31.28,31.28,False,True,,,True,90.4470261753955
2328,0.1,71.42,2.0,33.485,,0,0,0,0,1,0,0,False,0.1,0.1,False,False,71.42,71.42,False,False,2.0,2.0,False,False,33.485,33.485,False,True,,,True,94.17232750730749
2329,2.5,71.44,0.0,29.963,,0,0,0,0,1,0,0,False,2.5,2.5,False,False,71.44,71.44,False,False,0.0,0.0,False,False,29.963,29.963,False,True,,,True,89.47100594028463
2330,0.0,70.55,0.0,32.242,,0,0,0,0,1,0,0,False,0.0,0.0,False,False,70.55,70.55,False,False,0.0,0.0,False,False,32.242,32.242,False,True,,,True,87.96096285963908
2331,0.0,69.53,0.0,28.028,,0,0,0,0,1,0,0,False,0.0,0.0,False,False,69.53,69.53,False,False,0.0,0.0,False,False,28.028,28.028,False,True,,,True,83.26430097980506
2332,0.0,68.38,2.0,28.533,,0,0,0,0,1,0,0,False,0.0,0.0,False,False,68.38,68.38,False,False,2.0,2.0,False,False,28.533,28.533,False,True,,,True,87.5786764138878
2333,0.3,67.78,0.0,29.008,,0,0,0,0,1,0,0,False,0.3,0.3,False,False,67.78,67.78,False,False,0.0,0.0,False,False,29.008,29.008,False,True,,,True,83.73749798766632
2334,0.1,66.08,0.0,30.324,,0,0,0,0,1,0,0,False,0.1,0.1,False,False,66.08,66.08,False,False,0.0,0.0,False,False,30.324,30.324,False,True,,,True,83.90663260069677
2335,0.6,62.52,1.0,28.064,,0,0,0,0,1,0,0,False,0.6,0.6,False,False,62.52,62.52,False,False,1.0,1.0,False,False,28.064,28.064,False,True,,,True,82.71018162203528
2336,0.0,62.95,0.0,23.369,,0,0,0,0,1,0,0,False,0.0,0.0,False,False,62.95,62.95,False,False,0.0,0.0,False,False,23.369,23.369,False,True,,,True,75.28253720011725
2337,0.7,62.37,2.0,24.262,,0,0,0,0,1,0,0,False,0.7,0.7,False,False,62.37,62.37,False,False,2.0,2.0,False,False,24.262,24.262,False,True,,,True,81.20042452675276
2338,0.3,62.57,1.0,30.243,,0,0,0,0,1,0,0,False,0.3,0.3,False,False,62.57,62.57,False,False,1.0,1.0,False,False,30.243,30.243,False,True,,,True,84.49701746619796
2339,0.4,64.18,,22.859,,0,0,1,0,1,0,0,False,0.4,0.4,False,False,64.18,64.18,False,True,0.0,0.0,True,False,22.859,22.859,False,True,,,True,75.93649833621961
2340,0.0,60.59,0.0,24.004,,0,0,0,0,1,0,0,False,0.0,0.0,False,False,60.59,60.59,False,False,0.0,0.0,False,False,24.004,24.004,False,True,,,True,74.70437754442902
2341,0.4,59.68,0.0,25.092,,0,0,0,0,1,0,0,False,0.4,0.4,False,False,59.68,59.68,False,False,0.0,0.0,False,False,25.092,25.092,False,True,,,True,75.84678033251927
2342,0.0,59.85,1.0,26.515,,0,0,0,0,1,0,0,False,0.0,0.0,False,False,59.85,59.85,False,False,1.0,1.0,False,False,26.515,26.515,False,True,,,True,79.01469161277825
2343,0.0,58.17,2.0,22.96,,0,0,0,0,1,0,1,False,0.0,0.0,False,False,58.17,58.17,False,False,2.0,2.0,False,False,22.96,22.96,False,True,,,True,76.83446160567402
2344,0.3,60.71,0.0,26.191,,0,0,0,0,1,0,1,False,0.3,0.3,False,False,60.71,60.71,False,False,0.0,0.0,False,False,26.191,26.191,False,True,,,True,77.32997262155386
2345,0.0,58.35,0.0,25.349,,0,0,0,0,1,0,0,False,0.0,0.0,False,False,58.35,58.35,False,False,0.0,0.0,False,False,25.349,25.349,False,True,,,True,74.89101272304545
2346,,57.63,1.0,24.363,,1,0,0,0,1,0,0,True,0.0,0.0,True,False,57.63,57.63,False,False,1.0,1.0,False,False,24.363,24.363,False,True,,,True,75.74702327243698
2347,0.4,,0.0,24.431,,0,1,0,0,1,0,0,False,0.4,0.4,False,True,57.16936221213421,57.16936221213421,True,False,0.0,0.0,False,False,24.431,24.431,False,True,,,True,73.90759330153305
2348,0.0,56.74,2.0,23.695,,0,0,0,0,1,0,0,False,0.0,0.0,False,False,56.74,56.74,False,False,2.0,2.0,False,False,23.695,23.695,False,True,,,True,76.83111761106423
2349,,56.18,0.0,18.645,,1,0,0,0,1,0,0,True,0.1,0.1,True,False,56.18,56.18,False,False,0.0,0.0,False,False,18.645,18.645,False,True,,,True,67.27168598335076
2350,0.1,53.43,0.0,20.642,,0,0,0,0,1,0,0,False,0.1,0.1,False,False,53.43,53.43,False,False,0.0,0.0,False,False,20.642,20.642,False,True,,,True,67.84337623535795
2351,0.0,,3.0,24.366,,0,1,0,0,1,0,0,False,0.0,0.0,False,True,53.30214698721851,53.30214698721851,True,False,3.0,3.0,False,False,24.366,24.366,False,True,,,True,77.93841978143166
2352,0.4,53.18,0.0,20.559,,0,0,0,0,1,0,0,False,0.4,0.4,False,False,53.18,53.18,False,False,0.0,0.0,False,False,20.559,20.559,False,True,,,True,68.03077101336385
2353,0.0,51.68,3.0,22.905,,0,0,0,0,1,0,0,False,0.0,0.0,False,False,51.68,51.68,False,False,3.0,3.0,False,False,22.905,22.905,False,True,,,True,75.66116968149484
2354,0.6,51.65,0.0,20.712,,0,0,0,0,1,0,0,False,0.6,0.6,False,False,51.65,51.65,False,False,0.0,0.0,False,False,20.712,20.712,False,True,,,True,67.66468318419322
2355,0.6,49.77,1.0,21.039,,0,0,0,0,1,0,0,False,0.6,0.6,False,False,49.77,49.77,False,False,1.0,1.0,False,False,21.039,21.039,False,True,,,True,69.22810294379099
2356,0.7,49.11,1.0,17.109,,0,0,0,0,1,0,0,False,0.7,0.7,False,False,49.11,49.11,False,False,1.0,1.0,False,False,17.109,17.109,False,True,,,True,65.12946758530595
2357,0.0,49.63,2.0,21.431,,0,0,0,0,1,0,0,False,0.0,0.0,False,False,49.63,49.63,False,False,2.0,2.0,False,False,21.431,21.431,False,True,,,True,70.95099619779452
2358,0.2,49.14,1.0,,,0,0,0,1,1,0,0,False,0.2,0.2,False,False,49.14,49.14,False,False,1.0,1.0,False,True,24.419330342534437,24.419330342534437,True,True,,,True,71.72475623459933
2359,4.6,50.98,2.0,25.884,,0,0,0,0,1,0,0,False,4.6,4.6,False,False,50.98,50.98,False,False,2.0,2.0,False,False,25.884,25.884,False,True,,,True,82.14844187845608
2360,0.0,50.72,1.0,21.608,,0,0,0,0,1,0,0,False,0.0,0.0,False,False,50.72,50.72,False,False,1.0,1.0,False,False,21.608,21.608,False,True,,,True,69.48277074818355
2361,0.0,50.55,3.0,20.178,,0,0,0,0,1,0,0,False,0.0,0.0,False,False,50.55,50.55,False,False,3.0,3.0,False,False,20.178,20.178,False,True,,,True,72.38143200001426
2362,0.0,49.52,3.0,21.228,,0,0,0,0,1,0,0,False,0.0,0.0,False,False,49.52,49.52,False,False,3.0,3.0,False,False,21.228,21.228,False,True,,,True,72.89478470306737
2363,0.0,48.57,1.0,22.282,,0,0,0,0,1,0,0,False,0.0,0.0,False,False,48.57,48.57,False,False,1.0,1.0,False,False,22.282,22.282,False,True,,,True,69.05067509819143
2364,0.0,48.34,2.0,23.767,,0,0,0,0,1,0,0,False,0.0,0.0,False,False,48.34,48.34,False,False,2.0,2.0,False,False,23.767,23.767,False,True,,,True,72.6054062319766
2365,0.1,47.3,3.0,18.152,,0,0,0,0,1,0,0,False,0.1,0.1,False,False,47.3,47.3,False,False,3.0,3.0,False,False,18.152,18.152,False,True,,,True,68.84419872341186
2366,0.0,47.38,1.0,18.345,,0,0,0,0,1,0,0,False,0.0,0.0,False,False,47.38,47.38,False,False,1.0,1.0,False,False,18.345,18.345,False,True,,,True,64.54147764313294
2367,0.0,45.77,1.0,,,0,0,0,1,1,0,0,False,0.0,0.0,False,False,45.77,45.77,False,False,1.0,1.0,False,True,21.26186352002409,21.26186352002409,True,True,,,True,66.60766170614667
2368,0.0,47.43,3.0,24.014,,0,0,0,0,1,0,0,False,0.0,0.0,False,False,47.43,47.43,False,False,3.0,3.0,False,False,24.014,24.014,False,True,,,True,74.58577484477695
2369,0.3,46.32,1.0,20.821,,0,0,0,0,1,0,0,False,0.3,0.3,False,False,46.32,46.32,False,False,1.0,1.0,False,False,20.821,20.821,False,True,,,True,66.84975748053282
2370,0.2,45.83,,17.358,,0,0,1,0,1,0,0,False,0.2,0.2,False,False,45.83,45.83,False,True,1.0,1.0,True,False,17.358,17.358,False,True,,,True,63.03574228409504
2371,0.0,45.51,1.0,20.345,,0,0,0,0,1,0,0,False,0.0,0.0,False,False,45.51,45.51,False,False,1.0,1.0,False,False,20.345,20.345,False,True,,,True,65.56630644762004
2372,0.0,44.0,1.0,17.666,,0,0,0,0,1,0,0,False,0.0,0.0,False,False,44.0,44.0,False,False,1.0,1.0,False,False,17.666,17.666,False,True,,,True,62.13973310601321
2373,0.0,44.74,4.0,17.132,,0,0,0,0,1,0,0,False,0.0,0.0,False,False,44.74,44.74,False,False,4.0,4.0,False,False,17.132,17.132,False,True,,,True,68.59276376018393
2374,0.0,43.68,0.0,19.018,,0,0,0,0,1,0,0,False,0.0,0.0,False,False,43.68,43.68,False,False,0.0,0.0,False,False,19.018,19.018,False,True,,,True,61.11430984721776
2375,0.0,45.23,1.0,21.865,,0,0,0,0,1,0,0,False,0.0,0.0,False,False,45.23,45.23,False,False,1.0,1.0,False,False,21.865,21.865,False,True,,,True,66.92896031640066
2376,0.4,43.52,1.0,17.771,,0,0,0,0,1,0,0,False,0.4,0.4,False,False,43.52,43.52,False,False,1.0,1.0,False,False,17.771,17.771,False,True,,,True,62.528229537879476
2377,0.0,43.22,2.0,17.883,,0,0,0,0,1,0,0,False,0.0,0.0,False,False,43.22,43.22,False,False,2.0,2.0,False,False,17.883,17.883,False,True,,,True,64.156882087739
2378,0.1,40.82,,,,0,0,1,1,1,0,0,False,0.1,0.1,False,False,40.82,40.82,False,True,1.0,1.0,True,True,17.762,17.762,True,True,,,True,60.740608310492604
2379,0.5,42.58,1.0,17.641,,0,0,0,0,1,0,0,False,0.5,0.5,False,False,42.58,42.58,False,False,1.0,1.0,False,False,17.641,17.641,False,True,,,True,62.05108099864327
2380,7.0,45.53,2.0,19.672,,0,0,0,0,1,0,0,False,7.0,7.0,False,False,45.53,45.53,False,False,2.0,2.0,False,False,19.672,19.672,False,True,,,True,76.38624966547002
2381,0.6,44.35,1.0,19.425,,0,0,0,0,1,0,0,False,0.6,0.6,False,False,44.35,44.35,False,False,1.0,1.0,False,False,19.425,19.425,False,True,,,True,64.8564711811515
2382,,47.91,2.0,20.538,,1,0,0,0,1,0,0,True,0.25,0.25,True,False,47.91,47.91,False,False,2.0,2.0,False,False,20.538,20.538,False,True,,,True,69.51767626544552
2383,0.0,48.62,1.0,18.224,,0,0,0,0,1,0,0,False,0.0,0.0,False,False,48.62,48.62,False,False,1.0,1.0,False,False,18.224,18.224,False,True,,,True,65.05592636942359
2384,0.0,47.42,3.0,19.056,,0,0,0,0,1,0,0,False,0.0,0.0,False,False,47.42,47.42,False,False,3.0,3.0,False,False,19.056,19.056,False,True,,,True,69.66868836639838
2385,0.0,47.05,2.0,22.183,,0,0,0,0,1,0,0,False,0.0,0.0,False,False,47.05,47.05,False,False,2.0,2.0,False,False,22.183,22.183,False,True,,,True,70.37620873728353
2386,9.7,51.14,3.0,21.453,,0,0,0,0,1,0,0,False,9.7,9.7,False,False,51.14,51.14,False,False,3.0,3.0,False,False,21.453,21.453,False,True,,,True,86.79931240365659
2387,0.4,51.43,0.0,22.001,,0,0,0,0,1,0,0,False,0.4,0.4,False,False,51.43,51.43,False,False,0.0,0.0,False,False,22.001,22.001,False,True,,,True,68.56416650250924
2388,0.0,53.36,2.0,21.141,,0,0,0,0,1,0,0,False,0.0,0.0,False,False,53.36,53.36,False,False,2.0,2.0,False,False,21.141,21.141,False,True,,,True,72.5717801870463
2389,0.2,51.7,,22.923,,0,0,1,0,1,0,0,False,0.2,0.2,False,False,51.7,51.7,False,True,1.0,1.0,True,False,22.923,22.923,False,True,,,True,71.5518925072534
2390,0.0,51.52,1.0,21.173,,0,0,0,0,1,0,0,False,0.0,0.0,False,False,51.52,51.52,False,False,1.0,1.0,False,False,21.173,21.173,False,True,,,True,69.46105138375123
2391,1.1,51.03,0.0,19.648,,0,0,0,0,1,0,0,False,1.1,1.1,False,False,51.03,51.03,False,False,0.0,0.0,False,False,19.648,19.648,False,True,,,True,66.95591912375815
2392,0.0,49.64,,18.267,,0,0,1,0,1,0,0,False,0.0,0.0,False,False,49.64,49.64,False,True,1.0,1.0,True,False,18.267,18.267,False,True,,,True,65.62031095258972
2393,0.0,48.11,1.0,19.71,,0,0,0,0,1,0,0,False,0.0,0.0,False,False,48.11,48.11,False,False,1.0,1.0,False,False,19.71,19.71,False,True,,,True,66.26723875890667
2394,,47.68,3.0,17.716,,1,0,0,0,1,0,0,True,0.0,0.0,True,False,47.68,47.68,False,False,3.0,3.0,False,False,17.716,17.716,False,True,,,True,68.47413236012677
2395,0.0,47.49,0.0,19.244,,0,0,0,0,1,0,0,False,0.0,0.0,False,False,47.49,47.49,False,False,0.0,0.0,False,False,19.244,19.244,False,True,,,True,63.28722761747672
2396,,47.29,1.0,20.678,,1,0,0,0,1,0,0,True,0.0,0.0,True,False,47.29,47.29,False,False,1.0,1.0,False,False,20.678,20.678,False,True,,,True,66.80677880668806
2397,,47.19,1.0,17.275,,1,0,0,0,1,0,0,True,0.0,0.0,True,False,47.19,47.19,False,False,1.0,1.0,False,False,17.275,17.275,False,True,,,True,63.38421628332764
2398,0.0,46.82,1.0,20.572,,0,0,0,0,1,0,0,False,0.0,0.0,False,False,46.82,46.82,False,False,1.0,1.0,False,False,20.572,20.572,False,True,,,True,66.46133310493519
2399,0.0,47.84,0.0,20.466,,0,0,0,0,1,0,0,False,0.0,0.0,False,False,47.84,47.84,False,False,0.0,0.0,False,False,20.466,20.466,False,True,,,True,64.67692627771218
2400,0.0,46.19,1.0,24.745,,0,0,0,0,1,0,0,False,0.0,0.0,False,False,46.19,46.19,False,False,1.0,1.0,False,False,24.745,24.745,False,True,,,True,70.27331361306994
2401,0.0,44.22,3.0,19.374,,0,0,0,0,1,0,0,False,0.0,0.0,False,False,44.22,44.22,False,False,3.0,3.0,False,False,19.374,19.374,False,True,,,True,68.34676737870413
2402,0.0,44.85,0.0,20.627,,0,0,0,0,1,0,0,False,0.0,0.0,False,False,44.85,44.85,False,False,0.0,0.0,False,False,20.627,20.627,False,True,,,True,63.30688891927026
2403,10.8,48.3,2.0,23.239,,0,0,0,0,1,0,0,False,10.8,10.8,False,False,48.3,48.3,False,False,2.0,2.0,False,False,23.239,23.239,False,True,,,True,86.37229258347298
2404,0.4,48.54,2.0,21.504,,0,0,0,0,1,0,0,False,0.4,0.4,False,False,48.54,48.54,False,False,2.0,2.0,False,False,21.504,21.504,False,True,,,True,70.9957425447451
2405,0.0,49.33,1.0,19.2,,0,0,0,0,1,0,0,False,0.0,0.0,False,False,49.33,49.33,False,False,1.0,1.0,False,False,19.2,19.2,False,True,,,True,66.38606782629563
2406,1.0,49.83,1.0,21.81,,0,0,0,0,1,0,0,False,1.0,1.0,False,False,49.83,49.83,False,False,1.0,1.0,False,False,21.81,21.81,False,True,,,True,70.55265484417991
2407,5.8,49.99,0.0,23.931,,0,0,0,0,1,0,0,False,5.8,5.8,False,False,49.99,49.99,False,False,0.0,0.0,False,False,23.931,23.931,False,True,,,True,76.89483615602259
2408,0.0,49.47,,19.772,,0,0,1,0,1,0,0,False,0.0,0.0,False,False,49.47,49.47,False,True,1.0,1.0,True,False,19.772,19.772,False,True,,,True,67.02437487875778
2409,0.4,51.34,0.0,20.505,,0,0,0,0,1,0,0,False,0.4,0.4,False,False,51.34,51.34,False,False,0.0,0.0,False,False,20.505,20.505,False,True,,,True,67.03601531196666
2410,0.3,49.9,3.0,22.663,,0,0,0,0,1,0,0,False,0.3,0.3,False,False,49.9,49.9,False,False,3.0,3.0,False,False,22.663,22.663,False,True,,,True,74.90836490325187
2411,0.0,49.28,1.0,22.31,,0,0,0,0,1,0,0,False,0.0,0.0,False,False,49.28,49.28,False,False,1.0,1.0,False,False,22.31,22.31,False,True,,,True,69.44161759144775
2412,1.5,47.78,0.0,21.98,,0,0,0,0,1,0,0,False,1.5,1.5,False,False,47.78,47.78,False,False,0.0,0.0,False,False,21.98,21.98,False,True,,,True,68.13373948045792
2413,0.0,47.15,1.0,18.787,,0,0,0,0,1,0,0,False,0.0,0.0,False,False,47.15,47.15,False,False,1.0,1.0,False,False,18.787,18.787,False,True,,,True,64.86171707805593
2414,4.9,50.05,0.0,22.474,,0,0,0,0,1,0,0,False,4.9,4.9,False,False,50.05,50.05,False,False,0.0,0.0,False,False,22.474,22.474,False,True,,,True,74.28951858913373
2415,0.4,48.9,2.0,20.485,,0,0,0,0,1,0,0,False,0.4,0.4,False,False,48.9,48.9,False,False,2.0,2.0,False,False,20.485,20.485,False,True,,,True,70.17036171387645
2416,12.4,53.88,2.0,26.32,,0,0,0,0,1,0,0,False,12.4,12.4,False,False,53.88,53.88,False,False,2.0,2.0,False,False,26.32,26.32,False,True,,,True,94.39921962347438
2417,0.0,,1.0,19.486,,0,1,0,0,1,0,0,False,0.0,0.0,False,True,53.725,53.725,True,False,1.0,1.0,False,False,19.486,19.486,False,True,,,True,68.91768691695647
2418,0.4,53.57,0.0,21.88,,0,0,0,0,1,0,0,False,0.4,0.4,False,False,53.57,53.57,False,False,0.0,0.0,False,False,21.88,21.88,False,True,,,True,69.53901268729392
2419,5.3,55.01,0.0,22.366,,0,0,0,0,1,0,0,False,5.3,5.3,False,False,55.01,55.01,False,False,0.0,0.0,False,False,22.366,22.366,False,True,,,True,77.2498393292791
2420,0.0,53.53,2.0,21.344,,0,0,0,0,1,0,0,False,0.0,0.0,False,False,53.53,53.53,False,False,2.0,2.0,False,False,21.344,21.344,False,True,,,True,72.8598595413167
2421,0.5,54.02,3.0,25.914,,0,0,0,0,1,0,0,False,0.5,0.5,False,False,54.02,54.02,False,False,3.0,3.0,False,False,25.914,25.914,False,True,,,True,80.50178881521957
2422,0.9,51.99,1.0,23.635,,0,0,0,0,1,0,0,False,0.9,0.9,False,False,51.99,51.99,False,False,1.0,1.0,False,False,23.635,23.635,False,True,,,True,73.33316168579734
2423,14.2,58.6,,27.51,,0,0,1,0,1,0,0,False,14.2,14.2,False,False,58.6,58.6,False,True,2.0,2.0,True,False,27.51,27.51,False,True,,,True,100.37777523874679
2424,0.2,57.25,,23.875,,0,0,1,0,1,0,0,False,0.2,0.2,False,False,57.25,57.25,False,True,2.0,2.0,True,False,23.875,23.875,False,True,,,True,77.53534669205146
2425,,57.51,2.0,22.564,,1,0,0,0,1,0,0,True,3.7,3.7,True,False,57.51,57.51,False,False,2.0,2.0,False,False,22.564,22.564,False,True,,,True,81.00716619298578
2426,6.5,61.61,1.0,26.906,,0,0,0,0,1,0,0,False,6.5,6.5,False,False,61.61,61.61,False,False,1.0,1.0,False,False,26.906,26.906,False,True,,,True,88.91516325487895
2427,9.6,63.23,2.0,,,0,0,0,1,1,0,0,False,9.6,9.6,False,False,63.23,63.23,False,False,2.0,2.0,False,True,26.728620700424752,26.728620700424752,True,True,,,True,95.87694902487755
2428,0.0,63.2,1.0,26.295,,0,0,0,0,1,0,0,False,0.0,0.0,False,False,63.2,63.2,False,False,1.0,1.0,False,False,26.295,26.295,False,True,,,True,80.5104356984434
2429,0.0,62.49,2.0,25.176,,0,0,0,0,1,0,0,False,0.0,0.0,False,False,62.49,62.49,False,False,2.0,2.0,False,False,25.176,25.176,False,True,,,True,81.23979651970754
2430,0.0,61.78,2.0,28.416,,0,0,0,0,1,0,0,False,0.0,0.0,False,False,61.78,61.78,False,False,2.0,2.0,False,False,28.416,28.416,False,True,,,True,84.08651458878896
2431,0.0,60.16,1.0,25.442,,0,0,0,0,1,0,0,False,0.0,0.0,False,False,60.16,60.16,False,False,1.0,1.0,False,False,25.442,25.442,False,True,,,True,78.11023447018393
2432,0.0,59.47,1.0,22.397,,0,0,0,0,1,0,0,False,0.0,0.0,False,False,59.47,59.47,False,False,1.0,1.0,False,False,22.397,22.397,False,True,,,True,74.74053223701584
2433,7.0,64.31,2.0,23.932,,0,0,0,0,1,0,0,False,7.0,7.0,False,False,64.31,64.31,False,False,2.0,2.0,False,False,23.932,23.932,False,True,,,True,90.21366100507862
2434,0.1,63.0,1.0,27.921,,0,0,0,0,1,0,0,False,0.1,0.1,False,False,63.0,63.0,False,False,1.0,1.0,False,False,27.921,27.921,False,True,,,True,82.15153383897868
2435,16.6,70.76,2.0,,,0,0,0,1,1,0,0,False,16.6,16.6,False,False,70.76,70.76,False,False,2.0,2.0,False,True,27.017999999999997,27.017999999999997,True,True,,,True,109.29092333059177
2436,0.0,70.95,1.0,26.115,,0,0,0,0,1,0,0,False,0.0,0.0,False,False,70.95,70.95,False,False,1.0,1.0,False,False,26.115,26.115,False,True,,,True,84.29664045166663
2437,0.9,68.41,2.0,29.504,,0,0,0,0,1,0,0,False,0.9,0.9,False,False,68.41,68.41,False,False,2.0,2.0,False,False,29.504,29.504,False,True,,,True,89.74854565034205
2438,0.3,68.19,4.0,31.319,,0,0,0,0,1,0,0,False,0.3,0.3,False,False,68.19,68.19,False,False,4.0,4.0,False,False,31.319,31.319,False,True,,,True,95.04147854308634
2439,0.0,69.16,2.0,30.271,,0,0,0,0,1,0,0,False,0.0,0.0,False,False,69.16,69.16,False,False,2.0,2.0,False,False,30.271,30.271,False,True,,,True,89.69955231121148
2440,0.2,,2.0,29.191,,0,1,0,0,1,0,0,False,0.2,0.2,False,True,68.39201158504476,68.39201158504476,True,False,2.0,2.0,False,False,29.191,29.191,False,True,,,True,88.50172050750288
2441,0.1,,,27.142,,0,1,1,0,1,0,0,False,0.1,0.1,False,True,66.91068983675618,66.91068983675618,True,True,2.0,2.0,True,False,27.142,27.142,False,True,,,True,85.58146467854687
2442,0.0,65.95,2.0,29.864,,0,0,0,0,1,0,0,False,0.0,0.0,False,False,65.95,65.95,False,False,2.0,2.0,False,False,29.864,29.864,False,True,,,True,87.65424654659998
2443,0.0,65.76,0.0,27.86,,0,0,0,0,1,0,0,False,0.0,0.0,False,False,65.76,65.76,False,False,0.0,0.0,False,False,27.86,27.86,False,True,,,True,81.16930685878054
2444,0.5,65.31,1.0,27.151,,0,0,0,0,1,0,0,False,0.5,0.5,False,False,65.31,65.31,False,False,1.0,1.0,False,False,27.151,27.151,False,True,,,True,83.10038571162403
2445,10.6,68.78,2.0,34.161,,0,0,0,0,1,0,0,False,10.6,10.6,False,False,68.78,68.78,False,False,2.0,2.0,False,False,34.161,34.161,False,True,,,True,107.40448666288033
2446,0.7,68.78,,28.447,,0,0,1,0,1,0,0,False,0.7,0.7,False,False,68.78,68.78,False,True,1.0,1.0,True,False,28.447,28.447,False,True,,,True,86.42445016460685
2447,0.2,67.06,3.0,27.487,,0,0,0,0,1,0,0,False,0.2,0.2,False,False,67.06,67.06,False,False,3.0,3.0,False,False,27.487,27.487,False,True,,,True,88.33332062260094
2448,0.0,67.17,1.0,28.53,,0,0,0,0,1,0,0,False,0.0,0.0,False,False,67.17,67.17,False,False,1.0,1.0,False,False,28.53,28.53,False,True,,,True,84.75555076431647
2449,0.8,64.68,1.0,23.273,,0,0,0,0,1,0,0,False,0.8,0.8,False,False,64.68,64.68,False,False,1.0,1.0,False,False,23.273,23.273,False,True,,,True,79.33362244851716
2450,0.0,66.14,2.0,,,0,0,0,1,1,0,0,False,0.0,0.0,False,False,66.14,66.14,False,False,2.0,2.0,False,True,25.8185,25.8185,True,True,,,True,83.74349915284387
2451,1.8,65.14,1.0,28.364,,0,0,0,0,1,0,0,False,1.8,1.8,False,False,65.14,65.14,False,False,1.0,1.0,False,False,28.364,28.364,False,True,,,True,85.93771426507871
2452,0.0,64.41,2.0,27.223,,0,0,0,0,1,0,0,False,0.0,0.0,False,False,64.41,64.41,False,False,2.0,2.0,False,False,27.223,27.223,False,True,,,True,84.2499738388845
2453,0.0,64.8,,27.281,,0,0,1,0,1,0,0,False,0.0,0.0,False,False,64.8,64.8,False,True,1.0,1.0,True,False,27.281,27.281,False,True,,,True,82.30576624855635
2454,0.4,63.72,0.0,27.676,,0,0,0,0,1,0,0,False,0.4,0.4,False,False,63.72,63.72,False,False,0.0,0.0,False,False,27.676,27.676,False,True,,,True,80.4734640456232
2455,0.5,62.85,0.0,26.701,,0,0,0,0,1,0,0,False,0.5,0.5,False,False,62.85,62.85,False,False,0.0,0.0,False,False,26.701,26.701,False,True,,,True,79.1949690032411
2456,0.0,63.04,1.0,25.997,,0,0,0,0,1,0,0,False,0.0,0.0,False,False,63.04,63.04,False,False,1.0,1.0,False,False,25.997,25.997,False,True,,,True,80.13335383188677
2457,0.3,61.11,1.0,26.189,,0,0,0,0,1,0,0,False,0.3,0.3,False,False,61.11,61.11,False,False,1.0,1.0,False,False,26.189,26.189,False,True,,,True,79.73378697744882
2458,5.7,64.6,1.0,29.001,,0,0,0,0,1,0,0,False,5.7,5.7,False,False,64.6,64.6,False,False,1.0,1.0,False,False,29.001,29.001,False,True,,,True,91.46022329204318
2459,0.2,63.62,0.0,30.026,,0,0,0,0,1,0,0,False,0.2,0.2,False,False,63.62,63.62,False,False,0.0,0.0,False,False,30.026,30.026,False,True,,,True,82.4854835866712
2460,0.0,64.03,0.0,27.579,,0,0,0,0,1,0,0,False,0.0,0.0,False,False,64.03,64.03,False,False,0.0,0.0,False,False,27.579,27.579,False,True,,,True,80.0059293790255
2461,0.9,64.05,2.0,25.139,,0,0,0,0,1,0,0,False,0.9,0.9,False,False,64.05,64.05,False,False,2.0,2.0,False,False,25.139,25.139,False,True,,,True,83.19369949960522
2462,0.0,60.84,0.0,20.496,,0,0,0,0,1,0,0,False,0.0,0.0,False,False,60.84,60.84,False,False,0.0,0.0,False,False,20.496,20.496,False,True,,,True,71.35683327548332
2463,0.4,60.23,1.0,26.364,,0,0,0,0,1,0,0,False,0.4,0.4,False,False,60.23,60.23,False,False,1.0,1.0,False,False,26.364,26.364,False,True,,,True,79.58950004504766
2464,0.0,61.06,0.0,24.944,,0,0,0,0,1,0,0,False,0.0,0.0,False,False,61.06,61.06,False,False,0.0,0.0,False,False,24.944,24.944,False,True,,,True,75.87608056227421
2465,9.5,64.64,3.0,27.372,,0,0,0,0,1,0,0,False,9.5,9.5,False,False,64.64,64.64,False,False,3.0,3.0,False,False,27.372,27.372,False,True,,,True,99.30431523572919
2466,0.0,63.54,0.0,24.531,,0,0,0,0,1,0,0,False,0.0,0.0,False,False,63.54,63.54,False,False,0.0,0.0,False,False,24.531,24.531,False,True,,,True,76.73556554357037
2467,0.0,63.87,1.0,27.012,,0,0,0,0,1,0,0,False,0.0,0.0,False,False,63.87,63.87,False,False,1.0,1.0,False,False,27.012,27.012,False,True,,,True,81.5635195486055
2468,0.1,63.83,1.0,25.182,,0,0,0,0,1,0,0,False,0.1,0.1,False,False,63.83,63.83,False,False,1.0,1.0,False,False,25.182,25.182,False,True,,,True,79.86255091707567
2469,0.0,63.39,0.0,28.89,,0,0,0,0,1,0,0,False,0.0,0.0,False,False,63.39,63.39,False,False,0.0,0.0,False,False,28.89,28.89,False,True,,,True,80.97736457728227
2470,0.7,64.19,1.0,26.474,,0,0,0,0,1,0,0,False,0.7,0.7,False,False,64.19,64.19,False,False,1.0,1.0,False,False,26.474,26.474,False,True,,,True,82.12174005116712
2471,0.0,60.61,3.0,25.793,,0,0,0,0,1,0,0,False,0.0,0.0,False,False,60.61,60.61,False,False,3.0,3.0,False,False,25.793,25.793,False,True,,,True,83.09052397914554
2472,0.0,61.31,2.0,23.865,,0,0,0,0,1,0,0,False,0.0,0.0,False,False,61.31,61.31,False,False,2.0,2.0,False,False,23.865,23.865,False,True,,,True,79.33733534982946
2473,3.1,63.46,2.0,28.465,,0,0,0,0,1,0,0,False,3.1,3.1,False,False,63.46,63.46,False,False,2.0,2.0,False,False,28.465,28.465,False,True,,,True,89.10209646791392
2474,0.6,62.9,2.0,26.886,,0,0,0,0,1,0,0,False,0.6,0.6,False,False,62.9,62.9,False,False,2.0,2.0,False,False,26.886,26.886,False,True,,,True,83.93868266463448
2475,0.0,61.75,3.0,21.343,,0,0,0,0,1,0,0,False,0.0,0.0,False,False,61.75,61.75,False,False,3.0,3.0,False,False,21.343,21.343,False,True,,,True,79.26500697499966
2476,0.0,60.43,2.0,25.132,,0,0,0,0,1,0,0,False,0.0,0.0,False,False,60.43,60.43,False,False,2.0,2.0,False,False,25.132,25.132,False,True,,,True,80.14240637940861
2477,1.9,60.55,1.0,26.935,,0,0,0,0,1,0,0,False,1.9,1.9,False,False,60.55,60.55,False,False,1.0,1.0,False,False,26.935,26.935,False,True,,,True,82.30645790324023
2478,0.0,59.61,1.0,24.017,,0,0,0,0,1,0,0,False,0.0,0.0,False,False,59.61,59.61,False,False,1.0,1.0,False,False,24.017,24.017,False,True,,,True,76.41710987372828
2479,0.0,59.22,6.0,26.05,,0,0,0,0,1,0,0,False,0.0,0.0,False,False,59.22,59.22,False,False,6.0,6.0,False,False,26.05,26.05,False,True,,,True,89.23760383409979
2480,0.0,,1.0,25.689,,0,1,0,0,1,0,0,False,0.0,0.0,False,True,59.22886550308008,59.22886550308008,True,False,1.0,1.0,False,False,25.689,25.689,False,True,,,True,77.87861697770902
2481,0.7,59.26,2.0,28.283,,0,0,0,0,1,0,0,False,0.7,0.7,False,False,59.26,59.26,False,False,2.0,2.0,False,False,28.283,28.283,False,True,,,True,83.593165397006
2482,8.9,61.67,1.0,30.136,,0,0,0,0,1,0,0,False,8.9,8.9,False,False,61.67,61.67,False,False,1.0,1.0,False,False,30.136,30.136,False,True,,,True,95.3259690136559
2483,0.0,62.34,2.0,25.238,,0,0,0,0,1,0,0,False,0.0,0.0,False,False,62.34,62.34,False,False,2.0,2.0,False,False,25.238,25.238,False,True,,,True,81.22448801475197
2484,,64.79,0.0,29.564,,1,0,0,0,1,0,0,True,0.6,0.6,True,False,64.79,64.79,False,False,0.0,0.0,False,False,29.564,29.564,False,True,,,True,83.15630593677855
2485,0.0,64.28,1.0,24.997,,0,0,0,0,1,0,0,False,0.0,0.0,False,False,64.28,64.28,False,False,1.0,1.0,False,False,24.997,24.997,False,True,,,True,79.77696301279954
2486,0.5,64.55,1.0,24.331,,0,0,0,0,1,0,0,False,0.5,0.5,False,False,64.55,64.55,False,False,1.0,1.0,False,False,24.331,24.331,False,True,,,True,79.91778593366752
2487,0.7,61.86,2.0,30.47,,0,0,0,0,1,0,0,False,0.7,0.7,False,False,61.86,61.86,False,False,2.0,2.0,False,False,30.47,30.47,False,True,,,True,87.0898988426002
2488,0.0,63.98,0.0,,,0,0,0,1,1,0,0,False,0.0,0.0,False,False,63.98,63.98,False,False,0.0,0.0,False,True,29.9255,29.9255,True,True,,,True,82.30506732063267
2489,6.2,65.3,3.0,29.381,,0,0,0,0,1,0,0,False,6.2,6.2,False,False,65.3,65.3,False,False,3.0,3.0,False,False,29.381,29.381,False,True,,,True,97.25965243064982
2490,12.8,71.98,1.0,31.237,,0,0,0,0,1,0,0,False,12.8,12.8,False,False,71.98,71.98,False,False,1.0,1.0,False,False,31.237,31.237,False,True,,,True,106.85851749887642
2491,0.3,70.5,2.0,31.298,,0,0,0,0,1,0,0,False,0.3,0.3,False,False,70.5,70.5,False,False,2.0,2.0,False,False,31.298,31.298,False,True,,,True,91.80001092160057
2492,0.5,71.38,1.0,31.139,,0,0,0,0,1,0,0,False,0.5,0.5,False,False,71.38,71.38,False,False,1.0,1.0,False,False,31.139,31.139,False,True,,,True,90.15648702370723
2493,0.8,67.79,1.0,30.351,,0,0,0,0,1,0,0,False,0.8,0.8,False,False,67.79,67.79,False,False,1.0,1.0,False,False,30.351,30.351,False,True,,,True,87.9368407524948
2494,0.4,68.51,,27.922,,0,0,1,0,1,0,0,False,0.4,0.4,False,False,68.51,68.51,False,True,1.0,1.0,True,False,27.922,27.922,False,True,,,True,85.36869251267956
2495,0.1,68.71,1.0,26.092,,0,0,0,0,1,0,0,False,0.1,0.1,False,False,68.71,68.71,False,False,1.0,1.0,False,False,26.092,26.092,False,True,,,True,83.26047999535135
2496,,73.32,2.0,35.907,,1,0,0,0,1,0,0,True,0.4,0.4,True,False,73.32,73.32,False,False,2.0,2.0,False,False,35.907,35.907,False,True,,,True,97.94130475527847
2497,0.6,73.99,1.0,,,0,0,0,1,1,0,0,False,0.6,0.6,False,False,73.99,73.99,False,False,1.0,1.0,False,True,38.265754122621566,38.265754122621566,True,True,,,True,98.68473459661139
2498,,80.83,2.0,39.123,,1,0,0,0,1,0,0,True,0.1,0.1,True,False,80.83,80.83,False,False,2.0,2.0,False,False,39.123,39.123,False,True,,,True,104.5716966836057
2499,0.0,80.13,0.0,32.616,,0,0,0,0,1,0,0,False,0.0,0.0,False,False,80.13,80.13,False,False,0.0,0.0,False,False,32.616,32.616,False,True,,,True,93.23216589011575
2500,0.1,77.41,0.0,30.966,,0,0,0,0,1,0,0,False,0.1,0.1,False,False,77.41,77.41,False,False,0.0,0.0,False,False,30.966,30.966,False,True,,,True,90.33856485487918
2501,1.4,78.21,,32.819,,0,0,1,0,1,0,0,False,1.4,1.4,False,False,78.21,78.21,False,True,1.0,1.0,True,False,32.819,32.819,False,True,,,True,96.507332625749
2502,0.0,77.11,,33.705,,0,0,1,0,1,0,0,False,0.0,0.0,False,False,77.11,77.11,False,True,1.0,1.0,True,False,33.705,33.705,False,True,,,True,94.96734128485646
2503,0.5,73.92,1.0,29.633,,0,0,0,0,1,0,0,False,0.5,0.5,False,False,73.92,73.92,False,False,1.0,1.0,False,False,29.633,29.633,False,True,,,True,89.96381235536717
2504,0.0,75.72,1.0,33.714,,0,0,0,0,1,0,0,False,0.0,0.0,False,False,75.72,75.72,False,False,1.0,1.0,False,False,33.714,33.714,False,True,,,True,94.26519943370609
2505,0.2,74.95,1.0,30.813,,0,0,0,0,1,0,0,False,0.2,0.2,False,False,74.95,74.95,False,False,1.0,1.0,False,False,30.813,30.813,False,True,,,True,91.26224438641736
2506,0.0,72.79,3.0,30.376,,0,0,0,0,1,0,0,False,0.0,0.0,False,False,72.79,72.79,False,False,3.0,3.0,False,False,30.376,30.376,False,True,,,True,93.86168862444742
2507,0.2,73.54,1.0,29.024,,0,0,0,0,1,0,0,False,0.2,0.2,False,False,73.54,73.54,False,False,1.0,1.0,False,False,29.024,29.024,False,True,,,True,88.76856374162423
2508,0.0,72.35,0.0,27.595,,0,0,0,0,1,0,0,False,0.0,0.0,False,False,72.35,72.35,False,False,0.0,0.0,False,False,27.595,27.595,False,True,,,True,84.27789956573872
2509,0.3,71.06,,31.431,,0,0,1,0,1,0,0,False,0.3,0.3,False,False,71.06,71.06,False,True,1.0,1.0,True,False,31.431,31.431,False,True,,,True,90.01707101113057
2510,0.0,70.66,0.0,31.07,,0,0,0,0,1,0,0,False,0.0,0.0,False,False,70.66,70.66,False,False,0.0,0.0,False,False,31.07,31.07,False,True,,,True,86.85611426628452
2511,11.6,75.61,1.0,36.662,,0,0,0,0,1,0,0,False,11.6,11.6,False,False,75.61,75.61,False,False,1.0,1.0,False,False,36.662,36.662,False,True,,,True,112.50003971003748
2512,,76.82,3.0,31.084,,1,0,0,0,1,0,0,True,0.4,0.4,True,False,76.82,76.82,False,False,3.0,3.0,False,False,31.084,31.084,False,True,,,True,97.15468974852699
2513,0.7,73.72,2.0,33.402,,0,0,0,0,1,0,0,False,0.7,0.7,False,False,73.72,73.72,False,False,2.0,2.0,False,False,33.402,33.402,False,True,,,True,96.06169415709411
2514,0.0,74.36,2.0,33.451,,0,0,0,0,1,0,0,False,0.0,0.0,False,False,74.36,74.36,False,False,2.0,2.0,False,False,33.451,33.451,False,True,,,True,95.51010405202311
2515,0.5,72.12,2.0,29.955,,0,0,0,0,1,0,0,False,0.5,0.5,False,False,72.12,72.12,False,False,2.0,2.0,False,False,29.955,29.955,False,True,,,True,91.563202752466
2516,0.0,72.49,4.0,29.7,,0,0,0,0,1,0,0,False,0.0,0.0,False,False,72.49,72.49,False,False,4.0,4.0,False,False,29.7,29.7,False,True,,,True,95.23967334510333
2517,0.8,69.85,3.0,,,0,0,0,1,1,0,0,False,0.8,0.8,False,False,69.85,69.85,False,False,3.0,3.0,False,True,30.283,30.283,True,True,,,True,93.32562006897027
2518,8.9,72.92,0.0,30.866,,0,0,0,0,1,0,0,False,8.9,8.9,False,False,72.92,72.92,False,False,0.0,0.0,False,False,30.866,30.866,False,True,,,True,99.60298537982031
2519,0.5,72.85,3.0,26.693,,0,0,0,0,1,0,0,False,0.5,0.5,False,False,72.85,72.85,False,False,3.0,3.0,False,False,26.693,26.693,False,True,,,True,90.9060946771218
2520,0.0,72.8,2.0,27.335,,0,0,0,0,1,0,0,False,0.0,0.0,False,False,72.8,72.8,False,False,2.0,2.0,False,False,27.335,27.335,False,True,,,True,88.65286147262313
2521,0.1,71.55,2.0,29.632,,0,0,0,0,1,0,0,False,0.1,0.1,False,False,71.55,71.55,False,False,2.0,2.0,False,False,29.632,29.632,False,True,,,True,90.42159981937331
2522,0.0,,2.0,31.444,,0,1,0,0,1,0,0,False,0.0,0.0,False,True,71.31920631529809,71.31920631529809,True,False,2.0,2.0,False,False,31.444,31.444,False,True,,,True,91.96621031006336
2523,0.2,71.08,1.0,26.824,,0,0,0,0,1,0,0,False,0.2,0.2,False,False,71.08,71.08,False,False,1.0,1.0,False,False,26.824,26.824,False,True,,,True,85.33056836777995
2524,3.3,69.52,1.0,31.255,,0,0,0,0,1,0,0,False,3.3,3.3,False,False,69.52,69.52,False,False,1.0,1.0,False,False,31.255,31.255,False,True,,,True,93.03003781253315
2525,4.3,72.12,0.0,30.231,,0,0,0,0,1,0,0,False,4.3,4.3,False,False,72.12,72.12,False,False,0.0,0.0,False,False,30.231,30.231,False,True,,,True,92.46944817739967
2526,4.6,73.21,0.0,34.723,,0,0,0,0,1,0,0,False,4.6,4.6,False,False,73.21,73.21,False,False,0.0,0.0,False,False,34.723,34.723,False,True,,,True,97.87485025986159
2527,0.8,73.37,3.0,34.726,,0,0,0,0,1,0,0,False,0.8,0.8,False,False,73.37,73.37,False,False,3.0,3.0,False,False,34.726,34.726,False,True,,,True,99.52803778920762
2528,0.0,71.52,1.0,29.331,,0,0,0,0,1,0,0,False,0.0,0.0,False,False,71.52,71.52,False,False,1.0,1.0,False,False,29.331,29.331,False,True,,,True,87.77436882832063
2529,0.3,72.67,2.0,29.842,,0,0,0,0,1,0,0,False,0.3,0.3,False,False,72.67,72.67,False,False,2.0,2.0,False,False,29.842,29.842,False,True,,,True,91.46759755286357
2530,0.0,71.43,1.0,27.731,,0,0,0,0,1,0,0,False,0.0,0.0,False,False,71.43,71.43,False,False,1.0,1.0,False,False,27.731,27.731,False,True,,,True,86.14318315231812
2531,,70.97,3.0,29.378,,1,0,0,0,1,0,0,True,0.0,0.0,True,False,70.97,70.97,False,False,3.0,3.0,False,False,29.378,29.378,False,True,,,True,91.9419278788931
2532,0.0,69.65,3.0,27.128,,0,0,0,0,1,0,0,False,0.0,0.0,False,False,69.65,69.65,False,False,3.0,3.0,False,False,27.128,27.128,False,True,,,True,89.03756680882401
2533,,68.81,5.0,22.134,,1,0,0,0,1,0,0,True,0.0,0.0,True,False,68.81,68.81,False,False,5.0,5.0,False,False,22.134,22.134,False,True,,,True,88.06257517102638
2534,1.4,67.47,3.0,29.356,,0,0,0,0,1,0,0,False,1.4,1.4,False,False,67.47,67.47,False,False,3.0,3.0,False,False,29.356,29.356,False,True,,,True,91.98475545643204
2535,0.1,68.16,1.0,28.53,,0,0,0,0,1,0,0,False,0.1,0.1,False,False,68.16,68.16,False,False,1.0,1.0,False,False,28.53,28.53,False,True,,,True,85.39449210400913
2536,0.0,66.69,0.0,25.615,,0,0,0,0,1,0,0,False,0.0,0.0,False,False,66.69,66.69,False,False,0.0,0.0,False,False,25.615,25.615,False,True,,,True,79.42089301597831
2537,0.7,65.2,0.0,29.647,,0,0,0,0,1,0,0,False,0.7,0.7,False,False,65.2,65.2,False,False,0.0,0.0,False,False,29.647,29.647,False,True,,,True,83.58077613723506
2538,0.0,64.26,0.0,27.483,,0,0,0,0,1,0,0,False,0.0,0.0,False,False,64.26,64.26,False,False,0.0,0.0,False,False,27.483,27.483,False,True,,,True,80.02847775149813
2539,0.4,,0.0,25.526,,0,1,0,0,1,0,0,False,0.4,0.4,False,True,64.90430084745763,64.90430084745763,True,False,0.0,0.0,False,False,25.526,25.526,False,True,,,True,78.94925653560423
2540,8.4,66.74,1.0,30.363,,0,0,0,0,1,0,0,False,8.4,8.4,False,False,66.74,66.74,False,False,1.0,1.0,False,False,30.363,30.363,False,True,,,True,97.48191326526688
2541,20.4,75.81,0.0,36.435,,0,0,0,0,1,1,0,False,20.4,20.4,False,False,75.81,75.81,False,False,0.0,0.0,False,False,36.435,36.435,False,True,,,True,121.83664689261477
2542,1.4,76.94,1.0,28.908,,0,0,0,0,1,0,0,False,1.4,1.4,False,False,76.94,76.94,False,False,1.0,1.0,False,False,28.908,28.908,False,True,,,True,91.9829695735227
2543,0.5,76.7,1.0,30.781,,0,0,0,0,1,0,0,False,0.5,0.5,False,False,76.7,76.7,False,False,1.0,1.0,False,False,30.781,30.781,False,True,,,True,92.523271154267
2544,,76.17,1.0,,,1,0,0,1,1,0,0,True,1.3,1.3,True,False,76.17,76.17,False,False,1.0,1.0,False,True,30.63178125,30.63178125,True,True,,,True,93.1643478553651
2545,,74.01,4.0,,,1,0,0,1,1,0,0,True,0.8,0.8,True,False,74.01,74.01,False,False,4.0,4.0,False,True,30.3035,30.3035,True,True,,,True,97.67516381054983
2546,1.3,72.81,3.0,,,0,0,0,1,1,0,0,False,1.3,1.3,False,False,72.81,72.81,False,False,3.0,3.0,False,True,29.97521875,29.97521875,True,True,,,True,95.19741295904569
2547,0.8,70.92,0.0,29.826,,0,0,0,0,1,0,0,False,0.8,0.8,False,False,70.92,70.92,False,False,0.0,0.0,False,False,29.826,29.826,False,True,,,True,86.81670009861568
2548,0.1,69.91,1.0,31.093,,0,0,0,0,1,0,0,False,0.1,0.1,False,False,69.91,69.91,False,False,1.0,1.0,False,False,31.093,31.093,False,True,,,True,88.82891502127825
2549,0.1,68.84,3.0,29.467,,0,0,0,0,1,0,0,False,0.1,0.1,False,False,68.84,68.84,False,False,3.0,3.0,False,False,29.467,29.467,False,True,,,True,91.07299843817114
2550,0.0,69.19,2.0,31.176,,0,0,0,0,1,0,0,False,0.0,0.0,False,False,69.19,69.19,False,False,2.0,2.0,False,False,31.176,31.176,False,True,,,True,90.61149705990412
2551,0.8,68.54,0.0,26.79,,0,0,0,0,1,0,0,False,0.8,0.8,False,False,68.54,68.54,False,False,0.0,0.0,False,False,26.79,26.79,False,True,,,True,82.5913901947992
2552,0.0,67.25,1.0,27.601,,0,0,0,0,1,0,0,False,0.0,0.0,False,False,67.25,67.25,False,False,1.0,1.0,False,False,27.601,27.601,False,True,,,True,83.87609962715412
2553,0.0,65.67,3.0,27.434,,0,0,0,0,1,0,0,False,0.0,0.0,False,False,65.67,65.67,False,False,3.0,3.0,False,False,27.434,27.434,False,True,,,True,87.30474609595875
2554,0.9,65.16,1.0,,,0,0,0,1,1,0,0,False,0.9,0.9,False,False,65.16,65.16,False,False,1.0,1.0,False,True,31.242,31.242,True,True,,,True,87.60668934343205
2555,15.5,73.04,3.0,35.05,,0,0,0,0,1,0,0,False,15.5,15.5,False,False,73.04,73.04,False,False,3.0,3.0,False,False,35.05,35.05,False,True,,,True,119.1583253349478
2556,0.0,73.18,2.0,32.518,,0,0,0,0,1,0,0,False,0.0,0.0,False,False,73.18,73.18,False,False,2.0,2.0,False,False,32.518,32.518,False,True,,,True,93.9821336081437
2557,1.1,71.0,1.0,28.183,,0,0,0,0,1,0,0,False,1.1,1.1,False,False,71.0,71.0,False,False,1.0,1.0,False,False,28.183,28.183,False,True,,,True,87.82856469181371
2558,0.6,73.0,1.0,28.5,,0,0,0,0,1,0,0,False,0.6,0.6,False,False,73.0,73.0,False,False,1.0,1.0,False,False,28.5,28.5,False,True,,,True,88.50320651579943
2559,0.0,69.9,1.0,26.003,,0,0,0,0,1,0,0,False,0.0,0.0,False,False,69.9,69.9,False,False,1.0,1.0,False,False,26.003,26.003,False,True,,,True,83.64854986831286
2560,5.9,70.68,1.0,33.51,,0,0,0,0,1,0,0,False,5.9,5.9,False,False,70.68,70.68,False,False,1.0,1.0,False,False,33.51,33.51,False,True,,,True,99.30261154564751
2561,0.2,71.82,0.0,29.6,,0,0,0,0,1,0,0,False,0.2,0.2,False,False,71.82,71.82,False,False,0.0,0.0,False,False,29.6,29.6,False,True,,,True,86.25817088238041
2562,0.0,70.38,3.0,29.794,,0,0,0,0,1,0,0,False,0.0,0.0,False,False,70.38,70.38,False,False,3.0,3.0,False,False,29.794,29.794,False,True,,,True,92.05224970905347
2563,14.4,77.77,5.0,35.749,,0,0,0,0,1,0,0,False,14.4,14.4,False,False,77.77,77.77,False,False,5.0,5.0,False,False,35.749,35.749,False,True,,,True,125.2152842863816
2564,0.0,76.54,3.0,34.155,,0,0,0,0,1,0,0,False,0.0,0.0,False,False,76.54,76.54,False,False,3.0,3.0,False,False,34.155,34.155,False,True,,,True,99.52392791195304
2565,,76.3,,29.785,,1,0,1,0,1,0,0,True,1.35,1.35,True,False,76.3,76.3,False,True,2.0,2.0,True,False,29.785,29.785,False,True,,,True,94.65935656619446
2566,0.0,75.54,2.0,29.355,,0,0,0,0,1,0,0,False,0.0,0.0,False,False,75.54,75.54,False,False,2.0,2.0,False,False,29.355,29.355,False,True,,,True,92.05576269419001
2567,7.2,78.4,0.0,31.424,,0,0,0,0,1,0,0,False,7.2,7.2,False,False,78.4,78.4,False,False,0.0,0.0,False,False,31.424,31.424,False,True,,,True,100.70654369152199
2568,2.7,79.36,2.0,29.469,,0,0,0,0,1,0,0,False,2.7,2.7,False,False,79.36,79.36,False,False,2.0,2.0,False,False,29.469,29.469,False,True,,,True,97.70044743108316
2569,0.8,79.8,1.0,29.694,,0,0,0,0,1,0,0,False,0.8,0.8,False,False,79.8,79.8,False,False,1.0,1.0,False,False,29.694,29.694,False,True,,,True,93.429688512163
2570,0.0,79.01,1.0,33.442,,0,0,0,0,1,0,0,False,0.0,0.0,False,False,79.01,79.01,False,False,1.0,1.0,False,False,33.442,33.442,False,True,,,True,95.67873311274165
2571,3.2,78.86,0.0,33.23,,0,0,0,0,1,0,0,False,3.2,3.2,False,False,78.86,78.86,False,False,0.0,0.0,False,False,33.23,33.23,False,True,,,True,97.43092600277804
2572,0.0,75.43,1.0,29.292,,0,0,0,0,1,0,0,False,0.0,0.0,False,False,75.43,75.43,False,False,1.0,1.0,False,False,29.292,29.292,False,True,,,True,89.735902077064
2573,0.3,76.95,1.0,32.67,,0,0,0,0,1,0,0,False,0.3,0.3,False,False,76.95,76.95,False,False,1.0,1.0,False,False,32.67,32.67,False,True,,,True,94.25761398027065
2574,0.0,74.89,2.0,27.709,,0,0,0,0,1,0,0,False,0.0,0.0,False,False,74.89,74.89,False,False,2.0,2.0,False,False,27.709,27.709,False,True,,,True,90.09253454296594
2575,5.6,75.8,1.0,31.275,,0,0,0,0,1,0,0,False,5.6,5.6,False,False,75.8,75.8,False,False,1.0,1.0,False,False,31.275,31.275,False,True,,,True,99.30999840451678
2576,9.9,81.7,1.0,38.051,,0,0,0,0,1,0,0,False,9.9,9.9,False,False,81.7,81.7,False,False,1.0,1.0,False,False,38.051,38.051,False,True,,,True,114.73893035552507
2577,0.0,81.12,0.0,33.998,,0,0,0,0,1,0,0,False,0.0,0.0,False,False,81.12,81.12,False,False,0.0,0.0,False,False,33.998,33.998,False,True,,,True,95.10777289162897
2578,0.0,,0.0,34.405,,0,1,0,0,1,0,0,False,0.0,0.0,False,True,81.04934539642801,81.04934539642801,True,False,0.0,0.0,False,False,34.405,34.405,False,True,,,True,95.47485083215005
2579,4.0,80.97,1.0,35.519,,0,0,0,0,1,0,0,False,4.0,4.0,False,False,80.97,80.97,False,False,1.0,1.0,False,False,35.519,35.519,False,True,,,True,104.03925944134328
2580,0.3,78.47,2.0,38.908,,0,0,0,0,1,0,0,False,0.3,0.3,False,False,78.47,78.47,False,False,2.0,2.0,False,False,38.908,38.908,False,True,,,True,103.41643652322202
2581,0.0,77.37,1.0,31.626,,0,0,0,0,1,0,0,False,0.0,0.0,False,False,77.37,77.37,False,False,1.0,1.0,False,False,31.626,31.626,False,True,,,True,93.04064600209537
2582,0.0,77.94,2.0,32.15,,0,0,0,0,1,0,0,False,0.0,0.0,False,False,77.94,77.94,False,False,2.0,2.0,False,False,32.15,32.15,False,True,,,True,96.05254104691036
2583,0.0,77.37,1.0,32.813,,0,0,0,0,1,0,0,False,0.0,0.0,False,False,77.37,77.37,False,False,1.0,1.0,False,False,32.813,32.813,False,True,,,True,94.21662613902771
2584,0.0,76.53,0.0,29.286,,0,0,0,0,1,0,0,False,0.0,0.0,False,False,76.53,76.53,False,False,0.0,0.0,False,False,29.286,29.286,False,True,,,True,88.09149108900836
2585,0.0,74.62,3.0,34.003,,0,0,0,0,1,0,0,False,0.0,0.0,False,False,74.62,74.62,False,False,3.0,3.0,False,False,34.003,34.003,False,True,,,True,98.39115780380118
2586,0.6,74.35,1.0,27.975,,0,0,0,0,1,0,0,False,0.6,0.6,False,False,74.35,74.35,False,False,1.0,1.0,False,False,27.975,27.975,False,True,,,True,88.67367669520902
2587,,73.57,2.0,29.509,,1,0,0,0,1,0,0,True,0.0,0.0,True,False,73.57,73.57,False,False,2.0,2.0,False,False,29.509,29.509,False,True,,,True,91.20057410859691
2588,0.0,71.87,0.0,27.645,,0,0,0,0,1,0,0,False,0.0,0.0,False,False,71.87,71.87,False,False,0.0,0.0,False,False,27.645,27.645,False,True,,,True,84.08189006485918
2589,0.0,70.63,,29.893,,0,0,1,0,1,0,0,False,0.0,0.0,False,False,70.63,70.63,False,True,1.0,1.0,True,False,29.893,29.893,False,True,,,True,87.87586940510947
2590,0.0,70.6,2.0,30.1,,0,0,0,0,1,0,0,False,0.0,0.0,False,False,70.6,70.6,False,False,2.0,2.0,False,False,30.1,30.1,False,True,,,True,90.26677577351684
2591,0.1,69.14,1.0,29.335,,0,0,0,0,1,0,0,False,0.1,0.1,False,False,69.14,69.14,False,False,1.0,1.0,False,False,29.335,29.335,False,True,,,True,86.69334032714427
2592,0.2,69.91,0.0,31.166,,0,0,0,0,1,0,0,False,0.2,0.2,False,False,69.91,69.91,False,False,0.0,0.0,False,False,31.166,31.166,False,True,,,True,86.83256674404706
2593,0.3,67.73,0.0,29.525,,0,0,0,0,1,0,0,False,0.3,0.3,False,False,67.73,67.73,False,False,0.0,0.0,False,False,29.525,29.525,False,True,,,True,84.22412062976404
2594,0.0,66.77,0.0,28.731,,0,0,0,0,1,0,0,False,0.0,0.0,False,False,66.77,66.77,False,False,0.0,0.0,False,False,28.731,28.731,False,True,,,True,82.5488889334843
2595,0.0,68.57,1.0,28.059,,0,0,0,0,1,0,0,False,0.0,0.0,False,False,68.57,68.57,False,False,1.0,1.0,False,False,28.059,28.059,False,True,,,True,85.00509725545173
2596,0.0,67.44,1.0,29.23,,0,0,0,0,1,0,0,False,0.0,0.0,False,False,67.44,67.44,False,False,1.0,1.0,False,False,29.23,29.23,False,True,,,True,85.58717134630668
2597,0.0,,,28.053,,0,1,1,0,1,0,0,False,0.0,0.0,False,True,65.72558358596795,65.72558358596795,True,True,2.0,2.0,True,False,28.053,28.053,False,True,,,True,85.74525866728048
2598,0.0,64.63,3.0,,,0,0,0,1,1,0,0,False,0.0,0.0,False,False,64.63,64.63,False,False,3.0,3.0,False,True,28.749000000000002,28.749000000000002,True,True,,,True,88.07552306637687
2599,8.0,68.13,3.0,29.445,,0,0,0,0,1,0,0,False,8.0,8.0,False,False,68.13,68.13,False,False,3.0,3.0,False,False,29.445,29.445,False,True,,,True,101.15582693473948
2600,0.7,66.01,2.0,25.111,,0,0,0,0,1,0,0,False,0.7,0.7,False,False,66.01,66.01,False,False,2.0,2.0,False,False,25.111,25.111,False,True,,,True,83.90359452918287
2601,0.0,67.67,0.0,27.184,,0,0,0,0,1,0,0,False,0.0,0.0,False,False,67.67,67.67,False,False,0.0,0.0,False,False,27.184,27.184,False,True,,,True,81.47664842076156
2602,,64.26,1.0,27.929,,1,0,0,0,1,0,0,True,0.3,0.3,True,False,64.26,64.26,False,False,1.0,1.0,False,False,27.929,27.929,False,True,,,True,83.06902428121953
2603,0.1,63.72,2.0,29.181,,0,0,0,0,1,0,0,False,0.1,0.1,False,False,63.72,63.72,False,False,2.0,2.0,False,False,29.181,29.181,False,True,,,True,85.96932892141314
2604,0.5,63.97,0.0,25.617,,0,0,0,0,1,0,0,False,0.5,0.5,False,False,63.97,63.97,False,False,0.0,0.0,False,False,25.617,25.617,False,True,,,True,78.69397169502162
2605,0.0,64.31,2.0,26.62,,0,0,0,0,1,0,0,False,0.0,0.0,False,False,64.31,64.31,False,False,2.0,2.0,False,False,26.62,26.62,False,True,,,True,83.60141669329204
2606,0.5,62.76,1.0,25.084,,0,0,0,0,1,0,0,False,0.5,0.5,False,False,62.76,62.76,False,False,1.0,1.0,False,False,25.084,25.084,False,True,,,True,79.74811584737432
2607,0.3,61.65,0.0,25.249,,0,0,0,0,1,0,0,False,0.3,0.3,False,False,61.65,61.65,False,False,0.0,0.0,False,False,25.249,25.249,False,True,,,True,76.87757752293668
2608,0.0,62.73,2.0,26.973,,0,0,0,0,1,0,0,False,0.0,0.0,False,False,62.73,62.73,False,False,2.0,2.0,False,False,26.973,26.973,False,True,,,True,83.14288619810917
2609,0.0,60.9,2.0,26.51,,0,0,0,0,1,0,0,False,0.0,0.0,False,False,60.9,60.9,False,False,2.0,2.0,False,False,26.51,26.51,False,True,,,True,81.74804309563321
2610,13.6,69.92,2.0,29.904,,0,0,0,0,1,0,0,False,13.6,13.6,False,False,69.92,69.92,False,False,2.0,2.0,False,False,29.904,29.904,False,True,,,True,107.74530194703509
2611,0.3,67.95,2.0,28.449,,0,0,0,0,1,0,0,False,0.3,0.3,False,False,67.95,67.95,False,False,2.0,2.0,False,False,28.449,28.449,False,True,,,True,87.67300098398853
2612,0.0,67.97,4.0,27.139,,0,0,0,0,1,0,0,False,0.0,0.0,False,False,67.97,67.97,False,False,4.0,4.0,False,False,27.139,27.139,False,True,,,True,90.39023079354853
2613,0.0,67.66,1.0,28.397,,0,0,0,0,1,0,0,False,0.0,0.0,False,False,67.66,67.66,False,False,1.0,1.0,False,False,28.397,28.397,False,True,,,True,84.87444634738591
2614,4.5,70.59,3.0,28.944,,0,0,0,0,1,0,0,False,4.5,4.5,False,False,70.59,70.59,False,False,3.0,3.0,False,False,28.944,28.944,False,True,,,True,97.28025309802213
2615,0.0,68.38,0.0,29.312,,0,0,0,0,1,0,0,False,0.0,0.0,False,False,68.38,68.38,False,False,0.0,0.0,False,False,29.312,29.312,False,True,,,True,83.94809494734386
2616,0.9,68.57,0.0,30.957,,0,0,0,0,1,0,0,False,0.9,0.9,False,False,68.57,68.57,False,False,0.0,0.0,False,False,30.957,30.957,False,True,,,True,86.86755534394072
2617,6.0,70.48,0.0,31.518,,0,0,0,0,1,0,0,False,6.0,6.0,False,False,70.48,70.48,False,False,0.0,0.0,False,False,31.518,31.518,False,True,,,True,95.15812375598044
2618,0.0,70.54,5.0,30.595,,0,0,0,0,1,0,0,False,0.0,0.0,False,False,70.54,70.54,False,False,5.0,5.0,False,False,30.595,30.595,False,True,,,True,97.33001121868924
2619,0.0,69.02,,28.878,,0,0,1,0,1,0,0,False,0.0,0.0,False,False,69.02,69.02,False,True,1.0,1.0,True,False,28.878,28.878,False,True,,,True,86.04669255769588
2620,0.1,69.33,0.0,27.832,,0,0,0,0,1,0,0,False,0.1,0.1,False,False,69.33,69.33,False,False,0.0,0.0,False,False,27.832,27.832,False,True,,,True,83.10031419237848
2621,13.5,73.98,2.0,33.449,,0,0,0,0,1,0,0,False,13.5,13.5,False,False,73.98,73.98,False,False,2.0,2.0,False,False,33.449,33.449,False,True,,,True,113.20179085372123
2622,3.6,,2.0,30.327,,0,1,0,0,1,0,0,False,3.6,3.6,False,True,74.46574257425743,74.46574257425743,True,False,2.0,2.0,False,False,30.327,30.327,False,True,,,True,97.23934839868441
2623,0.3,74.62,0.0,27.641,,0,0,0,0,1,0,0,False,0.3,0.3,False,False,74.62,74.62,False,False,0.0,0.0,False,False,27.641,27.641,False,True,,,True,85.88220961814656
2624,0.0,72.78,0.0,29.256,,0,0,0,0,1,0,0,False,0.0,0.0,False,False,72.78,72.78,False,False,0.0,0.0,False,False,29.256,29.256,False,True,,,True,86.14344685909276
2625,0.0,72.57,1.0,34.59,,0,0,0,0,1,0,0,False,0.0,0.0,False,False,72.57,72.57,False,False,1.0,1.0,False,False,34.59,34.59,False,True,,,True,93.52167572573572
2626,0.0,70.67,3.0,29.056,,0,0,0,0,1,0,0,False,0.0,0.0,False,False,70.67,70.67,False,False,3.0,3.0,False,False,29.056,29.056,False,True,,,True,91.46945144095177
2627,3.6,71.41,5.0,31.782,,0,0,0,0,1,0,0,False,3.6,3.6,False,False,71.41,71.41,False,False,5.0,5.0,False,False,31.782,31.782,False,True,,,True,103.72119110473693
2628,0.0,69.71,1.0,,,0,0,0,1,1,0,0,False,0.0,0.0,False,False,69.71,69.71,False,False,1.0,1.0,False,True,31.663522675086107,31.663522675086107,True,True,,,True,89.15932639989255
2629,0.0,70.43,2.0,31.307,,0,0,0,0,1,0,0,False,0.0,0.0,False,False,70.43,70.43,False,False,2.0,2.0,False,False,31.307,31.307,False,True,,,True,91.3756062701939
2630,,71.02,1.0,28.882,,1,0,0,0,1,0,0,True,0.5,0.5,True,False,71.02,71.02,False,False,1.0,1.0,False,False,28.882,28.882,False,True,,,True,87.73628156258738
2631,0.5,70.25,0.0,26.571,,0,0,0,0,1,0,0,False,0.5,0.5,False,False,70.25,70.25,False,False,0.0,0.0,False,False,26.571,26.571,False,True,,,True,82.85166611070059
2632,0.8,67.73,,,,0,0,1,1,1,0,0,False,0.8,0.8,False,False,67.73,67.73,False,True,1.0,1.0,True,True,26.808567390020666,26.808567390020666,True,True,,,True,84.39660219200118
2633,,68.78,0.0,27.482,,1,0,0,0,1,0,0,True,0.8,0.8,True,False,68.78,68.78,False,False,0.0,0.0,False,False,27.482,27.482,False,True,,,True,83.39973846518883
2634,0.6,67.07,2.0,30.723,,0,0,0,0,1,0,1,False,0.6,0.6,False,False,67.07,67.07,False,False,2.0,2.0,False,False,30.723,30.723,False,True,,,True,89.87323563940538
2635,1.0,67.45,1.0,26.458,,0,0,0,0,1,0,0,False,1.0,1.0,False,False,67.45,67.45,False,False,1.0,1.0,False,False,26.458,26.458,False,True,,,True,84.17106290312498
2636,2.8,67.27,,,,0,0,1,1,1,0,0,False,2.8,2.8,False,False,67.27,67.27,False,True,1.0,1.0,True,True,24.768441551742857,24.768441551742857,True,True,,,True,84.79018491145507
2637,,67.41,1.0,24.073,,1,0,0,0,1,0,0,True,1.9,1.9,True,False,67.41,67.41,False,False,1.0,1.0,False,False,24.073,24.073,False,True,,,True,82.98027985986685
2638,,67.9,2.0,25.655,,1,0,0,0,1,0,0,True,1.9,1.9,True,False,67.9,67.9,False,False,2.0,2.0,False,False,25.655,25.655,False,True,,,True,86.9994284324628
2639,8.5,70.21,1.0,29.244,,0,0,0,0,1,0,0,False,8.5,8.5,False,False,70.21,70.21,False,False,1.0,1.0,False,False,29.244,29.244,False,True,,,True,98.28089394457565
2640,,68.71,0.0,27.792,,1,0,0,0,1,0,0,True,4.25,4.25,True,False,68.71,68.71,False,False,0.0,0.0,False,False,27.792,27.792,False,True,,,True,88.2424444674871
2641,0.0,68.67,1.0,27.086,,0,0,0,0,1,0,0,False,0.0,0.0,False,False,68.67,68.67,False,False,1.0,1.0,False,False,27.086,27.086,False,True,,,True,84.09228565984337
2642,0.0,,2.0,30.995,,0,1,0,0,1,0,0,False,0.0,0.0,False,True,70.23,70.23,True,False,2.0,2.0,False,False,30.995,30.995,False,True,,,True,90.96419226748202
2643,8.7,71.79,2.0,31.748,,0,0,0,0,1,0,0,False,8.7,8.7,False,False,71.79,71.79,False,False,2.0,2.0,False,False,31.748,31.748,False,True,,,True,104.0360836076302
2644,0.7,71.27,,26.876,,0,0,1,0,1,0,0,False,0.7,0.7,False,False,71.27,71.27,False,True,2.0,2.0,True,False,26.876,26.876,False,True,,,True,88.34297600191493
2645,0.0,71.08,1.0,,,0,0,0,1,1,0,0,False,0.0,0.0,False,False,71.08,71.08,False,False,1.0,1.0,False,True,29.6535,29.6535,True,True,,,True,87.8687916029367
2646,0.2,,,32.431,,0,1,1,0,1,0,0,False,0.2,0.2,False,True,70.53092548685603,70.53092548685603,True,True,2.0,2.0,True,False,32.431,32.431,False,True,,,True,92.80580826532018
2647,0.0,69.76,3.0,25.125,,0,0,0,0,1,0,0,False,0.0,0.0,False,False,69.76,69.76,False,False,3.0,3.0,False,False,25.125,25.125,False,True,,,True,87.10943304799618
2648,0.0,68.98,1.0,31.067,,0,0,0,0,1,0,0,False,0.0,0.0,False,False,68.98,68.98,False,False,1.0,1.0,False,False,31.067,31.067,False,True,,,True,88.19490822412021
2649,0.1,68.36,6.0,31.526,,0,0,0,0,1,0,0,False,0.1,0.1,False,False,68.36,68.36,False,False,6.0,6.0,False,False,31.526,31.526,False,True,,,True,99.47086188277096
2650,2.1,68.22,,28.719,,0,0,1,0,1,0,0,False,2.1,2.1,False,False,68.22,68.22,False,True,2.0,2.0,True,False,28.719,28.719,False,True,,,True,90.46368803353565
2651,0.0,68.37,1.0,,,0,0,0,1,1,0,0,False,0.0,0.0,False,False,68.37,68.37,False,False,1.0,1.0,False,True,26.858211440864963,26.858211440864963,True,True,,,True,83.71314602319015
2652,0.6,68.41,2.0,25.959,,0,0,0,0,1,0,0,False,0.6,0.6,False,False,68.41,68.41,False,False,2.0,2.0,False,False,25.959,25.959,False,True,,,True,85.83894429279896
2653,0.0,68.66,1.0,29.19,,0,0,0,0,1,0,0,False,0.0,0.0,False,False,68.66,68.66,False,False,1.0,1.0,False,False,29.19,29.19,False,True,,,True,86.17163703067813
2654,0.0,,1.0,30.443,,0,1,0,0,1,0,0,False,0.0,0.0,False,True,67.61162258392675,67.61162258392675,True,False,1.0,1.0,False,False,30.443,30.443,False,True,,,True,86.8767041062263
2655,0.9,65.5,0.0,28.823,,0,0,0,0,1,0,0,False,0.9,0.9,False,False,65.5,65.5,False,False,0.0,0.0,False,False,28.823,28.823,False,True,,,True,83.1829000734026
2656,0.0,62.56,1.0,27.807,,0,0,0,0,1,0,0,False,0.0,0.0,False,False,62.56,62.56,False,False,1.0,1.0,False,False,27.807,27.807,False,True,,,True,81.68100485417565
2657,6.0,65.27,1.0,27.047,,0,0,0,0,1,0,0,False,6.0,6.0,False,False,65.27,65.27,False,False,1.0,1.0,False,False,27.047,27.047,False,True,,,True,90.26461656110352
2658,0.0,66.05,2.0,23.499,,0,0,0,0,1,0,0,False,0.0,0.0,False,False,66.05,66.05,False,False,2.0,2.0,False,False,23.499,23.499,False,True,,,True,81.39949316637562
2659,0.0,65.45,2.0,26.958,,0,0,0,0,1,0,0,False,0.0,0.0,False,False,65.45,65.45,False,False,2.0,2.0,False,False,26.958,26.958,False,True,,,True,84.51944888512935
2660,0.0,65.23,0.0,26.778,,0,0,0,0,1,0,0,False,0.0,0.0,False,False,65.23,65.23,False,False,0.0,0.0,False,False,26.778,26.778,False,True,,,True,79.82622897573467
2661,0.8,63.93,2.0,26.566,,0,0,0,0,1,0,0,False,0.8,0.8,False,False,63.93,63.93,False,False,2.0,2.0,False,False,26.566,26.566,False,True,,,True,84.41356106291212
2662,0.0,63.03,0.0,24.65,,0,0,0,0,1,0,0,False,0.0,0.0,False,False,63.03,63.03,False,False,0.0,0.0,False,False,24.65,24.65,False,True,,,True,76.59256887897888
2663,0.5,62.7,0.0,27.637,,0,0,0,0,1,0,0,False,0.5,0.5,False,False,62.7,62.7,False,False,0.0,0.0,False,False,27.637,27.637,False,True,,,True,80.04554646263166
2664,,60.87,1.0,28.956,,1,0,0,0,1,0,0,True,0.65,0.65,True,False,60.87,60.87,False,False,1.0,1.0,False,False,28.956,28.956,False,True,,,True,82.81609053853114
2665,0.2,60.56,0.0,25.645,,0,0,0,0,1,0,0,False,0.2,0.2,False,False,60.56,60.56,False,False,0.0,0.0,False,False,25.645,25.645,False,True,,,True,76.57980452779091
2666,3.4,,0.0,,,0,1,0,1,1,0,0,False,3.4,3.4,False,True,63.080000000000005,63.080000000000005,True,False,0.0,0.0,False,True,27.0675,27.0675,True,True,,,True,83.51834354627533
2667,6.2,65.6,0.0,28.49,,0,0,0,0,1,0,0,False,6.2,6.2,False,False,65.6,65.6,False,False,0.0,0.0,False,False,28.49,28.49,False,True,,,True,89.92686602336295
2668,0.0,64.16,1.0,25.818,,0,0,0,0,1,0,0,False,0.0,0.0,False,False,64.16,64.16,False,False,1.0,1.0,False,False,25.818,25.818,False,True,,,True,80.52895469041016
2669,0.8,66.25,1.0,26.298,,0,0,0,0,1,0,0,False,0.8,0.8,False,False,66.25,66.25,False,False,1.0,1.0,False,False,26.298,26.298,False,True,,,True,83.1336767614192
2670,4.1,66.74,,29.617,,0,0,1,0,1,0,0,False,4.1,4.1,False,False,66.74,66.74,False,True,1.0,1.0,True,False,29.617,29.617,False,True,,,True,91.0451611553175
2671,7.1,69.19,2.0,24.883,,0,0,0,0,1,0,0,False,7.1,7.1,False,False,69.19,69.19,False,False,2.0,2.0,False,False,24.883,24.883,False,True,,,True,93.78471358316366
2672,0.0,67.89,3.0,28.892,,0,0,0,0,1,0,0,False,0.0,0.0,False,False,67.89,67.89,False,False,3.0,3.0,False,False,28.892,28.892,False,True,,,True,89.88485738909611
2673,0.0,66.88,0.0,26.59,,0,0,0,0,1,0,0,False,0.0,0.0,False,False,66.88,66.88,False,False,0.0,0.0,False,False,26.59,26.59,False,True,,,True,80.48403633618078
2674,0.0,66.44,2.0,27.437,,0,0,0,0,1,0,0,False,0.0,0.0,False,False,66.44,66.44,False,False,2.0,2.0,False,False,27.437,27.437,False,True,,,True,85.5004391523124
2675,0.2,65.21,1.0,,,0,0,0,1,1,0,0,False,0.2,0.2,False,False,65.21,65.21,False,False,1.0,1.0,False,True,26.3275,26.3275,True,True,,,True,81.83586323648474
2676,0.0,65.81,1.0,25.218,,0,0,0,0,1,0,0,False,0.0,0.0,False,False,65.81,65.81,False,False,1.0,1.0,False,False,25.218,25.218,False,True,,,True,80.77858697384184
2677,,63.46,3.0,26.662,,1,0,0,0,1,0,0,True,0.1,0.1,True,False,63.46,63.46,False,False,3.0,3.0,False,False,26.662,26.662,False,True,,,True,85.54188578304033
2678,0.3,64.93,1.0,30.188,,0,0,0,0,1,0,0,False,0.3,0.3,False,False,64.93,64.93,False,False,1.0,1.0,False,False,30.188,30.188,False,True,,,True,85.6497925215667
2679,0.0,64.19,1.0,26.411,,0,0,0,0,1,0,0,False,0.0,0.0,False,False,64.19,64.19,False,False,1.0,1.0,False,False,26.411,26.411,False,True,,,True,81.13179598272296
2680,0.7,62.87,3.0,23.324,,0,0,0,0,1,0,0,False,0.7,0.7,False,False,62.87,62.87,False,False,3.0,3.0,False,False,23.324,23.324,False,True,,,True,82.72808378667413
2681,0.0,62.12,2.0,24.619,,0,0,0,0,1,0,0,False,0.0,0.0,False,False,62.12,62.12,False,False,2.0,2.0,False,False,24.619,24.619,False,True,,,True,80.49869308205876
2682,0.0,61.75,1.0,24.048,,0,0,0,0,1,0,0,False,0.0,0.0,False,False,61.75,61.75,False,False,1.0,1.0,False,False,24.048,24.048,False,True,,,True,77.54254492187752
2683,0.0,61.64,3.0,23.762,,0,0,0,0,1,0,0,False,0.0,0.0,False,False,61.64,61.64,False,False,3.0,3.0,False,False,23.762,23.762,False,True,,,True,81.6052786776673
2684,0.0,61.45,3.0,26.071,,0,0,0,0,1,0,0,False,0.0,0.0,False,False,61.45,61.45,False,False,3.0,3.0,False,False,26.071,26.071,False,True,,,True,83.79564737910411
2685,0.0,58.56,1.0,21.971,,0,0,0,0,1,0,0,False,0.0,0.0,False,False,58.56,58.56,False,False,1.0,1.0,False,False,21.971,21.971,False,True,,,True,73.85297414730192
2686,0.0,59.34,,23.922,,0,0,1,0,1,0,0,False,0.0,0.0,False,False,59.34,59.34,False,True,2.0,2.0,True,False,23.922,23.922,False,True,,,True,78.38604729222085
2687,0.3,58.91,1.0,26.15,,0,0,0,0,1,0,0,False,0.3,0.3,False,False,58.91,58.91,False,False,1.0,1.0,False,False,26.15,26.15,False,True,,,True,78.56973303574921
2688,0.3,56.12,1.0,25.247,,0,0,0,0,1,0,0,False,0.3,0.3,False,False,56.12,56.12,False,False,1.0,1.0,False,False,25.247,25.247,False,True,,,True,76.24788418008747
2689,5.0,59.25,2.0,29.179,,0,0,0,0,1,0,0,False,5.0,5.0,False,False,59.25,59.25,False,False,2.0,2.0,False,False,29.179,29.179,False,True,,,True,90.17340941059064
2690,6.0,62.69,2.0,26.785,,0,0,0,0,1,0,0,False,6.0,6.0,False,False,62.69,62.69,False,False,2.0,2.0,False,False,26.785,26.785,False,True,,,True,90.88641756300161
2691,9.4,68.19,0.0,29.716,,0,0,0,0,1,0,0,False,9.4,9.4,False,False,68.19,68.19,False,False,0.0,0.0,False,False,29.716,29.716,False,True,,,True,96.70653799851665
2692,0.2,67.46,3.0,30.384,,0,0,0,0,1,0,0,False,0.2,0.2,False,False,67.46,67.46,False,False,3.0,3.0,False,False,30.384,30.384,False,True,,,True,91.40804656504845
2693,2.8,65.57,3.0,26.607,,0,0,0,0,1,0,0,False,2.8,2.8,False,False,65.57,65.57,False,False,3.0,3.0,False,False,26.607,26.607,False,True,,,True,90.14438430992237
2694,0.0,66.72,0.0,31.368,,0,0,0,0,1,0,0,False,0.0,0.0,False,False,66.72,66.72,False,False,0.0,0.0,False,False,31.368,31.368,False,True,,,True,85.13582993303491
2695,0.0,64.51,2.0,30.186,,0,0,0,0,1,0,0,False,0.0,0.0,False,False,64.51,64.51,False,False,2.0,2.0,False,False,30.186,30.186,False,True,,,True,87.23662123145282
2696,6.5,66.16,1.0,27.844,,0,0,0,0,1,0,0,False,6.5,6.5,False,False,66.16,66.16,False,False,1.0,1.0,False,False,27.844,27.844,False,True,,,True,92.17201998548448
2697,0.2,66.79,0.0,26.182,,0,0,0,0,1,0,0,False,0.2,0.2,False,False,66.79,66.79,False,False,0.0,0.0,False,False,26.182,26.182,False,True,,,True,80.29879264884073
2698,8.1,68.53,1.0,33.255,,0,0,0,0,1,0,0,False,8.1,8.1,False,False,68.53,68.53,False,False,1.0,1.0,False,False,33.255,33.255,False,True,,,True,100.86523151764256
2699,0.5,68.82,0.0,29.606,,0,0,0,0,1,0,0,False,0.5,0.5,False,False,68.82,68.82,False,False,0.0,0.0,False,False,29.606,29.606,False,True,,,True,85.1269693906859
2700,0.0,68.62,3.0,26.8,,0,0,0,0,1,0,0,False,0.0,0.0,False,False,68.62,68.62,False,False,3.0,3.0,False,False,26.8,26.8,False,True,,,True,88.18571257953275
2701,0.0,66.11,1.0,31.315,,0,0,0,0,1,0,0,False,0.0,0.0,False,False,66.11,66.11,False,False,1.0,1.0,False,False,31.315,31.315,False,True,,,True,86.97244950342957
2702,0.3,66.12,1.0,27.826,,0,0,0,0,1,0,0,False,0.3,0.3,False,False,66.12,66.12,False,False,1.0,1.0,False,False,27.826,27.826,False,True,,,True,83.91846859285363
2703,0.0,66.58,1.0,24.059,,0,0,0,0,1,0,0,False,0.0,0.0,False,False,66.58,66.58,False,False,1.0,1.0,False,False,24.059,24.059,False,True,,,True,80.02424249406542
2704,0.0,67.08,2.0,29.236,,0,0,0,0,1,0,0,False,0.0,0.0,False,False,67.08,67.08,False,False,2.0,2.0,False,False,29.236,29.236,False,True,,,True,87.61013135579076
2705,0.2,64.91,1.0,27.442,,0,0,0,0,1,0,0,False,0.2,0.2,False,False,64.91,64.91,False,False,1.0,1.0,False,False,27.442,27.442,False,True,,,True,82.786550628959
2706,0.0,64.75,2.0,29.97,,0,0,0,0,1,0,0,False,0.0,0.0,False,False,64.75,64.75,False,False,2.0,2.0,False,False,29.97,29.97,False,True,,,True,87.14539918648055
2707,2.6,65.26,1.0,26.563,,0,0,0,0,1,0,0,False,2.6,2.6,False,False,65.26,65.26,False,False,1.0,1.0,False,False,26.563,26.563,False,True,,,True,85.2748537880429
2708,0.2,64.15,1.0,26.092,,0,0,0,0,1,0,0,False,0.2,0.2,False,False,64.15,64.15,False,False,1.0,1.0,False,False,26.092,26.092,False,True,,,True,81.06030367433067
2709,0.2,62.77,2.0,26.981,,0,0,0,0,1,0,0,False,0.2,0.2,False,False,62.77,62.77,False,False,2.0,2.0,False,False,26.981,26.981,False,True,,,True,83.43628230772474
2710,0.0,62.72,1.0,30.424,,0,0,0,0,1,0,0,False,0.0,0.0,False,False,62.72,62.72,False,False,1.0,1.0,False,False,30.424,30.424,False,True,,,True,84.35555760324796
2711,0.0,64.55,1.0,25.631,,0,0,0,0,1,0,0,False,0.0,0.0,False,False,64.55,64.55,False,False,1.0,1.0,False,False,25.631,25.631,False,True,,,True,80.54319632517092
2712,0.0,59.39,3.0,24.849,,0,0,0,0,1,0,0,False,0.0,0.0,False,False,59.39,59.39,False,False,3.0,3.0,False,False,24.849,24.849,False,True,,,True,81.53119354772994
2713,0.0,59.96,0.0,22.442,,0,0,0,0,1,0,0,False,0.0,0.0,False,False,59.96,59.96,False,False,0.0,0.0,False,False,22.442,22.442,False,True,,,True,72.8346006091712
2714,1.0,59.6,1.0,20.618,,0,0,0,0,1,0,0,False,1.0,1.0,False,False,59.6,59.6,False,False,1.0,1.0,False,False,20.618,20.618,False,True,,,True,74.36959131453463
2715,8.3,,1.0,29.727,,0,1,0,0,1,0,0,False,8.3,8.3,False,True,62.09,62.09,True,False,1.0,1.0,False,False,29.727,29.727,False,True,,,True,94.34059342046254
2716,3.5,64.58,1.0,29.314,,0,0,0,0,1,0,0,False,3.5,3.5,False,False,64.58,64.58,False,False,1.0,1.0,False,False,29.314,29.314,False,True,,,True,88.84499543231385
2717,0.0,63.4,,27.739,,0,0,1,0,1,0,0,False,0.0,0.0,False,False,63.4,63.4,False,True,1.0,1.0,True,False,27.739,27.739,False,True,,,True,82.0433404467386
2718,0.0,64.77,2.0,25.818,,0,0,0,0,1,0,0,False,0.0,0.0,False,False,64.77,64.77,False,False,2.0,2.0,False,False,25.818,25.818,False,True,,,True,83.04217655236641
2719,,67.24,2.0,28.451,,1,0,0,0,1,0,0,True,0.2,0.2,True,False,67.24,67.24,False,False,2.0,2.0,False,False,28.451,28.451,False,True,,,True,87.17927584157339
2720,0.0,66.21,1.0,25.673,,0,0,0,0,1,0,0,False,0.0,0.0,False,False,66.21,66.21,False,False,1.0,1.0,False,False,25.673,25.673,False,True,,,True,81.43398394039315
2721,7.7,70.59,,31.255,,0,0,1,0,1,0,0,False,7.7,7.7,False,False,70.59,70.59,False,True,2.0,2.0,True,False,31.255,31.255,False,True,,,True,101.60875588641773
2722,0.4,69.61,,31.7,,0,0,1,0,1,0,0,False,0.4,0.4,False,False,69.61,69.61,False,True,2.0,2.0,True,False,31.7,31.7,False,True,,,True,91.8755010407233
2723,0.0,67.3,2.0,24.967,,0,0,0,0,1,0,0,False,0.0,0.0,False,False,67.3,67.3,False,False,2.0,2.0,False,False,24.967,24.967,False,True,,,True,83.49330547186618
2724,,66.1,1.0,24.137,,1,0,0,0,1,0,0,True,0.0,0.0,True,False,66.1,66.1,False,False,1.0,1.0,False,False,24.137,24.137,False,True,,,True,79.85597304696356
2725,0.0,65.72,2.0,27.49,,0,0,0,0,1,0,0,False,0.0,0.0,False,False,65.72,65.72,False,False,2.0,2.0,False,False,27.49,27.49,False,True,,,True,85.18462914445348
2726,0.0,65.52,1.0,27.231,,0,0,0,0,1,0,0,False,0.0,0.0,False,False,65.52,65.52,False,False,1.0,1.0,False,False,27.231,27.231,False,True,,,True,82.6245484050343
2727,0.0,64.59,2.0,28.92,,0,0,0,0,1,0,0,False,0.0,0.0,False,False,64.59,64.59,False,False,2.0,2.0,False,False,28.92,28.92,False,True,,,True,86.02329873275197
2728,0.0,63.91,0.0,25.223,,0,0,0,0,1,0,0,False,0.0,0.0,False,False,63.91,63.91,False,False,0.0,0.0,False,False,25.223,25.223,False,True,,,True,77.61041566907582
2729,0.3,63.67,0.0,26.574,,0,0,0,0,1,0,0,False,0.3,0.3,False,False,63.67,63.67,False,False,0.0,0.0,False,False,26.574,26.574,False,True,,,True,79.22361301429805
2730,0.0,64.07,1.0,25.215,,0,0,0,0,1,0,0,False,0.0,0.0,False,False,64.07,64.07,False,False,1.0,1.0,False,False,25.215,25.215,False,True,,,True,79.88551307213429
2731,1.8,61.29,0.0,25.232,,0,0,0,0,1,0,0,False,1.8,1.8,False,False,61.29,61.29,False,False,0.0,0.0,False,False,25.232,25.232,False,True,,,True,78.66413839426913
2732,0.0,61.98,0.0,31.241,,0,0,0,0,1,0,0,False,0.0,0.0,False,False,61.98,61.98,False,False,0.0,0.0,False,False,31.241,31.241,False,True,,,True,82.58524902676032
2733,1.0,61.34,0.0,26.487,,0,0,0,0,1,0,0,False,1.0,1.0,False,False,61.34,61.34,False,False,0.0,0.0,False,False,26.487,26.487,False,True,,,True,78.87303178702241
2734,0.6,61.78,0.0,28.488,,0,0,0,0,1,0,0,False,0.6,0.6,False,False,61.78,61.78,False,False,0.0,0.0,False,False,28.488,28.488,False,True,,,True,80.55052157645379
2735,0.4,61.42,1.0,,,0,0,0,1,1,0,0,False,0.4,0.4,False,False,61.42,61.42,False,False,1.0,1.0,False,True,24.607,24.607,True,True,,,True,78.45755942117374
2736,0.0,58.63,1.0,20.726,,0,0,0,0,1,0,0,False,0.0,0.0,False,False,58.63,58.63,False,False,1.0,1.0,False,False,20.726,20.726,False,True,,,True,72.65534116161773
2737,0.0,58.18,2.0,25.301,,0,0,0,0,1,0,0,False,0.0,0.0,False,False,58.18,58.18,False,False,2.0,2.0,False,False,25.301,25.301,False,True,,,True,79.1588437720459
2738,25.8,71.61,0.0,35.604,,0,0,0,0,1,1,0,False,25.8,25.8,False,False,71.61,71.61,False,False,0.0,0.0,False,False,35.604,35.604,False,True,,,True,126.02006356102589
2739,0.0,71.25,1.0,31.682,,0,0,0,0,1,0,0,False,0.0,0.0,False,False,71.25,71.25,False,False,1.0,1.0,False,False,31.682,31.682,False,True,,,True,89.96542339189115
2740,0.0,70.4,3.0,26.355,,0,0,0,0,1,0,0,False,0.0,0.0,False,False,70.4,70.4,False,False,3.0,3.0,False,False,26.355,26.355,False,True,,,True,88.65540773006383
2741,0.0,69.28,1.0,29.357,,0,0,0,0,1,0,0,False,0.0,0.0,False,False,69.28,69.28,False,False,1.0,1.0,False,False,29.357,29.357,False,True,,,True,86.65424933076709
2742,0.0,70.12,1.0,30.062,,0,0,0,0,1,0,0,False,0.0,0.0,False,False,70.12,70.12,False,False,1.0,1.0,False,False,30.062,30.062,False,True,,,True,87.78240855083526
2743,0.0,68.31,1.0,30.834,,0,0,0,0,1,0,0,False,0.0,0.0,False,False,68.31,68.31,False,False,1.0,1.0,False,False,30.834,30.834,False,True,,,True,87.62133101782943
2744,0.0,69.32,1.0,26.498,,0,0,0,0,1,0,0,False,0.0,0.0,False,False,69.32,69.32,False,False,1.0,1.0,False,False,26.498,26.498,False,True,,,True,83.84225380609114
2745,12.6,75.9,1.0,34.822,,0,0,0,0,1,0,0,False,12.6,12.6,False,False,75.9,75.9,False,False,1.0,1.0,False,False,34.822,34.822,False,True,,,True,112.1505135360348
2746,0.0,74.08,1.0,31.131,,0,0,0,0,1,0,0,False,0.0,0.0,False,False,74.08,74.08,False,False,1.0,1.0,False,False,31.131,31.131,False,True,,,True,90.86723299279265
2747,10.0,78.85,0.0,34.776,,0,0,0,0,1,0,0,False,10.0,10.0,False,False,78.85,78.85,False,False,0.0,0.0,False,False,34.776,34.776,False,True,,,True,107.96773893421731
2748,0.3,79.24,1.0,33.314,,0,0,0,0,1,0,0,False,0.3,0.3,False,False,79.24,79.24,False,False,1.0,1.0,False,False,33.314,33.314,False,True,,,True,96.0670909726588
2749,19.0,88.04,2.0,40.522,,0,0,0,0,1,0,0,False,19.0,19.0,False,False,88.04,88.04,False,False,2.0,2.0,False,False,40.522,40.522,False,True,,,True,134.68928543255066
2750,0.0,87.0,,34.763,,0,0,1,0,1,0,0,False,0.0,0.0,False,False,87.0,87.0,False,True,1.0,1.0,True,False,34.763,34.763,False,True,,,True,101.0747755472882
2751,0.7,86.68,3.0,37.177,,0,0,0,0,1,0,0,False,0.7,0.7,False,False,86.68,86.68,False,False,3.0,3.0,False,False,37.177,37.177,False,True,,,True,108.63254593400713
2752,0.1,85.9,0.0,38.321,,0,0,0,0,1,0,0,False,0.1,0.1,False,False,85.9,85.9,False,False,0.0,0.0,False,False,38.321,38.321,False,True,,,True,101.9683652443457
2753,0.0,83.19,,32.066,,0,0,1,0,1,0,0,False,0.0,0.0,False,False,83.19,83.19,False,True,2.0,2.0,True,False,32.066,32.066,False,True,,,True,98.65497272679265
2754,0.2,,1.0,35.797,,0,1,0,0,1,0,0,False,0.2,0.2,False,True,83.785,83.785,True,False,1.0,1.0,False,False,35.797,35.797,False,True,,,True,100.71954234306095
2755,4.8,84.38,,36.465,,0,0,1,0,1,0,0,False,4.8,4.8,False,False,84.38,84.38,False,True,1.0,1.0,True,False,36.465,36.465,False,True,,,True,107.78090487030069
2756,0.0,83.12,3.0,36.662,,0,0,0,0,1,0,0,False,0.0,0.0,False,False,83.12,83.12,False,False,3.0,3.0,False,False,36.662,36.662,False,True,,,True,105.3736704155849
2757,5.0,86.07,1.0,35.974,,0,0,0,0,1,0,0,False,5.0,5.0,False,False,86.07,86.07,False,False,1.0,1.0,False,False,35.974,35.974,False,True,,,True,108.42399560018885
2758,0.0,84.76,2.0,35.546,,0,0,0,0,1,0,0,False,0.0,0.0,False,False,84.76,84.76,False,False,2.0,2.0,False,False,35.546,35.546,False,True,,,True,102.90580291358197
2759,0.0,83.92,1.0,36.407,,0,0,0,0,1,0,0,False,0.0,0.0,False,False,83.92,83.92,False,False,1.0,1.0,False,False,36.407,36.407,False,True,,,True,101.12793057700753
2760,0.0,81.4,0.0,34.193,,0,0,0,0,1,0,0,False,0.0,0.0,False,False,81.4,81.4,False,False,0.0,0.0,False,False,34.193,34.193,False,True,,,True,95.44419731673119
2761,,82.49,0.0,36.95,,1,0,0,0,1,0,0,True,0.0,0.0,True,False,82.49,82.49,False,False,0.0,0.0,False,False,36.95,36.95,False,True,,,True,98.73319437513575
2762,,84.3,2.0,36.134,,1,0,0,0,1,0,0,True,0.0,0.0,True,False,84.3,84.3,False,False,2.0,2.0,False,False,36.134,36.134,False,True,,,True,103.25302978634961
2763,0.0,82.82,0.0,30.866,,0,0,0,0,1,0,0,False,0.0,0.0,False,False,82.82,82.82,False,False,0.0,0.0,False,False,30.866,30.866,False,True,,,True,92.87448937717633
2764,0.0,79.4,,33.725,,0,0,1,0,1,0,0,False,0.0,0.0,False,False,79.4,79.4,False,True,0.0,0.0,True,False,33.725,33.725,False,True,,,True,93.95743666884128
2765,0.0,,0.0,,,0,1,0,1,1,0,0,False,0.0,0.0,False,True,78.81084318109231,78.81084318109231,True,False,0.0,0.0,False,True,33.31903745124077,33.31903745124077,True,True,,,True,93.25385821252773
2766,0.4,78.61,1.0,32.254,,0,0,0,0,1,0,0,False,0.4,0.4,False,False,78.61,78.61,False,False,1.0,1.0,False,False,32.254,32.254,False,True,,,True,94.82715770833573
2767,0.5,78.64,,28.655,,0,0,1,0,1,0,0,False,0.5,0.5,False,False,78.64,78.64,False,True,1.0,1.0,True,False,28.655,28.655,False,True,,,True,91.40942079899656
2768,0.0,,1.0,34.924,,0,1,0,0,1,0,0,False,0.0,0.0,False,True,77.26496402877699,77.26496402877699,True,False,1.0,1.0,False,False,34.924,34.924,False,True,,,True,96.25429661262177
2769,0.0,75.88,1.0,31.123,,0,0,0,0,1,0,0,False,0.0,0.0,False,False,75.88,75.88,False,False,1.0,1.0,False,False,31.123,31.123,False,True,,,True,91.78010218012999
2770,0.0,,1.0,33.02,,0,1,0,0,1,0,0,False,0.0,0.0,False,True,75.87060739979445,75.87060739979445,True,False,1.0,1.0,False,False,33.02,33.02,False,True,,,True,93.65468601327524
2771,,75.86,1.0,33.275,,1,0,0,0,1,0,0,True,0.0,0.0,True,False,75.86,75.86,False,False,1.0,1.0,False,False,33.275,33.275,False,True,,,True,93.90189240155273
2772,0.0,74.56,0.0,33.034,,0,0,0,0,1,0,0,False,0.0,0.0,False,False,74.56,74.56,False,False,0.0,0.0,False,False,33.034,33.034,False,True,,,True,90.79693654902172
2773,0.4,74.22,0.0,29.561,,0,0,0,0,1,0,0,False,0.4,0.4,False,False,74.22,74.22,False,False,0.0,0.0,False,False,29.561,29.561,False,True,,,True,87.71226777701548
2774,0.7,,2.0,31.925,,0,1,0,0,1,0,0,False,0.7,0.7,False,True,78.00959244021601,78.00959244021601,True,False,2.0,2.0,False,False,31.925,31.925,False,True,,,True,96.79275905082235
2775,19.5,81.87,2.0,37.482,,0,0,0,0,1,0,0,False,19.5,19.5,False,False,81.87,81.87,False,False,2.0,2.0,False,False,37.482,37.482,False,True,,,True,129.18374848766314
2776,0.0,81.95,1.0,37.943,,0,0,0,0,1,0,0,False,0.0,0.0,False,False,81.95,81.95,False,False,1.0,1.0,False,False,37.943,37.943,False,True,,,True,101.64191178858421
2777,1.1,80.22,1.0,35.348,,0,0,0,0,1,0,0,False,1.1,1.1,False,False,80.22,80.22,False,False,1.0,1.0,False,False,35.348,35.348,False,True,,,True,99.64356249618639
2778,0.4,80.05,0.0,28.884,,0,0,0,0,1,0,0,False,0.4,0.4,False,False,80.05,80.05,False,False,0.0,0.0,False,False,28.884,28.884,False,True,,,True,90.02390533089759
2779,0.0,80.34,0.0,33.454,,0,0,0,0,1,0,0,False,0.0,0.0,False,False,80.34,80.34,False,False,0.0,0.0,False,False,33.454,33.454,False,True,,,True,94.16981214468206
2780,0.0,80.51,3.0,33.84,,0,0,0,0,1,0,0,False,0.0,0.0,False,False,80.51,80.51,False,False,3.0,3.0,False,False,33.84,33.84,False,True,,,True,101.24271665164459
2781,0.0,80.23,1.0,33.381,,0,0,0,0,1,0,0,False,0.0,0.0,False,False,80.23,80.23,False,False,1.0,1.0,False,False,33.381,33.381,False,True,,,True,96.24239375677983
2782,4.5,81.7,0.0,36.221,,0,0,0,0,1,0,0,False,4.5,4.5,False,False,81.7,81.7,False,False,0.0,0.0,False,False,36.221,36.221,False,True,,,True,103.56952169341216
2783,0.6,79.28,1.0,32.39,,0,0,0,0,1,0,0,False,0.6,0.6,False,False,79.28,79.28,False,False,1.0,1.0,False,False,32.39,32.39,False,True,,,True,95.56964371330938
2784,6.2,83.86,1.0,37.752,,0,0,0,0,1,0,0,False,6.2,6.2,False,False,83.86,83.86,False,False,1.0,1.0,False,False,37.752,37.752,False,True,,,True,110.64500710229314
2785,14.0,86.01,2.0,,,0,0,0,1,1,0,0,False,14.0,14.0,False,False,86.01,86.01,False,False,2.0,2.0,False,True,38.887102805401234,38.887102805401234,True,True,,,True,125.40590747342276
2786,0.2,86.3,2.0,39.289,,0,0,0,0,1,0,0,False,0.2,0.2,False,False,86.3,86.3,False,False,2.0,2.0,False,False,39.289,39.289,False,True,,,True,107.6668531513888
2787,1.8,85.78,3.0,35.315,,0,0,0,0,1,0,0,False,1.8,1.8,False,False,85.78,85.78,False,False,3.0,3.0,False,False,35.315,35.315,False,True,,,True,107.78498038813855
2788,8.8,89.11,0.0,38.6,,0,0,0,0,1,0,0,False,8.8,8.8,False,False,89.11,89.11,False,False,0.0,0.0,False,False,38.6,38.6,False,True,,,True,115.41471910992512
2789,0.4,87.44,,36.158,,0,0,1,0,1,0,0,False,0.4,0.4,False,False,87.44,87.44,False,True,2.0,2.0,True,False,36.158,36.158,False,True,,,True,105.41309909411129
2790,0.0,85.8,3.0,36.81,,0,0,0,0,1,0,0,False,0.0,0.0,False,False,85.8,85.8,False,False,3.0,3.0,False,False,36.81,36.81,False,True,,,True,106.89125773497302
2791,0.0,86.0,3.0,36.055,,0,0,0,0,1,0,0,False,0.0,0.0,False,False,86.0,86.0,False,False,3.0,3.0,False,False,36.055,36.055,False,True,,,True,106.24557754551402
2792,4.2,88.18,1.0,41.675,,0,0,0,0,1,0,0,False,4.2,4.2,False,False,88.18,88.18,False,False,1.0,1.0,False,False,41.675,41.675,False,True,,,True,114.09141187357483
2793,1.0,87.63,1.0,37.989,,0,0,0,0,1,0,0,False,1.0,1.0,False,False,87.63,87.63,False,False,1.0,1.0,False,False,37.989,37.989,False,True,,,True,105.91814560339722
2794,0.0,87.17,0.0,34.939,,0,0,0,0,1,0,0,False,0.0,0.0,False,False,87.17,87.17,False,False,0.0,0.0,False,False,34.939,34.939,False,True,,,True,99.13493086834363
2795,0.8,86.72,1.0,35.607,,0,0,0,0,1,0,0,False,0.8,0.8,False,False,86.72,86.72,False,False,1.0,1.0,False,False,35.607,35.607,False,True,,,True,102.82773834337273
2796,3.7,88.4,1.0,38.709,,0,0,0,0,1,0,0,False,3.7,3.7,False,False,88.4,88.4,False,False,1.0,1.0,False,False,38.709,38.709,False,True,,,True,110.60296852977271
2797,0.2,86.11,2.0,38.985,,0,0,0,0,1,0,0,False,0.2,0.2,False,False,86.11,86.11,False,False,2.0,2.0,False,False,38.985,38.985,False,True,,,True,107.2684804056443
2798,0.0,85.74,1.0,35.339,,0,0,0,0,1,0,0,False,0.0,0.0,False,False,85.74,85.74,False,False,1.0,1.0,False,False,35.339,35.339,False,True,,,True,101.00087164025165
2799,16.0,94.22,1.0,42.821,,0,0,0,0,1,0,0,False,16.0,16.0,False,False,94.22,94.22,False,False,1.0,1.0,False,False,42.821,42.821,False,True,,,True,133.95203911647906
2800,0.0,93.49,4.0,38.687,,0,0,0,0,1,0,0,False,0.0,0.0,False,False,93.49,93.49,False,False,4.0,4.0,False,False,38.687,38.687,False,True,,,True,114.88584725639338
2801,0.0,91.15,1.0,32.781,,0,0,0,0,1,0,0,False,0.0,0.0,False,False,91.15,91.15,False,False,1.0,1.0,False,False,32.781,32.781,False,True,,,True,101.23411986270028
2802,4.3,94.88,0.0,39.55,,0,0,0,0,1,0,0,False,4.3,4.3,False,False,94.88,94.88,False,False,0.0,0.0,False,False,39.55,39.55,False,True,,,True,113.34487267691819
2803,0.2,92.95,2.0,37.581,,0,0,0,0,1,0,0,False,0.2,0.2,False,False,92.95,92.95,False,False,2.0,2.0,False,False,37.581,37.581,False,True,,,True,109.37653553648975
2804,0.0,92.49,0.0,38.218,,0,0,0,0,1,0,0,False,0.0,0.0,False,False,92.49,92.49,False,False,0.0,0.0,False,False,38.218,38.218,False,True,,,True,105.10494984138269
2805,0.3,,3.0,42.358,,0,1,0,0,1,0,0,False,0.3,0.3,False,True,91.8817832167832,91.8817832167832,True,False,3.0,3.0,False,False,42.358,42.358,False,True,,,True,115.8964164717363
2806,0.0,91.51,1.0,33.987,,0,0,0,0,1,0,0,False,0.0,0.0,False,False,91.51,91.51,False,False,1.0,1.0,False,False,33.987,33.987,False,True,,,True,102.61308259095081
2807,0.1,92.28,0.0,37.724,,0,0,0,0,1,0,0,False,0.1,0.1,False,False,92.28,92.28,False,False,0.0,0.0,False,False,37.724,37.724,False,True,,,True,104.6406140971485
2808,0.0,89.1,0.0,36.196,,0,0,0,0,1,0,0,False,0.0,0.0,False,False,89.1,89.1,False,False,0.0,0.0,False,False,36.196,36.196,False,True,,,True,101.36755791182408
2809,3.3,89.0,3.0,39.774,,0,0,0,0,1,0,0,False,3.3,3.3,False,False,89.0,89.0,False,False,3.0,3.0,False,False,39.774,39.774,False,True,,,True,115.83734577841737
2810,7.2,92.0,1.0,40.642,,0,0,0,0,1,0,0,False,7.2,7.2,False,False,92.0,92.0,False,False,1.0,1.0,False,False,40.642,40.642,False,True,,,True,118.99725752783706
2811,0.2,92.28,2.0,,,0,0,0,1,1,0,0,False,0.2,0.2,False,False,92.28,92.28,False,False,2.0,2.0,False,True,41.69137009932044,41.69137009932044,True,True,,,True,113.10600547775304
2812,11.9,96.05,1.0,42.314,,0,0,0,0,1,0,0,False,11.9,11.9,False,False,96.05,96.05,False,False,1.0,1.0,False,False,42.314,42.314,False,True,,,True,128.9532179494826
2813,0.4,95.27,2.0,36.918,,0,0,0,0,1,0,0,False,0.4,0.4,False,False,95.27,95.27,False,False,2.0,2.0,False,False,36.918,36.918,False,True,,,True,110.17150129983229
2814,0.0,94.89,1.0,38.795,,0,0,0,0,1,0,0,False,0.0,0.0,False,False,94.89,94.89,False,False,1.0,1.0,False,False,38.795,38.795,False,True,,,True,109.10549434407193
2815,0.0,92.9,2.0,40.485,,0,0,0,0,1,0,0,False,0.0,0.0,False,False,92.9,92.9,False,False,2.0,2.0,False,False,40.485,40.485,False,True,,,True,111.96298949243626
2816,,90.66,1.0,39.04,,1,0,0,0,1,0,0,True,0.2,0.2,True,False,90.66,90.66,False,False,1.0,1.0,False,False,39.04,39.04,False,True,,,True,107.44936003040296
2817,0.0,90.72,2.0,34.848,,0,0,0,0,1,0,0,False,0.0,0.0,False,False,90.72,90.72,False,False,2.0,2.0,False,False,34.848,34.848,False,True,,,True,105.26313728224663
2818,0.4,88.75,1.0,33.374,,0,0,0,0,1,0,0,False,0.4,0.4,False,False,88.75,88.75,False,False,1.0,1.0,False,False,33.374,33.374,False,True,,,True,101.12390455847593
2819,0.9,88.85,0.0,37.1,,0,0,0,0,1,0,0,False,0.9,0.9,False,False,88.85,88.85,False,False,0.0,0.0,False,False,37.1,37.1,False,True,,,True,103.32781439758836
2820,0.5,86.77,2.0,38.361,,0,0,0,0,1,0,0,False,0.5,0.5,False,False,86.77,86.77,False,False,2.0,2.0,False,False,38.361,38.361,False,True,,,True,107.38541070182781
2821,2.3,87.4,0.0,35.917,,0,0,0,0,1,0,0,False,2.3,2.3,False,False,87.4,87.4,False,False,0.0,0.0,False,False,35.917,35.917,False,True,,,True,103.26910355946308
2822,0.0,85.74,0.0,32.949,,0,0,0,0,1,0,0,False,0.0,0.0,False,False,85.74,85.74,False,False,0.0,0.0,False,False,32.949,32.949,False,True,,,True,96.4318852114418
2823,0.2,86.4,0.0,35.078,,0,0,0,0,1,0,0,False,0.2,0.2,False,False,86.4,86.4,False,False,0.0,0.0,False,False,35.078,35.078,False,True,,,True,99.14375308834583
2824,0.0,86.22,0.0,37.025,,0,0,0,0,1,0,0,False,0.0,0.0,False,False,86.22,86.22,False,False,0.0,0.0,False,False,37.025,37.025,False,True,,,True,100.71558977970369
2825,0.6,85.7,3.0,33.65,,0,0,0,0,1,0,0,False,0.6,0.6,False,False,85.7,85.7,False,False,3.0,3.0,False,False,33.65,33.65,False,True,,,True,104.50446406184979
2826,10.1,90.04,2.0,40.402,,0,0,0,0,1,0,0,False,10.1,10.1,False,False,90.04,90.04,False,False,2.0,2.0,False,False,40.402,40.402,False,True,,,True,123.80063690503073
2827,3.1,88.28,3.0,39.665,,0,0,0,0,1,0,0,False,3.1,3.1,False,False,88.28,88.28,False,False,3.0,3.0,False,False,39.665,39.665,False,True,,,True,115.09603147443205
2828,0.3,87.81,1.0,36.645,,0,0,0,0,1,0,0,False,0.3,0.3,False,False,87.81,87.81,False,False,1.0,1.0,False,False,36.645,36.645,False,True,,,True,103.75117356632305
2829,10.5,94.52,4.0,43.588,,0,0,0,0,1,0,0,False,10.5,10.5,False,False,94.52,94.52,False,False,4.0,4.0,False,False,43.588,43.588,False,True,,,True,134.18118090896922
2830,2.0,91.59,1.0,34.31,,0,0,0,0,1,0,0,False,2.0,2.0,False,False,91.59,91.59,False,False,1.0,1.0,False,False,34.31,34.31,False,True,,,True,105.62409085111723
2831,0.0,89.97,1.0,39.157,,0,0,0,0,1,0,0,False,0.0,0.0,False,False,89.97,89.97,False,False,1.0,1.0,False,False,39.157,39.157,False,True,,,True,106.94729417100157
2832,0.3,88.41,1.0,33.972,,0,0,0,0,1,0,0,False,0.3,0.3,False,False,88.41,88.41,False,False,1.0,1.0,False,False,33.972,33.972,False,True,,,True,101.40992078575702
2833,0.6,86.28,0.0,38.328,,0,0,0,0,1,0,0,False,0.6,0.6,False,False,86.28,86.28,False,False,0.0,0.0,False,False,38.328,38.328,False,True,,,True,102.83221097256693
2834,14.0,94.47,0.0,42.078,,0,0,0,0,1,1,0,False,14.0,14.0,False,False,94.47,94.47,False,False,0.0,0.0,False,False,42.078,42.078,False,True,,,True,128.49256775545163
2835,0.3,90.69,2.0,36.896,,0,0,0,0,1,0,0,False,0.3,0.3,False,False,90.69,90.69,False,False,2.0,2.0,False,False,36.896,36.896,False,True,,,True,107.67428989694041
2836,0.4,90.57,1.0,40.612,,0,0,0,0,1,0,0,False,0.4,0.4,False,False,90.57,90.57,False,False,1.0,1.0,False,False,40.612,40.612,False,True,,,True,109.22573443162739
2837,0.0,89.92,,38.837,,0,0,1,0,1,0,0,False,0.0,0.0,False,False,89.92,89.92,False,True,0.0,0.0,True,False,38.837,38.837,False,True,,,True,104.40351265274433
2838,0.0,89.61,1.0,38.637,,0,0,0,0,1,0,0,False,0.0,0.0,False,False,89.61,89.61,False,False,1.0,1.0,False,False,38.637,38.637,False,True,,,True,106.24796276030419
2839,0.0,88.57,0.0,36.465,,0,0,0,0,1,0,0,False,0.0,0.0,False,False,88.57,88.57,False,False,0.0,0.0,False,False,36.465,36.465,False,True,,,True,101.36293762355125
2840,0.2,88.02,0.0,33.593,,0,0,0,0,1,0,0,False,0.2,0.2,False,False,88.02,88.02,False,False,0.0,0.0,False,False,33.593,33.593,False,True,,,True,98.50125494721176
2841,0.0,87.25,2.0,37.16,,0,0,0,0,1,0,0,False,0.0,0.0,False,False,87.25,87.25,False,False,2.0,2.0,False,False,37.16,37.16,False,True,,,True,105.77858517245747
2842,6.5,89.7,0.0,37.605,,0,0,0,0,1,0,0,False,6.5,6.5,False,False,89.7,89.7,False,False,0.0,0.0,False,False,37.605,37.605,False,True,,,True,111.68317748325904
2843,0.0,89.58,0.0,37.914,,0,0,0,0,1,0,0,False,0.0,0.0,False,False,89.58,89.58,False,False,0.0,0.0,False,False,37.914,37.914,False,True,,,True,103.31515366552283
2844,0.0,87.52,3.0,37.302,,0,0,0,0,1,0,0,False,0.0,0.0,False,False,87.52,87.52,False,False,3.0,3.0,False,False,37.302,37.302,False,True,,,True,108.2585608069504
2845,8.1,92.12,0.0,40.705,,0,0,0,0,1,0,0,False,8.1,8.1,False,False,92.12,92.12,False,False,0.0,0.0,False,False,40.705,40.705,False,True,,,True,118.11242149913521
2846,0.0,91.81,3.0,40.574,,0,0,0,0,1,0,0,False,0.0,0.0,False,False,91.81,91.81,False,False,3.0,3.0,False,False,40.574,40.574,False,True,,,True,113.69474545293518
2847,,90.45,3.0,37.423,,1,0,0,0,1,0,0,True,0.05,0.05,True,False,90.45,90.45,False,False,3.0,3.0,False,False,37.423,37.423,False,True,,,True,109.9435390393568
2848,0.0,90.47,0.0,33.546,,0,0,0,0,1,0,0,False,0.0,0.0,False,False,90.47,90.47,False,False,0.0,0.0,False,False,33.546,33.546,False,True,,,True,99.44298720738227
2849,0.1,86.97,2.0,35.851,,0,0,0,0,1,0,0,False,0.1,0.1,False,False,86.97,86.97,False,False,2.0,2.0,False,False,35.851,35.851,False,True,,,True,104.47100702883533
2850,1.0,87.97,1.0,40.03,,0,0,0,0,1,0,0,False,1.0,1.0,False,False,87.97,87.97,False,False,1.0,1.0,False,False,40.03,40.03,False,True,,,True,108.11412530931322
2851,9.0,91.45,0.0,43.024,,0,0,0,0,1,0,0,False,9.0,9.0,False,False,91.45,91.45,False,False,0.0,0.0,False,False,43.024,43.024,False,True,,,True,121.25968926958141
2852,0.0,89.96,2.0,38.503,,0,0,0,0,1,0,0,False,0.0,0.0,False,False,89.96,89.96,False,False,2.0,2.0,False,False,38.503,38.503,False,True,,,True,108.49542494037851
2853,0.1,88.48,1.0,37.173,,0,0,0,0,1,0,0,False,0.1,0.1,False,False,88.48,88.48,False,False,1.0,1.0,False,False,37.173,37.173,False,True,,,True,104.35200378278742
2854,0.3,88.36,0.0,32.558,,0,0,0,0,1,0,0,False,0.3,0.3,False,False,88.36,88.36,False,False,0.0,0.0,False,False,32.558,32.558,False,True,,,True,97.78229573775758
2855,0.3,87.49,3.0,38.853,,0,0,0,0,1,0,0,False,0.3,0.3,False,False,87.49,87.49,False,False,3.0,3.0,False,False,38.853,38.853,False,True,,,True,110.17732746709038
2856,0.5,86.5,2.0,36.845,,0,0,0,0,1,0,0,False,0.5,0.5,False,False,86.5,86.5,False,False,2.0,2.0,False,False,36.845,36.845,False,True,,,True,105.74536569545953
2857,0.2,86.85,1.0,35.579,,0,0,0,0,1,0,0,False,0.2,0.2,False,False,86.85,86.85,False,False,1.0,1.0,False,False,35.579,35.579,False,True,,,True,102.07147533261568
2858,0.2,85.83,1.0,36.044,,0,0,0,0,1,0,0,False,0.2,0.2,False,False,85.83,85.83,False,False,1.0,1.0,False,False,36.044,36.044,False,True,,,True,102.01037458227316
2859,0.1,83.21,1.0,34.005,,0,0,0,0,1,0,0,False,0.1,0.1,False,False,83.21,83.21,False,False,1.0,1.0,False,False,34.005,34.005,False,True,,,True,98.51753194523573
2860,0.0,82.35,2.0,30.185,,0,0,0,0,1,0,0,False,0.0,0.0,False,False,82.35,82.35,False,False,2.0,2.0,False,False,30.185,30.185,False,True,,,True,96.36173124806193
2861,3.4,83.03,1.0,32.309,,0,0,0,0,1,0,0,False,3.4,3.4,False,False,83.03,83.03,False,False,1.0,1.0,False,False,32.309,32.309,False,True,,,True,101.11783423409813
2862,3.8,81.66,1.0,35.3,,0,0,0,0,1,0,0,False,3.8,3.8,False,False,81.66,81.66,False,False,1.0,1.0,False,False,35.3,35.3,False,True,,,True,103.91025570630062
2863,0.6,82.9,3.0,34.245,,0,0,0,0,1,0,0,False,0.6,0.6,False,False,82.9,82.9,False,False,3.0,3.0,False,False,34.245,34.245,False,True,,,True,103.66159255597731
2864,0.0,,3.0,32.177,,0,1,0,0,1,0,0,False,0.0,0.0,False,True,82.86776,82.86776,True,False,3.0,3.0,False,False,32.177,32.177,False,True,,,True,100.8012741690905
2865,0.0,82.77,2.0,37.374,,0,0,0,0,1,0,0,False,0.0,0.0,False,False,82.77,82.77,False,False,2.0,2.0,False,False,37.374,37.374,False,True,,,True,103.69884220277838
2866,5.8,82.07,3.0,36.884,,0,0,0,0,1,0,0,False,5.8,5.8,False,False,82.07,82.07,False,False,3.0,3.0,False,False,36.884,36.884,False,True,,,True,112.74171889540402
2867,10.4,86.18,4.0,40.795,,0,0,0,0,1,0,0,False,10.4,10.4,False,False,86.18,86.18,False,False,4.0,4.0,False,False,40.795,40.795,False,True,,,True,127.0152566272516
2868,0.0,86.61,0.0,39.365,,0,0,0,0,1,0,0,False,0.0,0.0,False,False,86.61,86.61,False,False,0.0,0.0,False,False,39.365,39.365,False,True,,,True,103.23337126790005
2869,1.1,85.46,2.0,36.206,,0,0,0,0,1,0,0,False,1.1,1.1,False,False,85.46,85.46,False,False,2.0,2.0,False,False,36.206,36.206,False,True,,,True,105.37530801077334
2870,5.9,85.83,2.0,,,0,0,0,1,1,0,0,False,5.9,5.9,False,False,85.83,85.83,False,False,2.0,2.0,False,True,33.83852809249629,33.83852809249629,True,True,,,True,109.57928823141695
2871,,84.47,1.0,32.646,,1,0,0,0,1,0,0,True,0.65,0.65,True,False,84.47,84.47,False,False,1.0,1.0,False,False,32.646,32.646,False,True,,,True,98.54447780712418
2872,1.0,85.08,1.0,33.349,,0,0,0,0,1,0,0,False,1.0,1.0,False,False,85.08,85.08,False,False,1.0,1.0,False,False,33.349,33.349,False,True,,,True,100.01676294022003
2873,0.3,84.47,0.0,33.402,,0,0,0,0,1,0,0,False,0.3,0.3,False,False,84.47,84.47,False,False,0.0,0.0,False,False,33.402,33.402,False,True,,,True,96.62852008975572
2874,0.0,84.59,2.0,35.025,,0,0,0,0,1,0,0,False,0.0,0.0,False,False,84.59,84.59,False,False,2.0,2.0,False,False,35.025,35.025,False,True,,,True,102.30267580569365
2875,0.0,81.89,3.0,33.761,,0,0,0,0,1,0,0,False,0.0,0.0,False,False,81.89,81.89,False,False,3.0,3.0,False,False,33.761,33.761,False,True,,,True,101.87039284103415
2876,0.0,82.45,1.0,35.194,,0,0,0,0,1,0,0,False,0.0,0.0,False,False,82.45,82.45,False,False,1.0,1.0,False,False,35.194,35.194,False,True,,,True,99.17420930316993
2877,0.0,81.53,2.0,32.035,,0,0,0,0,1,0,0,False,0.0,0.0,False,False,81.53,81.53,False,False,2.0,2.0,False,False,32.035,32.035,False,True,,,True,97.77508298984023
2878,0.0,81.21,2.0,37.307,,0,0,0,0,1,0,0,False,0.0,0.0,False,False,81.21,81.21,False,False,2.0,2.0,False,False,37.307,37.307,False,True,,,True,102.83444195556353
2879,0.0,80.36,1.0,33.032,,0,0,0,0,1,0,0,False,0.0,0.0,False,False,80.36,80.36,False,False,1.0,1.0,False,False,33.032,33.032,False,True,,,True,95.96313565588099
2880,0.0,77.71,1.0,32.865,,0,0,0,0,1,0,0,False,0.0,0.0,False,False,77.71,77.71,False,False,1.0,1.0,False,False,32.865,32.865,False,True,,,True,94.44207131052211
2881,0.0,78.17,0.0,,,0,0,0,1,1,0,0,False,0.0,0.0,False,False,78.17,78.17,False,False,0.0,0.0,False,True,32.79518364281814,32.79518364281814,True,True,,,True,92.40704267491402
2882,0.0,76.57,0.0,32.766,,0,0,0,0,1,0,0,False,0.0,0.0,False,False,76.57,76.57,False,False,0.0,0.0,False,False,32.766,32.766,False,True,,,True,91.55964559635778
2883,1.5,77.52,,36.819,,0,0,1,0,1,0,0,False,1.5,1.5,False,False,77.52,77.52,False,True,1.0,1.0,True,False,36.819,36.819,False,True,,,True,100.24973020163554
2884,0.1,74.54,1.0,31.755,,0,0,0,0,1,0,1,False,0.1,0.1,False,False,74.54,74.54,False,False,1.0,1.0,False,False,31.755,31.755,False,True,,,True,91.85325829746519
2885,0.0,76.3,1.0,34.139,,0,0,0,0,1,0,0,False,0.0,0.0,False,False,76.3,76.3,False,False,1.0,1.0,False,False,34.139,34.139,False,True,,,True,94.98295440576584
2886,9.3,78.19,1.0,36.795,,0,0,0,0,1,0,0,False,9.3,9.3,False,False,78.19,78.19,False,False,1.0,1.0,False,False,36.795,36.795,False,True,,,True,110.90401590013288
2887,12.5,85.02,1.0,38.497,,0,0,0,0,1,0,0,False,12.5,12.5,False,False,85.02,85.02,False,False,1.0,1.0,False,False,38.497,38.497,False,True,,,True,120.32425237174579
2888,0.4,82.39,2.0,32.422,,0,0,0,0,1,0,1,False,0.4,0.4,False,False,82.39,82.39,False,False,2.0,2.0,False,False,32.422,32.422,False,True,,,True,99.12844205232045
2889,9.3,,1.0,34.957,,0,1,0,0,1,0,0,False,9.3,9.3,False,True,84.0195906200318,84.0195906200318,True,False,1.0,1.0,False,False,34.957,34.957,False,True,,,True,112.06522251900662
2890,,86.69,3.0,33.003,,1,0,0,0,1,0,0,True,4.8500000000000005,4.8500000000000005,True,False,86.69,86.69,False,False,3.0,3.0,False,False,33.003,33.003,False,True,,,True,110.00133363302847
2891,0.0,88.72,,,,0,0,1,1,1,0,0,False,0.0,0.0,False,False,88.72,88.72,False,True,2.0,2.0,True,True,35.437999999999995,35.437999999999995,True,True,,,True,104.82455438067046
2892,0.0,87.47,1.0,37.873,,0,0,0,0,1,0,0,False,0.0,0.0,False,False,87.47,87.47,False,False,1.0,1.0,False,False,37.873,37.873,False,True,,,True,104.39633273290355
2893,16.6,92.27,2.0,,,0,0,0,1,1,0,0,False,16.6,16.6,False,False,92.27,92.27,False,False,2.0,2.0,False,True,37.813,37.813,True,True,,,True,130.98920403610148
2894,0.0,92.2,2.0,37.753,,0,0,0,0,1,0,0,False,0.0,0.0,False,False,92.2,92.2,False,False,2.0,2.0,False,False,37.753,37.753,False,True,,,True,108.89826590453778
2895,0.0,92.53,3.0,,,0,0,0,1,1,0,0,False,0.0,0.0,False,False,92.53,92.53,False,False,3.0,3.0,False,True,37.90754498843872,37.90754498843872,True,True,,,True,111.42136322628497
2896,0.0,90.88,1.0,38.28,,0,0,0,0,1,0,0,False,0.0,0.0,False,False,90.88,90.88,False,False,1.0,1.0,False,False,38.28,38.28,False,True,,,True,106.54394904384705
2897,0.0,88.99,1.0,39.194,,0,0,0,0,1,0,0,False,0.0,0.0,False,False,88.99,88.99,False,False,1.0,1.0,False,False,39.194,39.194,False,True,,,True,106.48262899360951
2898,10.7,95.24,0.0,38.969,,0,0,0,0,1,1,0,False,10.7,10.7,False,False,95.24,95.24,False,False,0.0,0.0,False,False,38.969,38.969,False,True,,,True,121.43369020677758
2899,13.7,99.5,0.0,43.601,,0,0,0,0,1,0,0,False,13.7,13.7,False,False,99.5,99.5,False,False,0.0,0.0,False,False,43.601,43.601,False,True,,,True,132.17702637191866
2900,0.1,98.39,2.0,40.877,,0,0,0,0,1,0,0,False,0.1,0.1,False,False,98.39,98.39,False,False,2.0,2.0,False,False,40.877,40.877,False,True,,,True,115.29227887748671
2901,0.1,97.4,3.0,41.963,,0,0,0,0,1,0,0,False,0.1,0.1,False,False,97.4,97.4,False,False,3.0,3.0,False,False,41.963,41.963,False,True,,,True,118.0629341688783
2902,0.0,96.97,2.0,38.126,,0,0,0,0,1,0,0,False,0.0,0.0,False,False,96.97,96.97,False,False,2.0,2.0,False,False,38.126,38.126,False,True,,,True,111.7079095795232
2903,0.0,95.11,0.0,36.363,,0,0,0,0,1,0,0,False,0.0,0.0,False,False,95.11,95.11,False,False,0.0,0.0,False,False,36.363,36.363,False,True,,,True,104.60743943556078
2904,0.0,94.05,1.0,35.929,,0,0,0,0,1,0,0,False,0.0,0.0,False,False,94.05,94.05,False,False,1.0,1.0,False,False,35.929,35.929,False,True,,,True,105.83639740209071
2905,0.2,93.76,2.0,38.365,,0,0,0,0,1,0,0,False,0.2,0.2,False,False,93.76,93.76,False,False,2.0,2.0,False,False,38.365,38.365,False,True,,,True,110.56761475490943
2906,,93.23,6.0,39.066,,1,0,0,0,1,0,0,True,0.0,0.0,True,False,93.23,93.23,False,False,6.0,6.0,False,False,39.066,39.066,False,True,,,True,119.53067437965403
2907,0.0,90.38,2.0,38.469,,0,0,0,0,1,0,0,False,0.0,0.0,False,False,90.38,90.38,False,False,2.0,2.0,False,False,38.469,38.469,False,True,,,True,108.67659273665998
2908,0.0,90.89,2.0,39.733,,0,0,0,0,1,0,0,False,0.0,0.0,False,False,90.89,90.89,False,False,2.0,2.0,False,False,39.733,39.733,False,True,,,True,110.18974991462757
2909,0.2,,2.0,37.416,,0,1,0,0,1,0,0,False,0.2,0.2,False,True,89.72942275975811,89.72942275975811,True,False,2.0,2.0,False,False,37.416,37.416,False,True,,,True,107.56557227767475
2910,,88.18,0.0,,,1,0,0,1,1,0,0,True,0.0,0.0,True,False,88.18,88.18,False,False,0.0,0.0,False,True,37.41955428226779,37.41955428226779,True,True,,,True,102.10912445548321
2911,0.8,87.6,1.0,37.432,,0,0,0,0,1,0,0,False,0.8,0.8,False,False,87.6,87.6,False,False,1.0,1.0,False,False,37.432,37.432,False,True,,,True,105.08596182381449
2912,0.0,86.53,0.0,38.251,,0,0,0,0,1,0,0,False,0.0,0.0,False,False,86.53,86.53,False,False,0.0,0.0,False,False,38.251,38.251,False,True,,,True,102.08878919549814
2913,0.0,86.47,3.0,34.42,,0,0,0,0,1,0,0,False,0.0,0.0,False,False,86.47,86.47,False,False,3.0,3.0,False,False,34.42,34.42,False,True,,,True,104.86618633201904
2914,4.9,86.03,1.0,41.677,,0,0,0,0,1,0,0,False,4.9,4.9,False,False,86.03,86.03,False,False,1.0,1.0,False,False,41.677,41.677,False,True,,,True,113.92108388036277
2915,0.1,86.02,2.0,36.941,,0,0,0,0,1,0,0,False,0.1,0.1,False,False,86.02,86.02,False,False,2.0,2.0,False,False,36.941,36.941,False,True,,,True,105.0649125986751
2916,0.0,84.62,1.0,33.338,,0,0,0,0,1,0,0,False,0.0,0.0,False,False,84.62,84.62,False,False,1.0,1.0,False,False,33.338,33.338,False,True,,,True,98.44550945189464
2917,0.0,83.96,1.0,32.846,,0,0,0,0,1,0,0,False,0.0,0.0,False,False,83.96,83.96,False,False,1.0,1.0,False,False,32.846,32.846,False,True,,,True,97.62045227547691
2918,0.1,84.59,2.0,35.992,,0,0,0,0,1,0,0,False,0.1,0.1,False,False,84.59,84.59,False,False,2.0,2.0,False,False,35.992,35.992,False,True,,,True,103.39320251257914
2919,0.9,83.07,1.0,34.912,,0,0,0,0,1,0,0,False,0.9,0.9,False,False,83.07,83.07,False,False,1.0,1.0,False,False,34.912,34.912,False,True,,,True,100.40452724475244
2920,0.0,80.76,3.0,34.45,,0,0,0,0,1,0,0,False,0.0,0.0,False,False,80.76,80.76,False,False,3.0,3.0,False,False,34.45,34.45,False,True,,,True,101.97494172043048
2921,0.0,79.51,2.0,29.738,,0,0,0,0,1,0,0,False,0.0,0.0,False,False,79.51,79.51,False,False,2.0,2.0,False,False,29.738,29.738,False,True,,,True,94.46607134591085
2922,0.0,79.38,3.0,34.785,,0,0,0,0,1,0,0,False,0.0,0.0,False,False,79.38,79.38,False,False,3.0,3.0,False,False,34.785,34.785,False,True,,,True,101.6008888798654
2923,0.1,79.59,1.0,32.041,,0,0,0,0,1,0,0,False,0.1,0.1,False,False,79.59,79.59,False,False,1.0,1.0,False,False,32.041,32.041,False,True,,,True,94.71994442736336
2924,14.2,87.04,2.0,42.547,,0,0,0,0,1,0,0,False,14.2,14.2,False,False,87.04,87.04,False,False,2.0,2.0,False,False,42.547,42.547,False,True,,,True,129.82373452197916
2925,,85.63,2.0,32.662,,1,0,0,0,1,0,0,True,0.2,0.2,True,False,85.63,85.63,False,False,2.0,2.0,False,False,32.662,32.662,False,True,,,True,100.75863652172362
2926,0.0,,4.0,34.464,,0,1,0,0,1,0,0,False,0.0,0.0,False,True,84.78494851258581,84.78494851258581,True,False,4.0,4.0,False,False,34.464,34.464,False,True,,,True,106.2489598493673
2927,0.3,84.39,1.0,34.795,,0,0,0,0,1,0,0,False,0.3,0.3,False,False,84.39,84.39,False,False,1.0,1.0,False,False,34.795,34.795,False,True,,,True,100.1688382423061
2928,0.4,,0.0,32.635,,0,1,0,0,1,0,0,False,0.4,0.4,False,True,85.66159600997507,85.66159600997507,True,False,0.0,0.0,False,False,32.635,32.635,False,True,,,True,96.61070908877574
2929,15.0,87.15,0.0,40.014,,0,0,0,0,1,0,0,False,15.0,15.0,False,False,87.15,87.15,False,False,0.0,0.0,False,False,40.014,40.014,False,True,,,True,124.02820486329445
2930,0.5,87.43,0.0,38.208,,0,0,0,0,1,0,0,False,0.5,0.5,False,False,87.43,87.43,False,False,0.0,0.0,False,False,38.208,38.208,False,True,,,True,103.16910653386532
2931,0.5,88.11,0.0,32.769,,0,0,0,0,1,0,0,False,0.5,0.5,False,False,88.11,88.11,False,False,0.0,0.0,False,False,32.769,32.769,False,True,,,True,98.1284569450799
2932,8.6,90.25,1.0,42.892,,0,0,0,0,1,0,0,False,8.6,8.6,False,False,90.25,90.25,False,False,1.0,1.0,False,False,42.892,42.892,False,True,,,True,122.18620960659854
2933,8.7,,1.0,40.055,,0,1,0,0,1,0,0,False,8.7,8.7,False,True,93.6638170974155,93.6638170974155,True,False,1.0,1.0,False,False,40.055,40.055,False,True,,,True,121.2543993261157
2934,0.3,95.88,,39.908,,0,0,1,0,1,0,0,False,0.3,0.3,False,False,95.88,90.25,False,True,1.0,1.0,True,False,39.908,39.908,False,True,,,True,108.23206921287961
2935,,92.43,0.0,38.153,,1,0,0,0,1,0,0,True,0.15,0.15,True,False,92.43,92.43,False,False,0.0,0.0,False,False,38.153,38.153,False,True,,,True,105.20861632709442
2936,0.0,92.44,2.0,40.047,,0,0,0,0,1,0,0,False,0.0,0.0,False,False,92.44,92.44,False,False,2.0,2.0,False,False,40.047,40.047,False,True,,,True,111.29374153749322
2937,0.0,90.49,1.0,37.344,,0,0,0,0,1,0,0,False,0.0,0.0,False,False,90.49,90.49,False,False,1.0,1.0,False,False,37.344,37.344,False,True,,,True,105.41713310936005
2938,0.0,89.04,2.0,36.976,,0,0,0,0,1,0,0,False,0.0,0.0,False,False,89.04,89.04,False,False,2.0,2.0,False,False,36.976,36.976,False,True,,,True,106.51197278016137
2939,0.3,87.61,3.0,36.623,,0,0,0,0,1,0,0,False,0.3,0.3,False,False,87.61,87.61,False,False,3.0,3.0,False,False,36.623,36.623,False,True,,,True,108.02941665473867
2940,0.0,86.82,2.0,35.746,,0,0,0,0,1,0,0,False,0.0,0.0,False,False,86.82,86.82,False,False,2.0,2.0,False,False,35.746,35.746,False,True,,,True,104.15774478207084
2941,0.8,86.19,1.0,34.325,,0,0,0,0,1,0,0,False,0.8,0.8,False,False,86.19,86.19,False,False,1.0,1.0,False,False,34.325,34.325,False,True,,,True,101.28651721905771
2942,0.0,85.67,0.0,32.067,,0,0,0,0,1,0,0,False,0.0,0.0,False,False,85.67,85.67,False,False,0.0,0.0,False,False,32.067,32.067,False,True,,,True,95.52226482622869
2943,0.0,84.28,0.0,33.156,,0,0,0,0,1,0,0,False,0.0,0.0,False,False,84.28,84.28,False,False,0.0,0.0,False,False,33.156,33.156,False,True,,,True,95.89009647793168
2944,0.0,84.08,2.0,30.661,,0,0,0,0,1,0,0,False,0.0,0.0,False,False,84.08,84.08,False,False,2.0,2.0,False,False,30.661,30.661,False,True,,,True,97.7182983880544
2945,1.1,81.79,4.0,33.736,,0,0,0,0,1,0,0,False,1.1,1.1,False,False,81.79,81.79,False,False,4.0,4.0,False,False,33.736,33.736,False,True,,,True,105.4531898471943
2946,0.0,81.1,3.0,36.764,,0,0,0,0,1,0,0,False,0.0,0.0,False,False,81.1,81.1,False,False,3.0,3.0,False,False,36.764,36.764,False,True,,,True,104.44138695067883
2947,0.0,79.76,3.0,31.81,,0,0,0,0,1,0,0,False,0.0,0.0,False,False,79.76,79.76,False,False,3.0,3.0,False,False,31.81,31.81,False,True,,,True,98.84789820401777
2948,0.0,79.69,2.0,30.45,,0,0,0,0,1,0,0,False,0.0,0.0,False,False,79.69,79.69,False,False,2.0,2.0,False,False,30.45,30.45,False,True,,,True,95.26354077652779
2949,0.0,79.4,4.0,33.783,,0,0,0,0,1,0,0,False,0.0,0.0,False,False,79.4,79.4,False,False,4.0,4.0,False,False,33.783,33.783,False,True,,,True,102.81959699138383
2950,0.0,79.62,4.0,32.612,,0,0,0,0,1,0,0,False,0.0,0.0,False,False,79.62,79.62,False,False,4.0,4.0,False,False,32.612,32.612,False,True,,,True,101.77200991471824
2951,0.0,77.72,0.0,29.679,,0,0,0,0,1,0,0,False,0.0,0.0,False,False,77.72,77.72,False,False,0.0,0.0,False,False,29.679,29.679,False,True,,,True,89.08959030877769
2952,1.0,76.93,4.0,31.597,,0,0,0,0,1,0,0,False,1.0,1.0,False,False,76.93,76.93,False,False,4.0,4.0,False,False,31.597,31.597,False,True,,,True,100.71539747060376
2953,0.1,77.73,,34.138,,0,0,1,0,1,0,0,False,0.1,0.1,False,False,77.73,77.73,False,True,3.0,3.0,True,False,34.138,34.138,False,True,,,True,100.24833762246982
2954,5.5,80.07,4.0,34.316,,0,0,0,0,1,0,0,False,5.5,5.5,False,False,80.07,80.07,False,False,4.0,4.0,False,False,34.316,34.316,False,True,,,True,110.97811650378418
2955,1.8,,0.0,32.339,,0,1,0,0,1,0,0,False,1.8,1.8,False,True,79.89460321864595,79.89460321864595,True,False,0.0,0.0,False,False,32.339,32.339,False,True,,,True,95.2223940707179
2956,0.7,79.5,2.0,32.039,,0,0,0,0,1,0,0,False,0.7,0.7,False,False,79.5,79.5,False,False,2.0,2.0,False,False,32.039,32.039,False,True,,,True,97.66812275684008
2957,0.0,78.73,1.0,34.419,,0,0,0,0,1,0,0,False,0.0,0.0,False,False,78.73,78.73,False,False,1.0,1.0,False,False,34.419,34.419,False,True,,,True,96.50342808147659
2958,0.2,79.29,0.0,30.866,,0,0,0,0,1,0,0,False,0.2,0.2,False,False,79.29,79.29,False,False,0.0,0.0,False,False,30.866,30.866,False,True,,,True,91.33371650511472
2959,0.0,,1.0,35.988,,0,1,0,0,1,0,0,False,0.0,0.0,False,True,79.07323008849558,79.07323008849558,True,False,1.0,1.0,False,False,35.988,35.988,False,True,,,True,98.23344209859081
2960,0.1,78.6,1.0,30.326,,0,0,0,0,1,0,0,False,0.1,0.1,False,False,78.6,78.6,False,False,1.0,1.0,False,False,30.326,30.326,False,True,,,True,92.51442892913703
2961,0.0,77.76,4.0,34.582,,0,0,0,0,1,0,0,False,0.0,0.0,False,False,77.76,77.76,False,False,4.0,4.0,False,False,34.582,34.582,False,True,,,True,102.77223276033155
2962,0.0,77.36,0.0,31.803,,0,0,0,0,1,0,0,False,0.0,0.0,False,False,77.36,77.36,False,False,0.0,0.0,False,False,31.803,31.803,False,True,,,True,91.00971254765832
2963,0.0,79.51,0.0,,,0,0,0,1,1,0,0,False,0.0,0.0,False,False,79.51,79.51,False,False,0.0,0.0,False,True,29.704664233864605,29.704664233864605,True,True,,,True,90.03069567086231
2964,1.0,76.19,3.0,28.645,,0,0,0,0,1,0,0,False,1.0,1.0,False,False,76.19,76.19,False,False,3.0,3.0,False,False,28.645,28.645,False,True,,,True,95.21107951239918
2965,0.0,73.79,2.0,29.758,,0,0,0,0,1,0,0,False,0.0,0.0,False,False,73.79,73.79,False,False,2.0,2.0,False,False,29.758,29.758,False,True,,,True,91.55980404494221
2966,0.0,74.31,1.0,28.99,,0,0,0,0,1,0,0,False,0.0,0.0,False,False,74.31,74.31,False,False,1.0,1.0,False,False,28.99,28.99,False,True,,,True,88.86376672328832
2967,0.0,73.84,0.0,29.221,,0,0,0,0,1,0,0,False,0.0,0.0,False,False,73.84,73.84,False,False,0.0,0.0,False,False,29.221,29.221,False,True,,,True,86.65101768743033
2968,0.0,73.69,1.0,31.086,,0,0,0,0,1,0,0,False,0.0,0.0,False,False,73.69,73.69,False,False,1.0,1.0,False,False,31.086,31.086,False,True,,,True,90.62314519815966
2969,8.9,,0.0,32.433,,0,1,0,0,1,0,0,False,8.9,8.9,False,True,74.785,74.785,True,False,0.0,0.0,False,False,32.433,32.433,False,True,,,True,102.10948351971003
2970,0.0,75.88,1.0,31.975,,0,0,0,0,1,0,0,False,0.0,0.0,False,False,75.88,75.88,False,False,1.0,1.0,False,False,31.975,31.975,False,True,,,True,92.62419238793652
2971,0.2,74.5,,31.599,,0,0,1,0,1,0,0,False,0.2,0.2,False,False,74.5,74.5,False,True,1.0,1.0,True,False,31.599,31.599,False,True,,,True,91.81074859535805
2972,2.3,75.03,1.0,30.793,,0,0,0,0,1,0,0,False,2.3,2.3,False,False,75.03,75.03,False,False,1.0,1.0,False,False,30.793,30.793,False,True,,,True,94.06594112315639
2973,,76.07,,29.811,,1,0,1,0,1,0,0,True,0.1,0.1,True,False,76.07,76.07,False,True,1.0,1.0,True,False,29.811,29.811,False,True,,,True,90.70998167176904
2974,0.0,,1.0,29.475,,0,1,0,0,1,0,0,False,0.0,0.0,False,True,74.58000000000001,74.58000000000001,True,False,1.0,1.0,False,False,29.475,29.475,False,True,,,True,89.48238332091421
2975,0.0,73.09,2.0,27.097,,0,0,0,0,1,0,0,False,0.0,0.0,False,False,73.09,73.09,False,False,2.0,2.0,False,False,27.097,27.097,False,True,,,True,88.56542130769427
2976,0.3,74.48,2.0,32.454,,0,0,0,0,1,0,0,False,0.3,0.3,False,False,74.48,74.48,False,False,2.0,2.0,False,False,32.454,32.454,False,True,,,True,94.98125872814325
2977,0.0,72.08,0.0,32.883,,0,0,0,0,1,0,0,False,0.0,0.0,False,False,72.08,72.08,False,False,0.0,0.0,False,False,32.883,32.883,False,True,,,True,89.37868762734657
2978,0.0,71.49,1.0,28.802,,0,0,0,0,1,0,0,False,0.0,0.0,False,False,71.49,71.49,False,False,1.0,1.0,False,False,28.802,28.802,False,True,,,True,87.23493337321396
2979,0.0,69.34,1.0,28.846,,0,0,0,0,1,0,0,False,0.0,0.0,False,False,69.34,69.34,False,False,1.0,1.0,False,False,28.846,28.846,False,True,,,True,86.17868651322405
2980,0.2,69.75,1.0,30.891,,0,0,0,0,1,0,0,False,0.2,0.2,False,False,69.75,69.75,False,False,1.0,1.0,False,False,30.891,30.891,False,True,,,True,88.67944604588001
2981,12.9,75.76,2.0,40.418,,0,0,0,0,1,0,0,False,12.9,12.9,False,False,75.76,75.76,False,False,2.0,2.0,False,False,40.418,40.418,False,True,,,True,120.22163114600413
2982,0.0,74.46,0.0,32.815,,0,0,0,0,1,0,0,False,0.0,0.0,False,False,74.46,74.46,False,False,0.0,0.0,False,False,32.815,32.815,False,True,,,True,90.528814426666
2983,3.2,75.67,1.0,35.319,,0,0,0,0,1,0,0,False,3.2,3.2,False,False,75.67,75.67,False,False,1.0,1.0,False,False,35.319,35.319,False,True,,,True,100.06985363948225
2984,0.6,77.32,0.0,34.654,,0,0,0,0,1,0,0,False,0.6,0.6,False,False,77.32,77.32,False,False,0.0,0.0,False,False,34.654,34.654,False,True,,,True,94.6088071547787
2985,0.3,76.44,4.0,31.879,,0,0,0,0,1,0,0,False,0.3,0.3,False,False,76.44,76.44,False,False,4.0,4.0,False,False,31.879,31.879,False,True,,,True,99.81658965483544
2986,0.0,76.76,1.0,33.258,,0,0,0,0,1,0,0,False,0.0,0.0,False,False,76.76,76.76,False,False,1.0,1.0,False,False,33.258,33.258,False,True,,,True,94.34544768453891
2987,0.0,73.92,2.0,,,0,0,0,1,1,0,0,False,0.0,0.0,False,False,73.92,73.92,False,False,2.0,2.0,False,True,33.87493234836703,33.87493234836703,True,True,,,True,95.70501749801409
2988,0.0,73.42,4.0,34.138,,0,0,0,0,1,0,0,False,0.0,0.0,False,False,73.42,73.42,False,False,4.0,4.0,False,False,34.138,34.138,False,True,,,True,100.11221590930938
2989,0.0,73.01,1.0,30.883,,0,0,0,0,1,0,0,False,0.0,0.0,False,False,73.01,73.01,False,False,1.0,1.0,False,False,30.883,30.883,False,True,,,True,90.07417395074265
2990,0.1,73.01,0.0,27.353,,0,0,0,0,1,0,0,False,0.1,0.1,False,False,73.01,73.01,False,False,0.0,0.0,False,False,27.353,27.353,False,True,,,True,84.50827518204791
2991,7.7,75.71,3.0,32.319,,0,0,0,0,1,1,0,False,7.7,7.7,False,False,75.71,75.71,False,False,3.0,3.0,False,False,32.319,32.319,False,True,,,True,107.48320261171267
2992,0.0,75.23,0.0,31.824,,0,0,0,0,1,0,0,False,0.0,0.0,False,False,75.23,75.23,False,False,0.0,0.0,False,False,31.824,31.824,False,True,,,True,89.94091026955567
2993,0.1,74.93,2.0,30.558,,0,0,0,0,1,0,0,False,0.1,0.1,False,False,74.93,74.93,False,False,2.0,2.0,False,False,30.558,30.558,False,True,,,True,93.06805125946043
2994,0.0,72.93,1.0,29.833,,0,0,0,0,1,0,0,False,0.0,0.0,False,False,72.93,72.93,False,False,1.0,1.0,False,False,29.833,29.833,False,True,,,True,88.99299771554686
2995,0.9,72.65,2.0,30.869,,0,0,0,0,1,0,0,False,0.9,0.9,False,False,72.65,72.65,False,False,2.0,2.0,False,False,30.869,30.869,False,True,,,True,93.26985685424259
2996,0.0,72.4,2.0,29.711,,0,0,0,0,1,0,0,False,0.0,0.0,False,False,72.4,72.4,False,False,2.0,2.0,False,False,29.711,29.711,False,True,,,True,90.80218208623648
2997,0.0,70.65,2.0,27.089,,0,0,0,0,1,0,0,False,0.0,0.0,False,False,70.65,70.65,False,False,2.0,2.0,False,False,27.089,27.089,False,True,,,True,87.30930691279295
2998,0.0,69.71,0.0,31.857,,0,0,0,0,1,0,0,False,0.0,0.0,False,False,69.71,69.71,False,False,0.0,0.0,False,False,31.857,31.857,False,True,,,True,87.14983282560154
2999,7.9,73.91,1.0,33.554,,0,0,0,0,1,0,0,False,7.9,7.9,False,False,73.91,73.91,False,False,1.0,1.0,False,False,33.554,33.554,False,True,,,True,103.64860108897265
3000,0.0,70.62,1.0,,,0,0,0,1,1,0,0,False,0.0,0.0,False,False,70.62,70.62,False,False,1.0,1.0,False,True,33.33,33.33,True,True,,,True,91.27584547900302
3001,0.0,74.19,1.0,,,0,0,0,1,1,0,0,False,0.0,0.0,False,False,74.19,74.19,False,False,1.0,1.0,False,True,32.913999999999994,32.913999999999994,True,True,,,True,92.68995078918962
3002,10.4,77.43,1.0,32.69,,0,0,0,0,1,0,0,False,10.4,10.4,False,False,77.43,77.43,False,False,1.0,1.0,False,False,32.69,32.69,False,True,,,True,107.90589128586332
3003,0.0,76.36,0.0,32.964,,0,0,0,0,1,0,0,False,0.0,0.0,False,False,76.36,76.36,False,False,0.0,0.0,False,False,32.964,32.964,False,True,,,True,91.64838133156562
3004,0.0,76.5,1.0,34.501,,0,0,0,0,1,0,0,False,0.0,0.0,False,False,76.5,76.5,False,False,1.0,1.0,False,False,34.501,34.501,False,True,,,True,95.443904218795
3005,4.2,76.47,1.0,31.165,,0,0,0,0,1,0,0,False,4.2,4.2,False,False,76.47,76.47,False,False,1.0,1.0,False,False,31.165,31.165,False,True,,,True,97.68870205714224
3006,0.6,74.7,1.0,33.54,,0,0,0,0,1,0,0,False,0.6,0.6,False,False,74.7,74.7,False,False,1.0,1.0,False,False,33.54,33.54,False,True,,,True,94.36605583960386
3007,0.0,74.45,3.0,30.709,,0,0,0,0,1,0,0,False,0.0,0.0,False,False,74.45,74.45,False,False,3.0,3.0,False,False,30.709,30.709,False,True,,,True,95.04077465571623
3008,0.0,73.08,0.0,33.907,,0,0,0,0,1,0,0,False,0.0,0.0,False,False,73.08,73.08,False,False,0.0,0.0,False,False,33.907,33.907,False,True,,,True,90.90473375430462
3009,0.1,72.7,0.0,26.931,,0,0,0,0,1,0,0,False,0.1,0.1,False,False,72.7,72.7,False,False,0.0,0.0,False,False,26.931,26.931,False,True,,,True,83.9316115961554
3010,0.7,72.79,2.0,29.7,,0,0,0,0,1,0,0,False,0.7,0.7,False,False,72.79,72.79,False,False,2.0,2.0,False,False,29.7,29.7,False,True,,,True,91.91831872075848
3011,0.0,71.44,3.0,28.132,,0,0,0,0,1,0,0,False,0.0,0.0,False,False,71.44,71.44,False,False,3.0,3.0,False,False,28.132,28.132,False,True,,,True,90.94792526966658
3012,0.4,71.23,,28.04,,0,0,1,0,1,0,0,False,0.4,0.4,False,False,71.23,71.23,False,True,2.0,2.0,True,False,28.04,28.04,False,True,,,True,89.07819515078734
3013,9.1,75.73,2.0,31.845,,0,0,0,0,1,0,0,False,9.1,9.1,False,False,75.73,75.73,False,False,2.0,2.0,False,False,31.845,31.845,False,True,,,True,106.67771738378316
3014,0.0,74.59,4.0,34.167,,0,0,0,0,1,0,0,False,0.0,0.0,False,False,74.59,74.59,False,False,4.0,4.0,False,False,34.167,34.167,False,True,,,True,100.73946337533569
3015,1.2,73.3,0.0,29.538,,0,0,0,0,1,0,0,False,1.2,1.2,False,False,73.3,73.3,False,False,0.0,0.0,False,False,29.538,29.538,False,True,,,True,88.27888587393585
3016,0.0,71.24,2.0,28.775,,0,0,0,0,1,0,0,False,0.0,0.0,False,False,71.24,71.24,False,False,2.0,2.0,False,False,28.775,28.775,False,True,,,True,89.28147054837123
3017,9.6,76.4,1.0,31.65,,0,0,0,0,1,0,0,False,9.6,9.6,False,False,76.4,76.4,False,False,1.0,1.0,False,False,31.65,31.65,False,True,,,True,105.28861403486034
3018,0.0,75.65,2.0,36.049,,0,0,0,0,1,0,0,False,0.0,0.0,False,False,75.65,75.65,False,False,2.0,2.0,False,False,36.049,36.049,False,True,,,True,98.74388777995071
3019,2.9,76.69,4.0,30.478,,0,0,0,0,1,0,0,False,2.9,2.9,False,False,76.69,76.69,False,False,4.0,4.0,False,False,30.478,30.478,False,True,,,True,102.00159195173926
3020,,75.75,1.0,29.372,,1,0,0,0,1,0,0,True,0.0,0.0,True,False,75.75,75.75,False,False,1.0,1.0,False,False,29.372,29.372,False,True,,,True,89.97885624770286
3021,0.0,75.08,,33.424,,0,0,1,0,1,0,0,False,0.0,0.0,False,False,75.08,75.08,False,True,2.0,2.0,True,False,33.424,33.424,False,True,,,True,95.85167268124701
3022,0.0,74.3,0.0,30.202,,0,0,0,0,1,0,0,False,0.0,0.0,False,False,74.3,74.3,False,False,0.0,0.0,False,False,30.202,30.202,False,True,,,True,87.85822454241908
3023,0.0,74.87,1.0,28.078,,0,0,0,0,1,0,0,False,0.0,0.0,False,False,74.87,74.87,False,False,1.0,1.0,False,False,28.078,28.078,False,True,,,True,88.24670307283068
3024,0.0,75.33,2.0,29.344,,0,0,0,0,1,0,0,False,0.0,0.0,False,False,75.33,75.33,False,False,2.0,2.0,False,False,29.344,29.344,False,True,,,True,91.93743874227158
3025,,73.67,1.0,30.784,,1,0,0,0,1,0,0,True,0.0,0.0,True,False,73.67,73.67,False,False,1.0,1.0,False,False,30.784,30.784,False,True,,,True,90.31371784921006
3026,0.0,72.15,1.0,25.712,,0,0,0,0,1,0,0,False,0.0,0.0,False,False,72.15,72.15,False,False,1.0,1.0,False,False,25.712,25.712,False,True,,,True,84.5112450985014
3027,1.0,71.9,3.0,29.473,,0,0,0,0,1,0,0,False,1.0,1.0,False,False,71.9,71.9,False,False,3.0,3.0,False,False,29.473,29.473,False,True,,,True,93.83683131243177
3028,0.0,72.37,2.0,29.49,,0,0,0,0,1,0,0,False,0.0,0.0,False,False,72.37,72.37,False,False,2.0,2.0,False,False,29.49,29.49,False,True,,,True,90.56788722268428
3029,0.0,68.65,1.0,,,0,0,0,1,1,0,0,False,0.0,0.0,False,False,68.65,68.65,False,False,1.0,1.0,False,True,30.268017312842744,30.268017312842744,True,True,,,True,87.23453072591607
3030,0.6,68.8,1.0,31.031,,0,0,0,0,1,0,0,False,0.6,0.6,False,False,68.8,68.8,False,False,1.0,1.0,False,False,31.031,31.031,False,True,,,True,88.86218776108814
3031,0.1,69.1,3.0,30.253,,0,0,0,0,1,0,0,False,0.1,0.1,False,False,69.1,69.1,False,False,3.0,3.0,False,False,30.253,30.253,False,True,,,True,91.98470508659047
3032,3.6,70.76,0.0,30.553,,0,0,0,0,1,0,0,False,3.6,3.6,False,False,70.76,70.76,False,False,0.0,0.0,False,False,30.553,30.553,False,True,,,True,91.16521813334091
3033,0.0,71.07,3.0,29.262,,0,0,0,0,1,0,0,False,0.0,0.0,False,False,71.07,71.07,False,False,3.0,3.0,False,False,29.262,29.262,False,True,,,True,91.878160072123
3034,17.0,77.39,2.0,38.745,,0,0,0,0,1,0,0,False,17.0,17.0,False,False,77.39,77.39,False,False,2.0,2.0,False,False,38.745,38.745,False,True,,,True,124.83066343471076
3035,8.0,79.81,3.0,35.994,,0,0,0,0,1,0,0,False,8.0,8.0,False,False,79.81,79.81,False,False,3.0,3.0,False,False,35.994,35.994,False,True,,,True,113.61896327588695
3036,0.2,79.67,1.0,29.934,,0,0,0,0,1,0,0,False,0.2,0.2,False,False,79.67,79.67,False,False,1.0,1.0,False,False,29.934,29.934,False,True,,,True,92.80593373447498
3037,24.2,91.41,0.0,46.678,,0,0,0,0,1,0,0,False,24.2,24.2,False,False,91.41,85.47,False,False,0.0,0.0,False,False,46.678,35.994,False,True,,,True,131.376497576722
3038,0.0,90.42,2.0,37.782,,0,0,0,0,1,0,0,False,0.0,0.0,False,False,90.42,90.42,False,False,2.0,2.0,False,False,37.782,37.782,False,True,,,True,108.01643281216688
3039,0.6,89.25,1.0,39.153,,0,0,0,0,1,0,0,False,0.6,0.6,False,False,89.25,89.25,False,False,1.0,1.0,False,False,39.153,39.153,False,True,,,True,107.37003815147614
3040,0.6,87.64,1.0,39.909,,0,0,0,0,1,0,0,False,0.6,0.6,False,False,87.64,87.64,False,False,1.0,1.0,False,False,39.909,39.909,False,True,,,True,107.29541970550079
3041,0.0,85.47,1.0,35.469,,0,0,0,0,1,0,0,False,0.0,0.0,False,False,85.47,85.47,False,False,1.0,1.0,False,False,35.469,35.469,False,True,,,True,100.99154550952836
3042,0.2,86.15,1.0,34.475,,0,0,0,0,1,0,0,False,0.2,0.2,False,False,86.15,86.15,False,False,1.0,1.0,False,False,34.475,34.475,False,True,,,True,100.61963772864799
3043,0.2,85.89,1.0,37.29,,0,0,0,0,1,0,0,False,0.2,0.2,False,False,85.89,85.89,False,False,1.0,1.0,False,False,37.29,37.29,False,True,,,True,103.2755001392795
3044,0.1,83.67,2.0,35.446,,0,0,0,0,1,0,0,False,0.1,0.1,False,False,83.67,83.67,False,False,2.0,2.0,False,False,35.446,35.446,False,True,,,True,102.38164295078712
3045,0.0,83.07,1.0,33.079,,0,0,0,0,1,0,0,False,0.0,0.0,False,False,83.07,83.07,False,False,1.0,1.0,False,False,33.079,33.079,False,True,,,True,97.39600722037801
3046,,82.52,0.0,34.367,,1,0,0,0,1,0,0,True,0.0,0.0,True,False,82.52,82.52,False,False,0.0,0.0,False,False,34.367,34.367,False,True,,,True,96.1895209960946
3047,0.0,81.63,1.0,34.779,,0,0,0,0,1,0,0,False,0.0,0.0,False,False,81.63,81.63,False,False,1.0,1.0,False,False,34.779,34.779,False,True,,,True,98.34358883757521
3048,0.0,81.67,3.0,36.131,,0,0,0,0,1,0,0,False,0.0,0.0,False,False,81.67,81.67,False,False,3.0,3.0,False,False,36.131,36.131,False,True,,,True,104.10584864910824
3049,0.0,79.11,1.0,32.395,,0,0,0,0,1,0,0,False,0.0,0.0,False,False,79.11,79.11,False,False,1.0,1.0,False,False,32.395,32.395,False,True,,,True,94.69260851786372
3050,0.6,79.85,1.0,29.619,,0,0,0,0,1,0,0,False,0.6,0.6,False,False,79.85,79.85,False,False,1.0,1.0,False,False,29.619,29.619,False,True,,,True,93.11595416257168
3051,0.0,79.03,1.0,33.782,,0,0,0,0,1,0,0,False,0.0,0.0,False,False,79.03,79.03,False,False,1.0,1.0,False,False,33.782,33.782,False,True,,,True,96.02580767753238
3052,0.0,78.37,1.0,30.733,,0,0,0,0,1,0,0,False,0.0,0.0,False,False,78.37,78.37,False,False,1.0,1.0,False,False,30.733,30.733,False,True,,,True,92.66748916148872
3053,0.0,77.05,3.0,32.329,,0,0,0,0,1,0,0,False,0.0,0.0,False,False,77.05,77.05,False,False,3.0,3.0,False,False,32.329,32.329,False,True,,,True,97.97577201231242
3054,0.5,76.19,3.0,33.837,,0,0,0,0,1,0,0,False,0.5,0.5,False,False,76.19,76.19,False,False,3.0,3.0,False,False,33.837,33.837,False,True,,,True,99.69235737900007
3055,0.0,76.74,1.0,33.566,,0,0,0,0,1,0,0,False,0.0,0.0,False,False,76.74,76.74,False,False,1.0,1.0,False,False,33.566,33.566,False,True,,,True,94.64035722146018
3056,0.0,76.68,1.0,32.131,,0,0,0,0,1,0,0,False,0.0,0.0,False,False,76.68,76.68,False,False,1.0,1.0,False,False,32.131,32.131,False,True,,,True,93.1879863014545
3057,0.0,77.66,1.0,32.327,,0,0,0,0,1,0,0,False,0.0,0.0,False,False,77.66,77.66,False,False,1.0,1.0,False,False,32.327,32.327,False,True,,,True,93.88348835492512
3058,0.1,,2.0,30.581,,0,1,0,0,1,0,0,False,0.1,0.1,False,True,77.53714285714285,77.53714285714285,True,False,2.0,2.0,False,False,30.581,30.581,False,True,,,True,94.42452878260582
3059,0.0,77.23,2.0,28.386,,0,0,0,0,1,0,0,False,0.0,0.0,False,False,77.23,77.23,False,False,2.0,2.0,False,False,28.386,28.386,False,True,,,True,91.96028280674652
3060,0.8,76.37,1.0,31.907,,0,0,0,0,1,0,0,False,0.8,0.8,False,False,76.37,76.37,False,False,1.0,1.0,False,False,31.907,31.907,False,True,,,True,93.86751760721202
3061,0.3,77.55,2.0,33.656,,0,0,0,0,1,0,0,False,0.3,0.3,False,False,77.55,77.55,False,False,2.0,2.0,False,False,33.656,33.656,False,True,,,True,97.74256649436715
3062,0.0,76.71,1.0,30.321,,0,0,0,0,1,0,0,False,0.0,0.0,False,False,76.71,76.71,False,False,1.0,1.0,False,False,30.321,30.321,False,True,,,True,91.41013654991859
3063,0.4,74.41,2.0,28.766,,0,0,0,0,1,0,0,False,0.4,0.4,False,False,74.41,74.41,False,False,2.0,2.0,False,False,28.766,28.766,False,True,,,True,91.4241928032733
3064,0.0,73.31,1.0,29.68,,0,0,0,0,1,0,0,False,0.0,0.0,False,False,73.31,73.31,False,False,1.0,1.0,False,False,29.68,29.68,False,True,,,True,89.03580817400679
3065,0.5,72.83,1.0,33.702,,0,0,0,0,1,0,0,False,0.5,0.5,False,False,72.83,72.83,False,False,1.0,1.0,False,False,33.702,33.702,False,True,,,True,93.43744412147835
3066,0.0,71.07,0.0,30.354,,0,0,0,0,1,0,0,False,0.0,0.0,False,False,71.07,71.07,False,False,0.0,0.0,False,False,30.354,30.354,False,True,,,True,86.35649808252163
3067,0.1,72.03,1.0,29.514,,0,0,0,0,1,0,0,False,0.1,0.1,False,False,72.03,72.03,False,False,1.0,1.0,False,False,29.514,29.514,False,True,,,True,88.34906592257772
3068,0.0,71.44,0.0,30.768,,0,0,0,0,1,0,0,False,0.0,0.0,False,False,71.44,71.44,False,False,0.0,0.0,False,False,30.768,30.768,False,True,,,True,86.95592910266298
3069,0.0,69.16,2.0,28.031,,0,0,0,0,1,0,0,False,0.0,0.0,False,False,69.16,69.16,False,False,2.0,2.0,False,False,28.031,28.031,False,True,,,True,87.48034800899711
3070,0.0,69.87,3.0,29.442,,0,0,0,0,1,0,0,False,0.0,0.0,False,False,69.87,69.87,False,False,3.0,3.0,False,False,29.442,29.442,False,True,,,True,91.44262571127317
3071,6.9,72.88,0.0,32.831,,0,0,0,0,1,0,0,False,6.9,6.9,False,False,72.88,72.88,False,False,0.0,0.0,False,False,32.831,32.831,False,True,,,True,98.87919790903925
3072,,71.06,0.0,29.891,,1,0,0,0,1,0,0,True,0.1,0.1,True,False,71.06,71.06,False,False,0.0,0.0,False,False,29.891,29.891,False,True,,,True,86.02518508701617
3073,0.1,70.52,1.0,26.755,,0,0,0,0,1,0,0,False,0.1,0.1,False,False,70.52,70.52,False,False,1.0,1.0,False,False,26.755,26.755,False,True,,,True,84.84323528446325
3074,0.1,69.48,0.0,27.911,,0,0,0,0,1,0,0,False,0.1,0.1,False,False,69.48,69.48,False,False,0.0,0.0,False,False,27.911,27.911,False,True,,,True,83.2553136824288
3075,0.5,68.37,0.0,28.948,,0,0,0,0,1,0,0,False,0.5,0.5,False,False,68.37,68.37,False,False,0.0,0.0,False,False,28.948,28.948,False,True,,,True,84.24487939766341
3076,,67.72,,28.22,,1,0,1,0,1,0,0,True,0.1,0.1,True,False,67.72,67.72,False,True,0.0,0.0,True,False,28.22,28.22,False,True,,,True,82.66111218246792
3077,0.1,66.99,2.0,,,0,0,0,1,1,0,0,False,0.1,0.1,False,False,66.99,66.99,False,False,2.0,2.0,False,True,28.134655315657213,28.134655315657213,True,True,,,True,86.60547571773945
3078,0.0,65.44,0.0,28.052,,0,0,0,0,1,0,0,False,0.0,0.0,False,False,65.44,65.44,False,False,0.0,0.0,False,False,28.052,28.052,False,True,,,True,81.1958274962677
3079,0.0,64.89,2.0,,,0,0,0,1,1,0,0,False,0.0,0.0,False,False,64.89,64.89,False,False,2.0,2.0,False,True,26.37555056669573,26.37555056669573,True,True,,,True,83.6559372624483
3080,,65.08,1.0,24.779,,1,0,0,0,1,0,0,True,0.0,0.0,True,False,65.08,65.08,False,False,1.0,1.0,False,False,24.779,24.779,False,True,,,True,79.97022906514422
3081,0.0,63.58,2.0,27.269,,0,0,0,0,1,0,0,False,0.0,0.0,False,False,63.58,63.58,False,False,2.0,2.0,False,False,27.269,27.269,False,True,,,True,83.87095801709854
3082,0.0,62.04,5.0,25.759,,0,0,0,0,1,0,0,False,0.0,0.0,False,False,62.04,62.04,False,False,5.0,5.0,False,False,25.759,25.759,False,True,,,True,88.19070942569093
3083,0.1,61.68,1.0,26.67,,0,0,0,0,1,0,0,False,0.1,0.1,False,False,61.68,61.68,False,False,1.0,1.0,False,False,26.67,26.67,False,True,,,True,80.23689825904894
3084,4.8,62.19,2.0,,,0,0,0,1,1,0,0,False,4.8,4.8,False,False,62.19,62.19,False,False,2.0,2.0,False,True,25.6415,25.6415,True,True,,,True,87.90770759102492
3085,0.0,61.98,1.0,24.613,,0,0,0,0,1,0,0,False,0.0,0.0,False,False,61.98,61.98,False,False,1.0,1.0,False,False,24.613,24.613,False,True,,,True,78.21995670674465
3086,0.0,62.05,0.0,25.767,,0,0,0,0,1,0,0,False,0.0,0.0,False,False,62.05,62.05,False,False,0.0,0.0,False,False,25.767,25.767,False,True,,,True,77.19787720444018
3087,0.0,62.5,0.0,26.481,,0,0,0,0,1,0,0,False,0.0,0.0,False,False,62.5,62.5,False,False,0.0,0.0,False,False,26.481,26.481,False,True,,,True,78.13544730501803
3088,0.0,60.96,0.0,28.334,,0,0,0,0,1,0,0,False,0.0,0.0,False,False,60.96,60.96,False,False,0.0,0.0,False,False,28.334,28.334,False,True,,,True,79.18345322862012
3089,0.0,58.35,0.0,24.939,,0,0,0,0,1,0,0,False,0.0,0.0,False,False,58.35,58.35,False,False,0.0,0.0,False,False,24.939,24.939,False,True,,,True,74.48481907844372
3090,0.0,59.08,4.0,22.979,,0,0,0,0,1,0,0,False,0.0,0.0,False,False,59.08,59.08,False,False,4.0,4.0,False,False,22.979,22.979,False,True,,,True,81.72114759069248
3091,2.4,59.22,1.0,25.364,,0,0,0,0,1,0,0,False,2.4,2.4,False,False,59.22,59.22,False,False,1.0,1.0,False,False,25.364,25.364,False,True,,,True,80.73219828670925
3092,1.1,,1.0,28.319,,0,1,0,0,1,0,0,False,1.1,1.1,False,True,59.261906850459475,59.261906850459475,True,False,1.0,1.0,False,False,28.319,28.319,False,True,,,True,81.95864848074903
3093,0.0,59.32,1.0,23.083,,0,0,0,0,1,0,0,False,0.0,0.0,False,False,59.32,59.32,False,False,1.0,1.0,False,False,23.083,23.083,False,True,,,True,75.34343064481997
3094,7.7,62.25,0.0,27.737,,0,0,0,0,1,0,0,False,7.7,7.7,False,False,62.25,62.25,False,False,0.0,0.0,False,False,27.737,27.737,False,True,,,True,89.4547170991614
3095,0.5,62.4,3.0,28.718,,0,0,0,0,1,0,0,False,0.5,0.5,False,False,62.4,62.4,False,False,3.0,3.0,False,False,28.718,28.718,False,True,,,True,87.5665689491242
3096,0.0,62.54,2.0,25.357,,0,0,0,0,1,0,0,False,0.0,0.0,False,False,62.54,62.54,False,False,2.0,2.0,False,False,25.357,25.357,False,True,,,True,81.44469378963912
3097,0.0,62.65,1.0,,,0,0,0,1,1,0,0,False,0.0,0.0,False,False,62.65,62.65,False,False,1.0,1.0,False,True,24.988823102254575,24.988823102254575,True,True,,,True,78.93503107507962
3098,0.0,61.61,2.0,24.735,,0,0,0,0,1,0,0,False,0.0,0.0,False,False,61.61,61.61,False,False,2.0,2.0,False,False,24.735,24.735,False,True,,,True,80.35272426884823
3099,0.0,60.93,2.0,,,0,0,0,1,1,0,0,False,0.0,0.0,False,False,60.93,60.93,False,False,2.0,2.0,False,True,24.080875794338535,24.080875794338535,True,True,,,True,79.35681695980757
3100,0.1,59.73,2.0,23.626,,0,0,0,0,1,0,0,False,0.1,0.1,False,False,59.73,59.73,False,False,2.0,2.0,False,False,23.626,23.626,False,True,,,True,78.42480499583914
3101,0.6,57.2,1.0,24.761,,0,0,0,0,1,0,0,False,0.6,0.6,False,False,57.2,57.2,False,False,1.0,1.0,False,False,24.761,24.761,False,True,,,True,76.71638546004392
3102,0.6,58.89,2.0,24.609,,0,0,0,0,1,0,0,False,0.6,0.6,False,False,58.89,58.89,False,False,2.0,2.0,False,False,24.609,24.609,False,True,,,True,79.6314954088285
3103,0.4,58.5,2.0,23.183,,0,0,0,0,1,0,0,False,0.4,0.4,False,False,58.5,58.5,False,False,2.0,2.0,False,False,23.183,23.183,False,True,,,True,77.75422026253372
3104,,57.77,4.0,25.457,,1,0,0,0,1,0,0,True,0.6,0.6,True,False,57.77,57.77,False,False,4.0,4.0,False,False,25.457,25.457,False,True,,,True,84.30103308363763
3105,2.2,57.34,1.0,26.049,,0,0,0,0,1,0,0,False,2.2,2.2,False,False,57.34,57.34,False,False,1.0,1.0,False,False,26.049,26.049,False,True,,,True,80.18411148183675
3106,0.1,56.41,0.0,22.449,,0,0,0,0,1,0,0,False,0.1,0.1,False,False,56.41,56.41,False,False,0.0,0.0,False,False,22.449,22.449,False,True,,,True,71.15802756057161
3107,8.2,,1.0,28.828,,0,1,0,0,1,0,0,False,8.2,8.2,False,True,57.17513931414574,57.17513931414574,True,False,1.0,1.0,False,False,28.828,28.828,False,True,,,True,90.80322500603118
3108,0.1,58.38,2.0,23.746,,0,0,0,0,1,0,0,False,0.1,0.1,False,False,58.38,58.38,False,False,2.0,2.0,False,False,23.746,23.746,False,True,,,True,77.85309475285955
3109,0.0,59.19,3.0,25.472,,0,0,0,0,1,0,0,False,0.0,0.0,False,False,59.19,59.19,False,False,3.0,3.0,False,False,25.472,25.472,False,True,,,True,82.04609919795129
3110,0.0,59.09,2.0,24.146,,0,0,0,0,1,0,0,False,0.0,0.0,False,False,59.09,59.09,False,False,2.0,2.0,False,False,24.146,24.146,False,True,,,True,78.48007953952727
3111,0.0,58.56,1.0,26.991,,0,0,0,0,1,0,0,False,0.0,0.0,False,False,58.56,58.56,False,False,1.0,1.0,False,False,26.991,26.991,False,True,,,True,78.82636950315732
3112,8.1,61.73,1.0,25.644,,0,0,0,0,1,0,0,False,8.1,8.1,False,False,61.73,61.73,False,False,1.0,1.0,False,False,25.644,25.644,False,True,,,True,89.84633189585703
3113,4.5,,,27.723,,0,1,1,0,1,0,0,False,4.5,4.5,False,True,61.87942283207494,61.87942283207494,True,True,1.0,1.0,True,False,27.723,27.723,False,True,,,True,87.21231967419897
3114,0.6,61.98,,23.501,,0,0,1,0,1,0,0,False,0.6,0.6,False,False,61.98,61.98,False,True,1.0,1.0,True,False,23.501,23.501,False,True,,,True,77.91330509738343
3115,0.4,62.22,,22.579,,0,0,1,0,1,0,0,False,0.4,0.4,False,False,62.22,62.22,False,True,1.0,1.0,True,False,22.579,22.579,False,True,,,True,76.85762914003271
3116,,60.14,,24.357,,1,0,1,0,1,0,0,True,0.5,0.5,True,False,60.14,60.14,False,True,1.0,1.0,True,False,24.357,24.357,False,True,,,True,77.68759700841164
3117,0.3,61.36,1.0,24.789,,0,0,0,0,1,0,0,False,0.3,0.3,False,False,61.36,61.36,False,False,1.0,1.0,False,False,24.789,24.789,False,True,,,True,78.47467247147986
3118,1.2,60.79,4.0,26.582,,0,0,0,0,1,0,0,False,1.2,1.2,False,False,60.79,60.79,False,False,4.0,4.0,False,False,26.582,26.582,False,True,,,True,87.75550287748511
3119,0.0,60.45,1.0,,,0,0,0,1,1,0,0,False,0.0,0.0,False,False,60.45,60.45,False,False,1.0,1.0,False,True,25.022000000000002,25.022000000000002,True,True,,,True,77.84248395570016
3120,0.1,62.22,1.0,23.462,,0,0,0,0,1,0,0,False,0.1,0.1,False,False,62.22,62.22,False,False,1.0,1.0,False,False,23.462,23.462,False,True,,,True,77.33491914418838
3121,,59.14,1.0,25.026,,1,0,0,0,1,0,0,True,0.0,0.0,True,False,59.14,59.14,False,False,1.0,1.0,False,False,25.026,25.026,False,True,,,True,77.17631274205087
3122,0.0,60.57,0.0,24.577,,0,0,0,0,1,0,0,False,0.0,0.0,False,False,60.57,60.57,False,False,0.0,0.0,False,False,24.577,24.577,False,True,,,True,75.2618268760319
3123,0.0,59.6,3.0,29.014,,0,0,0,0,1,0,0,False,0.0,0.0,False,False,59.6,59.6,False,False,3.0,3.0,False,False,29.014,29.014,False,True,,,True,85.76495262080837
3124,0.0,60.24,0.0,28.411,,0,0,0,0,1,0,0,False,0.0,0.0,False,False,60.24,60.24,False,False,0.0,0.0,False,False,28.411,28.411,False,True,,,True,78.8914204097135
3125,0.0,58.83,2.0,27.029,,0,0,0,0,1,0,0,False,0.0,0.0,False,False,58.83,58.83,False,False,2.0,2.0,False,False,27.029,27.029,False,True,,,True,81.2033106521903
3126,0.0,57.22,0.0,25.811,,0,0,0,0,1,0,0,False,0.0,0.0,False,False,57.22,57.22,False,False,0.0,0.0,False,False,25.811,25.811,False,True,,,True,74.7706690236013
3127,0.7,57.54,1.0,17.874,,0,0,0,0,1,0,0,False,0.7,0.7,False,False,57.54,57.54,False,False,1.0,1.0,False,False,17.874,17.874,False,True,,,True,70.19975501105472
3128,0.0,56.09,3.0,23.404,,0,0,0,0,1,0,0,False,0.0,0.0,False,False,56.09,56.09,False,False,3.0,3.0,False,False,23.404,23.404,False,True,,,True,78.4114846150822
3129,0.0,,1.0,25.349,,0,1,0,0,1,0,0,False,0.0,0.0,False,True,58.525,58.525,True,False,1.0,1.0,False,False,25.349,25.349,False,True,,,True,77.18170914672959
3130,12.3,60.96,2.0,26.492,,0,0,0,0,1,0,0,False,12.3,12.3,False,False,60.96,60.96,False,False,2.0,2.0,False,False,26.492,26.492,False,True,,,True,98.05891201576986
3131,0.0,58.36,2.0,22.492,,0,0,0,0,1,0,0,False,0.0,0.0,False,False,58.36,58.36,False,False,2.0,2.0,False,False,22.492,22.492,False,True,,,True,76.46800144011965
3132,0.0,59.71,1.0,28.637,,0,0,0,0,1,0,0,False,0.0,0.0,False,False,59.71,59.71,False,False,1.0,1.0,False,False,28.637,28.637,False,True,,,True,81.04537402021141
3133,10.2,64.95,0.0,28.592,,0,0,0,0,1,0,0,False,10.2,10.2,False,False,64.95,64.95,False,False,0.0,0.0,False,False,28.592,28.592,False,True,,,True,94.99557521479908
3134,,63.8,1.0,26.487,,1,0,0,0,1,0,0,True,0.0,0.0,True,False,63.8,63.8,False,False,1.0,1.0,False,False,26.487,26.487,False,True,,,True,81.0075848490578
3135,0.5,62.47,3.0,24.249,,0,0,0,0,1,0,0,False,0.5,0.5,False,False,62.47,62.47,False,False,3.0,3.0,False,False,24.249,24.249,False,True,,,True,83.1748669141815
3136,0.0,62.14,2.0,27.557,,0,0,0,0,1,0,0,False,0.0,0.0,False,False,62.14,62.14,False,False,2.0,2.0,False,False,27.557,27.557,False,True,,,True,83.41964835093563
3137,0.0,61.06,0.0,26.957,,0,0,0,0,1,0,0,False,0.0,0.0,False,False,61.06,61.06,False,False,0.0,0.0,False,False,26.957,26.957,False,True,,,True,77.8703922856481
3138,3.3,61.22,1.0,25.36,,0,0,0,0,1,0,0,False,3.3,3.3,False,False,61.22,61.22,False,False,1.0,1.0,False,False,25.36,25.36,False,True,,,True,82.94387810334676
3139,0.9,63.71,2.0,24.754,,0,0,0,0,1,0,0,False,0.9,0.9,False,False,63.71,63.71,False,False,2.0,2.0,False,False,24.754,24.754,False,True,,,True,82.63834583139771
3140,0.0,61.84,1.0,23.518,,0,0,0,0,1,0,0,False,0.0,0.0,False,False,61.84,61.84,False,False,1.0,1.0,False,False,23.518,23.518,False,True,,,True,77.0635050783637
3141,0.3,61.03,0.0,25.513,,0,0,0,0,1,0,0,False,0.3,0.3,False,False,61.03,61.03,False,False,0.0,0.0,False,False,25.513,25.513,False,True,,,True,76.8219639077827
3142,9.1,64.49,1.0,30.696,,0,0,0,0,1,0,0,False,9.1,9.1,False,False,64.49,64.49,False,False,1.0,1.0,False,False,30.696,30.696,False,True,,,True,97.58835706318925
3143,10.2,69.68,,31.307,,0,0,1,0,1,0,0,False,10.2,10.2,False,False,69.68,69.68,False,True,1.0,1.0,True,False,31.307,31.307,False,True,,,True,102.30618883142336
3144,0.1,67.76,,28.606,,0,0,1,0,1,0,0,False,0.1,0.1,False,False,67.76,67.76,False,True,1.0,1.0,True,False,28.606,28.606,False,True,,,True,85.26516544302739
3145,0.2,67.15,1.0,27.686,,0,0,0,0,1,0,0,False,0.2,0.2,False,False,67.15,67.15,False,False,1.0,1.0,False,False,27.686,27.686,False,True,,,True,84.1741635022259
3146,,66.19,2.0,27.288,,1,0,0,0,1,0,0,True,0.5,0.5,True,False,66.19,66.19,False,False,2.0,2.0,False,False,27.288,27.288,False,True,,,True,85.88745493139787
3147,0.8,65.18,0.0,24.42,,0,0,0,0,1,0,0,False,0.8,0.8,False,False,65.18,65.18,False,False,0.0,0.0,False,False,24.42,24.42,False,True,,,True,78.5245756073821
3148,8.9,,1.0,32.054,,0,1,0,0,1,0,0,False,8.9,8.9,False,True,67.145,67.145,True,False,1.0,1.0,False,False,32.054,32.054,False,True,,,True,100.02691390326576
3149,0.2,69.11,2.0,27.39,,0,0,0,0,1,0,0,False,0.2,0.2,False,False,69.11,69.11,False,False,2.0,2.0,False,False,27.39,27.39,False,True,,,True,87.08472955484491
3150,,66.0,2.0,24.67,,1,0,0,0,1,0,0,True,0.5,0.5,True,False,66.0,66.0,False,False,2.0,2.0,False,False,24.67,24.67,False,True,,,True,83.19656488416942
3151,0.0,68.0,3.0,26.411,,0,0,0,0,1,0,0,False,0.0,0.0,False,False,68.0,68.0,False,False,3.0,3.0,False,False,26.411,26.411,False,True,,,True,87.48316128163503
3152,8.7,71.07,4.0,36.342,,0,0,0,0,1,0,0,False,8.7,8.7,False,False,71.07,71.07,False,False,4.0,4.0,False,False,36.342,36.342,False,True,,,True,112.62146528407433
3153,0.0,70.81,1.0,31.22,,0,0,0,0,1,0,0,False,0.0,0.0,False,False,70.81,70.81,False,False,1.0,1.0,False,False,31.22,31.22,False,True,,,True,89.28262930262902
3154,0.0,70.66,2.0,26.232,,0,0,0,0,1,0,0,False,0.0,0.0,False,False,70.66,70.66,False,False,2.0,2.0,False,False,26.232,26.232,False,True,,,True,86.4653786512713
3155,0.0,68.47,2.0,28.097,,0,0,0,0,1,0,0,False,0.0,0.0,False,False,68.47,68.47,False,False,2.0,2.0,False,False,28.097,28.097,False,True,,,True,87.19276389377049
3156,0.0,67.68,1.0,26.655,,0,0,0,0,1,0,0,False,0.0,0.0,False,False,67.68,67.68,False,False,1.0,1.0,False,False,26.655,26.655,False,True,,,True,83.15884977056493
3157,0.0,66.33,,22.492,,0,0,1,0,1,0,0,False,0.0,0.0,False,False,66.33,66.33,False,True,2.0,2.0,True,False,22.492,22.492,False,True,,,True,80.54507671145032
3158,16.6,75.74,2.0,37.087,,0,0,0,0,1,0,0,False,16.6,16.6,False,False,75.74,75.74,False,False,2.0,2.0,False,False,37.087,37.087,False,True,,,True,121.8139774159537
3159,0.0,72.5,3.0,30.578,,0,0,0,0,1,0,0,False,0.0,0.0,False,False,72.5,72.5,False,False,3.0,3.0,False,False,30.578,30.578,False,True,,,True,93.91346300594783
3160,0.5,73.32,0.0,31.856,,0,0,0,0,1,0,0,False,0.5,0.5,False,False,73.32,73.32,False,False,0.0,0.0,False,False,31.856,31.856,False,True,,,True,89.658068147434
3161,3.5,72.42,2.0,35.476,,0,0,0,0,1,0,0,False,3.5,3.5,False,False,72.42,72.42,False,False,2.0,2.0,False,False,35.476,35.476,False,True,,,True,101.16153680767454
3162,0.0,73.59,0.0,33.469,,0,0,0,0,1,0,0,False,0.0,0.0,False,False,73.59,73.59,False,False,0.0,0.0,False,False,33.469,33.469,False,True,,,True,90.73169194907184
3163,7.6,77.21,2.0,36.618,,0,0,0,0,1,0,0,False,7.6,7.6,False,False,77.21,77.21,False,False,2.0,2.0,False,False,36.618,36.618,False,True,,,True,110.1759418492901
3164,0.5,76.62,0.0,31.533,,0,0,0,0,1,0,0,False,0.5,0.5,False,False,76.62,76.62,False,False,0.0,0.0,False,False,31.533,31.533,False,True,,,True,91.02619082726254
3165,,76.98,2.0,30.682,,1,0,0,0,1,0,0,True,3.65,3.65,True,False,76.98,76.98,False,False,2.0,2.0,False,False,30.682,30.682,False,True,,,True,98.94347997384693
3166,0.0,75.37,3.0,34.073,,0,0,0,0,1,0,0,False,0.0,0.0,False,False,75.37,75.37,False,False,3.0,3.0,False,False,34.073,34.073,False,True,,,True,98.84417248699042
3167,7.4,80.05,0.0,33.674,,0,0,0,0,1,0,0,False,7.4,7.4,False,False,80.05,80.05,False,False,0.0,0.0,False,False,33.674,33.674,False,True,,,True,104.0447254337373
3168,6.8,81.7,2.0,36.116,,0,0,0,0,1,0,0,False,6.8,6.8,False,False,81.7,81.7,False,False,2.0,2.0,False,False,36.116,36.116,False,True,,,True,110.91544099606465
3169,0.0,80.19,3.0,33.092,,0,0,0,0,1,0,0,False,0.0,0.0,False,False,80.19,80.19,False,False,3.0,3.0,False,False,33.092,33.092,False,True,,,True,100.33796405516678
3170,0.0,80.38,,31.285,,0,0,1,0,1,0,0,False,0.0,0.0,False,False,80.38,80.38,False,True,1.0,1.0,True,False,31.285,31.285,False,True,,,True,94.24258549802826
3171,0.0,77.13,0.0,31.879,,0,0,0,0,1,0,0,False,0.0,0.0,False,False,77.13,77.13,False,False,0.0,0.0,False,False,31.879,31.879,False,True,,,True,90.96734985105878
3172,0.0,78.21,1.0,29.846,,0,0,0,0,1,0,0,False,0.0,0.0,False,False,78.21,78.21,False,False,1.0,1.0,False,False,29.846,29.846,False,True,,,True,91.70687544939447
3173,6.0,81.32,1.0,32.574,,0,0,0,0,1,0,0,False,6.0,6.0,False,False,81.32,81.32,False,False,1.0,1.0,False,False,32.574,32.574,False,True,,,True,103.95072637672016
3174,0.2,81.88,3.0,33.573,,0,0,0,0,1,0,0,False,0.2,0.2,False,False,81.88,81.88,False,False,3.0,3.0,False,False,33.573,33.573,False,True,,,True,101.94403093762295
3175,0.4,79.06,2.0,34.725,,0,0,0,0,1,0,0,False,0.4,0.4,False,False,79.06,79.06,False,False,2.0,2.0,False,False,34.725,34.725,False,True,,,True,99.7065908791066
3176,0.0,79.77,1.0,34.695,,0,0,0,0,1,0,0,False,0.0,0.0,False,False,79.77,79.77,False,False,1.0,1.0,False,False,34.695,34.695,False,True,,,True,97.30888059535445
3177,0.3,79.52,1.0,31.87,,0,0,0,0,1,0,0,False,0.3,0.3,False,False,79.52,79.52,False,False,1.0,1.0,False,False,31.87,31.87,False,True,,,True,94.77973153556043
3178,0.0,,0.0,31.311,,0,1,0,0,1,0,0,False,0.0,0.0,False,True,78.51881061091255,78.51881061091255,True,False,0.0,0.0,False,False,31.311,31.311,False,True,,,True,91.11507290762523
3179,0.9,77.01,2.0,31.185,,0,0,0,0,1,0,0,False,0.9,0.9,False,False,77.01,77.01,False,False,2.0,2.0,False,False,31.185,31.185,False,True,,,True,95.8132930854857
3180,0.0,75.46,1.0,27.787,,0,0,0,0,1,0,0,False,0.0,0.0,False,False,75.46,75.46,False,False,1.0,1.0,False,False,27.787,27.787,False,True,,,True,88.26022076846351
3181,0.9,73.78,0.0,28.488,,0,0,0,0,1,0,0,False,0.9,0.9,False,False,73.78,73.78,False,False,0.0,0.0,False,False,28.488,28.488,False,True,,,True,87.0866667624221
3182,0.0,74.23,2.0,28.437,,0,0,0,0,1,0,0,False,0.0,0.0,False,False,74.23,74.23,False,False,2.0,2.0,False,False,28.437,28.437,False,True,,,True,90.47615113828998
3183,0.5,74.12,2.0,30.593,,0,0,0,0,1,0,0,False,0.5,0.5,False,False,74.12,74.12,False,False,2.0,2.0,False,False,30.593,30.593,False,True,,,True,93.21838515543467
3184,0.0,72.76,1.0,29.487,,0,0,0,0,1,0,0,False,0.0,0.0,False,False,72.76,72.76,False,False,1.0,1.0,False,False,29.487,29.487,False,True,,,True,88.56324594376905
3185,0.0,73.6,,27.132,,0,0,1,0,1,0,0,False,0.0,0.0,False,False,73.6,73.6,False,True,2.0,2.0,True,False,27.132,27.132,False,True,,,True,88.860988268063
3186,0.3,72.74,0.0,29.417,,0,0,0,0,1,0,0,False,0.3,0.3,False,False,72.74,72.74,False,False,0.0,0.0,False,False,29.417,29.417,False,True,,,True,86.68000246509561
3187,0.0,70.08,3.0,28.435,,0,0,0,0,1,0,0,False,0.0,0.0,False,False,70.08,70.08,False,False,3.0,3.0,False,False,28.435,28.435,False,True,,,True,90.55240056513165
3188,0.0,69.98,,26.535,,0,0,1,0,1,0,0,False,0.0,0.0,False,False,69.98,69.98,False,True,3.0,3.0,True,False,26.535,26.535,False,True,,,True,88.61888449990882
3189,0.0,70.24,,26.148,,0,0,1,0,1,0,0,False,0.0,0.0,False,False,70.24,70.24,False,True,3.0,3.0,True,False,26.148,26.148,False,True,,,True,88.36848103828464
3190,2.4,71.71,3.0,26.486,,0,0,0,0,1,0,0,False,2.4,2.4,False,False,71.71,71.71,False,False,3.0,3.0,False,False,26.486,26.486,False,True,,,True,92.63542487995052
3191,0.0,71.35,3.0,31.588,,0,0,0,0,1,0,0,False,0.0,0.0,False,False,71.35,71.35,False,False,3.0,3.0,False,False,31.588,31.588,False,True,,,True,94.32580073294791
3192,0.0,73.17,1.0,31.548,,0,0,0,0,1,0,0,False,0.0,0.0,False,False,73.17,73.17,False,False,1.0,1.0,False,False,31.548,31.548,False,True,,,True,90.81484866502815
3193,3.6,73.74,0.0,30.996,,0,0,0,0,1,0,0,False,3.6,3.6,False,False,73.74,73.74,False,False,0.0,0.0,False,False,30.996,30.996,False,True,,,True,93.12853255309903
3194,0.0,73.64,1.0,33.212,,0,0,0,0,1,0,0,False,0.0,0.0,False,False,73.64,73.64,False,False,1.0,1.0,False,False,33.212,33.212,False,True,,,True,92.70383021626762
3195,9.7,76.48,1.0,,,0,0,0,1,1,0,0,False,9.7,9.7,False,False,76.48,76.48,False,False,1.0,1.0,False,True,32.74974074074074,32.74974074074074,True,True,,,True,106.55157336337282
3196,0.0,77.32,0.0,,,0,0,0,1,1,0,0,False,0.0,0.0,False,False,77.32,77.32,False,False,0.0,0.0,False,True,31.891259259259257,31.891259259259257,True,True,,,True,91.07669031690014
3197,0.0,75.77,1.0,31.429,,0,0,0,0,1,0,0,False,0.0,0.0,False,False,75.77,75.77,False,False,1.0,1.0,False,False,31.429,31.429,False,True,,,True,92.02699053878916
3198,0.4,74.25,0.0,31.654,,0,0,0,0,1,0,0,False,0.4,0.4,False,False,74.25,74.25,False,False,0.0,0.0,False,False,31.654,31.654,False,True,,,True,89.80118337884683
3199,0.0,75.21,4.0,28.458,,0,0,0,0,1,0,0,False,0.0,0.0,False,False,75.21,75.21,False,False,4.0,4.0,False,False,28.458,28.458,False,True,,,True,95.40062724693733
3200,0.0,76.14,0.0,29.595,,0,0,0,0,1,0,0,False,0.0,0.0,False,False,76.14,76.14,False,False,0.0,0.0,False,False,29.595,29.595,False,True,,,True,88.19811683142176
3201,,75.21,,30.081,,1,0,1,0,1,0,0,True,0.2,0.2,True,False,75.21,75.21,False,True,2.0,2.0,True,False,30.081,30.081,False,True,,,True,92.87121852924754
3202,2.0,73.7,2.0,30.703,,0,0,0,0,1,0,0,False,2.0,2.0,False,False,73.7,73.7,False,False,2.0,2.0,False,False,30.703,30.703,False,True,,,True,95.10007382107344
3203,3.4,75.04,2.0,35.502,,0,0,0,0,1,0,0,False,3.4,3.4,False,False,75.04,75.04,False,False,2.0,2.0,False,False,35.502,35.502,False,True,,,True,102.39505945063969
3204,0.0,74.9,2.0,29.363,,0,0,0,0,1,0,0,False,0.0,0.0,False,False,74.9,74.9,False,False,2.0,2.0,False,False,29.363,29.363,False,True,,,True,91.73629467557832
3205,0.1,74.61,1.0,29.64,,0,0,0,0,1,0,0,False,0.1,0.1,False,False,74.61,74.61,False,False,1.0,1.0,False,False,29.64,29.64,False,True,,,True,89.79370221226024
3206,0.2,73.71,0.0,31.575,,0,0,0,0,1,0,0,False,0.2,0.2,False,False,73.71,73.71,False,False,0.0,0.0,False,False,31.575,31.575,False,True,,,True,89.18167005275069
3207,0.2,73.02,2.0,28.485,,0,0,0,0,1,0,0,False,0.2,0.2,False,False,73.02,73.02,False,False,2.0,2.0,False,False,28.485,28.485,False,True,,,True,90.16973498158428
3208,1.6,73.78,0.0,30.339,,0,0,0,0,1,0,0,False,1.6,1.6,False,False,73.78,73.78,False,False,0.0,0.0,False,False,30.339,30.339,False,True,,,True,89.84801140781236
3209,8.7,76.85,1.0,36.417,,0,0,0,0,1,0,0,False,8.7,8.7,False,False,76.85,76.85,False,False,1.0,1.0,False,False,36.417,36.417,False,True,,,True,109.04901970161454
3210,0.7,74.48,0.0,34.744,,0,0,0,0,1,0,0,False,0.7,0.7,False,False,74.48,74.48,False,False,0.0,0.0,False,False,34.744,34.744,False,True,,,True,93.37766599078444
3211,0.5,74.93,0.0,30.21,,0,0,0,0,1,0,0,False,0.5,0.5,False,False,74.93,74.93,False,False,0.0,0.0,False,False,30.21,30.21,False,True,,,True,88.85094916976168
3212,0.0,73.07,0.0,30.419,,0,0,0,0,1,0,0,False,0.0,0.0,False,False,73.07,73.07,False,False,0.0,0.0,False,False,30.419,30.419,False,True,,,True,87.44400009925423
3213,0.3,72.52,2.0,32.59,,0,0,0,0,1,0,0,False,0.3,0.3,False,False,72.52,72.52,False,False,2.0,2.0,False,False,32.59,32.59,False,True,,,True,94.11335277815255
3214,0.0,72.25,3.0,31.903,,0,0,0,0,1,0,0,False,0.0,0.0,False,False,72.25,72.25,False,False,3.0,3.0,False,False,31.903,31.903,False,True,,,True,95.09827379644086
3215,,,1.0,25.281,,1,1,0,0,1,0,0,True,0.05,0.05,True,True,70.89134092454113,70.89134092454113,True,False,1.0,1.0,False,False,25.281,25.281,False,True,,,True,83.50662799296128
3216,2.0,69.74,0.0,30.359,,0,0,0,0,1,0,0,False,2.0,2.0,False,False,69.74,69.74,False,False,0.0,0.0,False,False,30.359,30.359,False,True,,,True,88.33116923742944
3217,0.1,70.87,0.0,27.927,,0,0,0,0,1,0,0,False,0.1,0.1,False,False,70.87,70.87,False,False,0.0,0.0,False,False,27.927,27.927,False,True,,,True,83.98222343873782
3218,0.0,69.3,3.0,29.067,,0,0,0,0,1,0,0,False,0.0,0.0,False,False,69.3,69.3,False,False,3.0,3.0,False,False,29.067,29.067,False,True,,,True,90.77952207684729
3219,0.0,,2.0,,,0,1,0,1,1,0,0,False,0.0,0.0,False,True,68.95803583502367,68.95803583502367,True,False,2.0,2.0,False,True,28.97742653685227,28.97742653685227,True,True,,,True,88.3146727968812
3220,0.6,68.68,0.0,28.734,,0,0,0,0,1,0,0,False,0.6,0.6,False,False,68.68,68.68,False,False,0.0,0.0,False,False,28.734,28.734,False,True,,,True,84.32395161166926
3221,0.0,,1.0,27.777,,0,1,0,0,1,0,0,False,0.0,0.0,False,True,68.14440759540813,68.14440759540813,True,False,1.0,1.0,False,False,27.777,27.777,False,True,,,True,84.5080023281195
3222,0.8,67.26,1.0,26.743,,0,0,0,0,1,0,0,False,0.8,0.8,False,False,67.26,67.26,False,False,1.0,1.0,False,False,26.743,26.743,False,True,,,True,84.0912137322197
3223,0.1,65.12,1.0,33.32,,0,0,0,0,1,0,0,False,0.1,0.1,False,False,65.12,65.12,False,False,1.0,1.0,False,False,33.32,33.32,False,True,,,True,88.58490242815844
3224,0.0,65.5,2.0,28.688,,0,0,0,0,1,0,0,False,0.0,0.0,False,False,65.5,65.5,False,False,2.0,2.0,False,False,28.688,28.688,False,True,,,True,86.25896555869042
3225,0.7,64.09,1.0,28.835,,0,0,0,0,1,0,0,False,0.7,0.7,False,False,64.09,64.09,False,False,1.0,1.0,False,False,28.835,28.835,False,True,,,True,84.4096657411833
3226,0.6,62.09,3.0,29.757,,0,0,0,0,1,0,0,False,0.6,0.6,False,False,62.09,62.09,False,False,3.0,3.0,False,False,29.757,29.757,False,True,,,True,88.56984587605197
3227,0.0,61.69,0.0,27.42,,0,0,0,0,1,0,0,False,0.0,0.0,False,False,61.69,61.69,False,False,0.0,0.0,False,False,27.42,27.42,False,True,,,True,78.651372110132
3228,0.0,62.39,1.0,25.964,,0,0,0,0,1,0,0,False,0.0,0.0,False,False,62.39,62.39,False,False,1.0,1.0,False,False,25.964,25.964,False,True,,,True,79.76815092149832
3229,0.0,61.14,1.0,25.44,,0,0,0,0,1,0,0,False,0.0,0.0,False,False,61.14,61.14,False,False,1.0,1.0,False,False,25.44,25.44,False,True,,,True,78.6095747147981
3230,9.4,65.43,0.0,33.626,,0,0,0,0,1,0,0,False,9.4,9.4,False,False,65.43,65.43,False,False,0.0,0.0,False,False,33.626,33.626,False,True,,,True,99.16835282594657
3231,10.2,,3.0,32.762,,0,1,0,0,1,0,0,False,10.2,10.2,False,True,67.87552185163888,67.87552185163888,True,False,3.0,3.0,False,False,32.762,32.762,False,True,,,True,107.22694457692857
3232,0.6,69.0,2.0,29.081,,0,0,0,0,1,0,0,False,0.6,0.6,False,False,69.0,69.0,False,False,2.0,2.0,False,False,29.081,29.081,False,True,,,True,89.23377640068966
3233,0.5,67.24,,25.395,,0,0,1,0,1,0,0,False,0.5,0.5,False,False,67.24,67.24,False,True,1.0,1.0,True,False,25.395,25.395,False,True,,,True,82.3479848253849
3234,0.1,68.85,,27.852,,0,0,1,0,1,0,0,False,0.1,0.1,False,False,68.85,68.85,False,True,2.0,2.0,True,False,27.852,27.852,False,True,,,True,87.27693259659581
3235,0.4,67.96,1.0,27.307,,0,0,0,0,1,0,0,False,0.4,0.4,False,False,67.96,67.96,False,False,1.0,1.0,False,False,27.307,27.307,False,True,,,True,84.47804804336391
3236,0.0,67.17,0.0,28.762,,0,0,0,0,1,0,0,False,0.0,0.0,False,False,67.17,67.17,False,False,0.0,0.0,False,False,28.762,28.762,False,True,,,True,82.78422222854505
3237,0.0,67.66,3.0,25.325,,0,0,0,0,1,0,0,False,0.0,0.0,False,False,67.66,67.66,False,False,3.0,3.0,False,False,25.325,25.325,False,True,,,True,86.23331555277919
3238,,65.91,1.0,25.282,,1,0,0,0,1,0,0,True,0.0,0.0,True,False,65.91,65.91,False,False,1.0,1.0,False,False,25.282,25.282,False,True,,,True,80.89314808421396
3239,,66.73,0.0,24.761,,1,0,0,0,1,0,0,True,0.0,0.0,True,False,66.73,66.73,False,False,0.0,0.0,False,False,24.761,24.761,False,True,,,True,78.59528348502549
3240,0.0,67.08,0.0,26.473,,0,0,0,0,1,0,0,False,0.0,0.0,False,False,67.08,67.08,False,False,0.0,0.0,False,False,26.473,26.473,False,True,,,True,80.47043308637033
3241,0.0,65.38,1.0,29.509,,0,0,0,0,1,0,0,False,0.0,0.0,False,False,65.38,65.38,False,False,1.0,1.0,False,False,29.509,29.509,False,True,,,True,84.8097825406574
3242,,64.63,1.0,28.227,,1,0,0,0,1,0,0,True,0.0,0.0,True,False,64.63,64.63,False,False,1.0,1.0,False,False,28.227,28.227,False,True,,,True,83.15601981537716
3243,12.0,70.2,2.0,33.951,,0,0,0,0,1,0,0,False,12.0,12.0,False,False,70.2,70.2,False,False,2.0,2.0,False,False,33.951,33.951,False,True,,,True,109.7778990333938
3244,3.6,70.72,1.0,26.868,,0,0,0,0,1,0,0,False,3.6,3.6,False,False,70.72,70.72,False,False,1.0,1.0,False,False,26.868,26.868,False,True,,,True,89.69514149933424
3245,0.0,68.45,4.0,28.252,,0,0,0,0,1,0,0,False,0.0,0.0,False,False,68.45,68.45,False,False,4.0,4.0,False,False,28.252,28.252,False,True,,,True,91.73844324240811
3246,0.0,68.3,,28.07,,0,0,1,0,1,0,0,False,0.0,0.0,False,False,68.3,68.3,False,True,2.0,2.0,True,False,28.07,28.07,False,True,,,True,87.07905059181694
3247,0.0,69.01,4.0,30.505,,0,0,0,0,1,0,0,False,0.0,0.0,False,False,69.01,69.01,False,False,4.0,4.0,False,False,30.505,30.505,False,True,,,True,94.25699638503461
3248,0.0,68.18,3.0,26.473,,0,0,0,0,1,0,0,False,0.0,0.0,False,False,68.18,68.18,False,False,3.0,3.0,False,False,26.473,26.473,False,True,,,True,87.63666517812729
3249,8.3,71.3,0.0,37.08,,0,0,0,0,1,0,1,False,8.3,8.3,False,False,71.3,71.3,False,False,0.0,0.0,False,False,37.08,37.08,False,True,,,True,104.13555564866799
3250,,70.21,3.0,33.92,,1,0,0,0,1,0,0,True,0.0,0.0,True,False,70.21,70.21,False,False,3.0,3.0,False,False,33.92,33.92,False,True,,,True,96.05298081205362
3251,0.0,69.36,2.0,31.938,,0,0,0,0,1,0,0,False,0.0,0.0,False,False,69.36,69.36,False,False,2.0,2.0,False,False,31.938,31.938,False,True,,,True,91.45338677352176
3252,0.0,67.64,2.0,30.113,,0,0,0,0,1,0,0,False,0.0,0.0,False,False,67.64,67.64,False,False,2.0,2.0,False,False,30.113,30.113,False,True,,,True,88.76545899848556
3253,0.0,68.18,3.0,,,0,0,0,1,1,0,0,False,0.0,0.0,False,False,68.18,68.18,False,False,3.0,3.0,False,True,29.066552367176932,29.066552367176932,True,True,,,True,90.20613954029572
3254,0.0,67.06,4.0,28.082,,0,0,0,0,1,0,0,False,0.0,0.0,False,False,67.06,67.06,False,False,4.0,4.0,False,False,28.082,28.082,False,True,,,True,90.85896319032186
3255,0.3,65.25,1.0,26.618,,0,0,0,0,1,0,0,False,0.3,0.3,False,False,65.25,65.25,False,False,1.0,1.0,False,False,26.618,26.618,False,True,,,True,82.27663253904377
3256,0.0,64.12,0.0,24.586,,0,0,0,0,1,0,0,False,0.0,0.0,False,False,64.12,64.12,False,False,0.0,0.0,False,False,24.586,24.586,False,True,,,True,77.08675551928224
3257,0.1,64.48,1.0,25.722,,0,0,0,0,1,0,0,False,0.1,0.1,False,False,64.48,64.48,False,False,1.0,1.0,False,False,25.722,25.722,False,True,,,True,80.7300469440814
3258,0.7,64.7,3.0,27.901,,0,0,0,0,1,0,0,False,0.7,0.7,False,False,64.7,64.7,False,False,3.0,3.0,False,False,27.901,27.901,False,True,,,True,88.1987333620563
3259,,63.68,1.0,25.49,,1,0,0,0,1,0,0,True,0.1,0.1,True,False,63.68,63.68,False,False,1.0,1.0,False,False,25.49,25.49,False,True,,,True,80.09095859888113
3260,0.1,63.73,0.0,24.939,,0,0,0,0,1,0,0,False,0.1,0.1,False,False,63.73,63.73,False,False,0.0,0.0,False,False,24.939,24.939,False,True,,,True,77.36947691012404
3261,0.1,61.72,3.0,26.052,,0,0,0,0,1,0,0,False,0.1,0.1,False,False,61.72,61.72,False,False,3.0,3.0,False,False,26.052,26.052,False,True,,,True,84.04744714408095
3262,0.4,61.71,2.0,25.428,,0,0,0,0,1,0,0,False,0.4,0.4,False,False,61.71,61.71,False,False,2.0,2.0,False,False,25.428,25.428,False,True,,,True,81.62046241440859
3263,0.9,62.02,2.0,,,0,0,0,1,1,0,0,False,0.9,0.9,False,False,62.02,62.02,False,False,2.0,2.0,False,True,27.3615,27.3615,True,True,,,True,84.35711422293862
3264,0.0,61.41,0.0,29.295,,0,0,0,0,1,0,0,False,0.0,0.0,False,False,61.41,61.41,False,False,0.0,0.0,False,False,29.295,29.295,False,True,,,True,80.36573023216536
3265,0.0,60.09,0.0,23.169,,0,0,0,0,1,0,0,False,0.0,0.0,False,False,60.09,60.09,False,False,0.0,0.0,False,False,23.169,23.169,False,True,,,True,73.62135314630034
3266,0.0,59.06,2.0,22.82,,0,0,0,0,1,0,0,False,0.0,0.0,False,False,59.06,59.06,False,False,2.0,2.0,False,False,22.82,22.82,False,True,,,True,77.15104326796308
3267,12.3,65.3,2.0,31.229,,0,0,0,0,1,0,0,False,12.3,12.3,False,False,65.3,65.3,False,False,2.0,2.0,False,False,31.229,31.229,False,True,,,True,104.9720735406341
3268,4.1,64.84,1.0,28.433,,0,0,0,0,1,0,0,False,4.1,4.1,False,False,64.84,64.84,False,False,1.0,1.0,False,False,28.433,28.433,False,True,,,True,88.9002029768501
3269,,64.94,0.0,28.88,,1,0,0,0,1,0,0,True,0.4,0.4,True,False,64.94,64.94,False,False,0.0,0.0,False,False,28.88,28.88,False,True,,,True,82.29038069068869
3270,0.5,63.73,0.0,30.573,,0,0,0,0,1,0,0,False,0.5,0.5,False,False,63.73,63.73,False,False,0.0,0.0,False,False,30.573,30.573,False,True,,,True,83.48118855807249
3271,0.3,63.91,2.0,30.367,,0,0,0,0,1,0,0,False,0.3,0.3,False,False,63.91,63.91,False,False,2.0,2.0,False,False,30.367,30.367,False,True,,,True,87.50652163185293
3272,0.0,62.47,0.0,25.842,,0,0,0,0,1,0,0,False,0.0,0.0,False,False,62.47,62.47,False,False,0.0,0.0,False,False,25.842,25.842,False,True,,,True,77.48703306721333
3273,3.6,63.5,2.0,28.314,,0,0,0,0,1,0,0,False,3.6,3.6,False,False,63.5,63.5,False,False,2.0,2.0,False,False,28.314,28.314,False,True,,,True,89.63548110676811
3274,0.0,62.93,4.0,25.487,,0,0,0,0,1,0,0,False,0.0,0.0,False,False,62.93,62.93,False,False,4.0,4.0,False,False,25.487,25.487,False,True,,,True,86.17534185309873
3275,0.0,61.7,2.0,27.278,,0,0,0,0,1,0,0,False,0.0,0.0,False,False,61.7,61.7,False,False,2.0,2.0,False,False,27.278,27.278,False,True,,,True,82.91815532743475
3276,0.0,61.44,1.0,26.685,,0,0,0,0,1,0,0,False,0.0,0.0,False,False,61.44,61.44,False,False,1.0,1.0,False,False,26.685,26.685,False,True,,,True,79.99648221119651
3277,0.0,61.67,1.0,20.47,,0,0,0,0,1,0,0,False,0.0,0.0,False,False,61.67,61.67,False,False,1.0,1.0,False,False,20.47,20.47,False,True,,,True,73.95683811703981
3278,0.0,60.93,0.0,23.249,,0,0,0,0,1,0,0,False,0.0,0.0,False,False,60.93,60.93,False,False,0.0,0.0,False,False,23.249,23.249,False,True,,,True,74.13031473740244
3279,0.2,60.47,1.0,26.907,,0,0,0,0,1,0,0,False,0.2,0.2,False,False,60.47,60.47,False,False,1.0,1.0,False,False,26.907,26.907,False,True,,,True,79.98522332999339
3280,0.0,59.7,1.0,26.41,,0,0,0,0,1,0,0,False,0.0,0.0,False,False,59.7,59.7,False,False,1.0,1.0,False,False,26.41,26.41,False,True,,,True,78.83393350136294
3281,0.0,59.43,4.0,23.932,,0,0,0,0,1,0,0,False,0.0,0.0,False,False,59.43,59.43,False,False,4.0,4.0,False,False,23.932,23.932,False,True,,,True,82.84434359142095
3282,0.0,58.82,0.0,24.773,,0,0,0,0,1,0,0,False,0.0,0.0,False,False,58.82,58.82,False,False,0.0,0.0,False,False,24.773,24.773,False,True,,,True,74.56078997207055
3283,2.6,59.37,2.0,,,0,0,0,1,1,0,0,False,2.6,2.6,False,False,59.37,59.37,False,False,2.0,2.0,False,True,23.7225,23.7225,True,True,,,True,81.64885351008381
3284,0.4,59.1,5.0,22.672,,0,0,0,0,1,0,0,False,0.4,0.4,False,False,59.1,59.1,False,False,5.0,5.0,False,False,22.672,22.672,False,True,,,True,84.15842000701797
3285,11.3,64.89,0.0,30.316,,0,0,0,0,1,0,0,False,11.3,11.3,False,False,64.89,64.89,False,False,0.0,0.0,False,False,30.316,30.316,False,True,,,True,98.13042227948063
3286,0.0,64.49,0.0,27.66,,0,0,0,0,1,0,0,False,0.0,0.0,False,False,64.49,64.49,False,False,0.0,0.0,False,False,27.66,27.66,False,True,,,True,80.32149164830312
3287,0.0,64.95,1.0,28.532,,0,0,0,0,1,0,0,False,0.0,0.0,False,False,64.95,64.95,False,False,1.0,1.0,False,False,28.532,28.532,False,True,,,True,83.62188513244384
3288,0.5,62.04,0.0,30.446,,0,0,0,0,1,0,0,False,0.5,0.5,False,False,62.04,62.04,False,False,0.0,0.0,False,False,30.446,30.446,False,True,,,True,82.49084348336109
3289,,61.12,0.0,27.958,,1,0,0,0,1,0,0,True,0.0,0.0,True,False,61.12,61.12,False,False,0.0,0.0,False,False,27.958,27.958,False,True,,,True,78.89279237209973
3290,0.6,61.88,4.0,28.018,,0,0,0,0,1,0,0,False,0.6,0.6,False,False,61.88,61.88,False,False,4.0,4.0,False,False,28.018,28.018,False,True,,,True,88.94073901521182
3291,,59.85,3.0,29.747,,1,0,0,0,1,0,0,True,0.0,0.0,True,False,59.85,59.85,False,False,3.0,3.0,False,False,29.747,29.747,False,True,,,True,86.61903578297479
3292,0.0,60.97,0.0,27.138,,0,0,0,0,1,0,0,False,0.0,0.0,False,False,60.97,60.97,False,False,0.0,0.0,False,False,27.138,27.138,False,True,,,True,78.00367217314727
3293,0.0,60.8,2.0,22.886,,0,0,0,0,1,0,0,False,0.0,0.0,False,False,60.8,60.8,False,False,2.0,2.0,False,False,22.886,22.886,False,True,,,True,78.10653229067039
3294,0.0,60.0,0.0,26.047,,0,0,0,0,1,0,0,False,0.0,0.0,False,False,60.0,60.0,False,False,0.0,0.0,False,False,26.047,26.047,False,True,,,True,76.42659464231384
3295,0.0,58.36,2.0,20.935,,0,0,0,0,1,0,0,False,0.0,0.0,False,False,58.36,58.36,False,False,2.0,2.0,False,False,20.935,20.935,False,True,,,True,74.9254563068394
3296,0.5,,1.0,23.562,,0,1,0,0,1,0,0,False,0.5,0.5,False,True,58.3499410148719,58.3499410148719,True,False,1.0,1.0,False,False,23.562,23.562,False,True,,,True,75.9842680606919
3297,0.1,58.34,1.0,23.26,,0,0,0,0,1,0,0,False,0.1,0.1,False,False,58.34,58.34,False,False,1.0,1.0,False,False,23.26,23.26,False,True,,,True,75.14996987166552
3298,0.0,57.66,0.0,26.979,,0,0,0,0,1,0,0,False,0.0,0.0,False,False,57.66,57.66,False,False,0.0,0.0,False,False,26.979,26.979,False,True,,,True,76.15290875454349
3299,0.4,57.02,0.0,24.591,,0,0,0,0,1,0,0,False,0.4,0.4,False,False,57.02,57.02,False,False,0.0,0.0,False,False,24.591,24.591,False,True,,,True,73.98970124692433
3300,0.0,57.11,1.0,26.439,,0,0,0,0,1,0,0,False,0.0,0.0,False,False,57.11,57.11,False,False,1.0,1.0,False,False,26.439,26.439,False,True,,,True,77.53774269634741
3301,0.0,57.75,2.0,24.801,,0,0,0,0,1,0,0,False,0.0,0.0,False,False,57.75,57.75,False,False,2.0,2.0,False,False,24.801,24.801,False,True,,,True,78.44351799425922
3302,2.9,57.45,,26.392,,0,0,1,0,1,0,0,False,2.9,2.9,False,False,57.45,57.45,False,True,1.0,1.0,True,False,26.392,26.392,False,True,,,True,81.5077268885403
3303,0.2,56.9,1.0,22.118,,0,0,0,0,1,0,0,False,0.2,0.2,False,False,56.9,56.9,False,False,1.0,1.0,False,False,22.118,22.118,False,True,,,True,73.41444016577742
3304,0.8,56.65,1.0,23.007,,0,0,0,0,1,0,0,False,0.8,0.8,False,False,56.65,56.65,False,False,1.0,1.0,False,False,23.007,23.007,False,True,,,True,74.96232350239893
3305,0.5,56.59,1.0,26.568,,0,0,0,0,1,0,0,False,0.5,0.5,False,False,56.59,56.59,False,False,1.0,1.0,False,False,26.568,26.568,False,True,,,True,78.06205834324876
3306,0.1,58.27,2.0,23.142,,0,0,0,0,1,0,0,False,0.1,0.1,False,False,58.27,58.27,False,False,2.0,2.0,False,False,23.142,23.142,False,True,,,True,77.19843136374413
3307,0.8,54.61,1.0,20.819,,0,0,0,0,1,0,0,False,0.8,0.8,False,False,54.61,54.61,False,False,1.0,1.0,False,False,20.819,20.819,False,True,,,True,71.75106887032801
3308,7.6,57.55,1.0,28.414,,0,0,0,0,1,0,0,False,7.6,7.6,False,False,57.55,57.55,False,False,1.0,1.0,False,False,28.414,28.414,False,True,,,True,89.78980469234959
3309,0.6,56.01,2.0,23.207,,0,0,0,0,1,0,0,False,0.6,0.6,False,False,56.01,56.01,False,False,2.0,2.0,False,False,23.207,23.207,False,True,,,True,76.76923942035086
3310,0.2,56.34,3.0,24.391,,0,0,0,0,1,0,0,False,0.2,0.2,False,False,56.34,56.34,False,False,3.0,3.0,False,False,24.391,24.391,False,True,,,True,79.78221796435882
3311,0.0,57.1,1.0,,,0,0,0,1,1,0,0,False,0.0,0.0,False,False,57.1,57.1,False,False,1.0,1.0,False,True,22.29,22.29,True,True,,,True,73.42214562890251
3312,0.1,55.16,2.0,20.189,,0,0,0,0,1,0,0,False,0.1,0.1,False,False,55.16,55.16,False,False,2.0,2.0,False,False,20.189,20.189,False,True,,,True,72.6819174109425
3313,0.5,54.7,0.0,22.471,,0,0,0,0,1,0,0,False,0.5,0.5,False,False,54.7,54.7,False,False,0.0,0.0,False,False,22.471,22.471,False,True,,,True,70.8350846873693
3314,0.0,54.39,2.0,20.411,,0,0,0,0,1,0,0,False,0.0,0.0,False,False,54.39,54.39,False,False,2.0,2.0,False,False,20.411,20.411,False,True,,,True,72.37545667002381
3315,4.1,58.8,0.0,20.552,,0,0,0,0,1,0,0,False,4.1,4.1,False,False,58.8,58.8,False,False,0.0,0.0,False,False,20.552,20.552,False,True,,,True,75.80141535976925
3316,0.2,58.26,2.0,25.581,,0,0,0,0,1,0,0,False,0.2,0.2,False,False,58.26,58.26,False,False,2.0,2.0,False,False,25.581,25.581,False,True,,,True,79.74217679905388
3317,0.4,55.86,0.0,,,0,0,0,1,1,0,0,False,0.4,0.4,False,False,55.86,55.86,False,False,0.0,0.0,False,True,24.18176920986721,24.18176920986721,True,True,,,True,72.99086850227845
3318,0.1,57.39,2.0,22.352,,0,0,0,0,1,0,0,False,0.1,0.1,False,False,57.39,57.39,False,False,2.0,2.0,False,False,22.352,22.352,False,True,,,True,75.96559915687018
3319,0.3,57.49,1.0,21.725,,0,0,0,0,1,0,0,False,0.3,0.3,False,False,57.49,57.49,False,False,1.0,1.0,False,False,21.725,21.725,False,True,,,True,73.4594089437122
3320,0.8,56.45,0.0,25.021,,0,0,0,0,1,0,0,False,0.8,0.8,False,False,56.45,56.45,False,False,0.0,0.0,False,False,25.021,25.021,False,True,,,True,74.65414070000352
3321,8.5,57.62,,22.034,,0,0,1,0,1,0,0,False,8.5,8.5,False,False,57.62,57.62,False,True,0.0,0.0,True,False,22.034,22.034,False,True,,,True,82.4962065095794
3322,0.0,57.89,0.0,26.596,,0,0,0,0,1,0,0,False,0.0,0.0,False,False,57.89,57.89,False,False,0.0,0.0,False,False,26.596,26.596,False,True,,,True,75.89112157579491
3323,0.0,57.5,0.0,23.154,,0,0,0,0,1,0,0,False,0.0,0.0,False,False,57.5,57.5,False,False,0.0,0.0,False,False,23.154,23.154,False,True,,,True,72.28157082820559
3324,3.6,,3.0,25.764,,0,1,0,0,1,0,0,False,3.6,3.6,False,True,60.23657390084191,60.23657390084191,True,False,3.0,3.0,False,False,25.764,25.764,False,True,,,True,87.64091494063514
3325,13.3,63.29,0.0,29.84,,0,0,0,0,1,0,0,False,13.3,13.3,False,False,63.29,63.29,False,False,0.0,0.0,False,False,29.84,29.84,False,True,,,True,99.49043970158792
3326,0.0,63.68,0.0,24.753,,0,0,0,0,1,0,0,False,0.0,0.0,False,False,63.68,63.68,False,False,0.0,0.0,False,False,24.753,24.753,False,True,,,True,77.02712192381153
3327,8.4,67.73,4.0,31.758,,0,0,0,0,1,0,0,False,8.4,8.4,False,False,67.73,67.73,False,False,4.0,4.0,False,False,31.758,31.758,False,True,,,True,105.97392366439347
3328,7.3,71.48,,32.0,,0,0,1,0,1,0,0,False,7.3,7.3,False,False,71.48,71.48,False,True,1.0,1.0,True,False,32.0,32.0,False,True,,,True,100.07093015428231
3329,0.0,70.04,,,,0,0,1,1,1,0,0,False,0.0,0.0,False,False,70.04,70.04,False,True,2.0,2.0,True,True,31.490500000000004,31.490500000000004,True,True,,,True,91.35789712871092
3330,0.0,71.01,2.0,30.981,,0,0,0,0,1,0,0,False,0.0,0.0,False,False,71.01,71.01,False,False,2.0,2.0,False,False,30.981,30.981,False,True,,,True,91.34933337128804
3331,10.8,73.82,1.0,35.659,,0,0,0,0,1,0,0,False,10.8,10.8,False,False,73.82,73.82,False,False,1.0,1.0,False,False,35.659,35.659,False,True,,,True,109.53063888260766
3332,0.0,72.94,2.0,31.421,,0,0,0,0,1,0,0,False,0.0,0.0,False,False,72.94,72.94,False,False,2.0,2.0,False,False,31.421,31.421,False,True,,,True,92.77254527418405
3333,1.2,74.52,1.0,28.389,,0,0,0,0,1,0,0,False,1.2,1.2,False,False,74.52,74.52,False,False,1.0,1.0,False,False,28.389,28.389,False,True,,,True,89.96582198111354
3334,0.0,72.17,1.0,26.057,,0,0,0,0,1,0,0,False,0.0,0.0,False,False,72.17,72.17,False,False,1.0,1.0,False,False,26.057,26.057,False,True,,,True,84.86327324432386
3335,0.0,73.56,1.0,27.606,,0,0,0,0,1,0,0,False,0.0,0.0,False,False,73.56,73.56,False,False,1.0,1.0,False,False,27.606,27.606,False,True,,,True,87.10895094496084
3336,0.4,69.53,2.0,28.16,,0,0,0,0,1,0,0,False,0.4,0.4,False,False,69.53,69.53,False,False,2.0,2.0,False,False,28.16,28.16,False,True,,,True,88.32744145172671
3337,14.4,77.15,2.0,37.184,,0,0,0,0,1,0,0,False,14.4,14.4,False,False,77.15,77.15,False,False,2.0,2.0,False,False,37.184,37.184,False,True,,,True,119.71627526192758
3338,4.6,76.85,1.0,34.009,,0,0,0,0,1,0,0,False,4.6,4.6,False,False,76.85,76.85,False,False,1.0,1.0,False,False,34.009,34.009,False,True,,,True,101.230705527417
3339,0.0,75.01,2.0,35.73,,0,0,0,0,1,0,0,False,0.0,0.0,False,False,75.01,75.01,False,False,2.0,2.0,False,False,35.73,35.73,False,True,,,True,98.100455561864
3340,26.3,88.88,0.0,41.227,,0,0,0,0,1,0,0,False,26.3,26.3,False,False,88.88,88.88,False,False,0.0,0.0,False,False,41.227,41.227,False,True,,,True,141.08789714182296
3341,0.3,87.33,1.0,33.946,,0,0,0,0,1,0,0,False,0.3,0.3,False,False,87.33,87.33,False,False,1.0,1.0,False,False,33.946,33.946,False,True,,,True,100.83168521419917
3342,0.4,86.5,2.0,34.76,,0,0,0,0,1,0,0,False,0.4,0.4,False,False,86.5,86.5,False,False,2.0,2.0,False,False,34.76,34.76,False,True,,,True,103.54721826987954
3343,0.5,87.03,,38.837,,0,0,1,0,1,0,0,False,0.5,0.5,False,False,87.03,87.03,False,True,2.0,2.0,True,False,38.837,38.837,False,True,,,True,107.98999532628
3344,0.5,86.73,1.0,33.723,,0,0,0,0,1,0,0,False,0.5,0.5,False,False,86.73,86.73,False,False,1.0,1.0,False,False,33.723,33.723,False,True,,,True,100.56883213188644
3345,0.3,84.64,3.0,36.282,,0,0,0,0,1,0,0,False,0.3,0.3,False,False,84.64,84.64,False,False,3.0,3.0,False,False,36.282,36.282,False,True,,,True,106.1722708153444
3346,0.0,84.28,2.0,37.317,,0,0,0,0,1,0,0,False,0.0,0.0,False,False,84.28,84.28,False,False,2.0,2.0,False,False,37.317,37.317,False,True,,,True,104.41481600382338
3347,0.1,83.51,1.0,37.214,,0,0,0,0,1,0,0,False,0.1,0.1,False,False,83.51,83.51,False,False,1.0,1.0,False,False,37.214,37.214,False,True,,,True,101.8502060708971
3348,8.2,87.52,3.0,42.88,,0,0,0,0,1,0,0,False,8.2,8.2,False,False,87.52,87.52,False,False,3.0,3.0,False,False,42.88,42.88,False,True,,,True,124.65011490458089
3349,0.0,86.62,2.0,36.295,,0,0,0,0,1,0,0,False,0.0,0.0,False,False,86.62,86.62,False,False,2.0,2.0,False,False,36.295,36.295,False,True,,,True,104.59933743302261
3350,0.0,84.33,0.0,33.439,,0,0,0,0,1,0,0,False,0.0,0.0,False,False,84.33,84.33,False,False,0.0,0.0,False,False,33.439,33.439,False,True,,,True,96.19604680091051
3351,0.1,84.57,2.0,35.313,,0,0,0,0,1,0,0,False,0.1,0.1,False,False,84.57,84.57,False,False,2.0,2.0,False,False,35.313,35.313,False,True,,,True,102.7102751538372
3352,,87.37,3.0,40.72,,1,0,0,0,1,0,0,True,0.2,0.2,True,False,87.37,87.37,False,False,3.0,3.0,False,False,40.72,40.72,False,True,,,True,111.83310416118938
3353,3.2,86.45,1.0,34.676,,0,0,0,0,1,0,0,False,3.2,3.2,False,False,86.45,86.45,False,False,1.0,1.0,False,False,34.676,34.676,False,True,,,True,104.94736156609741
3354,0.3,86.13,4.0,35.152,,0,0,0,0,1,0,0,False,0.3,0.3,False,False,86.13,86.13,False,False,4.0,4.0,False,False,35.152,35.152,False,True,,,True,108.01614976799088
3355,2.4,88.47,2.0,34.117,,0,0,0,0,1,0,0,False,2.4,2.4,False,False,88.47,88.47,False,False,2.0,2.0,False,False,34.117,34.117,False,True,,,True,106.56802933755353
3356,,86.76,2.0,36.669,,1,0,0,0,1,0,0,True,1.3499999999999999,1.3499999999999999,True,False,86.76,86.76,False,False,2.0,2.0,False,False,36.669,36.669,False,True,,,True,106.83028850384247
3357,0.0,86.22,0.0,33.245,,0,0,0,0,1,0,0,False,0.0,0.0,False,False,86.22,86.22,False,False,0.0,0.0,False,False,33.245,33.245,False,True,,,True,96.97068251971696
3358,0.0,85.54,1.0,,,0,0,0,1,1,0,0,False,0.0,0.0,False,False,85.54,85.54,False,False,1.0,1.0,False,True,36.28923482928283,36.28923482928283,True,True,,,True,101.83997413912428
3359,11.8,88.65,4.0,40.629,,0,0,0,0,1,0,0,False,11.8,11.8,False,False,88.65,88.65,False,False,4.0,4.0,False,False,40.629,40.629,False,True,,,True,129.9693908790873
3360,,97.15,1.0,42.721,,1,0,0,0,1,0,0,True,0.1,0.1,True,False,97.15,97.15,False,False,1.0,1.0,False,False,42.721,42.721,False,True,,,True,114.28365947908607
3361,0.5,94.91,0.0,34.157,,0,0,0,0,1,0,0,False,0.5,0.5,False,False,94.91,94.91,False,False,0.0,0.0,False,False,34.157,34.157,False,True,,,True,102.98212961477614
3362,0.2,95.15,1.0,39.96,,0,0,0,0,1,0,0,False,0.2,0.2,False,False,95.15,95.15,False,False,1.0,1.0,False,False,39.96,39.96,False,True,,,True,110.65769070539469
3363,0.0,93.23,0.0,40.931,,0,0,0,0,1,0,0,False,0.0,0.0,False,False,93.23,93.23,False,False,0.0,0.0,False,False,40.931,40.931,False,True,,,True,108.17131193062701
3364,6.6,96.28,2.0,39.803,,0,0,0,0,1,0,0,False,6.6,6.6,False,False,96.28,96.28,False,False,2.0,2.0,False,False,39.803,39.803,False,True,,,True,121.76164220576652
3365,0.2,95.07,2.0,40.294,,0,0,0,0,1,0,0,False,0.2,0.2,False,False,95.07,95.07,False,False,2.0,2.0,False,False,40.294,40.294,False,True,,,True,113.14884039542495
3366,0.0,93.92,1.0,36.989,,0,0,0,0,1,0,0,False,0.0,0.0,False,False,93.92,93.92,False,False,1.0,1.0,False,False,36.989,36.989,False,True,,,True,106.82005472570134
3367,0.1,91.75,1.0,34.809,,0,0,0,0,1,0,0,False,0.1,0.1,False,False,91.75,91.75,False,False,1.0,1.0,False,False,34.809,34.809,False,True,,,True,103.68272810351458
3368,3.8,93.17,2.0,41.77,,0,0,0,0,1,0,0,False,3.8,3.8,False,False,93.17,93.17,False,False,2.0,2.0,False,False,41.77,41.77,False,True,,,True,118.4093361984082
3369,0.0,92.6,3.0,34.989,,0,0,0,0,1,0,0,False,0.0,0.0,False,False,92.6,92.6,False,False,3.0,3.0,False,False,34.989,34.989,False,True,,,True,108.5657220985059
3370,0.2,93.1,2.0,38.555,,0,0,0,0,1,0,0,False,0.2,0.2,False,False,93.1,93.1,False,False,2.0,2.0,False,False,38.555,38.555,False,True,,,True,110.41822603121946
3371,0.0,91.2,1.0,,,0,0,0,1,1,0,0,False,0.0,0.0,False,False,91.2,91.2,False,False,1.0,1.0,False,True,36.0945,36.0945,True,True,,,True,104.54243564900975
3372,0.0,89.4,0.0,33.634,,0,0,0,0,1,0,0,False,0.0,0.0,False,False,89.4,89.4,False,False,0.0,0.0,False,False,33.634,33.634,False,True,,,True,98.98280881066444
3373,0.0,90.94,1.0,37.274,,0,0,0,0,1,0,0,False,0.0,0.0,False,False,90.94,90.94,False,False,1.0,1.0,False,False,37.274,37.274,False,True,,,True,105.57798170416288
3374,0.7,89.58,0.0,36.513,,0,0,0,0,1,0,0,False,0.7,0.7,False,False,89.58,89.58,False,False,0.0,0.0,False,False,36.513,36.513,False,True,,,True,102.85468920787689
3375,0.0,88.6,1.0,37.348,,0,0,0,0,1,0,0,False,0.0,0.0,False,False,88.6,88.6,False,False,1.0,1.0,False,False,37.348,37.348,False,True,,,True,104.45426131134792
3376,0.9,,1.0,37.105,,0,1,0,0,1,0,0,False,0.9,0.9,False,True,88.31036585365854,88.31036585365854,True,False,1.0,1.0,False,False,37.105,37.105,False,True,,,True,105.25789135260568
3377,0.6,88.2,2.0,34.555,,0,0,0,0,1,0,0,False,0.6,0.6,False,False,88.2,88.2,False,False,2.0,2.0,False,False,34.555,34.555,False,True,,,True,104.47876936209917
3378,24.3,99.93,4.0,49.028,,0,0,0,0,1,1,0,False,24.3,24.3,False,False,99.93,99.93,False,False,4.0,4.0,False,False,49.028,49.028,False,True,,,True,160.62374802795998
3379,6.6,103.33,,44.386,,0,0,1,0,1,0,0,False,6.6,6.6,False,False,103.33,103.33,False,True,2.0,2.0,True,False,44.386,44.386,False,True,,,True,129.90854133765228
3380,0.2,102.29,1.0,45.265,,0,0,0,0,1,0,0,False,0.2,0.2,False,False,102.29,102.29,False,False,1.0,1.0,False,False,45.265,45.265,False,True,,,True,119.56592668411143
3381,0.5,101.52,2.0,41.708,,0,0,0,0,1,0,0,False,0.5,0.5,False,False,101.52,101.52,False,False,2.0,2.0,False,False,41.708,41.708,False,True,,,True,118.24674063645276
3382,0.4,99.52,3.0,40.932,,0,0,0,0,1,0,0,False,0.4,0.4,False,False,99.52,99.52,False,False,3.0,3.0,False,False,40.932,40.932,False,True,,,True,118.52350995730279
3383,0.0,99.14,2.0,38.216,,0,0,0,0,1,0,0,False,0.0,0.0,False,False,99.14,99.14,False,False,2.0,2.0,False,False,38.216,38.216,False,True,,,True,112.90714346579665
3384,0.0,97.55,0.0,41.025,,0,0,0,0,1,0,0,False,0.0,0.0,False,False,97.55,97.55,False,False,0.0,0.0,False,False,41.025,41.025,False,True,,,True,110.47434705479498
3385,0.0,95.98,2.0,36.3,,0,0,0,0,1,0,0,False,0.0,0.0,False,False,95.98,95.98,False,False,2.0,2.0,False,False,36.3,36.3,False,True,,,True,109.3924245823925
3386,0.0,95.65,1.0,41.409,,0,0,0,0,1,0,0,False,0.0,0.0,False,False,95.65,95.65,False,False,1.0,1.0,False,False,41.409,41.409,False,True,,,True,112.08400658352123
3387,0.4,96.37,4.0,37.507,,0,0,0,0,1,0,0,False,0.4,0.4,False,False,96.37,96.37,False,False,4.0,4.0,False,False,37.507,37.507,False,True,,,True,115.72009054148322
3388,0.0,95.14,3.0,40.795,,0,0,0,0,1,0,0,False,0.0,0.0,False,False,95.14,95.14,False,False,3.0,3.0,False,False,40.795,40.795,False,True,,,True,115.61716433096558
3389,0.0,93.3,1.0,,,0,0,0,1,1,0,0,False,0.0,0.0,False,False,93.3,93.3,False,False,1.0,1.0,False,True,43.98843098856337,43.98843098856337,True,True,,,True,113.43734174764012
3390,10.2,97.32,0.0,45.747,,0,0,0,0,1,0,0,False,10.2,10.2,False,False,97.32,97.32,False,False,0.0,0.0,False,False,45.747,45.747,False,True,,,True,128.55027365849566
3391,0.0,97.23,2.0,37.693,,0,0,0,0,1,0,0,False,0.0,0.0,False,False,97.23,97.23,False,False,2.0,2.0,False,False,37.693,37.693,False,True,,,True,111.41193317240713
3392,10.1,101.14,1.0,43.515,,0,0,0,0,1,0,0,False,10.1,10.1,False,False,101.14,101.14,False,False,1.0,1.0,False,False,43.515,43.515,False,True,,,True,130.36179708116794
3393,0.5,100.76,0.0,39.389,,0,0,0,0,1,0,0,False,0.5,0.5,False,False,100.76,100.76,False,False,0.0,0.0,False,False,39.389,39.389,False,True,,,True,111.15814028658819
3394,,98.82,2.0,43.119,,1,0,0,0,1,0,0,True,0.15000000000000002,0.15000000000000002,True,False,98.82,98.82,False,False,2.0,2.0,False,False,43.119,43.119,False,True,,,True,117.79968435440217
3395,0.1,96.94,1.0,,,0,0,0,1,1,0,0,False,0.1,0.1,False,False,96.94,96.94,False,False,1.0,1.0,False,True,40.7465576496674,40.7465576496674,True,True,,,True,112.22012137046767
3396,0.1,96.59,0.0,38.036,,0,0,0,0,1,0,0,False,0.1,0.1,False,False,96.59,96.59,False,False,0.0,0.0,False,False,38.036,38.036,False,True,,,True,107.15450982698323
3397,0.2,95.69,1.0,,,0,0,0,1,1,0,0,False,0.2,0.2,False,False,95.69,95.69,False,False,1.0,1.0,False,True,37.47694235033259,37.47694235033259,True,True,,,True,108.47392372567495
3398,,96.67,5.0,37.256,,1,0,0,0,1,0,0,True,0.2,0.2,True,False,96.67,96.67,False,False,5.0,5.0,False,False,37.256,37.256,False,True,,,True,117.56105301813369
3399,7.2,,0.0,39.773,,0,1,0,0,1,0,0,False,7.2,7.2,False,True,98.18458745874588,98.18458745874588,True,False,0.0,0.0,False,False,39.773,39.773,False,True,,,True,119.09889305759104
3400,,,,40.185,,1,1,1,0,1,0,0,True,0.2,0.2,True,True,99.84729372937294,99.84729372937294,True,True,0.0,0.0,True,False,40.185,40.185,False,True,,,True,111.08234059484923
3401,9.1,100.63,0.0,44.303,,0,0,0,0,1,0,0,False,9.1,9.1,False,False,100.63,100.63,False,False,0.0,0.0,False,False,44.303,44.303,False,True,,,True,127.3553735094861
3402,0.2,100.1,0.0,38.686,,0,0,0,0,1,0,0,False,0.2,0.2,False,False,100.1,100.1,False,False,0.0,0.0,False,False,38.686,38.686,False,True,,,True,109.72652958458393
3403,0.2,98.22,2.0,39.596,,0,0,0,0,1,0,0,False,0.2,0.2,False,False,98.22,98.22,False,False,2.0,2.0,False,False,39.596,39.596,False,True,,,True,114.06871158812484
3404,7.9,101.51,0.0,39.976,,0,0,0,0,1,0,0,False,7.9,7.9,False,False,101.51,101.51,False,False,0.0,0.0,False,False,39.976,39.976,False,True,,,True,121.92866126429877
3405,0.2,100.62,3.0,39.931,,0,0,0,0,1,0,0,False,0.2,0.2,False,False,100.62,100.62,False,False,3.0,3.0,False,False,39.931,39.931,False,True,,,True,117.82950276887843
3406,,100.29,1.0,44.714,,1,0,0,0,1,0,0,True,0.35,0.35,True,False,100.29,100.29,False,False,1.0,1.0,False,False,44.714,44.714,False,True,,,True,118.19569279411863
3407,6.3,103.89,1.0,44.494,,0,0,0,0,1,0,0,False,6.3,6.3,False,False,103.89,103.89,False,False,1.0,1.0,False,False,44.494,44.494,False,True,,,True,127.70332111597602
3408,0.2,101.82,6.0,35.041,,0,0,0,0,1,0,0,False,0.2,0.2,False,False,101.82,101.82,False,False,6.0,6.0,False,False,35.041,35.041,False,True,,,True,120.2022878847709
3409,0.5,102.69,1.0,36.125,,0,0,0,0,1,0,0,False,0.5,0.5,False,False,102.69,102.69,False,False,1.0,1.0,False,False,36.125,36.125,False,True,,,True,111.11291405682337
3410,3.5,101.03,0.0,45.333,,0,0,0,0,1,0,0,False,3.5,3.5,False,False,101.03,101.03,False,False,0.0,0.0,False,False,45.333,45.333,False,True,,,True,121.16020071513115
3411,0.9,100.37,1.0,43.071,,0,0,0,0,1,0,0,False,0.9,0.9,False,False,100.37,100.37,False,False,1.0,1.0,False,False,43.071,43.071,False,True,,,True,117.33764303004604
3412,0.1,,3.0,38.782,,0,1,0,0,1,0,0,False,0.1,0.1,False,True,100.95851851851852,100.95851851851852,True,False,3.0,3.0,False,False,38.782,38.782,False,True,,,True,116.73183578530369
3413,0.2,,2.0,38.383,,0,1,0,0,1,0,0,False,0.2,0.2,False,True,102.05148148148147,102.05148148148147,True,False,2.0,2.0,False,False,38.383,38.383,False,True,,,True,114.82697764798431
3414,10.2,102.64,3.0,44.536,,0,0,0,0,1,0,0,False,10.2,10.2,False,False,102.64,102.64,False,False,3.0,3.0,False,False,44.536,44.536,False,True,,,True,136.67550095197342
3415,1.7,102.39,1.0,44.109,,0,0,0,0,1,0,0,False,1.7,1.7,False,False,102.39,102.39,False,False,1.0,1.0,False,False,44.109,44.109,False,True,,,True,120.45937605297978
3416,5.8,103.36,1.0,40.967,,0,0,0,0,1,0,0,False,5.8,5.8,False,False,103.36,103.36,False,False,1.0,1.0,False,False,40.967,40.967,False,True,,,True,123.27542143166893
3417,11.4,110.28,2.0,47.295,,0,0,0,0,1,0,0,False,11.4,11.4,False,False,110.28,110.28,False,False,2.0,2.0,False,False,47.295,47.295,False,True,,,True,142.70602476371081
3418,6.6,110.15,1.0,48.263,,0,0,0,0,1,0,0,False,6.6,6.6,False,False,110.15,110.15,False,False,1.0,1.0,False,False,48.263,48.263,False,True,,,True,135.03716300393253
3419,17.5,118.71,2.0,47.651,,0,0,0,0,1,0,0,False,17.5,17.5,False,False,118.71,118.71,False,False,2.0,2.0,False,False,47.651,47.651,False,True,,,True,155.45386151736523
3420,0.1,117.52,0.0,50.558,,0,0,0,0,1,0,0,False,0.1,0.1,False,False,117.52,117.52,False,False,0.0,0.0,False,False,50.558,50.558,False,True,,,True,130.2670568364891
3421,0.0,118.79,1.0,46.441,,0,0,0,0,1,0,0,False,0.0,0.0,False,False,118.79,118.79,False,False,1.0,1.0,False,False,46.441,46.441,False,True,,,True,128.90662074446658
3422,0.3,114.75,2.0,48.075,,0,0,0,0,1,0,0,False,0.3,0.3,False,False,114.75,114.75,False,False,2.0,2.0,False,False,48.075,48.075,False,True,,,True,131.05746509142003
3423,0.0,115.78,1.0,45.851,,0,0,0,0,1,0,0,False,0.0,0.0,False,False,115.78,115.78,False,False,1.0,1.0,False,False,45.851,45.851,False,True,,,True,126.78232446042583
3424,0.7,114.37,1.0,45.324,,0,0,0,0,1,0,0,False,0.7,0.7,False,False,114.37,114.37,False,False,1.0,1.0,False,False,45.324,45.324,False,True,,,True,126.46645661548534
3425,,113.22,3.0,44.601,,1,0,0,0,1,0,0,True,0.2,0.2,True,False,113.22,113.22,False,False,3.0,3.0,False,False,44.601,44.601,False,True,,,True,128.9017118714296
3426,0.0,111.54,1.0,45.623,,0,0,0,0,1,0,0,False,0.0,0.0,False,False,111.54,111.54,False,False,1.0,1.0,False,False,45.623,45.623,False,True,,,True,124.38745758314036
3427,0.1,109.04,1.0,,,0,0,0,1,1,0,0,False,0.1,0.1,False,False,109.04,109.04,False,False,1.0,1.0,False,True,46.2226685500557,46.2226685500557,True,True,,,True,123.83518124031542
3428,3.9,109.7,2.0,46.501,,0,0,0,0,1,0,0,False,3.9,3.9,False,False,109.7,109.7,False,False,2.0,2.0,False,False,46.501,46.501,False,True,,,True,131.6848853603197
3429,0.0,109.91,3.0,45.046,,0,0,0,0,1,0,0,False,0.0,0.0,False,False,109.91,109.91,False,False,3.0,3.0,False,False,45.046,45.046,False,True,,,True,127.38433277076024
3430,9.7,112.71,1.0,48.965,,0,0,0,0,1,0,0,False,9.7,9.7,False,False,112.71,112.71,False,False,1.0,1.0,False,False,48.965,48.965,False,True,,,True,141.1498489696621
3431,0.0,111.61,2.0,49.171,,0,0,0,0,1,0,0,False,0.0,0.0,False,False,111.61,111.61,False,False,2.0,2.0,False,False,49.171,49.171,False,True,,,True,130.13950207011473
3432,11.7,117.69,2.0,53.669,,0,0,0,0,1,0,0,False,11.7,11.7,False,False,117.69,117.69,False,False,2.0,2.0,False,False,53.669,53.669,False,True,,,True,153.20896801060692
3433,0.6,117.33,,47.279,,0,0,1,0,1,0,0,False,0.6,0.6,False,False,117.33,117.33,False,True,2.0,2.0,True,False,47.279,47.279,False,True,,,True,131.9861734448994
3434,0.4,116.05,3.0,48.656,,0,0,0,0,1,0,0,False,0.4,0.4,False,False,116.05,116.05,False,False,3.0,3.0,False,False,48.656,48.656,False,True,,,True,134.63176858945775
3435,0.6,114.3,2.0,,,0,0,0,1,1,0,0,False,0.6,0.6,False,False,114.3,114.3,False,False,2.0,2.0,False,True,47.201142159395104,47.201142159395104,True,True,,,True,130.35903364349105
3436,0.0,113.36,1.0,45.335,,0,0,0,0,1,0,0,False,0.0,0.0,False,False,113.36,113.36,False,False,1.0,1.0,False,False,45.335,45.335,False,True,,,True,125.0331572873341
3437,0.4,112.6,1.0,44.749,,0,0,0,0,1,0,0,False,0.4,0.4,False,False,112.6,112.6,False,False,1.0,1.0,False,False,44.749,44.749,False,True,,,True,124.59383405575068
3438,0.4,109.64,0.0,44.51,,0,0,0,0,1,0,0,False,0.4,0.4,False,False,109.64,109.64,False,False,0.0,0.0,False,False,44.51,44.51,False,True,,,True,120.64168210107664
3439,0.6,107.71,2.0,42.598,,0,0,0,0,1,0,0,False,0.6,0.6,False,False,107.71,107.71,False,False,2.0,2.0,False,False,42.598,42.598,False,True,,,True,122.4274936044254
3440,0.0,106.05,2.0,42.808,,0,0,0,0,1,0,0,False,0.0,0.0,False,False,106.05,106.05,False,False,2.0,2.0,False,False,42.808,42.808,False,True,,,True,120.99134166110711
3441,0.2,107.9,1.0,40.748,,0,0,0,0,1,0,0,False,0.2,0.2,False,False,107.9,107.9,False,False,1.0,1.0,False,False,40.748,40.748,False,True,,,True,117.96067240466085
3442,0.7,105.6,1.0,46.69,,0,0,0,0,1,0,0,False,0.7,0.7,False,False,105.6,105.6,False,False,1.0,1.0,False,False,46.69,46.69,False,True,,,True,123.33345749669483
3443,0.0,106.5,0.0,44.024,,0,0,0,0,1,0,0,False,0.0,0.0,False,False,106.5,106.5,False,False,0.0,0.0,False,False,44.024,44.024,False,True,,,True,118.02390190598325
3444,4.0,106.72,1.0,48.312,,0,0,0,0,1,0,0,False,4.0,4.0,False,False,106.72,106.72,False,False,1.0,1.0,False,False,48.312,48.312,False,True,,,True,129.88597470937034
3445,,106.13,3.0,42.658,,1,0,0,0,1,0,0,True,0.25,0.25,True,False,106.13,106.13,False,False,3.0,3.0,False,False,42.658,42.658,False,True,,,True,123.41609348270467
3446,0.2,,2.0,41.665,,0,1,0,0,1,0,0,False,0.2,0.2,False,True,104.67856326362237,104.67856326362237,True,False,2.0,2.0,False,False,41.665,41.665,False,True,,,True,119.42239909915943
3447,0.3,102.99,0.0,43.211,,0,0,0,0,1,0,0,False,0.3,0.3,False,False,102.99,102.99,False,False,0.0,0.0,False,False,43.211,43.211,False,True,,,True,115.82041194814498
3448,0.0,101.86,1.0,43.008,,0,0,0,0,1,0,0,False,0.0,0.0,False,False,101.86,101.86,False,False,1.0,1.0,False,False,43.008,43.008,False,True,,,True,116.84490426107698
3449,3.2,100.44,5.0,40.178,,0,0,0,0,1,0,0,False,3.2,3.2,False,False,100.44,100.44,False,False,5.0,5.0,False,False,40.178,40.178,False,True,,,True,126.35960363191016
3450,0.0,99.35,2.0,39.736,,0,0,0,0,1,0,0,False,0.0,0.0,False,False,99.35,99.35,False,False,2.0,2.0,False,False,39.736,39.736,False,True,,,True,114.52045817309072
3451,0.2,99.51,1.0,40.207,,0,0,0,0,1,0,0,False,0.2,0.2,False,False,99.51,99.51,False,False,1.0,1.0,False,False,40.207,40.207,False,True,,,True,113.13276751839993
3452,,98.41,3.0,41.19,,1,0,0,0,1,0,0,True,0.2,0.2,True,False,98.41,98.41,False,False,3.0,3.0,False,False,41.19,41.19,False,True,,,True,117.94628293569892
3453,0.0,97.43,2.0,36.599,,0,0,0,0,1,0,0,False,0.0,0.0,False,False,97.43,97.43,False,False,2.0,2.0,False,False,36.599,36.599,False,True,,,True,110.43040018899696
3454,0.4,95.52,3.0,37.723,,0,0,0,0,1,0,0,False,0.4,0.4,False,False,95.52,95.52,False,False,3.0,3.0,False,False,37.723,37.723,False,True,,,True,113.29809072449922
3455,,96.43,3.0,37.259,,1,0,0,0,1,0,0,True,0.1,0.1,True,False,96.43,96.43,False,False,3.0,3.0,False,False,37.259,37.259,False,True,,,True,112.90639898451788
3456,0.2,94.53,1.0,40.871,,0,0,0,0,1,0,0,False,0.2,0.2,False,False,94.53,94.53,False,False,1.0,1.0,False,False,40.871,40.871,False,True,,,True,111.24307047574638
3457,0.0,,2.0,39.098,,0,1,0,0,1,0,0,False,0.0,0.0,False,True,93.4023564877969,93.4023564877969,True,False,2.0,2.0,False,False,39.098,39.098,False,True,,,True,110.84584794783443
3458,,,3.0,37.675,,1,1,0,0,1,0,0,True,0.0,0.0,True,True,92.54082702118386,92.54082702118386,True,False,3.0,3.0,False,False,37.675,37.675,False,True,,,True,111.19651572979659
3459,0.0,91.84,0.0,39.131,,0,0,0,0,1,0,0,False,0.0,0.0,False,False,91.84,91.84,False,False,0.0,0.0,False,False,39.131,39.131,False,True,,,True,105.67696446219728
3460,0.1,91.29,1.0,37.856,,0,0,0,0,1,0,0,False,0.1,0.1,False,False,91.29,91.29,False,False,1.0,1.0,False,False,37.856,37.856,False,True,,,True,106.46612612768631
3461,0.0,90.54,0.0,40.373,,0,0,0,0,1,0,0,False,0.0,0.0,False,False,90.54,90.54,False,False,0.0,0.0,False,False,40.373,40.373,False,True,,,True,106.24241543932055
3462,0.0,90.66,0.0,30.996,,0,0,0,0,1,0,0,False,0.0,0.0,False,False,90.66,90.66,False,False,0.0,0.0,False,False,30.996,30.996,False,True,,,True,97.01385590021614
3463,0.0,,1.0,37.938,,0,1,0,0,1,0,0,False,0.0,0.0,False,True,91.14941774491682,91.14941774491682,True,False,1.0,1.0,False,False,37.938,37.938,False,True,,,True,106.34294548464672
3464,0.0,91.55,2.0,35.211,,0,0,0,0,1,0,0,False,0.0,0.0,False,False,91.55,91.55,False,False,2.0,2.0,False,False,35.211,35.211,False,True,,,True,106.04735603242797
3465,0.0,88.89,2.0,35.035,,0,0,0,0,1,0,0,False,0.0,0.0,False,False,88.89,88.89,False,False,2.0,2.0,False,False,35.035,35.035,False,True,,,True,104.51225971389536
3466,0.0,88.43,1.0,35.514,,0,0,0,0,1,0,0,False,0.0,0.0,False,False,88.43,88.43,False,False,1.0,1.0,False,False,35.514,35.514,False,True,,,True,102.55032382452771
3467,0.6,87.78,1.0,34.608,,0,0,0,0,1,0,0,False,0.6,0.6,False,False,87.78,87.78,False,False,1.0,1.0,False,False,34.608,34.608,False,True,,,True,102.11525047809465
3468,0.0,86.54,0.0,34.895,,0,0,0,0,1,0,0,False,0.0,0.0,False,False,86.54,86.54,False,False,0.0,0.0,False,False,34.895,34.895,False,True,,,True,98.76906113431859
3469,0.2,85.14,4.0,35.659,,0,0,0,0,1,0,0,False,0.2,0.2,False,False,85.14,85.14,False,False,4.0,4.0,False,False,35.659,35.659,False,True,,,True,107.8795015449155
3470,0.0,86.56,2.0,37.375,,0,0,0,0,1,0,0,False,0.0,0.0,False,False,86.56,86.56,False,False,2.0,2.0,False,False,37.375,37.375,False,True,,,True,105.63861777197636
3471,6.3,88.5,3.0,36.925,,0,0,0,0,1,0,0,False,6.3,6.3,False,False,88.5,88.5,False,False,3.0,3.0,False,False,36.925,36.925,False,True,,,True,116.73414300118436
3472,0.0,86.54,2.0,40.55,,0,0,0,0,1,0,0,False,0.0,0.0,False,False,86.54,86.54,False,False,2.0,2.0,False,False,40.55,40.55,False,True,,,True,108.77391067249076
3473,7.0,90.42,1.0,37.522,,0,0,0,0,1,0,0,False,7.0,7.0,False,False,90.42,90.42,False,False,1.0,1.0,False,False,37.522,37.522,False,True,,,True,114.83296137731719
3474,7.4,93.41,2.0,40.696,,0,0,0,0,1,0,0,False,7.4,7.4,False,False,93.41,93.41,False,False,2.0,2.0,False,False,40.696,40.696,False,True,,,True,122.23822852096244
3475,0.0,92.55,,37.569,,0,0,1,0,1,0,0,False,0.0,0.0,False,False,92.55,92.55,False,True,2.0,2.0,True,False,37.569,37.569,False,True,,,True,108.89501757865119
3476,0.0,91.99,0.0,37.999,,0,0,0,0,1,0,0,False,0.0,0.0,False,False,91.99,91.99,False,False,0.0,0.0,False,False,37.999,37.999,False,True,,,True,104.63220662636296
3477,0.3,89.59,2.0,40.212,,0,0,0,0,1,0,0,False,0.3,0.3,False,False,89.59,89.59,False,False,2.0,2.0,False,False,40.212,40.212,False,True,,,True,110.39679683235669
3478,0.0,87.71,1.0,37.54,,0,0,0,0,1,0,0,False,0.0,0.0,False,False,87.71,87.71,False,False,1.0,1.0,False,False,37.54,37.54,False,True,,,True,104.18919689178884
3479,0.3,89.7,1.0,35.459,,0,0,0,0,1,0,0,False,0.3,0.3,False,False,89.7,89.7,False,False,1.0,1.0,False,False,35.459,35.459,False,True,,,True,103.54301880843457
3480,0.6,87.54,0.0,35.285,,0,0,0,0,1,0,0,False,0.6,0.6,False,False,87.54,87.54,False,False,0.0,0.0,False,False,35.285,35.285,False,True,,,True,100.46201799854865
3481,0.0,86.69,4.0,34.812,,0,0,0,0,1,0,0,False,0.0,0.0,False,False,86.69,86.69,False,False,4.0,4.0,False,False,34.812,34.812,False,True,,,True,107.5682633815154
3482,0.0,85.31,1.0,33.167,,0,0,0,0,1,0,0,False,0.0,0.0,False,False,85.31,85.31,False,False,1.0,1.0,False,False,33.167,33.167,False,True,,,True,98.62906836545497
3483,9.2,88.79,2.0,41.644,,0,0,0,0,1,0,0,False,9.2,9.2,False,False,88.79,88.79,False,False,2.0,2.0,False,False,41.644,41.644,False,True,,,True,123.19912830059423
3484,10.5,92.7,1.0,41.675,,0,0,0,0,1,0,0,False,10.5,10.5,False,False,92.7,92.7,False,False,1.0,1.0,False,False,41.675,41.675,False,True,,,True,124.75139074767773
3485,0.0,,4.0,36.852,,0,1,0,0,1,0,0,False,0.0,0.0,False,True,91.96108695652174,91.96108695652174,True,False,4.0,4.0,False,False,36.852,36.852,False,True,,,True,112.28576337388702
3486,0.2,90.64,1.0,39.074,,0,0,0,0,1,0,0,False,0.2,0.2,False,False,90.64,90.64,False,False,1.0,1.0,False,False,39.074,39.074,False,True,,,True,107.47281332678551
3487,0.0,89.34,1.0,34.798,,0,0,0,0,1,0,0,False,0.0,0.0,False,False,89.34,89.34,False,False,1.0,1.0,False,False,34.798,34.798,False,True,,,True,102.30648400659484
3488,5.7,92.2,2.0,40.484,,0,0,0,0,1,0,0,False,5.7,5.7,False,False,92.2,92.2,False,False,2.0,2.0,False,False,40.484,40.484,False,True,,,True,119.15664757897213
3489,0.7,93.56,1.0,40.204,,0,0,0,0,1,0,0,False,0.7,0.7,False,False,93.56,93.56,False,False,1.0,1.0,False,False,40.204,40.204,False,True,,,True,110.74857729314952
3490,0.8,,1.0,38.926,,0,1,0,0,1,0,0,False,0.8,0.8,False,True,91.85999999999999,91.85999999999999,True,False,1.0,1.0,False,False,38.926,38.926,False,True,,,True,108.7453064729668
3491,0.0,90.16,1.0,34.59,,0,0,0,0,1,0,0,False,0.0,0.0,False,False,90.16,90.16,False,False,1.0,1.0,False,False,34.59,34.59,False,True,,,True,102.51988827563619
3492,5.3,92.3,0.0,,,0,0,0,1,1,0,0,False,5.3,5.3,False,False,92.3,92.3,False,False,0.0,0.0,False,True,35.51490757541393,35.51490757541393,True,True,,,True,109.35247652358703
3493,0.1,91.41,2.0,36.685,,0,0,0,0,1,0,0,False,0.1,0.1,False,False,91.41,91.41,False,False,2.0,2.0,False,False,36.685,36.685,False,True,,,True,107.56855847349831
3494,0.0,91.62,1.0,37.029,,0,0,0,0,1,0,0,False,0.0,0.0,False,False,91.62,91.62,False,False,1.0,1.0,False,False,37.029,37.029,False,True,,,True,105.68311209113703
3495,0.6,88.36,4.0,,,0,0,0,1,1,0,0,False,0.6,0.6,False,False,88.36,88.36,False,False,4.0,4.0,False,True,36.98376753351361,36.98376753351361,True,True,,,True,111.36918654735022
3496,0.0,87.64,3.0,36.836,,0,0,0,0,1,0,0,False,0.0,0.0,False,False,87.64,87.64,False,False,3.0,3.0,False,False,36.836,36.836,False,True,,,True,107.85827338259251
3497,0.1,,0.0,34.784,,0,1,0,0,1,0,0,False,0.1,0.1,False,True,85.54808550185874,85.54808550185874,True,False,0.0,0.0,False,False,34.784,34.784,False,True,,,True,98.28417919966603
3498,0.3,83.95,,38.184,,0,0,1,0,1,0,0,False,0.3,0.3,False,False,83.95,83.95,False,True,2.0,2.0,True,False,38.184,38.184,False,True,,,True,105.50246695932486
3499,,84.99,2.0,33.318,,1,0,0,0,1,0,0,True,0.1,0.1,True,False,84.99,84.99,False,False,2.0,2.0,False,False,33.318,33.318,False,True,,,True,100.94864846947476
3500,4.1,86.84,1.0,,,0,0,0,1,1,0,0,False,4.1,4.1,False,False,86.84,86.84,False,False,1.0,1.0,False,True,36.37049999999999,36.37049999999999,True,True,,,True,108.01817296124038
3501,0.0,85.58,1.0,39.423,,0,0,0,0,1,0,0,False,0.0,0.0,False,False,85.58,85.58,False,False,1.0,1.0,False,False,39.423,39.423,False,True,,,True,104.96510818990187
3502,0.1,84.5,1.0,35.538,,0,0,0,0,1,0,0,False,0.1,0.1,False,False,84.5,84.5,False,False,1.0,1.0,False,False,35.538,35.538,False,True,,,True,100.69620291340516
3503,0.0,84.36,3.0,36.45,,0,0,0,0,1,0,0,False,0.0,0.0,False,False,84.36,84.36,False,False,3.0,3.0,False,False,36.45,36.45,False,True,,,True,105.79796396709808
3504,0.0,84.44,2.0,35.608,,0,0,0,0,1,0,0,False,0.0,0.0,False,False,84.44,84.44,False,False,2.0,2.0,False,False,35.608,35.608,False,True,,,True,102.80353044424417
3505,0.1,83.68,3.0,35.497,,0,0,0,0,1,0,0,False,0.1,0.1,False,False,83.68,83.68,False,False,3.0,3.0,False,False,35.497,35.497,False,True,,,True,104.63845970027099
3506,0.0,82.99,1.0,34.844,,0,0,0,0,1,0,0,False,0.0,0.0,False,False,82.99,82.99,False,False,1.0,1.0,False,False,34.844,34.844,False,True,,,True,99.10369710604536
3507,0.0,,2.0,37.987,,0,1,0,0,1,0,0,False,0.0,0.0,False,True,81.59575111299884,81.59575111299884,True,False,2.0,2.0,False,False,37.987,37.987,False,True,,,True,103.70546101147407
3508,0.0,80.06,3.0,30.98,,0,0,0,0,1,0,1,False,0.0,0.0,False,False,80.06,80.06,False,False,3.0,3.0,False,False,30.98,30.98,False,True,,,True,98.17906957224885
3509,0.1,,1.0,33.102,,0,1,0,0,1,0,0,False,0.1,0.1,False,True,79.08013342095914,79.08013342095914,True,False,1.0,1.0,False,False,33.102,33.102,False,True,,,True,95.51027068100562
3510,0.0,78.07,3.0,32.817,,0,0,0,0,1,0,0,False,0.0,0.0,False,False,78.07,78.07,False,False,3.0,3.0,False,False,32.817,32.817,False,True,,,True,98.98102530730237
3511,0.4,76.51,2.0,33.33,,0,0,0,0,1,0,0,False,0.4,0.4,False,False,76.51,76.51,False,False,2.0,2.0,False,False,33.33,33.33,False,True,,,True,97.0200823055212
3512,0.0,,2.0,26.434,,0,1,0,0,1,0,0,False,0.0,0.0,False,True,75.24478260869566,75.24478260869566,True,False,2.0,2.0,False,False,26.434,26.434,False,True,,,True,89.01086139249892
3513,0.0,74.59,1.0,31.856,,0,0,0,0,1,0,0,False,0.0,0.0,False,False,74.59,74.59,False,False,1.0,1.0,False,False,31.856,31.856,False,True,,,True,91.84639413553991
3514,,74.83,3.0,30.952,,1,0,0,0,1,0,0,True,0.25,0.25,True,False,74.83,74.83,False,False,3.0,3.0,False,False,30.952,30.952,False,True,,,True,95.80716907026205
3515,0.3,,3.0,33.729,,0,1,0,0,1,0,0,False,0.3,0.3,False,True,74.79200900163666,74.79200900163666,True,False,3.0,3.0,False,False,33.729,33.729,False,True,,,True,98.6052056439674
3516,0.2,74.68,2.0,31.265,,0,0,0,0,1,0,0,False,0.2,0.2,False,False,74.68,74.68,False,False,2.0,2.0,False,False,31.265,31.265,False,True,,,True,93.77310356978103
3517,2.3,74.01,3.0,33.204,,0,0,0,0,1,0,0,False,2.3,2.3,False,False,74.01,74.01,False,False,3.0,3.0,False,False,33.204,33.204,False,True,,,True,100.33512350164986
3518,15.1,82.26,2.0,42.384,,0,0,0,0,1,1,0,False,15.1,15.1,False,False,82.26,77.31,False,False,2.0,2.0,False,False,42.384,32.836,False,True,,,True,116.41801858124647
3519,0.3,81.5,1.0,37.041,,0,0,0,0,1,0,0,False,0.3,0.3,False,False,81.5,81.5,False,False,1.0,1.0,False,False,37.041,37.041,False,True,,,True,100.91559944726096
3520,0.6,81.28,3.0,31.107,,0,0,0,0,1,0,0,False,0.6,0.6,False,False,81.28,81.28,False,False,3.0,3.0,False,False,31.107,31.107,False,True,,,True,99.72400967517521
3521,0.0,80.28,3.0,32.836,,0,0,0,0,1,0,0,False,0.0,0.0,False,False,80.28,80.28,False,False,3.0,3.0,False,False,32.836,32.836,False,True,,,True,100.13038045219169
3522,1.3,79.74,1.0,34.742,,0,0,0,0,1,0,0,False,1.3,1.3,False,False,79.74,79.74,False,False,1.0,1.0,False,False,34.742,34.742,False,True,,,True,99.06265143464246
3523,0.0,77.31,2.0,,,0,0,0,1,1,0,0,False,0.0,0.0,False,False,77.31,77.31,False,False,2.0,2.0,False,True,30.6825,30.6825,True,True,,,True,94.27638679315223
3524,0.3,78.08,1.0,26.623,,0,0,0,0,1,0,0,False,0.3,0.3,False,False,78.08,78.08,False,False,1.0,1.0,False,False,26.623,26.623,False,True,,,True,88.84480766727407
3525,0.0,78.3,2.0,30.16,,0,0,0,0,1,0,0,False,0.0,0.0,False,False,78.3,78.3,False,False,2.0,2.0,False,False,30.16,30.16,False,True,,,True,94.26517477968005
3526,0.0,75.85,0.0,,,0,0,0,1,1,0,0,False,0.0,0.0,False,False,75.85,75.85,False,False,0.0,0.0,False,True,29.9235,29.9235,True,True,,,True,88.3752168130249
3527,0.0,74.49,3.0,29.687,,0,0,0,0,1,0,0,False,0.0,0.0,False,False,74.49,74.49,False,False,3.0,3.0,False,False,29.687,29.687,False,True,,,True,94.04872480209733
3528,0.2,74.45,2.0,30.018,,0,0,0,0,1,0,0,False,0.2,0.2,False,False,74.45,74.45,False,False,2.0,2.0,False,False,30.018,30.018,False,True,,,True,92.42002333218613
3529,0.1,73.77,1.0,29.431,,0,0,0,0,1,0,0,False,0.1,0.1,False,False,73.77,73.77,False,False,1.0,1.0,False,False,29.431,29.431,False,True,,,True,89.15693823053954
3530,0.2,72.74,2.0,32.78,,0,0,0,0,1,0,0,False,0.2,0.2,False,False,72.74,72.74,False,False,2.0,2.0,False,False,32.78,32.78,False,True,,,True,94.28162632297423
3531,6.8,,0.0,34.741,,0,1,0,0,1,0,0,False,6.8,6.8,False,True,72.25821000855431,72.25821000855431,True,False,0.0,0.0,False,False,34.741,34.741,False,True,,,True,100.32088335916741
3532,0.0,72.05,2.0,28.93,,0,0,0,0,1,0,0,False,0.0,0.0,False,False,72.05,72.05,False,False,2.0,2.0,False,False,28.93,28.93,False,True,,,True,89.84938927299946
3533,0.0,73.26,2.0,29.363,,0,0,0,0,1,0,0,False,0.0,0.0,False,False,73.26,73.26,False,False,2.0,2.0,False,False,29.363,29.363,False,True,,,True,90.89734819565582
3534,0.0,72.87,1.0,31.119,,0,0,0,0,1,0,0,False,0.0,0.0,False,False,72.87,72.87,False,False,1.0,1.0,False,False,31.119,31.119,False,True,,,True,90.23636559300783
3535,0.9,71.94,2.0,30.232,,0,0,0,0,1,0,0,False,0.9,0.9,False,False,71.94,71.94,False,False,2.0,2.0,False,False,30.232,30.232,False,True,,,True,92.27556819132174
3536,,73.07,1.0,31.431,,1,0,0,0,1,0,0,True,0.35,0.35,True,False,73.07,73.07,False,False,1.0,1.0,False,False,31.431,31.431,False,True,,,True,91.11154406944189
3537,1.0,72.29,1.0,29.084,,0,0,0,0,1,0,0,False,1.0,1.0,False,False,72.29,72.29,False,False,1.0,1.0,False,False,29.084,29.084,False,True,,,True,89.24859888222348
3538,0.0,70.62,1.0,31.033,,0,0,0,0,1,0,0,False,0.0,0.0,False,False,70.62,70.62,False,False,1.0,1.0,False,False,31.033,31.033,False,True,,,True,89.00017035302696
3539,0.7,69.35,,30.961,,0,0,1,0,1,0,0,False,0.7,0.7,False,False,69.35,69.35,False,True,1.0,1.0,True,False,30.961,30.961,False,True,,,True,89.20669576440618
3540,0.0,69.99,,27.465,,0,0,1,0,1,0,0,False,0.0,0.0,False,False,69.99,69.99,False,True,1.0,1.0,True,False,27.465,27.465,False,True,,,True,85.14301670783968
3541,8.7,73.75,0.0,33.644,,0,0,0,0,1,0,0,False,8.7,8.7,False,False,73.75,73.75,False,False,0.0,0.0,False,False,33.644,33.644,False,True,,,True,102.51477549762811
3542,0.0,72.93,0.0,29.643,,0,0,0,0,1,0,0,False,0.0,0.0,False,False,72.93,72.93,False,False,0.0,0.0,False,False,29.643,29.643,False,True,,,True,86.60358694069757
3543,0.0,72.79,2.0,30.899,,0,0,0,0,1,0,0,False,0.0,0.0,False,False,72.79,72.79,False,False,2.0,2.0,False,False,30.899,30.899,False,True,,,True,92.17865850472259
3544,3.3,71.77,3.0,27.927,,0,0,0,0,1,0,0,False,3.3,3.3,False,False,71.77,71.77,False,False,3.0,3.0,False,False,27.927,27.927,False,True,,,True,95.28627731533705
3545,0.9,71.43,2.0,28.517,,0,0,0,0,1,0,0,False,0.9,0.9,False,False,71.43,71.43,False,False,2.0,2.0,False,False,28.517,28.517,False,True,,,True,90.31559800429224
3546,0.3,,2.0,27.76,,0,1,0,0,1,0,0,False,0.3,0.3,False,True,70.9608282208589,70.9608282208589,True,False,2.0,2.0,False,False,27.76,27.76,False,True,,,True,88.53059491875592
3547,0.0,70.67,1.0,28.913,,0,0,0,0,1,0,0,False,0.0,0.0,False,False,70.67,70.67,False,False,1.0,1.0,False,False,28.913,28.913,False,True,,,True,86.92542963215709
3548,0.0,70.76,3.0,27.956,,0,0,0,0,1,0,0,False,0.0,0.0,False,False,70.76,70.76,False,False,3.0,3.0,False,False,27.956,27.956,False,True,,,True,90.4257033598209
3549,0.0,70.72,0.0,27.962,,0,0,0,0,1,0,0,False,0.0,0.0,False,False,70.72,70.72,False,False,0.0,0.0,False,False,27.962,27.962,False,True,,,True,83.80766146086171
3550,,68.52,1.0,25.819,,1,0,0,0,1,0,0,True,0.0,0.0,True,False,68.52,68.52,False,False,1.0,1.0,False,False,25.819,25.819,False,True,,,True,82.76031531665436
3551,,68.08,2.0,28.388,,1,0,0,0,1,0,0,True,0.2,0.2,True,False,68.08,68.08,False,False,2.0,2.0,False,False,28.388,28.388,False,True,,,True,87.54656501516806
3552,5.0,70.58,2.0,30.008,,0,0,0,0,1,0,0,False,5.0,5.0,False,False,70.58,70.58,False,False,2.0,2.0,False,False,30.008,30.008,False,True,,,True,96.79060559535971
3553,2.1,71.69,0.0,27.627,,0,0,0,0,1,0,0,False,2.1,2.1,False,False,71.69,71.69,False,False,0.0,0.0,False,False,27.627,27.627,False,True,,,True,86.7545645237793
3554,0.2,69.48,2.0,31.673,,0,0,0,0,1,0,0,False,0.2,0.2,False,False,69.48,69.48,False,False,2.0,2.0,False,False,31.673,31.673,False,True,,,True,91.51724157733776
3555,4.0,72.33,4.0,28.699,,0,0,0,0,1,0,0,False,4.0,4.0,False,False,72.33,72.33,False,False,4.0,4.0,False,False,28.699,28.699,False,True,,,True,99.46628339945357
3556,0.5,,4.0,29.355,,0,1,0,0,1,0,0,False,0.5,0.5,False,True,71.35499999999999,71.35499999999999,True,False,4.0,4.0,False,False,29.355,29.355,False,True,,,True,94.97978458022588
3557,0.9,70.38,4.0,29.557,,0,0,0,0,1,0,0,False,0.9,0.9,False,False,70.38,70.38,False,False,4.0,4.0,False,False,29.557,29.557,False,True,,,True,95.21116188193594
3558,4.8,70.87,2.0,30.418,,0,0,0,0,1,0,0,False,4.8,4.8,False,False,70.87,70.87,False,False,2.0,2.0,False,False,30.418,30.418,False,True,,,True,97.08014126144447
3559,0.0,70.16,1.0,30.434,,0,0,0,0,1,0,0,False,0.0,0.0,False,False,70.16,70.16,False,False,1.0,1.0,False,False,30.434,30.434,False,True,,,True,88.17141708886226
3560,0.0,,1.0,30.317,,0,1,0,0,1,0,0,False,0.0,0.0,False,True,69.8353510674356,69.8353510674356,True,False,1.0,1.0,False,False,30.317,30.317,False,True,,,True,87.88942824443598
3561,0.0,69.41,1.0,28.89,,0,0,0,0,1,0,0,False,0.0,0.0,False,False,69.41,69.41,False,False,1.0,1.0,False,False,28.89,28.89,False,True,,,True,86.25808671751946
3562,0.1,66.93,2.0,29.114,,0,0,0,0,1,0,0,False,0.1,0.1,False,False,66.93,66.93,False,False,2.0,2.0,False,False,29.114,29.114,False,True,,,True,87.54503520421677
3563,0.0,,1.0,28.261,,0,1,0,0,1,0,0,False,0.0,0.0,False,True,66.53348527549475,66.53348527549475,True,False,1.0,1.0,False,False,28.261,28.261,False,True,,,True,84.16343725874697
3564,0.0,66.16,2.0,28.67,,0,0,0,0,1,0,0,False,0.0,0.0,False,False,66.16,66.16,False,False,2.0,2.0,False,False,28.67,28.67,False,True,,,True,86.57875746987183
3565,0.0,64.41,,22.296,,0,0,1,0,1,0,0,False,0.0,0.0,False,False,64.41,64.41,False,True,2.0,2.0,True,False,22.296,22.296,False,True,,,True,79.36871509021924
3566,0.0,61.91,2.0,23.609,,0,0,0,0,1,0,0,False,0.0,0.0,False,False,61.91,61.91,False,False,2.0,2.0,False,False,23.609,23.609,False,True,,,True,79.390643640001
3567,0.0,61.55,0.0,28.64,,0,0,0,0,1,0,0,False,0.0,0.0,False,False,61.55,61.55,False,False,0.0,0.0,False,False,28.64,28.64,False,True,,,True,79.78842849944134
3568,0.0,61.53,,,,0,0,1,1,1,0,0,False,0.0,0.0,False,False,61.53,61.53,False,True,2.0,2.0,True,True,28.15525485336638,28.15525485336638,True,True,,,True,83.70030196337804
3569,1.7,60.9,3.0,,,0,0,0,1,1,0,0,False,1.7,1.7,False,False,60.9,60.9,False,False,3.0,3.0,False,True,27.201176373399424,27.201176373399424,True,True,,,True,86.88654772678323
3570,7.6,65.06,2.0,26.528,,0,0,0,0,1,0,0,False,7.6,7.6,False,False,65.06,65.06,False,False,2.0,2.0,False,False,26.528,26.528,False,True,,,True,93.96424963759227
3571,0.0,65.94,1.0,26.33,,0,0,0,0,1,0,0,False,0.0,0.0,False,False,65.94,65.94,False,False,1.0,1.0,False,False,26.33,26.33,False,True,,,True,81.94676525041406
3572,0.8,63.97,2.0,25.515,,0,0,0,0,1,0,0,False,0.8,0.8,False,False,63.97,63.97,False,False,2.0,2.0,False,False,25.515,25.515,False,True,,,True,83.3927804393092
3573,0.0,63.57,3.0,34.755,,0,0,0,0,1,0,0,False,0.0,0.0,False,False,63.57,63.57,False,False,3.0,3.0,False,False,34.755,34.755,False,True,,,True,93.48351870612947
3574,0.6,63.56,1.0,,,0,0,0,1,1,0,0,False,0.6,0.6,False,False,63.56,63.56,False,False,1.0,1.0,False,True,29.834500000000006,29.834500000000006,True,True,,,True,84.99625950629681
3575,0.4,61.99,1.0,24.914,,0,0,0,0,1,0,0,False,0.4,0.4,False,False,61.99,61.99,False,False,1.0,1.0,False,False,24.914,24.914,False,True,,,True,79.0532943535681
3576,0.6,61.85,1.0,27.695,,0,0,0,0,1,0,0,False,0.6,0.6,False,False,61.85,61.85,False,False,1.0,1.0,False,False,27.695,27.695,False,True,,,True,82.00186701168148
3577,0.0,61.02,4.0,22.68,,0,0,0,0,1,0,0,False,0.0,0.0,False,False,61.02,61.02,False,False,4.0,4.0,False,False,22.68,22.68,False,True,,,True,82.41733574441564
3578,1.0,61.37,3.0,27.418,,0,0,0,0,1,0,0,False,1.0,1.0,False,False,61.37,61.37,False,False,3.0,3.0,False,False,27.418,27.418,False,True,,,True,86.41425924401092
3579,7.5,65.22,2.0,23.162,,0,0,0,0,1,0,0,False,7.5,7.5,False,False,65.22,65.22,False,False,2.0,2.0,False,False,23.162,23.162,False,True,,,True,90.57884318874906
3580,0.4,63.7,1.0,29.248,,0,0,0,0,1,0,0,False,0.4,0.4,False,False,63.7,63.7,False,False,1.0,1.0,False,False,29.248,29.248,False,True,,,True,84.22181356300906
3581,1.4,62.37,2.0,24.468,,0,0,0,0,1,0,0,False,1.4,1.4,False,False,62.37,62.37,False,False,2.0,2.0,False,False,24.468,24.468,False,True,,,True,82.33204101270434
3582,0.0,62.44,1.0,26.25,,0,0,0,0,1,0,0,False,0.0,0.0,False,False,62.44,62.44,False,False,1.0,1.0,False,False,26.25,26.25,False,True,,,True,80.0770733930962
3583,0.0,60.81,5.0,26.858,,0,0,0,0,1,0,0,False,0.0,0.0,False,False,60.81,60.81,False,False,5.0,5.0,False,False,26.858,26.858,False,True,,,True,88.65029667652297
3584,0.0,59.2,1.0,27.046,,0,0,0,0,1,0,0,False,0.0,0.0,False,False,59.2,59.2,False,False,1.0,1.0,False,False,27.046,27.046,False,True,,,True,79.20825264276877
3585,0.3,58.05,1.0,25.508,,0,0,0,0,1,0,0,False,0.3,0.3,False,False,58.05,58.05,False,False,1.0,1.0,False,False,25.508,25.508,False,True,,,True,77.49375788204762
3586,0.0,57.67,0.0,25.152,,0,0,0,0,1,0,0,False,0.0,0.0,False,False,57.67,57.67,False,False,0.0,0.0,False,False,25.152,25.152,False,True,,,True,74.34798577286651
3587,0.1,58.08,0.0,24.521,,0,0,0,0,1,0,0,False,0.1,0.1,False,False,58.08,58.08,False,False,0.0,0.0,False,False,24.521,24.521,False,True,,,True,74.0650846019922
3588,0.2,57.61,1.0,20.972,,0,0,0,0,1,0,0,False,0.2,0.2,False,False,57.61,57.61,False,False,1.0,1.0,False,False,20.972,20.972,False,True,,,True,72.64228183278391
3589,0.0,55.92,2.0,21.699,,0,0,0,0,1,0,0,False,0.0,0.0,False,False,55.92,55.92,False,False,2.0,2.0,False,False,21.699,21.699,False,True,,,True,74.43417482323696
3590,0.2,55.26,2.0,,,0,0,0,1,1,0,0,False,0.2,0.2,False,False,55.26,55.26,False,False,2.0,2.0,False,True,23.140307032108748,23.140307032108748,True,True,,,True,75.78948452606986
3591,0.0,53.62,3.0,24.746,,0,0,0,0,1,0,0,False,0.0,0.0,False,False,53.62,53.62,False,False,3.0,3.0,False,False,24.746,24.746,False,True,,,True,78.47749051679779
3592,2.2,54.6,3.0,25.875,,0,0,0,0,1,0,0,False,2.2,2.2,False,False,54.6,54.6,False,False,3.0,3.0,False,False,25.875,25.875,False,True,,,True,83.01242176847128
3593,0.4,53.22,2.0,23.618,,0,0,0,0,1,0,0,False,0.4,0.4,False,False,53.22,53.22,False,False,2.0,2.0,False,False,23.618,23.618,False,True,,,True,75.48418338912897
3594,0.0,53.56,2.0,21.35,,0,0,0,0,1,0,0,False,0.0,0.0,False,False,53.56,53.56,False,False,2.0,2.0,False,False,21.35,21.35,False,True,,,True,72.88115042050457
3595,0.5,,0.0,22.749,,0,1,0,0,1,0,0,False,0.5,0.5,False,True,52.885925925925925,52.885925925925925,True,False,0.0,0.0,False,False,22.749,22.749,False,True,,,True,70.18250924470712
3596,0.4,,3.0,21.483,,0,1,0,0,1,0,0,False,0.4,0.4,False,True,51.63407407407408,51.63407407407408,True,False,3.0,3.0,False,False,21.483,21.483,False,True,,,True,74.75889424460661
3597,0.1,50.96,1.0,20.62,,0,0,0,0,1,0,0,False,0.1,0.1,False,False,50.96,50.96,False,False,1.0,1.0,False,False,20.62,20.62,False,True,,,True,68.75921992726163
3598,0.7,52.31,,17.441,,0,0,1,0,1,0,0,False,0.7,0.7,False,False,52.31,52.31,False,True,1.0,1.0,True,False,17.441,17.441,False,True,,,True,67.09535410712492
3599,5.2,52.97,2.0,21.258,,0,0,0,0,1,0,0,False,5.2,5.2,False,False,52.97,52.97,False,False,2.0,2.0,False,False,21.258,21.258,False,True,,,True,79.37840345599959
3600,0.0,52.29,1.0,19.301,,0,0,0,0,1,0,0,False,0.0,0.0,False,False,52.29,52.29,False,False,1.0,1.0,False,False,19.301,19.301,False,True,,,True,68.00032624885033
3601,0.4,51.13,1.0,19.102,,0,0,0,0,1,0,0,False,0.4,0.4,False,False,51.13,51.13,False,False,1.0,1.0,False,False,19.102,19.102,False,True,,,True,67.73978909645865
3602,0.0,50.91,2.0,19.877,,0,0,0,0,1,0,0,False,0.0,0.0,False,False,50.91,50.91,False,False,2.0,2.0,False,False,19.877,19.877,False,True,,,True,70.0662107096582
3603,14.0,58.23,2.0,29.432,,0,0,0,0,1,0,0,False,14.0,14.0,False,False,58.23,58.23,False,False,2.0,2.0,False,False,29.432,29.432,False,True,,,True,101.8276490059306
3604,0.0,58.34,3.0,26.264,,0,0,0,0,1,0,0,False,0.0,0.0,False,False,58.34,58.34,False,False,3.0,3.0,False,False,26.264,26.264,False,True,,,True,82.39592661146604
3605,0.2,55.42,2.0,26.967,,0,0,0,0,1,0,0,False,0.2,0.2,False,False,55.42,55.42,False,False,2.0,2.0,False,False,26.967,26.967,False,True,,,True,79.66249970313446
3606,13.1,64.88,1.0,29.513,,0,0,0,0,1,0,0,False,13.1,13.1,False,False,64.88,58.81,False,False,1.0,1.0,False,False,29.513,29.513,False,True,,,True,98.81088568922104
3607,0.0,63.65,1.0,23.963,,0,0,0,0,1,0,0,False,0.0,0.0,False,False,63.65,63.65,False,False,1.0,1.0,False,False,23.963,23.963,False,True,,,True,78.43028423449226
3608,0.7,61.72,0.0,25.78,,0,0,0,0,1,0,0,False,0.7,0.7,False,False,61.72,61.72,False,False,0.0,0.0,False,False,25.78,25.78,False,True,,,True,77.96947306111923
3609,0.5,60.14,0.0,31.088,,0,0,0,0,1,0,0,False,0.5,0.5,False,False,60.14,60.14,False,False,0.0,0.0,False,False,31.088,31.088,False,True,,,True,82.15493309768091
3610,0.0,60.24,2.0,24.102,,0,0,0,0,1,0,0,False,0.0,0.0,False,False,60.24,60.24,False,False,2.0,2.0,False,False,24.102,24.102,False,True,,,True,79.02477366785713
3611,,58.81,0.0,25.768,,1,0,0,0,1,0,0,True,0.6,0.6,True,False,58.81,58.81,False,False,0.0,0.0,False,False,25.768,25.768,False,True,,,True,76.33646188216312
3612,2.3,60.55,1.0,25.059,,0,0,0,0,1,0,0,False,2.3,2.3,False,False,60.55,60.55,False,False,1.0,1.0,False,False,25.059,25.059,False,True,,,True,80.9778908415325
3613,0.4,61.43,,22.475,,0,0,1,0,1,0,0,False,0.4,0.4,False,False,61.43,61.43,False,True,1.0,1.0,True,False,22.475,22.475,False,True,,,True,76.35046799656132
3614,1.0,57.63,1.0,,,0,0,0,1,1,0,0,False,1.0,1.0,False,False,57.63,57.63,False,False,1.0,1.0,False,True,20.968669064748205,20.968669064748205,True,True,,,True,73.70924595867444
3615,0.0,57.49,4.0,20.271,,0,0,0,0,1,0,0,False,0.0,0.0,False,False,57.49,57.49,False,False,4.0,4.0,False,False,20.271,20.271,False,True,,,True,78.22491926056884
3616,0.0,57.38,1.0,22.174,,0,0,0,0,1,0,0,False,0.0,0.0,False,False,57.38,57.38,False,False,1.0,1.0,False,False,22.174,22.174,False,True,,,True,73.45045731383122
3617,0.0,57.59,1.0,24.58,,0,0,0,0,1,0,0,False,0.0,0.0,False,False,57.59,57.59,False,False,1.0,1.0,False,False,24.58,24.58,False,True,,,True,75.94154657994758
3618,0.8,55.92,1.0,24.88,,0,0,0,0,1,0,0,False,0.8,0.8,False,False,55.92,55.92,False,False,1.0,1.0,False,False,24.88,24.88,False,True,,,True,76.44450146277258
3619,0.4,57.61,4.0,24.397,,0,0,0,0,1,0,0,False,0.4,0.4,False,False,57.61,57.61,False,False,4.0,4.0,False,False,24.397,24.397,False,True,,,True,82.90401719714718
3620,13.7,64.11,2.0,30.044,,0,0,0,0,1,0,0,False,13.7,13.7,False,False,64.11,64.11,False,False,2.0,2.0,False,False,30.044,30.044,False,True,,,True,105.04438498032773
3621,1.0,62.89,3.0,28.145,,0,0,0,0,1,0,0,False,1.0,1.0,False,False,62.89,62.89,False,False,3.0,3.0,False,False,28.145,28.145,False,True,,,True,87.91207007814754
3622,0.6,62.48,1.0,28.128,,0,0,0,0,1,0,0,False,0.6,0.6,False,False,62.48,62.48,False,False,1.0,1.0,False,False,28.128,28.128,False,True,,,True,82.753125349975
3623,5.8,67.1,3.0,30.249,,0,0,0,0,1,0,0,False,5.8,5.8,False,False,67.1,67.1,False,False,3.0,3.0,False,False,30.249,30.249,False,True,,,True,98.51037247334921
3624,0.2,65.52,2.0,24.895,,0,0,0,0,1,0,0,False,0.2,0.2,False,False,65.52,65.52,False,False,2.0,2.0,False,False,24.895,24.895,False,True,,,True,82.77641831335278
3625,4.9,66.56,,,,0,0,1,1,1,0,0,False,4.9,4.9,False,False,66.56,66.56,False,True,1.0,1.0,True,True,25.8285,25.8285,True,True,,,True,88.2597863986716
3626,0.0,66.69,0.0,26.762,,0,0,0,0,1,0,0,False,0.0,0.0,False,False,66.69,66.69,False,False,0.0,0.0,False,False,26.762,26.762,False,True,,,True,80.55724450465682
3627,0.0,65.83,0.0,26.669,,0,0,0,0,1,0,0,False,0.0,0.0,False,False,65.83,65.83,False,False,0.0,0.0,False,False,26.669,26.669,False,True,,,True,80.02517254823903
3628,0.5,66.45,1.0,29.625,,0,0,0,0,1,0,0,False,0.5,0.5,False,False,66.45,66.45,False,False,1.0,1.0,False,False,29.625,29.625,False,True,,,True,86.13458772021575
3629,0.0,65.27,1.0,25.314,,0,0,0,0,1,0,0,False,0.0,0.0,False,False,65.27,65.27,False,False,1.0,1.0,False,False,25.314,25.314,False,True,,,True,80.5974572545546
3630,0.0,66.29,1.0,26.943,,0,0,0,0,1,0,0,False,0.0,0.0,False,False,66.29,66.29,False,False,1.0,1.0,False,False,26.943,26.943,False,True,,,True,82.733117740985
3631,1.3,64.54,2.0,28.534,,0,0,0,0,1,0,0,False,1.3,1.3,False,False,64.54,64.54,False,False,2.0,2.0,False,False,28.534,28.534,False,True,,,True,87.33785840005909
3632,0.5,63.38,2.0,26.316,,0,0,0,0,1,0,0,False,0.5,0.5,False,False,63.38,63.38,False,False,2.0,2.0,False,False,26.316,26.316,False,True,,,True,83.48701560286507
3633,0.1,64.6,3.0,25.322,,0,0,0,0,1,0,0,False,0.1,0.1,False,False,64.6,64.6,False,False,3.0,3.0,False,False,25.322,25.322,False,True,,,True,84.79749618062957
3634,0.2,62.88,5.0,26.982,,0,0,0,0,1,0,0,False,0.2,0.2,False,False,62.88,62.88,False,False,5.0,5.0,False,False,26.982,26.982,False,True,,,True,90.09706791134457
3635,2.1,63.2,1.0,27.052,,0,0,0,0,1,0,0,False,2.1,2.1,False,False,63.2,63.2,False,False,1.0,1.0,False,False,27.052,27.052,False,True,,,True,84.04299470898023
3636,0.0,63.82,0.0,28.319,,0,0,0,0,1,0,0,False,0.0,0.0,False,False,63.82,63.82,False,False,0.0,0.0,False,False,28.319,28.319,False,True,,,True,80.6316332980727
3637,11.4,68.04,2.0,,,0,0,0,1,1,0,0,False,11.4,11.4,False,False,68.04,68.04,False,False,2.0,2.0,False,True,28.062577396547393,28.062577396547393,True,True,,,True,102.04416461786005
3638,0.0,64.85,1.0,27.273,,0,0,0,0,1,0,0,False,0.0,0.0,False,False,64.85,64.85,False,False,1.0,1.0,False,False,27.273,27.273,False,True,,,True,82.32341815548858
3639,0.1,66.37,1.0,20.961,,0,0,0,0,1,0,0,False,0.1,0.1,False,False,66.37,66.37,False,False,1.0,1.0,False,False,20.961,20.961,False,True,,,True,76.98008174850703
3640,1.0,,3.0,23.744,,0,1,0,0,1,0,0,False,1.0,1.0,False,True,65.16883631713556,65.16883631713556,True,False,3.0,3.0,False,False,23.744,23.744,False,True,,,True,84.71767299705697
3641,0.0,63.09,3.0,33.37,,0,0,0,0,1,0,0,False,0.0,0.0,False,False,63.09,63.09,False,False,3.0,3.0,False,False,33.37,33.37,False,True,,,True,91.86583144914385
3642,0.0,61.23,1.0,27.863,,0,0,0,0,1,0,0,False,0.0,0.0,False,False,61.23,61.23,False,False,1.0,1.0,False,False,27.863,27.863,False,True,,,True,81.05611982862314
3643,0.6,62.22,2.0,29.133,,0,0,0,0,1,0,0,False,0.6,0.6,False,False,62.22,62.22,False,False,2.0,2.0,False,False,29.133,29.133,False,True,,,True,85.81696612276443
3644,4.1,62.47,1.0,25.935,,0,0,0,0,1,0,0,False,4.1,4.1,False,False,62.47,62.47,False,False,1.0,1.0,False,False,25.935,25.935,False,True,,,True,85.21301391936419
3645,0.9,61.85,2.0,29.235,,0,0,0,0,1,0,0,False,0.9,0.9,False,False,61.85,61.85,False,False,2.0,2.0,False,False,29.235,29.235,False,True,,,True,86.12625707114506
3646,0.2,61.44,0.0,26.717,,0,0,0,0,1,0,0,False,0.2,0.2,False,False,61.44,61.44,False,False,0.0,0.0,False,False,26.717,26.717,False,True,,,True,78.09201870485435
3647,7.6,65.42,1.0,29.689,,0,0,0,0,1,0,0,False,7.6,7.6,False,False,65.42,65.42,False,False,1.0,1.0,False,False,29.689,29.689,False,True,,,True,95.07888785360502
3648,0.5,65.77,1.0,24.603,,0,0,0,0,1,0,0,False,0.5,0.5,False,False,65.77,65.77,False,False,1.0,1.0,False,False,24.603,24.603,False,True,,,True,80.81135507441881
3649,0.0,64.12,0.0,22.451,,0,0,0,0,1,0,0,False,0.0,0.0,False,False,64.12,64.12,False,False,0.0,0.0,False,False,22.451,22.451,False,True,,,True,74.97157641873417
3650,5.1,64.24,0.0,27.394,,0,0,0,0,1,0,0,False,5.1,5.1,False,False,64.24,64.24,False,False,0.0,0.0,False,False,27.394,27.394,False,True,,,True,86.68778385730921
3651,0.0,64.86,3.0,,,0,0,0,1,1,0,0,False,0.0,0.0,False,False,64.86,64.86,False,False,3.0,3.0,False,True,27.31430023419204,27.31430023419204,True,True,,,True,86.77179988543236
3652,0.1,65.02,0.0,27.053,,0,0,0,0,1,0,0,False,0.1,0.1,False,False,65.02,65.02,False,False,0.0,0.0,False,False,27.053,27.053,False,True,,,True,80.12375399418032
3653,0.4,64.93,2.0,23.263,,0,0,0,0,1,0,0,False,0.4,0.4,False,False,64.93,64.93,False,False,2.0,2.0,False,False,23.263,23.263,False,True,,,True,81.12276162361556
3654,1.0,63.73,2.0,31.347,,0,0,0,0,1,0,0,False,1.0,1.0,False,False,63.73,63.73,False,False,2.0,2.0,False,False,31.347,31.347,False,True,,,True,89.31287296981729
3655,9.4,68.36,1.0,32.16,,0,0,0,0,1,0,0,False,9.4,9.4,False,False,68.36,68.36,False,False,1.0,1.0,False,False,32.16,32.16,False,True,,,True,101.41598706685137
3656,0.0,68.07,2.0,26.349,,0,0,0,0,1,0,0,False,0.0,0.0,False,False,68.07,68.07,False,False,2.0,2.0,False,False,26.349,26.349,False,True,,,True,85.25637087241418
3657,0.0,65.64,1.0,28.95,,0,0,0,0,1,0,0,False,0.0,0.0,False,False,65.64,65.64,False,False,1.0,1.0,False,False,28.95,28.95,False,True,,,True,84.38897589154178
3658,1.1,64.22,2.0,25.475,,0,0,0,0,1,0,0,False,1.1,1.1,False,False,64.22,64.22,False,False,2.0,2.0,False,False,25.475,25.475,False,True,,,True,83.87855238001798
3659,0.0,63.41,2.0,28.209,,0,0,0,0,1,0,0,False,0.0,0.0,False,False,63.41,63.41,False,False,2.0,2.0,False,False,28.209,28.209,False,True,,,True,84.7152672866813
3660,,61.26,3.0,23.091,,1,0,0,0,1,0,0,True,0.2,0.2,True,False,61.26,61.26,False,False,3.0,3.0,False,False,23.091,23.091,False,True,,,True,81.01112633587691
3661,0.0,60.99,1.0,25.503,,0,0,0,0,1,0,0,False,0.0,0.0,False,False,60.99,60.99,False,False,1.0,1.0,False,False,25.503,25.503,False,True,,,True,78.59525692604888
3662,0.4,62.36,2.0,26.314,,0,0,0,0,1,0,0,False,0.4,0.4,False,False,62.36,62.36,False,False,2.0,2.0,False,False,26.314,26.314,False,True,,,True,82.83074624880993
3663,6.6,63.49,1.0,29.597,,0,0,0,0,1,0,0,False,6.6,6.6,False,False,63.49,63.49,False,False,1.0,1.0,False,False,29.597,29.597,False,True,,,True,92.67540383702533
3664,0.3,61.8,1.0,22.105,,0,0,0,0,1,0,0,False,0.3,0.3,False,False,61.8,61.8,False,False,1.0,1.0,False,False,22.105,22.105,False,True,,,True,76.04067337557842
3665,0.2,58.79,1.0,22.972,,0,0,0,0,1,0,0,False,0.2,0.2,False,False,58.79,58.79,False,False,1.0,1.0,False,False,22.972,22.972,False,True,,,True,75.22734646883417
3666,2.3,61.74,,26.526,,0,0,1,0,1,0,0,False,2.3,2.3,False,False,61.74,61.74,False,True,1.0,1.0,True,False,26.526,26.526,False,True,,,True,83.0400192669171
3667,0.0,59.4,0.0,26.248,,0,0,0,0,1,0,0,False,0.0,0.0,False,False,59.4,59.4,False,False,0.0,0.0,False,False,26.248,26.248,False,True,,,True,76.31879696079329
3668,0.2,57.74,2.0,24.54,,0,0,0,0,1,0,0,False,0.2,0.2,False,False,57.74,57.74,False,False,2.0,2.0,False,False,24.54,24.54,False,True,,,True,78.44483380778479
3669,0.0,58.09,1.0,21.939,,0,0,0,0,1,0,0,False,0.0,0.0,False,False,58.09,58.09,False,False,1.0,1.0,False,False,21.939,21.939,False,True,,,True,73.58084144481863
3670,0.0,57.0,1.0,24.423,,0,0,0,0,1,0,0,False,0.0,0.0,False,False,57.0,57.0,False,False,1.0,1.0,False,False,24.423,24.423,False,True,,,True,75.48418802387187
3671,0.0,,2.0,24.367,,0,1,0,0,1,0,0,False,0.0,0.0,False,True,62.63394889072532,62.63394889072532,True,False,2.0,2.0,False,False,24.367,24.367,False,True,,,True,80.51194455704385
3672,27.5,69.3,3.0,34.69,,0,0,0,0,1,0,0,False,27.5,27.5,False,False,69.3,69.3,False,False,3.0,3.0,False,False,34.69,34.69,False,True,,,True,132.78895652615842
3673,0.5,,3.0,28.503,,0,1,0,0,1,0,0,False,0.5,0.5,False,True,70.88741904000648,70.88741904000648,True,False,3.0,3.0,False,False,28.503,28.503,False,True,,,True,91.6953273594188
3674,12.9,,0.0,34.916,,0,1,0,0,1,0,0,False,12.9,12.9,False,True,71.88092401083601,71.88092401083601,True,False,0.0,0.0,False,False,34.916,34.916,False,True,,,True,108.38400926882906
3675,0.0,72.82,2.0,31.953,,0,0,0,0,1,0,0,False,0.0,0.0,False,False,72.82,72.82,False,False,2.0,2.0,False,False,31.953,31.953,False,True,,,True,93.23821996816075
3676,0.0,73.86,0.0,29.333,,0,0,0,0,1,0,0,False,0.0,0.0,False,False,73.86,73.86,False,False,0.0,0.0,False,False,29.333,29.333,False,True,,,True,86.77220895717424
3677,10.7,76.61,1.0,36.055,,0,0,0,0,1,0,0,False,10.7,10.7,False,False,76.61,76.61,False,False,1.0,1.0,False,False,36.055,36.055,False,True,,,True,111.21769048630293
3678,7.0,79.6,2.0,34.897,,0,0,0,0,1,0,0,False,7.0,7.0,False,False,79.6,79.6,False,False,2.0,2.0,False,False,34.897,34.897,False,True,,,True,108.89850547474151
3679,0.0,77.85,1.0,35.023,,0,0,0,0,1,0,0,False,0.0,0.0,False,False,77.85,77.85,False,False,1.0,1.0,False,False,35.023,35.023,False,True,,,True,96.65165426624853
3680,7.3,80.16,2.0,34.863,,0,0,0,0,1,0,0,False,7.3,7.3,False,False,80.16,80.16,False,False,2.0,2.0,False,False,34.863,34.863,False,True,,,True,109.54880305950299
3681,0.0,78.75,3.0,34.306,,0,0,0,0,1,0,0,False,0.0,0.0,False,False,78.75,78.75,False,False,3.0,3.0,False,False,34.306,34.306,False,True,,,True,100.80405759607996
3682,8.9,81.68,1.0,37.145,,0,0,0,0,1,0,0,False,8.9,8.9,False,False,81.68,81.68,False,False,1.0,1.0,False,False,37.145,37.145,False,True,,,True,112.5060690644507
3683,6.4,83.82,2.0,37.548,,0,0,0,0,1,0,0,False,6.4,6.4,False,False,83.82,83.82,False,False,2.0,2.0,False,False,37.548,37.548,False,True,,,True,112.88862185327423
3684,0.0,82.63,3.0,34.219,,0,0,0,0,1,0,0,False,0.0,0.0,False,False,82.63,82.63,False,False,3.0,3.0,False,False,34.219,34.219,False,True,,,True,102.70268988496892
3685,6.7,85.16,0.0,37.762,,0,0,0,0,1,0,0,False,6.7,6.7,False,False,85.16,85.16,False,False,0.0,0.0,False,False,37.762,37.762,False,True,,,True,109.78127879661703
3686,4.9,86.96,1.0,37.77,,0,0,0,0,1,0,0,False,4.9,4.9,False,False,86.96,86.96,False,False,1.0,1.0,False,False,37.77,37.77,False,True,,,True,110.52609970261398
3687,,,5.0,34.497,,1,1,0,0,1,0,0,True,0.30000000000000004,0.30000000000000004,True,True,86.71079025110782,86.71079025110782,True,False,5.0,5.0,False,False,34.497,34.497,False,True,,,True,109.86551018795382
3688,0.4,86.14,1.0,36.751,,0,0,0,0,1,0,0,False,0.4,0.4,False,False,86.14,86.14,False,False,1.0,1.0,False,False,36.751,36.751,False,True,,,True,103.13440055767258
3689,0.2,84.96,0.0,36.408,,0,0,0,0,1,0,0,False,0.2,0.2,False,False,84.96,84.96,False,False,0.0,0.0,False,False,36.408,36.408,False,True,,,True,99.72476970919512
3690,0.0,84.83,2.0,35.366,,0,0,0,0,1,0,0,False,0.0,0.0,False,False,84.83,84.83,False,False,2.0,2.0,False,False,35.366,35.366,False,True,,,True,102.76328268765594
3691,0.9,83.47,0.0,33.824,,0,0,0,0,1,0,0,False,0.9,0.9,False,False,83.47,83.47,False,False,0.0,0.0,False,False,33.824,33.824,False,True,,,True,97.33007440926873
3692,0.0,83.55,2.0,33.539,,0,0,0,0,1,0,0,False,0.0,0.0,False,False,83.55,83.55,False,False,2.0,2.0,False,False,33.539,33.539,False,True,,,True,100.29845668213748
3693,6.7,84.95,0.0,39.875,,0,0,0,0,1,0,0,False,6.7,6.7,False,False,84.95,84.95,False,False,0.0,0.0,False,False,39.875,39.875,False,True,,,True,111.76723606697688
3694,0.2,,0.0,32.9,,0,1,0,0,1,0,0,False,0.2,0.2,False,True,84.41499999999999,84.41499999999999,True,False,0.0,0.0,False,False,32.9,32.9,False,True,,,True,95.97054101857968
3695,0.0,83.88,0.0,30.088,,0,0,0,0,1,0,0,False,0.0,0.0,False,False,83.88,83.88,False,False,0.0,0.0,False,False,30.088,30.088,False,True,,,True,92.64595806419905
3696,0.0,85.24,1.0,37.958,,0,0,0,0,1,0,0,False,0.0,0.0,False,False,85.24,85.24,False,False,1.0,1.0,False,False,37.958,37.958,False,True,,,True,103.339781018841
3697,2.3,84.13,1.0,36.129,,0,0,0,0,1,0,0,False,2.3,2.3,False,False,84.13,84.13,False,False,1.0,1.0,False,False,36.129,36.129,False,True,,,True,104.00753265832358
3698,0.0,85.4,2.0,33.343,,0,0,0,0,1,0,0,False,0.0,0.0,False,False,85.4,85.4,False,False,2.0,2.0,False,False,33.343,33.343,False,True,,,True,101.05064885926484
3699,,83.34,1.0,32.594,,1,0,0,0,1,0,0,True,0.25,0.25,True,False,83.34,83.34,False,False,1.0,1.0,False,False,32.594,32.594,False,True,,,True,97.38488943622156
3700,0.7,81.64,1.0,31.944,,0,0,0,0,1,0,0,False,0.7,0.7,False,False,81.64,81.64,False,False,1.0,1.0,False,False,31.944,31.944,False,True,,,True,96.46755286734613
3701,0.5,79.6,1.0,31.584,,0,0,0,0,1,0,0,False,0.5,0.5,False,False,79.6,79.6,False,False,1.0,1.0,False,False,31.584,31.584,False,True,,,True,94.80231918977677
3702,0.0,80.53,0.0,,,0,0,0,1,1,0,0,False,0.0,0.0,False,False,80.53,80.53,False,False,0.0,0.0,False,True,38.2065,38.2065,True,True,,,True,98.9753859343554
3703,16.4,88.1,5.0,44.829,,0,0,0,0,1,0,0,False,16.4,16.4,False,False,88.1,88.1,False,False,5.0,5.0,False,False,44.829,44.829,False,True,,,True,142.14540986503292
3704,0.0,86.56,1.0,34.384,,0,0,0,0,1,0,1,False,0.0,0.0,False,False,86.56,86.56,False,False,1.0,1.0,False,False,34.384,34.384,False,True,,,True,100.47421090315275
3705,0.0,84.15,2.0,33.978,,0,0,0,0,1,0,0,False,0.0,0.0,False,False,84.15,84.15,False,False,2.0,2.0,False,False,33.978,33.978,False,True,,,True,101.04031273571928
3706,1.3,83.08,2.0,33.407,,0,0,0,0,1,0,0,False,1.3,1.3,False,False,83.08,83.08,False,False,2.0,2.0,False,False,33.407,33.407,False,True,,,True,101.64980611855918
3707,0.3,83.4,,34.847,,0,0,1,0,1,0,0,False,0.3,0.3,False,False,83.4,83.4,False,True,2.0,2.0,True,False,34.847,34.847,False,True,,,True,101.91509297633624
3708,3.0,83.47,2.0,34.766,,0,0,0,0,1,0,0,False,3.0,3.0,False,False,83.47,83.47,False,False,2.0,2.0,False,False,34.766,34.766,False,True,,,True,105.44826530926676
3709,0.0,85.46,1.0,32.983,,0,0,0,0,1,0,0,False,0.0,0.0,False,False,85.46,85.46,False,False,1.0,1.0,False,False,32.983,32.983,False,True,,,True,98.52350949323636
3710,1.1,83.62,2.0,35.177,,0,0,0,0,1,0,0,False,1.1,1.1,False,False,83.62,83.62,False,False,2.0,2.0,False,False,35.177,35.177,False,True,,,True,103.41460400818912
3711,6.6,86.31,0.0,37.767,,0,0,0,0,1,0,0,False,6.6,6.6,False,False,86.31,86.31,False,False,0.0,0.0,False,False,37.767,37.767,False,True,,,True,110.24201388370864
3712,0.0,82.19,2.0,32.901,,0,0,0,0,1,0,0,False,0.0,0.0,False,False,82.19,82.19,False,False,2.0,2.0,False,False,32.901,32.901,False,True,,,True,98.97066802743124
3713,0.0,84.32,2.0,35.755,,0,0,0,0,1,0,0,False,0.0,0.0,False,False,84.32,84.32,False,False,2.0,2.0,False,False,35.755,35.755,False,True,,,True,102.8877793987778
3714,0.6,81.52,3.0,29.496,,0,0,0,0,1,0,0,False,0.6,0.6,False,False,81.52,81.52,False,False,3.0,3.0,False,False,29.496,29.496,False,True,,,True,98.2507385223507
3715,0.1,83.97,1.0,36.046,,0,0,0,0,1,0,0,False,0.1,0.1,False,False,83.97,83.97,False,False,1.0,1.0,False,False,36.046,36.046,False,True,,,True,100.92836379844894
3716,0.0,82.3,1.0,33.488,,0,0,0,0,1,0,0,False,0.0,0.0,False,False,82.3,82.3,False,False,1.0,1.0,False,False,33.488,33.488,False,True,,,True,97.40731454539515
3717,2.7,83.72,0.0,30.199,,0,0,0,0,1,0,0,False,2.7,2.7,False,False,83.72,83.72,False,False,0.0,0.0,False,False,30.199,30.199,False,True,,,True,96.25169078046615
3718,13.6,86.51,1.0,37.197,,0,0,0,0,1,0,0,False,13.6,13.6,False,False,86.51,86.51,False,False,1.0,1.0,False,False,37.197,37.197,False,True,,,True,121.25608036251104
3719,0.2,87.66,2.0,30.434,,0,0,0,0,1,0,0,False,0.2,0.2,False,False,87.66,87.66,False,False,2.0,2.0,False,False,30.434,30.434,False,True,,,True,99.58977285925533
3720,0.8,86.18,3.0,33.722,,0,0,0,0,1,0,0,False,0.8,0.8,False,False,86.18,86.18,False,False,3.0,3.0,False,False,33.722,33.722,False,True,,,True,105.08634921060191
3721,1.3,86.53,3.0,34.337,,0,0,0,0,1,0,0,False,1.3,1.3,False,False,86.53,86.53,False,False,3.0,3.0,False,False,34.337,34.337,False,True,,,True,106.53720381033152
3722,0.0,85.05,0.0,33.822,,0,0,0,0,1,0,0,False,0.0,0.0,False,False,85.05,85.05,False,False,0.0,0.0,False,False,33.822,33.822,False,True,,,True,96.94380907473615
3723,0.0,86.25,2.0,35.06,,0,0,0,0,1,0,0,False,0.0,0.0,False,False,86.25,86.25,False,False,2.0,2.0,False,False,35.06,35.06,False,True,,,True,103.18652840747146
3724,0.3,84.52,6.0,32.418,,0,0,0,0,1,0,0,False,0.3,0.3,False,False,84.52,84.52,False,False,6.0,6.0,False,False,32.418,32.418,False,True,,,True,108.88628115315629
3725,0.2,85.03,1.0,33.035,,0,0,0,0,1,0,0,False,0.2,0.2,False,False,85.03,85.03,False,False,1.0,1.0,False,False,33.035,33.035,False,True,,,True,98.62006733205091
3726,0.0,82.76,1.0,35.898,,0,0,0,0,1,0,0,False,0.0,0.0,False,False,82.76,82.76,False,False,1.0,1.0,False,False,35.898,35.898,False,True,,,True,100.03025485925191
3727,0.0,81.37,3.0,34.382,,0,0,0,0,1,0,0,False,0.0,0.0,False,False,81.37,81.37,False,False,3.0,3.0,False,False,34.382,34.382,False,True,,,True,102.2196201847116
3728,5.5,84.13,2.0,34.339,,0,0,0,0,1,0,0,False,5.5,5.5,False,False,84.13,84.13,False,False,2.0,2.0,False,False,34.339,34.339,False,True,,,True,108.67545767578272
3729,0.0,83.25,0.0,33.15,,0,0,0,0,1,0,0,False,0.0,0.0,False,False,83.25,83.25,False,False,0.0,0.0,False,False,33.15,33.15,False,True,,,True,95.35725286708374
3730,0.0,,1.0,33.174,,0,1,0,0,1,0,0,False,0.0,0.0,False,True,83.81,83.81,True,False,1.0,1.0,False,False,33.174,33.174,False,True,,,True,97.8686742814093
3731,4.6,84.37,1.0,35.729,,0,0,0,0,1,0,0,False,4.6,4.6,False,False,84.37,84.37,False,False,1.0,1.0,False,False,35.729,35.729,False,True,,,True,106.78161394441526
3732,0.2,83.45,1.0,35.235,,0,0,0,0,1,0,0,False,0.2,0.2,False,False,83.45,83.45,False,False,1.0,1.0,False,False,35.235,35.235,False,True,,,True,99.99138966998855
3733,6.7,84.82,2.0,39.749,,0,0,0,0,1,0,0,False,6.7,6.7,False,False,84.82,84.82,False,False,2.0,2.0,False,False,39.749,39.749,False,True,,,True,115.97825336114876
3734,0.0,83.84,2.0,35.546,,0,0,0,0,1,0,0,False,0.0,0.0,False,False,83.84,83.84,False,False,2.0,2.0,False,False,35.546,35.546,False,True,,,True,102.43517440045471
3735,0.0,85.19,3.0,36.259,,0,0,0,0,1,0,0,False,0.0,0.0,False,False,85.19,85.19,False,False,3.0,3.0,False,False,36.259,36.259,False,True,,,True,106.0333259389639
3736,0.5,82.23,2.0,33.296,,0,0,0,0,1,0,0,False,0.5,0.5,False,False,82.23,82.23,False,False,2.0,2.0,False,False,33.296,33.296,False,True,,,True,100.04498371495019
3737,0.0,80.29,1.0,36.506,,0,0,0,0,1,0,0,False,0.0,0.0,False,False,80.29,80.29,False,False,1.0,1.0,False,False,36.506,36.506,False,True,,,True,99.36907506550975
3738,0.0,80.78,1.0,31.573,,0,0,0,0,1,0,0,False,0.0,0.0,False,False,80.78,80.78,False,False,1.0,1.0,False,False,31.573,31.573,False,True,,,True,94.73253285811985
3739,0.1,79.24,3.0,34.025,,0,0,0,0,1,0,0,False,0.1,0.1,False,False,79.24,79.24,False,False,3.0,3.0,False,False,34.025,34.025,False,True,,,True,100.90883131595945
3740,0.0,77.29,3.0,29.258,,0,0,0,0,1,0,0,False,0.0,0.0,False,False,77.29,77.29,False,False,3.0,3.0,False,False,29.258,29.258,False,True,,,True,95.05605519822319
3741,15.9,85.3,1.0,40.233,,0,0,0,0,1,0,0,False,15.9,15.9,False,False,85.3,85.3,False,False,1.0,1.0,False,False,40.233,40.233,False,True,,,True,126.69251107269943
3742,0.6,84.34,2.0,33.972,,0,0,0,0,1,0,0,False,0.6,0.6,False,False,84.34,84.34,False,False,2.0,2.0,False,False,33.972,33.972,False,True,,,True,101.9265882695918
3743,0.1,83.98,1.0,37.141,,0,0,0,0,1,0,0,False,0.1,0.1,False,False,83.98,83.98,False,False,1.0,1.0,False,False,37.141,37.141,False,True,,,True,102.01831357171409
3744,,87.62,1.0,42.694,,1,0,0,0,1,0,0,True,0.05,0.05,True,False,87.62,87.62,False,False,1.0,1.0,False,False,42.694,42.694,False,True,,,True,109.31556054111977
3745,0.0,84.94,3.0,33.268,,0,0,0,0,1,0,0,False,0.0,0.0,False,False,84.94,84.94,False,False,3.0,3.0,False,False,33.268,33.268,False,True,,,True,102.94220558286891
3746,0.0,84.19,0.0,36.086,,0,0,0,0,1,0,0,False,0.0,0.0,False,False,84.19,84.19,False,False,0.0,0.0,False,False,36.086,36.086,False,True,,,True,98.74685521667516
3747,0.0,84.75,1.0,36.041,,0,0,0,0,1,0,0,False,0.0,0.0,False,False,84.75,84.75,False,False,1.0,1.0,False,False,36.041,36.041,False,True,,,True,101.18991721276286
3748,0.1,82.76,2.0,33.511,,0,0,0,0,1,0,0,False,0.1,0.1,False,False,82.76,82.76,False,False,2.0,2.0,False,False,33.511,33.511,False,True,,,True,99.99909410569755
3749,18.1,91.25,2.0,43.888,,0,0,0,0,1,0,0,False,18.1,18.1,False,False,91.25,91.25,False,False,2.0,2.0,False,False,43.888,43.888,False,True,,,True,138.4735832335963
3750,0.4,88.89,1.0,33.053,,0,0,0,0,1,0,0,False,0.4,0.4,False,False,88.89,88.89,False,False,1.0,1.0,False,False,33.053,33.053,False,True,,,True,100.87750203867135
3751,,90.17,2.0,40.511,,1,0,0,0,1,0,0,True,0.4,0.4,True,False,90.17,90.17,False,False,2.0,2.0,False,False,40.511,40.511,False,True,,,True,111.12222569776608
3752,0.4,87.11,1.0,40.196,,0,0,0,0,1,0,0,False,0.4,0.4,False,False,87.11,87.11,False,False,1.0,1.0,False,False,40.196,40.196,False,True,,,True,107.04362403824376
3753,0.2,86.54,5.0,33.488,,0,0,0,0,1,0,0,False,0.2,0.2,False,False,86.54,86.54,False,False,5.0,5.0,False,False,33.488,33.488,False,True,,,True,108.6460051809067
3754,4.3,87.67,,36.406,,0,0,1,0,1,0,0,False,4.3,4.3,False,False,87.67,87.67,False,True,2.0,2.0,True,False,36.406,36.406,False,True,,,True,110.94411512018553
3755,0.0,89.27,2.0,36.246,,0,0,0,0,1,0,0,False,0.0,0.0,False,False,89.27,89.27,False,False,2.0,2.0,False,False,36.246,36.246,False,True,,,True,105.90640707781083
3756,0.6,,2.0,34.86,,0,1,0,0,1,0,0,False,0.6,0.6,False,True,87.75,87.75,True,False,2.0,2.0,False,False,34.86,34.86,False,True,,,True,104.55073907578759
3757,0.0,86.23,3.0,32.25,,0,0,0,0,1,0,0,False,0.0,0.0,False,False,86.23,86.23,False,False,3.0,3.0,False,False,32.25,32.25,False,True,,,True,102.59355950865046
3758,1.2,86.63,0.0,34.054,,0,0,0,0,1,0,0,False,1.2,1.2,False,False,86.63,86.63,False,False,0.0,0.0,False,False,34.054,34.054,False,True,,,True,99.57195817482162
3759,0.2,84.97,1.0,37.168,,0,0,0,0,1,0,0,False,0.2,0.2,False,False,84.97,84.97,False,False,1.0,1.0,False,False,37.168,37.168,False,True,,,True,102.68400424897807
3760,8.2,88.5,3.0,35.949,,0,0,0,0,1,0,0,False,8.2,8.2,False,False,88.5,88.5,False,False,3.0,3.0,False,False,35.949,35.949,False,True,,,True,118.28478255542572
3761,0.1,86.62,3.0,35.821,,0,0,0,0,1,0,0,False,0.1,0.1,False,False,86.62,86.62,False,False,3.0,3.0,False,False,35.821,35.821,False,True,,,True,106.46341678220757
3762,0.0,84.35,1.0,37.895,,0,0,0,0,1,0,0,False,0.0,0.0,False,False,84.35,84.35,False,False,1.0,1.0,False,False,37.895,37.895,False,True,,,True,102.82208396666377
3763,0.0,84.39,1.0,37.377,,0,0,0,0,1,0,0,False,0.0,0.0,False,False,84.39,84.39,False,False,1.0,1.0,False,False,37.377,37.377,False,True,,,True,102.3293550810431
3764,0.0,82.44,1.0,35.876,,0,0,0,0,1,0,0,False,0.0,0.0,False,False,82.44,82.44,False,False,1.0,1.0,False,False,35.876,35.876,False,True,,,True,99.84476222858109
3765,0.6,82.84,4.0,33.392,,0,0,0,0,1,0,0,False,0.6,0.6,False,False,82.84,82.84,False,False,4.0,4.0,False,False,33.392,33.392,False,True,,,True,104.98699316370846
3766,0.0,81.87,2.0,32.371,,0,0,0,0,1,0,0,False,0.0,0.0,False,False,81.87,81.87,False,False,2.0,2.0,False,False,32.371,32.371,False,True,,,True,98.28189156393681
3767,0.0,80.32,2.0,38.124,,0,0,0,0,1,0,0,False,0.0,0.0,False,False,80.32,80.32,False,False,2.0,2.0,False,False,38.124,38.124,False,True,,,True,103.18857516497052
3768,0.0,,1.0,32.438,,0,1,0,0,1,0,0,False,0.0,0.0,False,True,78.0033851674641,78.0033851674641,True,False,1.0,1.0,False,False,32.438,32.438,False,True,,,True,94.1691174742573
3769,0.1,76.53,1.0,27.545,,0,0,0,0,1,0,0,False,0.1,0.1,False,False,76.53,76.53,False,False,1.0,1.0,False,False,27.545,27.545,False,True,,,True,88.70033300475332
3770,0.0,76.71,1.0,33.325,,0,0,0,0,1,0,0,False,0.0,0.0,False,False,76.71,76.71,False,False,1.0,1.0,False,False,33.325,33.325,False,True,,,True,94.38624803378107
3771,1.1,76.08,0.0,28.19,,0,0,0,0,1,0,0,False,1.1,1.1,False,False,76.08,76.08,False,False,0.0,0.0,False,False,28.19,28.19,False,True,,,True,88.23301288644763
3772,3.4,78.15,1.0,32.089,,0,0,0,0,1,0,0,False,3.4,3.4,False,False,78.15,78.15,False,False,1.0,1.0,False,False,32.089,32.089,False,True,,,True,98.40349933820099
3773,0.0,75.6,0.0,30.793,,0,0,0,0,1,0,0,False,0.0,0.0,False,False,75.6,75.6,False,False,0.0,0.0,False,False,30.793,30.793,False,True,,,True,89.10875637152746
3774,0.7,75.36,,32.07,,0,0,1,0,1,0,0,False,0.7,0.7,False,False,75.36,75.36,False,True,0.0,0.0,True,False,32.07,32.07,False,True,,,True,91.1786572588769
3775,0.4,74.22,0.0,32.451,,0,0,0,0,1,0,0,False,0.4,0.4,False,False,74.22,74.22,False,False,0.0,0.0,False,False,32.451,32.451,False,True,,,True,90.57543761335454
3776,0.0,73.59,2.0,31.724,,0,0,0,0,1,0,0,False,0.0,0.0,False,False,73.59,73.59,False,False,2.0,2.0,False,False,31.724,31.724,False,True,,,True,93.40524156028584
3777,0.9,,1.0,31.547,,0,1,0,0,1,0,0,False,0.9,0.9,False,True,72.74996963562754,72.74996963562754,True,False,1.0,1.0,False,False,31.547,31.547,False,True,,,True,91.79152748668967
3778,,72.05,1.0,28.377,,1,0,0,0,1,0,0,True,0.2,0.2,True,False,72.05,72.05,False,False,1.0,1.0,False,False,28.377,28.377,False,True,,,True,87.36535678594507
3779,1.0,,2.0,30.043,,0,1,0,0,1,0,0,False,1.0,1.0,False,True,71.79921539626997,71.79921539626997,True,False,2.0,2.0,False,False,30.043,30.043,False,True,,,True,92.14880821505783
3780,0.0,71.5,3.0,32.655,,0,0,0,0,1,0,0,False,0.0,0.0,False,False,71.5,71.5,False,False,3.0,3.0,False,False,32.655,32.655,False,True,,,True,95.45962783486779
3781,0.0,70.02,1.0,30.992,,0,0,0,0,1,0,0,False,0.0,0.0,False,False,70.02,70.02,False,False,1.0,1.0,False,False,30.992,30.992,False,True,,,True,88.65261934957076
3782,0.1,68.58,4.0,27.366,,0,0,0,0,1,0,0,False,0.1,0.1,False,False,68.58,68.58,False,False,4.0,4.0,False,False,27.366,27.366,False,True,,,True,91.05967467405083
3783,0.0,67.55,4.0,30.518,,0,0,0,0,1,0,0,False,0.0,0.0,False,False,67.55,67.55,False,False,4.0,4.0,False,False,30.518,30.518,False,True,,,True,93.52300870749342
3784,0.0,66.25,0.0,25.427,,0,0,0,0,1,0,0,False,0.0,0.0,False,False,66.25,66.25,False,False,0.0,0.0,False,False,25.427,25.427,False,True,,,True,79.00955516725489
3785,0.1,66.05,3.0,31.071,,0,0,0,0,1,0,0,False,0.1,0.1,False,False,66.05,66.05,False,False,3.0,3.0,False,False,31.071,31.071,False,True,,,True,91.23487511181807
3786,0.4,66.18,1.0,28.342,,0,0,0,0,1,0,0,False,0.4,0.4,False,False,66.18,66.18,False,False,1.0,1.0,False,False,28.342,28.342,False,True,,,True,84.59287545457681
3787,0.0,65.32,1.0,25.232,,0,0,0,0,1,0,0,False,0.0,0.0,False,False,65.32,65.32,False,False,1.0,1.0,False,False,25.232,25.232,False,True,,,True,80.54179616221724
3788,0.3,63.26,0.0,23.623,,0,0,0,0,1,0,0,False,0.3,0.3,False,False,63.26,63.26,False,False,0.0,0.0,False,False,23.623,23.623,False,True,,,True,76.09027286939127
3789,0.0,61.63,0.0,26.394,,0,0,0,0,1,0,0,False,0.0,0.0,False,False,61.63,61.63,False,False,0.0,0.0,False,False,26.394,26.394,False,True,,,True,77.60420411852171
3790,0.2,62.94,1.0,24.376,,0,0,0,0,1,0,0,False,0.2,0.2,False,False,62.94,62.94,False,False,1.0,1.0,False,False,24.376,24.376,False,True,,,True,78.74125585893279
3791,0.0,59.85,,31.294,,0,0,1,0,1,0,0,False,0.0,0.0,False,False,59.85,59.85,False,True,1.0,1.0,True,False,31.294,31.294,False,True,,,True,83.74932436290435
3792,1.3,61.37,1.0,27.857,,0,0,0,0,1,0,0,False,1.3,1.3,False,False,61.37,61.37,False,False,1.0,1.0,False,False,27.857,27.857,False,True,,,True,82.84434667335702
3793,0.7,,2.0,26.975,,0,1,0,0,1,0,0,False,0.7,0.7,False,True,60.81,60.81,True,False,2.0,2.0,False,False,26.975,26.975,False,True,,,True,83.09021533317893
3794,0.0,60.25,3.0,25.974,,0,0,0,0,1,0,0,False,0.0,0.0,False,False,60.25,60.25,False,False,3.0,3.0,False,False,25.974,25.974,False,True,,,True,83.0856846290965
3795,0.0,60.58,2.0,24.158,,0,0,0,0,1,0,0,False,0.0,0.0,False,False,60.58,60.58,False,False,2.0,2.0,False,False,24.158,24.158,False,True,,,True,79.25418170417691
3796,1.0,59.71,2.0,27.18,,0,0,0,0,1,0,0,False,1.0,1.0,False,False,59.71,59.71,False,False,2.0,2.0,False,False,27.18,27.18,False,True,,,True,83.12811655670133
3797,0.6,57.95,4.0,23.032,,0,0,0,0,1,0,0,False,0.6,0.6,False,False,57.95,57.95,False,False,4.0,4.0,False,False,23.032,23.032,False,True,,,True,81.99062577494813
3798,26.1,71.44,0.0,40.08,,0,0,0,0,1,0,0,False,26.1,26.1,False,False,71.44,71.44,False,False,0.0,0.0,False,False,40.08,40.08,False,True,,,True,130.76505774229463
3799,0.3,69.26,3.0,28.19,,0,0,0,0,1,0,0,False,0.3,0.3,False,False,69.26,69.26,False,False,3.0,3.0,False,False,28.19,28.19,False,True,,,True,90.28771426066331
3800,0.3,68.97,2.0,29.752,,0,0,0,0,1,0,0,False,0.3,0.3,False,False,68.97,68.97,False,False,2.0,2.0,False,False,29.752,29.752,False,True,,,True,89.48568798715024
3801,0.0,69.17,0.0,26.771,,0,0,0,0,1,0,0,False,0.0,0.0,False,False,69.17,69.17,False,False,0.0,0.0,False,False,26.771,26.771,False,True,,,True,81.83481172503089
3802,4.4,70.81,5.0,32.15,,0,0,0,0,1,0,0,False,4.4,4.4,False,False,70.81,70.81,False,False,5.0,5.0,False,False,32.15,32.15,False,True,,,True,104.83887611246969
3803,,75.41,3.0,35.161,,1,0,0,0,1,0,0,True,0.3,0.3,True,False,75.41,75.41,False,False,3.0,3.0,False,False,35.161,35.161,False,True,,,True,100.34004623480853
3804,0.2,74.45,2.0,30.291,,0,0,0,0,1,0,0,False,0.2,0.2,False,False,74.45,74.45,False,False,2.0,2.0,False,False,30.291,30.291,False,True,,,True,92.6904888565185
3805,0.8,74.88,2.0,27.717,,0,0,0,0,1,0,0,False,0.8,0.8,False,False,74.88,74.88,False,False,2.0,2.0,False,False,27.717,27.717,False,True,,,True,91.15537782809368
3806,0.3,74.3,,29.69,,0,0,1,0,1,0,0,False,0.3,0.3,False,False,74.3,74.3,False,True,2.0,2.0,True,False,29.69,29.69,False,True,,,True,92.15083964210493
3807,0.3,72.35,2.0,30.442,,0,0,0,0,1,0,0,False,0.3,0.3,False,False,72.35,72.35,False,False,2.0,2.0,False,False,30.442,30.442,False,True,,,True,91.89833040253977
3808,9.2,76.73,2.0,33.457,,0,0,0,0,1,0,0,False,9.2,9.2,False,False,76.73,76.73,False,False,2.0,2.0,False,False,33.457,33.457,False,True,,,True,108.91880877542168
3809,0.0,75.99,2.0,29.256,,0,0,0,0,1,0,0,False,0.0,0.0,False,False,75.99,75.99,False,False,2.0,2.0,False,False,29.256,29.256,False,True,,,True,92.1878805190088
3810,0.4,72.49,1.0,29.043,,0,0,0,0,1,0,0,False,0.4,0.4,False,False,72.49,72.49,False,False,1.0,1.0,False,False,29.043,29.043,False,True,,,True,88.51526525200012
3811,0.1,71.86,3.0,28.031,,0,0,0,0,1,0,0,False,0.1,0.1,False,False,71.86,71.86,False,False,3.0,3.0,False,False,28.031,28.031,False,True,,,True,91.1952192154721
3812,0.0,73.55,1.0,29.328,,0,0,0,0,1,0,0,False,0.0,0.0,False,False,73.55,73.55,False,False,1.0,1.0,False,False,29.328,29.328,False,True,,,True,88.80984872497152
3813,8.5,75.84,2.0,37.61,,0,0,0,0,1,0,0,False,8.5,8.5,False,False,75.84,75.84,False,False,2.0,2.0,False,False,37.61,37.61,False,True,,,True,111.65044230175353
3814,0.0,74.51,0.0,30.152,,0,0,0,0,1,0,0,False,0.0,0.0,False,False,74.51,74.51,False,False,0.0,0.0,False,False,30.152,30.152,False,True,,,True,87.91611480575041
3815,0.0,75.38,2.0,,,0,0,0,1,1,0,0,False,0.0,0.0,False,False,75.38,75.38,False,False,2.0,2.0,False,True,31.17157025836601,31.17157025836601,True,True,,,True,93.77361985205319
3816,0.0,75.34,0.0,32.653,,0,0,0,0,1,0,0,False,0.0,0.0,False,False,75.34,75.34,False,False,0.0,0.0,False,False,32.653,32.653,False,True,,,True,90.81848480509885
3817,0.0,72.82,3.0,33.417,,0,0,0,0,1,0,0,False,0.0,0.0,False,False,72.82,72.82,False,False,3.0,3.0,False,False,33.417,33.417,False,True,,,True,96.88980318989448
3818,0.0,72.57,0.0,32.205,,0,0,0,0,1,0,0,False,0.0,0.0,False,False,72.57,72.57,False,False,0.0,0.0,False,False,32.205,32.205,False,True,,,True,88.95764287795761
3819,0.0,73.3,2.0,,,0,0,0,1,1,0,0,False,0.0,0.0,False,False,73.3,73.3,False,False,2.0,2.0,False,True,27.00307365439093,27.00307365439093,True,True,,,True,88.57979302854514
3820,0.0,71.24,6.0,22.707,,0,0,0,0,1,0,0,False,0.0,0.0,False,False,71.24,71.24,False,False,6.0,6.0,False,False,22.707,22.707,False,True,,,True,92.07450339084004
3821,1.0,70.74,0.0,,,0,0,0,1,1,0,0,False,1.0,1.0,False,False,70.74,70.74,False,False,0.0,0.0,False,True,26.00727925777134,26.00727925777134,True,True,,,True,83.20636035078086
3822,5.9,72.53,,31.18,,0,0,1,0,1,0,0,False,5.9,5.9,False,False,72.53,72.53,False,True,2.0,2.0,True,False,31.18,31.18,False,True,,,True,100.14179003407676
3823,0.0,70.38,2.0,,,0,0,0,1,1,0,0,False,0.0,0.0,False,False,70.38,70.38,False,False,2.0,2.0,False,True,35.471720742228655,35.471720742228655,True,True,,,True,95.4760849678409
3824,17.0,77.71,3.0,37.891,,0,0,0,0,1,0,0,False,17.0,17.0,False,False,77.71,77.71,False,False,3.0,3.0,False,False,37.891,37.891,False,True,,,True,126.34946336426637
3825,0.4,77.99,3.0,28.67,,0,0,0,0,1,0,0,False,0.4,0.4,False,False,77.99,77.99,False,False,3.0,3.0,False,False,28.67,28.67,False,True,,,True,95.36161752245076
3826,0.3,77.69,3.0,35.168,,0,0,0,0,1,0,0,False,0.3,0.3,False,False,77.69,77.69,False,False,3.0,3.0,False,False,35.168,35.168,False,True,,,True,101.51332147643788
3827,3.8,77.98,1.0,36.526,,0,0,0,0,1,0,0,False,3.8,3.8,False,False,77.98,77.98,False,False,1.0,1.0,False,False,36.526,36.526,False,True,,,True,103.24235972277143
3828,0.1,77.31,2.0,31.899,,0,0,0,0,1,0,0,False,0.1,0.1,False,False,77.31,77.31,False,False,2.0,2.0,False,False,31.899,31.899,False,True,,,True,95.61409719352096
3829,0.2,77.05,2.0,31.357,,0,0,0,0,1,0,0,False,0.2,0.2,False,False,77.05,77.05,False,False,2.0,2.0,False,False,31.357,31.357,False,True,,,True,95.07662943479917
3830,0.5,76.29,1.0,32.72,,0,0,0,0,1,0,0,False,0.5,0.5,False,False,76.29,76.29,False,False,1.0,1.0,False,False,32.72,32.72,False,True,,,True,94.23453325839068
3831,0.6,77.35,3.0,27.696,,0,0,0,0,1,0,0,False,0.6,0.6,False,False,77.35,77.35,False,False,3.0,3.0,False,False,27.696,27.696,False,True,,,True,94.334274459906
3832,,,,32.799,,1,1,1,0,1,0,0,True,0.55,0.55,True,True,78.11106141011113,78.11106141011113,True,True,2.0,2.0,True,False,32.799,32.799,False,True,,,True,97.51179554087328
3833,10.5,79.08,3.0,36.384,,0,0,0,0,1,0,0,False,10.5,10.5,False,False,79.08,79.08,False,False,3.0,3.0,False,False,36.384,36.384,False,True,,,True,116.94451248597986
3834,0.0,81.71,1.0,32.13,,0,0,0,0,1,0,0,False,0.0,0.0,False,False,81.71,81.71,False,False,1.0,1.0,False,False,32.13,32.13,False,True,,,True,95.76010582549826
3835,16.8,87.16,3.0,38.154,,0,0,0,0,1,0,0,False,16.8,16.8,False,False,87.16,87.16,False,False,3.0,3.0,False,False,38.154,38.154,False,True,,,True,131.17918677002447
3836,3.7,85.78,0.0,35.104,,0,0,0,0,1,0,0,False,3.7,3.7,False,False,85.78,85.78,False,False,0.0,0.0,False,False,35.104,35.104,False,True,,,True,103.48999375330348
3837,0.0,86.31,5.0,38.31,,0,0,0,0,1,0,0,False,0.0,0.0,False,False,86.31,86.31,False,False,5.0,5.0,False,False,38.31,38.31,False,True,,,True,113.04057332892545
3838,0.6,85.74,2.0,33.93,,0,0,0,0,1,0,0,False,0.6,0.6,False,False,85.74,85.74,False,False,2.0,2.0,False,False,33.93,33.93,False,True,,,True,102.60115201324936
3839,0.0,85.24,1.0,41.391,,0,0,0,0,1,0,0,False,0.0,0.0,False,False,85.24,85.24,False,False,1.0,1.0,False,False,41.391,41.391,False,True,,,True,106.74090975522577
3840,0.0,84.05,2.0,35.348,,0,0,0,0,1,0,0,False,0.0,0.0,False,False,84.05,84.05,False,False,2.0,2.0,False,False,35.348,35.348,False,True,,,True,102.34643866524688
3841,0.0,82.64,2.0,33.412,,0,0,0,0,1,0,0,False,0.0,0.0,False,False,82.64,82.64,False,False,2.0,2.0,False,False,33.412,33.412,False,True,,,True,99.70712273812092
3842,0.0,82.02,1.0,33.076,,0,0,0,0,1,0,0,False,0.0,0.0,False,False,82.02,82.02,False,False,1.0,1.0,False,False,33.076,33.076,False,True,,,True,96.8559047035159
3843,3.2,82.24,2.0,30.457,,0,0,0,0,1,0,0,False,3.2,3.2,False,False,82.24,82.24,False,False,2.0,2.0,False,False,30.457,30.457,False,True,,,True,100.81506758687968
3844,0.0,82.23,,33.974,,0,0,1,0,1,0,0,False,0.0,0.0,False,False,82.23,82.23,False,True,2.0,2.0,True,False,33.974,33.974,False,True,,,True,100.05416862610657
3845,0.4,81.14,1.0,33.471,,0,0,0,0,1,0,0,False,0.4,0.4,False,False,81.14,81.14,False,False,1.0,1.0,False,False,33.471,33.471,False,True,,,True,97.32708774255839
3846,0.0,78.62,2.0,31.366,,0,0,0,0,1,0,0,False,0.0,0.0,False,False,78.62,78.62,False,False,2.0,2.0,False,False,31.366,31.366,False,True,,,True,95.62367539866419
3847,12.5,83.49,0.0,35.402,,0,0,0,0,1,0,0,False,12.5,12.5,False,False,83.49,83.49,False,False,0.0,0.0,False,False,35.402,35.402,False,True,,,True,114.27413533802233
3848,0.0,81.88,0.0,37.552,,0,0,0,0,1,0,0,False,0.0,0.0,False,False,81.88,81.88,False,False,0.0,0.0,False,False,37.552,37.552,False,True,,,True,99.01755836504321
3849,0.0,81.46,2.0,35.767,,0,0,0,0,1,0,0,False,0.0,0.0,False,False,81.46,81.46,False,False,2.0,2.0,False,False,35.767,35.767,False,True,,,True,101.43662718070617
3850,0.0,80.33,2.0,31.755,,0,0,0,0,1,0,0,False,0.0,0.0,False,False,80.33,80.33,False,False,2.0,2.0,False,False,31.755,31.755,False,True,,,True,96.88381917407136
3851,0.1,81.64,0.0,34.445,,0,0,0,0,1,0,0,False,0.1,0.1,False,False,81.64,81.64,False,False,0.0,0.0,False,False,34.445,34.445,False,True,,,True,95.94913459167792
3852,0.0,78.34,1.0,,,0,0,0,1,1,0,0,False,0.0,0.0,False,False,78.34,78.34,False,False,1.0,1.0,False,True,32.5135,32.5135,True,True,,,True,94.41611278493744
3853,0.0,79.21,0.0,30.582,,0,0,0,0,1,0,0,False,0.0,0.0,False,False,79.21,79.21,False,False,0.0,0.0,False,False,30.582,30.582,False,True,,,True,90.74642061328134
3854,0.4,77.2,0.0,31.282,,0,0,0,0,1,0,0,False,0.4,0.4,False,False,77.2,77.2,False,False,0.0,0.0,False,False,31.282,31.282,False,True,,,True,90.9417175084834
3855,3.1,77.72,5.0,34.005,,0,0,0,0,1,0,0,False,3.1,3.1,False,False,77.72,77.72,False,False,5.0,5.0,False,False,34.005,34.005,False,True,,,True,108.48893029147241
3856,0.0,76.83,2.0,33.031,,0,0,0,0,1,0,0,False,0.0,0.0,False,False,76.83,76.83,False,False,2.0,2.0,False,False,33.031,33.031,False,True,,,True,96.35753849255826
3857,20.9,88.23,3.0,43.186,,0,0,0,0,1,0,0,False,20.9,20.9,False,False,88.23,88.23,False,False,3.0,3.0,False,False,43.186,43.186,False,True,,,True,142.1445016925494
3858,0.0,86.45,2.0,34.47,,0,0,0,0,1,0,0,False,0.0,0.0,False,False,86.45,86.45,False,False,2.0,2.0,False,False,34.47,34.47,False,True,,,True,102.7043163920595
3859,0.0,86.83,0.0,32.776,,0,0,0,0,1,0,0,False,0.0,0.0,False,False,86.83,86.83,False,False,0.0,0.0,False,False,32.776,32.776,False,True,,,True,96.81808378525346
3860,0.0,85.86,4.0,,,0,0,0,1,1,0,0,False,0.0,0.0,False,False,85.86,85.86,False,False,4.0,4.0,False,True,31.689371559633027,31.689371559633027,True,True,,,True,104.05003601197
3861,0.0,83.19,3.0,31.17,,0,0,0,0,1,0,0,False,0.0,0.0,False,False,83.19,83.19,False,False,3.0,3.0,False,False,31.17,31.17,False,True,,,True,99.96846570155053
3862,0.5,82.56,2.0,36.996,,0,0,0,0,1,0,0,False,0.5,0.5,False,False,82.56,82.56,False,False,2.0,2.0,False,False,36.996,36.996,False,True,,,True,103.87944607987708
3863,0.0,81.06,3.0,38.215,,0,0,0,0,1,0,0,False,0.0,0.0,False,False,81.06,81.06,False,False,3.0,3.0,False,False,38.215,38.215,False,True,,,True,105.85845405682004
3864,0.0,,0.0,,,0,1,0,1,1,0,0,False,0.0,0.0,False,True,80.086875,80.086875,True,False,0.0,0.0,False,True,36.27845671999297,36.27845671999297,True,True,,,True,96.83856040609965
3865,0.4,79.62,3.0,34.114,,0,0,0,0,1,0,0,False,0.4,0.4,False,False,79.62,79.62,False,False,3.0,3.0,False,False,34.114,34.114,False,True,,,True,101.58890750240263
3866,0.7,,3.0,33.833,,0,1,0,0,1,0,0,False,0.7,0.7,False,True,83.23499999999999,83.23499999999999,True,False,3.0,3.0,False,False,33.833,33.833,False,True,,,True,103.5572917794182
3867,15.2,86.85,0.0,35.45,,0,0,0,0,1,0,0,False,15.2,15.2,False,False,86.85,86.85,False,False,0.0,0.0,False,False,35.45,35.45,False,True,,,True,119.61811854873305
3868,0.2,84.6,2.0,32.503,,0,0,0,0,1,0,0,False,0.2,0.2,False,False,84.6,84.6,False,False,2.0,2.0,False,False,32.503,32.503,False,True,,,True,100.07421333130479
3869,0.2,86.08,1.0,30.436,,0,0,0,0,1,0,0,False,0.2,0.2,False,False,86.08,86.08,False,False,1.0,1.0,False,False,30.436,30.436,False,True,,,True,96.5823262800015
3870,0.1,84.99,1.0,32.376,,0,0,0,0,1,0,0,False,0.1,0.1,False,False,84.99,84.99,False,False,1.0,1.0,False,False,32.376,32.376,False,True,,,True,97.8142191074535
3871,0.1,82.27,1.0,34.451,,0,0,0,0,1,0,0,False,0.1,0.1,False,False,82.27,82.27,False,False,1.0,1.0,False,False,34.451,34.451,False,True,,,True,98.47853180550545
3872,0.5,82.67,2.0,29.497,,0,0,0,0,1,0,0,False,0.5,0.5,False,False,82.67,82.67,False,False,2.0,2.0,False,False,29.497,29.497,False,True,,,True,96.50633604897331
3873,0.0,80.33,4.0,32.254,,0,0,0,0,1,0,0,False,0.0,0.0,False,False,80.33,80.33,False,False,4.0,4.0,False,False,32.254,32.254,False,True,,,True,101.78053595232511
3874,0.4,80.04,0.0,35.736,,0,0,0,0,1,0,0,False,0.4,0.4,False,False,80.04,80.04,False,False,0.0,0.0,False,False,35.736,35.736,False,True,,,True,96.80717724946172
3875,0.3,79.32,0.0,33.824,,0,0,0,0,1,0,0,False,0.3,0.3,False,False,79.32,79.32,False,False,0.0,0.0,False,False,33.824,33.824,False,True,,,True,94.41210576078429
3876,0.5,80.36,1.0,35.914,,0,0,0,0,1,0,0,False,0.5,0.5,False,False,80.36,80.36,False,False,1.0,1.0,False,False,35.914,35.914,False,True,,,True,99.48090043931529
3877,0.9,79.87,1.0,32.806,,0,0,0,0,1,0,0,False,0.9,0.9,False,False,79.87,79.87,False,False,1.0,1.0,False,False,32.806,32.806,False,True,,,True,96.68111017287622
3878,0.9,78.16,2.0,30.122,,0,0,0,0,1,0,0,False,0.9,0.9,False,False,78.16,78.16,False,False,2.0,2.0,False,False,30.122,30.122,False,True,,,True,95.34844739954929
3879,0.1,75.15,1.0,28.143,,0,0,0,0,1,0,0,False,0.1,0.1,False,False,75.15,75.15,False,False,1.0,1.0,False,False,28.143,28.143,False,True,,,True,88.58683852645717
3880,0.0,75.18,2.0,33.667,,0,0,0,0,1,0,0,False,0.0,0.0,False,False,75.18,75.18,False,False,2.0,2.0,False,False,33.667,33.667,False,True,,,True,96.14357199255502
3881,22.4,85.33,1.0,39.052,,0,0,0,0,1,0,0,False,22.4,22.4,False,False,85.33,85.33,False,False,1.0,1.0,False,False,39.052,39.052,False,True,,,True,134.1505906126528
3882,0.0,84.41,1.0,34.158,,0,0,0,0,1,0,0,False,0.0,0.0,False,False,84.41,84.41,False,False,1.0,1.0,False,False,34.158,34.158,False,True,,,True,99.1504706674495
3883,5.4,87.42,1.0,33.038,,0,0,0,0,1,0,0,False,5.4,5.4,False,False,87.42,87.42,False,False,1.0,1.0,False,False,33.038,33.038,False,True,,,True,106.73586554749575
3884,0.7,84.32,0.0,35.93,,0,0,0,0,1,0,0,False,0.7,0.7,False,False,84.32,84.32,False,False,0.0,0.0,False,False,35.93,35.93,False,True,,,True,99.58633429104542
3885,0.8,83.09,0.0,32.731,,0,0,0,0,1,0,0,False,0.8,0.8,False,False,83.09,83.09,False,False,0.0,0.0,False,False,32.731,32.731,False,True,,,True,95.92032742235287
3886,0.0,82.84,0.0,32.113,,0,0,0,0,1,0,0,False,0.0,0.0,False,False,82.84,82.84,False,False,0.0,0.0,False,False,32.113,32.113,False,True,,,True,94.12014354112263
3887,0.0,79.22,1.0,36.43,,0,0,0,0,1,0,0,False,0.0,0.0,False,False,79.22,79.22,False,False,1.0,1.0,False,False,36.43,36.43,False,True,,,True,98.7464192109512
3888,0.0,80.17,0.0,36.094,,0,0,0,0,1,0,0,False,0.0,0.0,False,False,80.17,80.17,False,False,0.0,0.0,False,False,36.094,36.094,False,True,,,True,96.69833896505249
3889,1.4,80.96,2.0,31.616,,0,0,0,0,1,0,0,False,1.4,1.4,False,False,80.96,80.96,False,False,2.0,2.0,False,False,31.616,31.616,False,True,,,True,98.9234457372239
3890,1.1,78.36,3.0,32.483,,0,0,0,0,1,0,0,False,1.1,1.1,False,False,78.36,78.36,False,False,3.0,3.0,False,False,32.483,32.483,False,True,,,True,100.25602187540551
3891,0.0,78.8,1.0,33.485,,0,0,0,0,1,0,0,False,0.0,0.0,False,False,78.8,78.8,False,False,1.0,1.0,False,False,33.485,33.485,False,True,,,True,95.6139078359659
3892,0.1,76.08,1.0,28.344,,0,0,0,0,1,0,0,False,0.1,0.1,False,False,76.08,76.08,False,False,1.0,1.0,False,False,28.344,28.344,False,True,,,True,89.26171652437651
3893,0.1,77.55,1.0,33.58,,0,0,0,0,1,0,0,False,0.1,0.1,False,False,77.55,77.55,False,False,1.0,1.0,False,False,33.58,33.58,False,True,,,True,95.20108909634287
3894,0.4,75.42,2.0,30.784,,0,0,0,0,1,0,0,False,0.4,0.4,False,False,75.42,75.42,False,False,2.0,2.0,False,False,30.784,30.784,False,True,,,True,93.94012636665559
3895,0.3,73.82,0.0,28.328,,0,0,0,0,1,0,0,False,0.3,0.3,False,False,73.82,73.82,False,False,0.0,0.0,False,False,28.328,28.328,False,True,,,True,86.15358946657801
3896,0.5,73.71,0.0,28.267,,0,0,0,0,1,0,0,False,0.5,0.5,False,False,73.71,73.71,False,False,0.0,0.0,False,False,28.267,28.267,False,True,,,True,86.30189324820671
3897,0.0,73.3,1.0,29.839,,0,0,0,0,1,0,0,False,0.0,0.0,False,False,73.3,73.3,False,False,1.0,1.0,False,False,29.839,29.839,False,True,,,True,89.18821652349915
3898,0.0,72.82,3.0,26.25,,0,0,0,0,1,0,0,False,0.0,0.0,False,False,72.82,72.82,False,False,3.0,3.0,False,False,26.25,26.25,False,True,,,True,89.78934013901487
3899,10.7,74.01,1.0,35.8,,0,0,0,0,1,0,0,False,10.7,10.7,False,False,74.01,74.01,False,False,1.0,1.0,False,False,35.8,35.8,False,True,,,True,109.63502075136861
3900,0.0,76.71,3.0,34.728,,0,0,0,0,1,0,0,False,0.0,0.0,False,False,76.71,76.71,False,False,3.0,3.0,False,False,34.728,34.728,False,True,,,True,100.17857226257132
3901,0.0,74.53,1.0,29.97,,0,0,0,0,1,0,0,False,0.0,0.0,False,False,74.53,74.53,False,False,1.0,1.0,False,False,29.97,29.97,False,True,,,True,89.94721020647232
3902,0.0,75.12,0.0,30.329,,0,0,0,0,1,0,0,False,0.0,0.0,False,False,75.12,75.12,False,False,0.0,0.0,False,False,30.329,30.329,False,True,,,True,88.40351874058624
3903,,73.85,1.0,32.179,,1,0,0,0,1,0,0,True,0.0,0.0,True,False,73.85,73.85,False,False,1.0,1.0,False,False,32.179,32.179,False,True,,,True,91.78784644876113
3904,0.6,72.47,0.0,26.951,,0,0,0,0,1,0,0,False,0.6,0.6,False,False,72.47,72.47,False,False,0.0,0.0,False,False,26.951,26.951,False,True,,,True,84.4962894687465
3905,0.4,71.75,1.0,32.832,,0,0,0,0,1,0,0,False,0.4,0.4,False,False,71.75,71.75,False,False,1.0,1.0,False,False,32.832,32.832,False,True,,,True,91.89053993641554
3906,0.0,73.52,3.0,29.615,,0,0,0,0,1,0,0,False,0.0,0.0,False,False,73.52,73.52,False,False,3.0,3.0,False,False,29.615,29.615,False,True,,,True,93.48118708553018
3907,0.4,71.61,3.0,29.867,,0,0,0,0,1,0,0,False,0.4,0.4,False,False,71.61,71.61,False,False,3.0,3.0,False,False,29.867,29.867,False,True,,,True,93.28379839345537
3908,11.7,77.99,0.0,33.624,,0,0,0,0,1,0,0,False,11.7,11.7,False,False,77.99,77.99,False,False,0.0,0.0,False,False,33.624,33.624,False,True,,,True,108.63906881621577
3909,0.0,76.81,3.0,35.129,,0,0,0,0,1,0,0,False,0.0,0.0,False,False,76.81,76.81,False,False,3.0,3.0,False,False,35.129,35.129,False,True,,,True,100.62700473448196
3910,0.2,75.05,1.0,31.975,,0,0,0,0,1,0,0,False,0.2,0.2,False,False,75.05,75.05,False,False,1.0,1.0,False,False,31.975,31.975,False,True,,,True,92.46461189135707
3911,4.7,79.35,1.0,35.789,,0,0,0,0,1,0,0,False,4.7,4.7,False,False,79.35,79.35,False,False,1.0,1.0,False,False,35.789,35.789,False,True,,,True,104.4055663392117
3912,0.3,77.91,2.0,31.039,,0,0,0,0,1,0,0,False,0.3,0.3,False,False,77.91,77.91,False,False,2.0,2.0,False,False,31.039,31.039,False,True,,,True,95.33402116575809
3913,0.0,77.52,2.0,35.109,,0,0,0,0,1,0,0,False,0.0,0.0,False,False,77.52,77.52,False,False,2.0,2.0,False,False,35.109,35.109,False,True,,,True,98.76921815419006
3914,0.0,76.23,2.0,29.017,,0,0,0,0,1,0,0,False,0.0,0.0,False,False,76.23,76.23,False,False,2.0,2.0,False,False,29.017,29.017,False,True,,,True,92.0738720012906
3915,,74.18,1.0,32.196,,1,0,0,0,1,0,0,True,0.3,0.3,True,False,74.18,74.18,False,False,1.0,1.0,False,False,32.196,32.196,False,True,,,True,92.37101343176441
3916,0.6,73.21,2.0,,,0,0,0,1,1,0,0,False,0.6,0.6,False,False,73.21,73.21,False,False,2.0,2.0,False,True,32.69678521909859,32.69678521909859,True,True,,,True,94.96963041620472
3917,7.2,76.27,1.0,32.865,,0,0,0,0,1,0,0,False,7.2,7.2,False,False,76.27,76.27,False,False,1.0,1.0,False,False,32.865,32.865,False,True,,,True,103.24573312207383
3918,0.3,76.58,1.0,30.633,,0,0,0,0,1,0,0,False,0.3,0.3,False,False,76.58,76.58,False,False,1.0,1.0,False,False,30.633,30.633,False,True,,,True,92.05025055723023
3919,0.5,75.87,1.0,31.909,,0,0,0,0,1,0,0,False,0.5,0.5,False,False,75.87,75.87,False,False,1.0,1.0,False,False,31.909,31.909,False,True,,,True,93.2162102677471
3920,,74.4,4.0,32.066,,1,0,0,0,1,0,0,True,0.15,0.15,True,False,74.4,74.4,False,False,4.0,4.0,False,False,32.066,32.066,False,True,,,True,98.75952980981177
3921,0.0,73.38,2.0,36.683,,0,0,0,0,1,0,0,False,0.0,0.0,False,False,73.38,73.38,False,False,2.0,2.0,False,False,36.683,36.683,False,True,,,True,98.21077715390554
3922,0.0,74.72,1.0,28.284,,0,0,0,0,1,0,0,False,0.0,0.0,False,False,74.72,74.72,False,False,1.0,1.0,False,False,28.284,28.284,False,True,,,True,88.37405770158888
3923,0.0,72.93,3.0,32.289,,0,0,0,0,1,0,0,False,0.0,0.0,False,False,72.93,72.93,False,False,3.0,3.0,False,False,32.289,32.289,False,True,,,True,95.82854610961915
3924,0.0,74.15,2.0,32.123,,0,0,0,0,1,0,0,False,0.0,0.0,False,False,74.15,74.15,False,False,2.0,2.0,False,False,32.123,32.123,False,True,,,True,94.08700685634741
3925,7.1,77.37,2.0,33.004,,0,0,0,0,1,0,0,False,7.1,7.1,False,False,77.37,77.37,False,False,2.0,2.0,False,False,33.004,33.004,False,True,,,True,106.01482123987637
3926,7.3,81.91,0.0,36.147,,0,0,0,0,1,0,0,False,7.3,7.3,False,False,81.91,81.91,False,False,0.0,0.0,False,False,36.147,36.147,False,True,,,True,107.31375055756871
3927,0.3,79.73,3.0,31.992,,0,0,0,0,1,0,0,False,0.3,0.3,False,False,79.73,79.73,False,False,3.0,3.0,False,False,31.992,31.992,False,True,,,True,99.41037437767048
3928,0.0,79.13,2.0,29.713,,0,0,0,0,1,0,0,False,0.0,0.0,False,False,79.13,79.13,False,False,2.0,2.0,False,False,29.713,29.713,False,True,,,True,94.24691340272138
3929,0.0,75.64,0.0,31.398,,0,0,0,0,1,0,0,False,0.0,0.0,False,False,75.64,75.64,False,False,0.0,0.0,False,False,31.398,31.398,False,True,,,True,89.72860178563302
3930,0.0,,3.0,31.421,,0,1,0,0,1,0,0,False,0.0,0.0,False,True,74.95415425650145,74.95415425650145,True,False,3.0,3.0,False,False,31.421,31.421,False,True,,,True,96.00406608172574
3931,2.4,74.68,0.0,31.372,,0,0,0,0,1,0,0,False,2.4,2.4,False,False,74.68,74.68,False,False,0.0,0.0,False,False,31.372,31.372,False,True,,,True,92.39185179025512
3932,0.0,74.62,0.0,28.641,,0,0,0,0,1,0,0,False,0.0,0.0,False,False,74.62,74.62,False,False,0.0,0.0,False,False,28.641,28.641,False,True,,,True,86.47541341844467
3933,2.6,74.65,3.0,30.393,,0,0,0,0,1,0,0,False,2.6,2.6,False,False,74.65,74.65,False,False,3.0,3.0,False,False,30.393,30.393,False,True,,,True,98.27512639992214
3934,0.0,74.39,1.0,25.466,,0,0,0,0,1,0,0,False,0.0,0.0,False,False,74.39,74.39,False,False,1.0,1.0,False,False,25.466,25.466,False,True,,,True,85.41340703065889
3935,0.1,75.81,0.0,31.92,,0,0,0,0,1,0,0,False,0.1,0.1,False,False,75.81,75.81,False,False,0.0,0.0,False,False,31.92,31.92,False,True,,,True,90.46522374507688
3936,0.0,74.2,0.0,27.651,,0,0,0,0,1,0,0,False,0.0,0.0,False,False,74.2,74.2,False,False,0.0,0.0,False,False,27.651,27.651,False,True,,,True,85.2797522268652
3937,0.0,74.24,2.0,31.368,,0,0,0,0,1,0,0,False,0.0,0.0,False,False,74.24,74.24,False,False,2.0,2.0,False,False,31.368,31.368,False,True,,,True,93.3850558664058
3938,0.0,75.11,2.0,25.837,,0,0,0,0,1,0,0,False,0.0,0.0,False,False,75.11,75.11,False,False,2.0,2.0,False,False,25.837,25.837,False,True,,,True,88.35045540565201
3939,14.3,79.42,1.0,,,0,0,0,1,1,0,0,False,14.3,14.3,False,False,79.42,79.42,False,False,1.0,1.0,False,True,31.4805,31.4805,True,True,,,True,112.89327124891041
3940,0.1,79.1,2.0,37.124,,0,0,0,0,1,0,0,False,0.1,0.1,False,False,79.1,79.1,False,False,2.0,2.0,False,False,37.124,37.124,False,True,,,True,101.70626876134874
3941,0.2,78.22,1.0,33.295,,0,0,0,0,1,0,0,False,0.2,0.2,False,False,78.22,78.22,False,False,1.0,1.0,False,False,33.295,33.295,False,True,,,True,95.39397944309579
3942,0.3,,0.0,30.207,,0,1,0,0,1,0,0,False,0.3,0.3,False,True,77.4519760479042,77.4519760479042,True,False,0.0,0.0,False,False,30.207,30.207,False,True,,,True,89.87309248693087
3943,0.0,76.46,2.0,29.419,,0,0,0,0,1,0,0,False,0.0,0.0,False,False,76.46,76.46,False,False,2.0,2.0,False,False,29.419,29.419,False,True,,,True,92.58979704452338
3944,0.0,74.22,2.0,30.068,,0,0,0,0,1,0,0,False,0.0,0.0,False,False,74.22,74.22,False,False,2.0,2.0,False,False,30.068,30.068,False,True,,,True,92.0868937435232
3945,0.0,72.56,2.0,29.828,,0,0,0,0,1,0,0,False,0.0,0.0,False,False,72.56,72.56,False,False,2.0,2.0,False,False,29.828,29.828,False,True,,,True,90.99994431944454
3946,0.0,73.64,3.0,31.621,,0,0,0,0,1,0,0,False,0.0,0.0,False,False,73.64,73.64,False,False,3.0,3.0,False,False,31.621,31.621,False,True,,,True,95.52995012325886
3947,0.6,71.96,1.0,29.331,,0,0,0,0,1,0,0,False,0.6,0.6,False,False,71.96,71.96,False,False,1.0,1.0,False,False,29.331,29.331,False,True,,,True,88.79447684234624
3948,0.5,72.78,2.0,28.783,,0,0,0,0,1,0,0,False,0.5,0.5,False,False,72.78,72.78,False,False,2.0,2.0,False,False,28.783,28.783,False,True,,,True,90.73970816152448
3949,0.1,70.34,1.0,27.279,,0,0,0,0,1,0,0,False,0.1,0.1,False,False,70.34,70.34,False,False,1.0,1.0,False,False,27.279,27.279,False,True,,,True,85.27029108488959
3950,19.5,81.33,2.0,38.06,,0,0,0,0,1,0,0,False,19.5,19.5,False,False,81.33,81.33,False,False,2.0,2.0,False,False,38.06,38.06,False,True,,,True,129.48014397983454
3951,0.0,78.97,2.0,32.669,,0,0,0,0,1,0,0,False,0.0,0.0,False,False,78.97,78.97,False,False,2.0,2.0,False,False,32.669,32.669,False,True,,,True,97.09362207161364
3952,0.0,79.45,1.0,29.863,,0,0,0,0,1,0,0,False,0.0,0.0,False,False,79.45,79.45,False,False,1.0,1.0,False,False,29.863,29.863,False,True,,,True,92.35804301216082
3953,4.3,81.41,1.0,32.614,,0,0,0,0,1,0,0,False,4.3,4.3,False,False,81.41,81.41,False,False,1.0,1.0,False,False,32.614,32.614,False,True,,,True,101.78382446988704
3954,0.0,79.02,1.0,,,0,0,0,1,1,0,0,False,0.0,0.0,False,False,79.02,79.02,False,False,1.0,1.0,False,True,31.373,31.373,True,True,,,True,93.634056809129
3955,0.2,79.66,2.0,30.132,,0,0,0,0,1,0,0,False,0.2,0.2,False,False,79.66,79.66,False,False,2.0,2.0,False,False,30.132,30.132,False,True,,,True,95.19815471165845
3956,0.0,76.9,1.0,34.616,,0,0,0,0,1,0,0,False,0.0,0.0,False,False,76.9,76.9,False,False,1.0,1.0,False,False,34.616,34.616,False,True,,,True,95.76245767518877
3957,0.7,76.28,,32.596,,0,0,1,0,1,0,0,False,0.7,0.7,False,False,76.28,76.28,False,True,2.0,2.0,True,False,32.596,32.596,False,True,,,True,96.57275188782923
3958,0.0,76.94,2.0,32.233,,0,0,0,0,1,0,0,False,0.0,0.0,False,False,76.94,76.94,False,False,2.0,2.0,False,False,32.233,32.233,False,True,,,True,95.623217760377
3959,0.5,75.03,2.0,28.128,,0,0,0,0,1,0,0,False,0.5,0.5,False,False,75.03,75.03,False,False,2.0,2.0,False,False,28.128,28.128,False,True,,,True,91.24178269260318
3960,0.3,72.21,0.0,30.581,,0,0,0,0,1,0,0,False,0.3,0.3,False,False,72.21,72.21,False,False,0.0,0.0,False,False,30.581,30.581,False,True,,,True,87.56207318150217
3961,,71.17,1.0,30.564,,1,0,0,0,1,0,0,True,0.4,0.4,True,False,71.17,71.17,False,False,1.0,1.0,False,False,30.564,30.564,False,True,,,True,89.34689499606066
3962,3.0,73.77,1.0,29.072,,0,0,0,0,1,0,0,False,3.0,3.0,False,False,73.77,73.77,False,False,1.0,1.0,False,False,29.072,29.072,False,True,,,True,92.64389103758815
3963,0.0,71.27,2.0,30.608,,0,0,0,0,1,0,0,False,0.0,0.0,False,False,71.27,71.27,False,False,2.0,2.0,False,False,30.608,30.608,False,True,,,True,91.1127999365527
3964,0.6,71.21,,27.605,,0,0,1,0,1,0,0,False,0.6,0.6,False,False,71.21,71.21,False,True,1.0,1.0,True,False,27.605,27.605,False,True,,,True,86.70083612144853
3965,,69.15,4.0,27.607,,1,0,0,0,1,0,0,True,0.6499999999999999,0.6499999999999999,True,False,69.15,69.15,False,False,4.0,4.0,False,False,27.607,27.607,False,True,,,True,92.31879508124696
3966,0.7,69.6,1.0,27.521,,0,0,0,0,1,0,0,False,0.7,0.7,False,False,69.6,69.6,False,False,1.0,1.0,False,False,27.521,27.521,False,True,,,True,85.92652019749198
3967,9.3,74.24,0.0,33.922,,0,0,0,0,1,0,0,False,9.3,9.3,False,False,74.24,74.24,False,False,0.0,0.0,False,False,33.922,33.922,False,True,,,True,103.83588025360082
3968,0.4,73.22,0.0,28.24,,0,0,0,0,1,0,0,False,0.4,0.4,False,False,73.22,73.22,False,False,0.0,0.0,False,False,28.24,28.24,False,True,,,True,85.89197893677274
3969,6.6,74.17,2.0,31.338,,0,0,0,0,1,0,0,False,6.6,6.6,False,False,74.17,74.17,False,False,2.0,2.0,False,False,31.338,31.338,False,True,,,True,102.06479862204625
3970,0.1,74.64,2.0,31.746,,0,0,0,0,1,0,0,False,0.1,0.1,False,False,74.64,74.64,False,False,2.0,2.0,False,False,31.746,31.746,False,True,,,True,94.09667182041771
3971,8.3,77.92,2.0,31.266,,0,0,0,0,1,0,0,False,8.3,8.3,False,False,77.92,77.92,False,False,2.0,2.0,False,False,31.266,31.266,False,True,,,True,106.16436009985095
3972,6.9,80.95,0.0,37.751,,0,0,0,0,1,0,0,False,6.9,6.9,False,False,80.95,80.95,False,False,0.0,0.0,False,False,37.751,37.751,False,True,,,True,107.88175218875678
3973,0.0,80.62,3.0,31.424,,0,0,0,0,1,0,0,False,0.0,0.0,False,False,80.62,80.62,False,False,3.0,3.0,False,False,31.424,31.424,False,True,,,True,98.90541709759597
3974,0.0,,2.0,32.787,,0,1,0,0,1,0,0,False,0.0,0.0,False,True,80.256362262884,80.256362262884,True,False,2.0,2.0,False,False,32.787,32.787,False,True,,,True,97.86856871344517
3975,0.4,79.86,1.0,31.733,,0,0,0,0,1,0,0,False,0.4,0.4,False,False,79.86,79.86,False,False,1.0,1.0,False,False,31.733,31.733,False,True,,,True,94.95043547940469
3976,0.0,79.41,1.0,30.186,,0,0,0,0,1,0,0,False,0.0,0.0,False,False,79.41,79.41,False,False,1.0,1.0,False,False,30.186,30.186,False,True,,,True,92.65758223754408
3977,6.3,79.99,3.0,36.726,,0,0,0,0,1,0,0,False,6.3,6.3,False,False,79.99,79.99,False,False,3.0,3.0,False,False,36.726,36.726,False,True,,,True,112.18367672969445
3978,15.4,88.35,2.0,,,0,0,0,1,1,0,0,False,15.4,15.4,False,False,88.35,88.35,False,False,2.0,2.0,False,True,37.47243213973799,37.47243213973799,True,True,,,True,127.05646160528161
3979,3.6,90.51,0.0,37.712,,0,0,0,0,1,0,0,False,3.6,3.6,False,False,90.51,90.51,False,False,0.0,0.0,False,False,37.712,37.712,False,True,,,True,108.36092190485596
3980,0.0,88.92,2.0,35.978,,0,0,0,0,1,0,0,False,0.0,0.0,False,False,88.92,88.92,False,False,2.0,2.0,False,False,35.978,35.978,False,True,,,True,105.46185167842917
3981,0.4,88.32,,36.228,,0,0,1,0,1,0,0,False,0.4,0.4,False,False,88.32,88.32,False,True,2.0,2.0,True,False,36.228,36.228,False,True,,,True,105.93261563241634
3982,0.6,87.26,2.0,30.665,,0,0,0,0,1,0,0,False,0.6,0.6,False,False,87.26,87.26,False,False,2.0,2.0,False,False,30.665,30.665,False,True,,,True,100.14402375165395
3983,0.5,88.07,3.0,30.699,,0,0,0,0,1,0,0,False,0.5,0.5,False,False,88.07,88.07,False,False,3.0,3.0,False,False,30.699,30.699,False,True,,,True,102.66073637560878
3984,0.7,84.75,1.0,33.926,,0,0,0,0,1,0,0,False,0.7,0.7,False,False,84.75,84.75,False,False,1.0,1.0,False,False,33.926,33.926,False,True,,,True,100.0220813837861
3985,0.0,83.34,1.0,34.234,,0,0,0,0,1,0,0,False,0.0,0.0,False,False,83.34,83.34,False,False,1.0,1.0,False,False,34.234,34.234,False,True,,,True,98.67840367625551
3986,0.0,84.22,1.0,30.338,,0,0,0,0,1,0,0,False,0.0,0.0,False,False,84.22,84.22,False,False,1.0,1.0,False,False,30.338,30.338,False,True,,,True,95.26873974019352
3987,0.1,,3.0,36.192,,0,1,0,0,1,0,0,False,0.1,0.1,False,True,82.74131067961164,82.74131067961164,True,False,3.0,3.0,False,False,36.192,36.192,False,True,,,True,104.84681837765646
3988,0.2,80.9,3.0,32.678,,0,0,0,0,1,0,0,False,0.2,0.2,False,False,80.9,80.9,False,False,3.0,3.0,False,False,32.678,32.678,False,True,,,True,100.5560182559167
3989,0.1,80.4,0.0,35.295,,0,0,0,0,1,0,0,False,0.1,0.1,False,False,80.4,80.4,False,False,0.0,0.0,False,False,35.295,35.295,False,True,,,True,96.15691797981329
3990,0.0,78.35,1.0,36.687,,0,0,0,0,1,0,0,False,0.0,0.0,False,False,78.35,78.35,False,False,1.0,1.0,False,False,36.687,36.687,False,True,,,True,98.5559823994378
3991,0.0,79.08,1.0,33.356,,0,0,0,0,1,0,0,False,0.0,0.0,False,False,79.08,79.08,False,False,1.0,1.0,False,False,33.356,33.356,False,True,,,True,95.62934021021212
3992,0.0,77.51,2.0,33.34,,0,0,0,0,1,0,0,False,0.0,0.0,False,False,77.51,77.51,False,False,2.0,2.0,False,False,33.34,33.34,False,True,,,True,97.01152565784793
3993,0.1,76.37,1.0,29.525,,0,0,0,0,1,0,0,False,0.1,0.1,False,False,76.37,76.37,False,False,1.0,1.0,False,False,29.525,29.525,False,True,,,True,90.5801026562522
3994,,75.14,1.0,30.981,,1,0,0,0,1,0,0,True,0.05,0.05,True,False,75.14,75.14,False,False,1.0,1.0,False,False,30.981,30.981,False,True,,,True,91.32712352507505
3995,4.7,75.73,0.0,31.884,,0,0,0,0,1,0,0,False,4.7,4.7,False,False,75.73,75.73,False,False,0.0,0.0,False,False,31.884,31.884,False,True,,,True,96.48382396917872
3996,0.3,73.51,1.0,32.683,,0,0,0,0,1,0,0,False,0.3,0.3,False,False,73.51,73.51,False,False,1.0,1.0,False,False,32.683,32.683,False,True,,,True,92.51075189404253
3997,0.0,74.74,1.0,31.984,,0,0,0,0,1,0,0,False,0.0,0.0,False,False,74.74,74.74,False,False,1.0,1.0,False,False,31.984,31.984,False,True,,,True,92.04993871970117
3998,0.6,75.32,0.0,34.834,,0,0,0,0,1,0,0,False,0.6,0.6,False,False,75.32,75.32,False,False,0.0,0.0,False,False,34.834,34.834,False,True,,,True,93.7640306086008
3999,0.6,74.17,2.0,31.417,,0,0,0,0,1,0,0,False,0.6,0.6,False,False,74.17,74.17,False,False,2.0,2.0,False,False,31.417,31.417,False,True,,,True,94.19281708139573
4000,,72.77,1.0,30.859,,1,0,0,0,1,0,0,True,0.0,0.0,True,False,72.77,72.77,False,False,1.0,1.0,False,False,30.859,30.859,False,True,,,True,89.92762410619194
4001,0.0,74.0,1.0,31.464,,0,0,0,0,1,0,0,False,0.0,0.0,False,False,74.0,74.0,False,False,1.0,1.0,False,False,31.464,31.464,False,True,,,True,91.15621727097296
4002,0.0,73.66,1.0,32.845,,0,0,0,0,1,0,0,False,0.0,0.0,False,False,73.66,73.66,False,False,1.0,1.0,False,False,32.845,32.845,False,True,,,True,92.35046842317195
4003,0.0,72.87,4.0,29.325,,0,0,0,0,1,0,0,False,0.0,0.0,False,False,72.87,72.87,False,False,4.0,4.0,False,False,29.325,29.325,False,True,,,True,95.06254480575451
4004,0.4,73.85,2.0,28.65,,0,0,0,0,1,0,0,False,0.4,0.4,False,False,73.85,73.85,False,False,2.0,2.0,False,False,28.65,28.65,False,True,,,True,91.02280019360757
4005,0.0,72.59,2.0,,,0,0,0,1,1,0,0,False,0.0,0.0,False,False,72.59,72.59,False,False,2.0,2.0,False,True,29.603107806691447,29.603107806691447,True,True,,,True,90.79248656080293
4006,1.8,72.37,,31.146,,0,0,1,0,1,0,0,False,1.8,1.8,False,False,72.37,72.37,False,True,2.0,2.0,True,False,31.146,31.146,False,True,,,True,94.59358769667831
4007,0.8,72.47,1.0,32.276,,0,0,0,0,1,0,0,False,0.8,0.8,False,False,72.47,72.47,False,False,1.0,1.0,False,False,32.276,32.276,False,True,,,True,92.23803623387936
4008,0.0,73.09,2.0,33.786,,0,0,0,0,1,0,0,False,0.0,0.0,False,False,73.09,73.09,False,False,2.0,2.0,False,False,33.786,33.786,False,True,,,True,95.19232201194065
4009,0.0,69.45,6.0,27.045,,0,0,0,0,1,0,1,False,0.0,0.0,False,False,69.45,69.45,False,False,6.0,6.0,False,False,27.045,27.045,False,True,,,True,95.45655090429617
4010,0.1,70.2,0.0,28.367,,0,0,0,0,1,0,0,False,0.1,0.1,False,False,70.2,70.2,False,False,0.0,0.0,False,False,28.367,28.367,False,True,,,True,84.07539823931768
4011,0.4,68.19,1.0,29.125,,0,0,0,0,1,0,0,False,0.4,0.4,False,False,68.19,68.19,False,False,1.0,1.0,False,False,29.125,29.125,False,True,,,True,86.39682723478221
4012,16.1,76.56,0.0,37.436,,0,0,0,0,1,0,0,False,16.1,16.1,False,False,76.56,76.56,False,False,0.0,0.0,False,False,37.436,37.436,False,True,,,True,117.51434054389637
4013,0.0,74.41,4.0,35.872,,0,0,0,0,1,0,0,False,0.0,0.0,False,False,74.41,74.41,False,False,4.0,4.0,False,False,35.872,35.872,False,True,,,True,102.33655501545628
4014,12.8,81.51,1.0,35.936,,0,0,0,0,1,0,0,False,12.8,12.8,False,False,81.51,81.51,False,False,1.0,1.0,False,False,35.936,35.936,False,True,,,True,116.38899048521523
4015,1.8,80.13,0.0,33.839,,0,0,0,0,1,0,0,False,1.8,1.8,False,False,80.13,80.13,False,False,0.0,0.0,False,False,33.839,33.839,False,True,,,True,96.82888624676208
4016,0.0,80.8,0.0,36.716,,0,0,0,0,1,0,0,False,0.0,0.0,False,False,80.8,80.8,False,False,0.0,0.0,False,False,36.716,36.716,False,True,,,True,97.63684266634534
4017,,81.82,0.0,31.884,,1,0,0,0,1,0,0,True,0.6,0.6,True,False,81.82,81.82,False,False,0.0,0.0,False,False,31.884,31.884,False,True,,,True,94.16651055567138
4018,1.0,79.83,,31.192,,0,0,1,0,1,0,0,False,1.0,1.0,False,False,79.83,79.83,False,True,0.0,0.0,True,False,31.192,31.192,False,True,,,True,92.99296154627343
4019,0.0,77.12,1.0,29.541,,0,0,0,0,1,0,0,False,0.0,0.0,False,False,77.12,77.12,False,False,1.0,1.0,False,False,29.541,29.541,False,True,,,True,90.84711452894958
4020,0.2,77.93,0.0,32.103,,0,0,0,0,1,0,0,False,0.2,0.2,False,False,77.93,77.93,False,False,0.0,0.0,False,False,32.103,32.103,False,True,,,True,91.86352073730667
4021,0.0,78.63,,30.059,,0,0,1,0,1,0,0,False,0.0,0.0,False,False,78.63,78.63,False,True,1.0,1.0,True,False,30.059,30.059,False,True,,,True,92.13275014864334
4022,0.4,74.65,1.0,33.356,,0,0,0,0,1,0,0,False,0.4,0.4,False,False,74.65,74.65,False,False,1.0,1.0,False,False,33.356,33.356,False,True,,,True,93.89317815035486
4023,0.7,74.59,1.0,31.627,,0,0,0,0,1,0,0,False,0.7,0.7,False,False,74.59,74.59,False,False,1.0,1.0,False,False,31.627,31.627,False,True,,,True,92.54704907173112
4024,20.7,84.59,1.0,40.373,,0,0,0,0,1,1,0,False,20.7,20.7,False,False,84.59,84.59,False,False,1.0,1.0,False,False,40.373,40.373,False,True,,,True,132.82820739887066
4025,0.0,,4.0,33.782,,0,1,0,0,1,0,0,False,0.0,0.0,False,True,83.68318181818182,83.68318181818182,True,False,4.0,4.0,False,False,33.782,33.782,False,True,,,True,105.0096796344651
4026,0.0,82.49,4.0,36.847,,0,0,0,0,1,0,0,False,0.0,0.0,False,False,82.49,82.49,False,False,4.0,4.0,False,False,36.847,36.847,False,True,,,True,107.43584938845663
4027,0.0,82.07,0.0,34.476,,0,0,0,0,1,0,0,False,0.0,0.0,False,False,82.07,82.07,False,False,0.0,0.0,False,False,34.476,34.476,False,True,,,True,96.06731033333926
4028,0.0,80.33,0.0,30.792,,0,0,0,0,1,0,0,False,0.0,0.0,False,False,80.33,80.33,False,False,0.0,0.0,False,False,30.792,30.792,False,True,,,True,91.52741007607321
4029,0.3,80.68,1.0,34.369,,0,0,0,0,1,0,0,False,0.3,0.3,False,False,80.68,80.68,False,False,1.0,1.0,False,False,34.369,34.369,False,True,,,True,97.84893250394401
4030,3.6,82.61,1.0,35.122,,0,0,0,0,1,0,0,False,3.6,3.6,False,False,82.61,82.61,False,False,1.0,1.0,False,False,35.122,35.122,False,True,,,True,103.95487504594975
4031,0.0,80.68,0.0,33.658,,0,0,0,0,1,0,0,False,0.0,0.0,False,False,80.68,80.68,False,False,0.0,0.0,False,False,33.658,33.658,False,True,,,True,94.545846179541
4032,0.0,81.67,1.0,33.828,,0,0,0,0,1,0,0,False,0.0,0.0,False,False,81.67,81.67,False,False,1.0,1.0,False,False,33.828,33.828,False,True,,,True,97.42187983460686
4033,3.4,82.45,2.0,34.873,,0,0,0,0,1,0,0,False,3.4,3.4,False,False,82.45,82.45,False,False,2.0,2.0,False,False,34.873,34.873,False,True,,,True,105.56250469844929
4034,1.2,82.29,1.0,30.538,,0,0,0,0,1,0,0,False,1.2,1.2,False,False,82.29,82.29,False,False,1.0,1.0,False,False,30.538,30.538,False,True,,,True,96.06963583354911
4035,0.0,81.45,0.0,35.578,,0,0,0,0,1,0,0,False,0.0,0.0,False,False,81.45,81.45,False,False,0.0,0.0,False,False,35.578,35.578,False,True,,,True,96.84191689910298
4036,0.0,79.31,0.0,31.634,,0,0,0,0,1,0,0,False,0.0,0.0,False,False,79.31,79.31,False,False,0.0,0.0,False,False,31.634,31.634,False,True,,,True,91.83980933552303
4037,0.0,77.71,1.0,31.828,,0,0,0,0,1,0,0,False,0.0,0.0,False,False,77.71,77.71,False,False,1.0,1.0,False,False,31.828,31.828,False,True,,,True,93.41469860454161
4038,0.0,76.01,4.0,32.622,,0,0,0,0,1,0,0,False,0.0,0.0,False,False,76.01,76.01,False,False,4.0,4.0,False,False,32.622,32.622,False,True,,,True,99.93521171548888
4039,0.0,75.97,2.0,32.623,,0,0,0,0,1,0,0,False,0.0,0.0,False,False,75.97,75.97,False,False,2.0,2.0,False,False,32.623,32.623,False,True,,,True,95.51339093114156
4040,0.0,75.78,,32.006,,0,0,1,0,1,0,0,False,0.0,0.0,False,False,75.78,75.78,False,True,2.0,2.0,True,False,32.006,32.006,False,True,,,True,94.80492401281086
4041,0.3,76.52,2.0,35.563,,0,0,0,0,1,0,0,False,0.3,0.3,False,False,76.52,76.52,False,False,2.0,2.0,False,False,35.563,35.563,False,True,,,True,99.10496298625854
4042,0.9,74.95,3.0,28.565,,0,0,0,0,1,0,0,False,0.9,0.9,False,False,74.95,74.95,False,False,3.0,3.0,False,False,28.565,28.565,False,True,,,True,94.36499269328387
4043,0.4,,0.0,,,0,1,0,1,1,0,0,False,0.4,0.4,False,True,74.77612699093588,74.77612699093588,True,False,0.0,0.0,False,True,31.329000000000004,31.329000000000004,True,True,,,True,89.74834231119782
4044,0.0,74.64,3.0,34.093,,0,0,0,0,1,0,0,False,0.0,0.0,False,False,74.64,74.64,False,False,3.0,3.0,False,False,34.093,34.093,False,True,,,True,98.49055331700549
4045,0.0,74.24,1.0,28.965,,0,0,0,0,1,0,0,False,0.0,0.0,False,False,74.24,74.24,False,False,1.0,1.0,False,False,28.965,28.965,False,True,,,True,88.80319012691348
4046,,73.62,1.0,33.495,,1,0,0,0,1,0,0,True,0.0,0.0,True,False,73.62,73.62,False,False,1.0,1.0,False,False,33.495,33.495,False,True,,,True,92.97397184803025
4047,0.8,73.18,1.0,32.255,,0,0,0,0,1,0,0,False,0.8,0.8,False,False,73.18,73.18,False,False,1.0,1.0,False,False,32.255,32.255,False,True,,,True,92.58043363302474
4048,0.0,72.76,3.0,31.887,,0,0,0,0,1,0,0,False,0.0,0.0,False,False,72.76,72.76,False,False,3.0,3.0,False,False,31.887,31.887,False,True,,,True,95.34331423028597
4049,,73.17,1.0,29.22,,1,0,0,0,1,0,0,True,0.15,0.15,True,False,73.17,73.17,False,False,1.0,1.0,False,False,29.22,29.22,False,True,,,True,88.70721753967916
4050,0.0,70.87,0.0,30.118,,0,0,0,0,1,0,0,False,0.0,0.0,False,False,70.87,70.87,False,False,0.0,0.0,False,False,30.118,30.118,False,True,,,True,86.02037851149204
4051,0.3,69.04,3.0,29.712,,0,0,0,0,1,0,0,False,0.3,0.3,False,False,69.04,69.04,False,False,3.0,3.0,False,False,29.712,29.712,False,True,,,True,91.68304272575624
4052,,69.64,0.0,27.956,,1,0,0,0,1,0,0,True,0.3,0.3,True,False,69.64,69.64,False,False,0.0,0.0,False,False,27.956,27.956,False,True,,,True,83.64675261947836
4053,0.9,66.84,2.0,31.376,,0,0,0,0,1,0,0,False,0.9,0.9,False,False,66.84,66.84,False,False,2.0,2.0,False,False,31.376,31.376,False,True,,,True,90.80002859991491
4054,0.0,67.51,1.0,28.722,,0,0,0,0,1,0,0,False,0.0,0.0,False,False,67.51,67.51,False,False,1.0,1.0,False,False,28.722,28.722,False,True,,,True,85.11969620469927
4055,0.7,67.46,0.0,28.181,,0,0,0,0,1,0,0,False,0.7,0.7,False,False,67.46,67.46,False,False,0.0,0.0,False,False,28.181,28.181,False,True,,,True,83.284495352284
4056,0.6,67.29,0.0,28.476,,0,0,0,0,1,0,0,False,0.6,0.6,False,False,67.29,67.29,False,False,0.0,0.0,False,False,28.476,28.476,False,True,,,True,83.35728853342457
4057,0.8,66.31,2.0,27.214,,0,0,0,0,1,0,0,False,0.8,0.8,False,False,66.31,66.31,False,False,2.0,2.0,False,False,27.214,27.214,False,True,,,True,86.27304066597509
4058,,64.8,,28.823,,1,0,1,0,1,0,0,True,0.5,0.5,True,False,64.8,64.8,False,True,1.0,1.0,True,False,28.823,28.823,False,True,,,True,84.49597131548741
4059,0.0,63.94,1.0,26.02,,0,0,0,0,1,0,0,False,0.0,0.0,False,False,63.94,63.94,False,False,1.0,1.0,False,False,26.02,26.02,False,True,,,True,80.61653776312677
4060,0.0,63.93,1.0,25.524,,0,0,0,0,1,0,0,False,0.0,0.0,False,False,63.93,63.93,False,False,1.0,1.0,False,False,25.524,25.524,False,True,,,True,80.1200269974627
4061,0.4,63.24,2.0,25.462,,0,0,0,0,1,0,0,False,0.4,0.4,False,False,63.24,63.24,False,False,2.0,2.0,False,False,25.462,25.462,False,True,,,True,82.43682244486425
4062,0.9,62.26,1.0,32.249,,0,0,0,0,1,0,0,False,0.9,0.9,False,False,62.26,62.26,False,False,1.0,1.0,False,False,32.249,32.249,False,True,,,True,87.120837641408
4063,0.0,,3.0,29.215,,0,1,0,0,1,0,0,False,0.0,0.0,False,True,62.769999999999996,62.769999999999996,True,False,3.0,3.0,False,False,29.215,29.215,False,True,,,True,87.58570873764626
4064,0.3,63.28,3.0,23.262,,0,0,0,0,1,0,0,False,0.3,0.3,False,False,63.28,63.28,False,False,3.0,3.0,False,False,23.262,23.262,False,True,,,True,82.34637946046453
4065,0.0,62.46,3.0,26.713,,0,0,0,0,1,0,0,False,0.0,0.0,False,False,62.46,62.46,False,False,3.0,3.0,False,False,26.713,26.713,False,True,,,True,84.9483554425547
4066,17.5,71.64,0.0,33.903,,0,0,0,0,1,0,0,False,17.5,17.5,False,False,71.64,71.64,False,False,0.0,0.0,False,False,33.903,33.903,False,True,,,True,113.35235864199828
4067,17.5,78.28,1.0,34.909,,0,0,0,0,1,0,0,False,17.5,17.5,False,False,78.28,78.28,False,False,1.0,1.0,False,False,34.909,34.909,False,True,,,True,119.94690397944848
4068,0.4,78.34,3.0,28.934,,0,0,0,0,1,0,0,False,0.4,0.4,False,False,78.34,78.34,False,False,3.0,3.0,False,False,28.934,28.934,False,True,,,True,95.80221005700704
4069,0.2,77.61,0.0,33.487,,0,0,0,0,1,0,0,False,0.2,0.2,False,False,77.61,77.61,False,False,0.0,0.0,False,False,33.487,33.487,False,True,,,True,93.07097509275789
4070,2.2,77.07,0.0,30.442,,0,0,0,0,1,0,0,False,2.2,2.2,False,False,77.07,77.07,False,False,0.0,0.0,False,False,30.442,30.442,False,True,,,True,92.42808847632276
4071,0.0,77.88,1.0,29.856,,0,0,0,0,1,0,0,False,0.0,0.0,False,False,77.88,77.88,False,False,1.0,1.0,False,False,29.856,29.856,False,True,,,True,91.5479702100101
4072,13.9,84.25,1.0,41.53,,0,0,0,0,1,0,0,False,13.9,13.9,False,False,84.25,84.25,False,False,1.0,1.0,False,False,41.53,41.53,False,True,,,True,124.7902569171028
4073,0.0,80.07,1.0,33.296,,0,0,0,0,1,0,0,False,0.0,0.0,False,False,80.07,80.07,False,False,1.0,1.0,False,False,33.296,33.296,False,True,,,True,96.07633444217484
4074,0.1,81.3,3.0,31.399,,0,0,0,0,1,0,0,False,0.1,0.1,False,False,81.3,81.3,False,False,3.0,3.0,False,False,31.399,31.399,False,True,,,True,99.36100918531537
4075,0.0,80.66,3.0,36.551,,0,0,0,0,1,0,0,False,0.0,0.0,False,False,80.66,80.66,False,False,3.0,3.0,False,False,36.551,36.551,False,True,,,True,104.00528119679677
4076,1.0,80.03,4.0,27.943,,0,0,0,0,1,0,0,False,1.0,1.0,False,False,80.03,80.03,False,False,4.0,4.0,False,False,27.943,27.943,False,True,,,True,98.68113392076276
4077,0.0,76.67,2.0,37.968,,0,0,0,0,1,0,0,False,0.0,0.0,False,False,76.67,76.67,False,False,2.0,2.0,False,False,37.968,37.968,False,True,,,True,101.16685596622136
4078,15.1,84.89,2.0,35.24,,0,0,0,0,1,0,0,False,15.1,15.1,False,False,84.89,84.89,False,False,2.0,2.0,False,False,35.24,35.24,False,True,,,True,122.6772700472848
4079,9.4,88.77,0.0,39.33,,0,0,0,0,1,0,0,False,9.4,9.4,False,False,88.77,88.77,False,False,0.0,0.0,False,False,39.33,39.33,False,True,,,True,116.75903882388823
4080,0.0,88.04,1.0,36.286,,0,0,0,0,1,0,0,False,0.0,0.0,False,False,88.04,88.04,False,False,1.0,1.0,False,False,36.286,36.286,False,True,,,True,103.11565117047917
4081,4.2,90.27,3.0,37.647,,0,0,0,0,1,0,0,False,4.2,4.2,False,False,90.27,90.27,False,False,3.0,3.0,False,False,37.647,37.647,False,True,,,True,115.57230159487112
4082,0.0,87.62,3.0,35.719,,0,0,0,0,1,0,0,False,0.0,0.0,False,False,87.62,87.62,False,False,3.0,3.0,False,False,35.719,35.719,False,True,,,True,106.74141232547117
4083,0.8,86.31,2.0,35.302,,0,0,0,0,1,0,0,False,0.8,0.8,False,False,86.31,86.31,False,False,2.0,2.0,False,False,35.302,35.302,False,True,,,True,104.51700797610029
4084,4.6,89.25,2.0,35.837,,0,0,0,0,1,0,0,False,4.6,4.6,False,False,89.25,89.25,False,False,2.0,2.0,False,False,35.837,35.837,False,True,,,True,111.58616332084532
4085,0.4,86.74,2.0,33.812,,0,0,0,0,1,0,0,False,0.4,0.4,False,False,86.74,86.74,False,False,2.0,2.0,False,False,33.812,33.812,False,True,,,True,102.73079196186224
4086,0.7,83.06,2.0,38.389,,0,0,0,0,1,0,0,False,0.7,0.7,False,False,83.06,83.06,False,False,2.0,2.0,False,False,38.389,38.389,False,True,,,True,105.78029839184506
4087,0.0,,5.0,30.3,,0,1,0,0,1,0,0,False,0.0,0.0,False,True,82.81032348648472,82.81032348648472,True,False,5.0,5.0,False,False,30.3,30.3,False,True,,,True,103.3146674356811
4088,0.2,82.65,3.0,35.202,,0,0,0,0,1,0,0,False,0.2,0.2,False,False,82.65,82.65,False,False,3.0,3.0,False,False,35.202,35.202,False,True,,,True,103.95180324113834
4089,0.3,82.34,,34.22,,0,0,1,0,1,0,0,False,0.3,0.3,False,False,82.34,82.34,False,True,2.0,2.0,True,False,34.22,34.22,False,True,,,True,100.75166801939783
4090,0.0,82.54,3.0,31.112,,0,0,0,0,1,0,0,False,0.0,0.0,False,False,82.54,82.54,False,False,3.0,3.0,False,False,31.112,31.112,False,True,,,True,99.57849488600344
4091,,84.95,0.0,37.05,,1,0,0,0,1,0,0,True,0.2,0.2,True,False,84.95,84.95,False,False,0.0,0.0,False,False,37.05,37.05,False,True,,,True,100.35569398635246
4092,0.2,84.45,1.0,37.419,,0,0,0,0,1,0,0,False,0.2,0.2,False,False,84.45,84.45,False,False,1.0,1.0,False,False,37.419,37.419,False,True,,,True,102.6666665963076
4093,1.5,83.16,2.0,35.0,,0,0,0,0,1,0,0,False,1.5,1.5,False,False,83.16,83.16,False,False,2.0,2.0,False,False,35.0,35.0,False,True,,,True,103.53394952449908
4094,0.2,84.08,2.0,35.846,,0,0,0,0,1,0,0,False,0.2,0.2,False,False,84.08,84.08,False,False,2.0,2.0,False,False,35.846,35.846,False,True,,,True,103.12017018865522
4095,0.0,84.38,2.0,35.453,,0,0,0,0,1,0,0,False,0.0,0.0,False,False,84.38,84.38,False,False,2.0,2.0,False,False,35.453,35.453,False,True,,,True,102.61927626836099
4096,0.8,84.23,0.0,30.791,,0,0,0,0,1,0,0,False,0.8,0.8,False,False,84.23,84.23,False,False,0.0,0.0,False,False,30.791,30.791,False,True,,,True,94.58150809613468
4097,0.4,82.46,3.0,33.463,,0,0,0,0,1,0,0,False,0.4,0.4,False,False,82.46,82.46,False,False,3.0,3.0,False,False,33.463,33.463,False,True,,,True,102.39676100998615
4098,0.5,82.85,,31.64,,0,0,1,0,1,0,0,False,0.5,0.5,False,False,82.85,82.85,False,True,2.0,2.0,True,False,31.64,31.64,False,True,,,True,98.72152037087095
4099,0.0,82.75,0.0,34.168,,0,0,0,0,1,0,0,False,0.0,0.0,False,False,82.75,82.75,False,False,0.0,0.0,False,False,34.168,34.168,False,True,,,True,96.11002559931363
4100,0.4,80.04,2.0,29.918,,0,0,0,0,1,0,0,False,0.4,0.4,False,False,80.04,80.04,False,False,2.0,2.0,False,False,29.918,29.918,False,True,,,True,95.44553975222969
4101,0.0,79.03,2.0,32.7,,0,0,0,0,1,0,0,False,0.0,0.0,False,False,79.03,79.03,False,False,2.0,2.0,False,False,32.7,32.7,False,True,,,True,97.15502743790996
4102,0.0,78.72,0.0,31.321,,0,0,0,0,1,0,0,False,0.0,0.0,False,False,78.72,78.72,False,False,0.0,0.0,False,False,31.321,31.321,False,True,,,True,91.22789905125738
4103,0.4,77.84,0.0,35.485,,0,0,0,0,1,0,0,False,0.4,0.4,False,False,77.84,77.84,False,False,0.0,0.0,False,False,35.485,35.485,False,True,,,True,95.43309147201681
4104,,85.76,4.0,41.799,,1,0,0,0,1,0,0,True,0.0,0.0,True,False,85.76,85.76,False,False,4.0,4.0,False,False,41.799,41.799,False,True,,,True,114.01465347480894
4105,0.0,83.21,2.0,36.21,,0,0,0,0,1,0,0,False,0.0,0.0,False,False,83.21,83.21,False,False,2.0,2.0,False,False,36.21,36.21,False,True,,,True,102.77073174052242
4106,,81.02,5.0,,,1,0,0,1,1,0,0,True,0.45,0.45,True,False,81.02,81.02,False,False,5.0,5.0,False,True,33.4796873348668,33.4796873348668,True,True,,,True,106.14525894845077
4107,0.7,80.81,5.0,32.284,,0,0,0,0,1,0,0,False,0.7,0.7,False,False,80.81,80.81,False,False,5.0,5.0,False,False,32.284,32.284,False,True,,,True,105.18450639280032
4108,0.5,78.73,3.0,34.508,,0,0,0,0,1,0,0,False,0.5,0.5,False,False,78.73,78.73,False,False,3.0,3.0,False,False,34.508,34.508,False,True,,,True,101.65647189187459
4109,,85.31,1.0,39.011,,1,0,0,0,1,0,0,True,0.6,0.6,True,False,85.31,85.31,False,False,1.0,1.0,False,False,39.011,39.011,False,True,,,True,105.21383868743442
4110,0.6,83.57,2.0,36.333,,0,0,0,0,1,0,0,False,0.6,0.6,False,False,83.57,83.57,False,False,2.0,2.0,False,False,36.333,36.333,False,True,,,True,103.87177362939573
4111,5.8,86.53,3.0,38.991,,0,0,0,0,1,0,0,False,5.8,5.8,False,False,86.53,86.53,False,False,3.0,3.0,False,False,38.991,38.991,False,True,,,True,117.11068312537827
4112,0.0,85.54,2.0,,,0,0,0,1,1,0,0,False,0.0,0.0,False,False,85.54,85.54,False,False,2.0,2.0,False,True,36.269000000000005,36.269000000000005,True,True,,,True,104.02110186146477
4113,0.3,86.22,3.0,33.547,,0,0,0,0,1,0,0,False,0.3,0.3,False,False,86.22,86.22,False,False,3.0,3.0,False,False,33.547,33.547,False,True,,,True,104.27091530701182
4114,0.2,83.84,1.0,36.187,,0,0,0,0,1,0,0,False,0.2,0.2,False,False,83.84,83.84,False,False,1.0,1.0,False,False,36.187,36.187,False,True,,,True,101.13405706377708
4115,0.8,82.57,3.0,35.223,,0,0,0,0,1,0,0,False,0.8,0.8,False,False,82.57,82.57,False,False,3.0,3.0,False,False,35.223,35.223,False,True,,,True,104.72670887503398
4116,0.0,82.46,3.0,32.434,,0,0,0,0,1,0,0,False,0.0,0.0,False,False,82.46,82.46,False,False,3.0,3.0,False,False,32.434,32.434,False,True,,,True,100.84729749225964
4117,0.3,84.08,2.0,36.228,,0,0,0,0,1,0,0,False,0.3,0.3,False,False,84.08,84.08,False,False,2.0,2.0,False,False,36.228,36.228,False,True,,,True,103.63112791482848
4118,0.0,,1.0,32.883,,0,1,0,0,1,0,0,False,0.0,0.0,False,True,83.48934591747147,83.48934591747147,True,False,1.0,1.0,False,False,32.883,32.883,False,True,,,True,97.41634439352728
4119,,82.11,2.0,35.665,,1,0,0,0,1,0,0,True,0.0,0.0,True,False,82.11,82.11,False,False,2.0,2.0,False,False,35.665,35.665,False,True,,,True,101.66808340323794
4120,0.0,79.07,1.0,33.449,,0,0,0,0,1,0,0,False,0.0,0.0,False,False,79.07,79.07,False,False,1.0,1.0,False,False,33.449,33.449,False,True,,,True,95.71636129008567
4121,0.0,78.42,2.0,29.089,,0,0,0,0,1,0,0,False,0.0,0.0,False,False,78.42,78.42,False,False,2.0,2.0,False,False,29.089,29.089,False,True,,,True,93.26550405048302
4122,0.2,78.03,3.0,29.813,,0,0,0,0,1,0,0,False,0.2,0.2,False,False,78.03,78.03,False,False,3.0,3.0,False,False,29.813,29.813,False,True,,,True,96.24945998487189
4123,0.1,77.72,2.0,29.441,,0,0,0,0,1,0,0,False,0.1,0.1,False,False,77.72,77.72,False,False,2.0,2.0,False,False,29.441,29.441,False,True,,,True,93.38865337830386
4124,15.0,84.93,2.0,38.567,,0,0,0,0,1,0,0,False,15.0,15.0,False,False,84.93,84.93,False,False,2.0,2.0,False,False,38.567,38.567,False,True,,,True,125.86134083971413
4125,8.3,86.26,2.0,37.221,,0,0,0,0,1,0,0,False,8.3,8.3,False,False,86.26,86.26,False,False,2.0,2.0,False,False,37.221,37.221,False,True,,,True,116.33042489068448
4126,0.1,87.93,2.0,31.127,,0,0,0,0,1,0,0,False,0.1,0.1,False,False,87.93,87.93,False,False,2.0,2.0,False,False,31.127,31.127,False,True,,,True,100.28195429245191
4127,0.2,85.45,0.0,38.056,,0,0,0,0,1,0,0,False,0.2,0.2,False,False,85.45,85.45,False,False,0.0,0.0,False,False,38.056,38.056,False,True,,,True,101.60813085576626
4128,0.2,84.41,1.0,36.924,,0,0,0,0,1,0,0,False,0.2,0.2,False,False,84.41,84.41,False,False,1.0,1.0,False,False,36.924,36.924,False,True,,,True,102.15579996490008
4129,0.1,82.94,1.0,34.485,,0,0,0,0,1,0,0,False,0.1,0.1,False,False,82.94,82.94,False,False,1.0,1.0,False,False,34.485,34.485,False,True,,,True,98.85495648673344
4130,,83.3,2.0,38.268,,1,0,0,0,1,0,0,True,0.4,0.4,True,False,83.3,83.3,False,False,2.0,2.0,False,False,38.268,38.268,False,True,,,True,105.38568198042806
4131,0.6,81.58,2.0,34.261,,0,0,0,0,1,0,0,False,0.6,0.6,False,False,81.58,81.58,False,False,2.0,2.0,False,False,34.261,34.261,False,True,,,True,100.80101971384394
4132,0.7,81.68,1.0,34.039,,0,0,0,0,1,0,0,False,0.7,0.7,False,False,81.68,81.68,False,False,1.0,1.0,False,False,34.039,34.039,False,True,,,True,98.56356542890678
4133,14.8,89.05,1.0,41.13,,0,0,0,0,1,0,0,False,14.8,14.8,False,False,89.05,89.05,False,False,1.0,1.0,False,False,41.13,41.13,False,True,,,True,128.0419607646756
4134,0.5,88.2,0.0,31.974,,0,0,0,0,1,0,0,False,0.5,0.5,False,False,88.2,88.2,False,False,0.0,0.0,False,False,31.974,31.974,False,True,,,True,97.38687730688449
4135,0.0,85.64,3.0,34.945,,0,0,0,0,1,0,0,False,0.0,0.0,False,False,85.64,85.64,False,False,3.0,3.0,False,False,34.945,34.945,False,True,,,True,104.96172357307267
4136,0.0,84.61,4.0,37.832,,0,0,0,0,1,0,0,False,0.0,0.0,False,False,84.61,84.61,False,False,4.0,4.0,False,False,37.832,37.832,False,True,,,True,109.49619664282648
4137,0.0,81.81,0.0,31.309,,0,0,0,0,1,0,0,False,0.0,0.0,False,False,81.81,81.81,False,False,0.0,0.0,False,False,31.309,31.309,False,True,,,True,92.79670839761083
4138,12.3,88.04,,41.926,,0,0,1,0,1,0,0,False,12.3,12.3,False,False,88.04,88.04,False,True,2.0,2.0,True,False,41.926,41.926,False,True,,,True,127.2024739178638
4139,0.0,,2.0,35.292,,0,1,0,0,1,0,0,False,0.0,0.0,False,True,88.67577252936914,88.67577252936914,True,False,2.0,2.0,False,False,35.292,35.292,False,True,,,True,104.65728513112838
4140,0.2,89.11,0.0,37.325,,0,0,0,0,1,0,0,False,0.2,0.2,False,False,89.11,89.11,False,False,0.0,0.0,False,False,37.325,37.325,False,True,,,True,102.75620030680338
4141,9.1,89.99,3.0,37.58,,0,0,0,0,1,0,0,False,9.1,9.1,False,False,89.99,89.99,False,False,3.0,3.0,False,False,37.58,37.58,False,True,,,True,121.8553914762918
4142,0.6,91.76,2.0,37.193,,0,0,0,0,1,0,0,False,0.6,0.6,False,False,91.76,91.76,False,False,2.0,2.0,False,False,37.193,37.193,False,True,,,True,108.91340643914894
4143,0.0,90.77,0.0,39.805,,0,0,0,0,1,0,0,False,0.0,0.0,False,False,90.77,90.77,False,False,0.0,0.0,False,False,39.805,39.805,False,True,,,True,105.79734576239801
4144,10.0,93.36,1.0,41.957,,0,0,0,0,1,0,0,False,10.0,10.0,False,False,93.36,93.36,False,False,1.0,1.0,False,False,41.957,41.957,False,True,,,True,124.70587684401687
4145,0.1,,,38.707,,0,1,1,0,1,0,0,False,0.1,0.1,False,True,91.505,91.505,True,True,2.0,2.0,True,False,38.707,38.707,False,True,,,True,109.62038415223702
4146,0.0,89.65,2.0,35.809,,0,0,0,0,1,0,0,False,0.0,0.0,False,False,89.65,89.65,False,False,2.0,2.0,False,False,35.809,35.809,False,True,,,True,105.66785413366858
4147,0.0,89.78,0.0,34.977,,0,0,0,0,1,0,0,False,0.0,0.0,False,False,89.78,89.78,False,False,0.0,0.0,False,False,34.977,34.977,False,True,,,True,100.50773071381752
4148,0.0,90.59,3.0,33.905,,0,0,0,0,1,0,0,False,0.0,0.0,False,False,90.59,90.59,False,False,3.0,3.0,False,False,33.905,33.905,False,True,,,True,106.46356474019046
4149,0.0,86.94,3.0,37.349,,0,0,0,0,1,0,0,False,0.0,0.0,False,False,86.94,86.94,False,False,3.0,3.0,False,False,37.349,37.349,False,True,,,True,108.00842388428582
4150,0.0,88.53,2.0,34.893,,0,0,0,0,1,0,0,False,0.0,0.0,False,False,88.53,88.53,False,False,2.0,2.0,False,False,34.893,34.893,False,True,,,True,104.18741902919666
4151,0.0,87.17,0.0,37.07,,0,0,0,0,1,0,0,False,0.0,0.0,False,False,87.17,87.17,False,False,0.0,0.0,False,False,37.07,37.07,False,True,,,True,101.24614710406631
4152,11.4,92.07,1.0,41.055,,0,0,0,0,1,0,0,False,11.4,11.4,False,False,92.07,92.07,False,False,1.0,1.0,False,False,41.055,41.055,False,True,,,True,125.00740569694032
4153,1.3,90.8,1.0,42.725,,0,0,0,0,1,0,0,False,1.3,1.3,False,False,90.8,90.8,False,False,1.0,1.0,False,False,42.725,42.725,False,True,,,True,112.62931212206044
4154,0.0,90.27,2.0,35.609,,0,0,0,0,1,0,0,False,0.0,0.0,False,False,90.27,90.27,False,False,2.0,2.0,False,False,35.609,35.609,False,True,,,True,105.78687358602868
4155,0.0,89.21,1.0,34.641,,0,0,0,0,1,0,0,False,0.0,0.0,False,False,89.21,89.21,False,False,1.0,1.0,False,False,34.641,34.641,False,True,,,True,102.08443970708275
4156,0.0,87.61,2.0,34.072,,0,0,0,0,1,0,0,False,0.0,0.0,False,False,87.61,87.61,False,False,2.0,2.0,False,False,34.072,34.072,False,True,,,True,102.90341251065958
4157,,94.37,1.0,42.826,,1,0,0,0,1,0,1,True,0.0,0.0,True,False,94.37,94.37,False,False,1.0,1.0,False,False,42.826,42.826,False,True,,,True,112.83306395138821
4158,5.7,96.93,1.0,42.376,,0,0,0,0,1,0,0,False,5.7,5.7,False,False,96.93,96.93,False,False,1.0,1.0,False,False,42.376,42.376,False,True,,,True,121.24955236648664
4159,0.0,95.69,1.0,37.994,,0,0,0,0,1,0,0,False,0.0,0.0,False,False,95.69,95.69,False,False,1.0,1.0,False,False,37.994,37.994,False,True,,,True,108.72117284811708
4160,0.2,95.26,1.0,40.18,,0,0,0,0,1,0,0,False,0.2,0.2,False,False,95.26,95.26,False,False,1.0,1.0,False,False,40.18,40.18,False,True,,,True,110.93191907127334
4161,0.1,94.19,4.0,39.164,,0,0,0,0,1,0,0,False,0.1,0.1,False,False,94.19,94.19,False,False,4.0,4.0,False,False,39.164,39.164,False,True,,,True,115.84900993433152
4162,0.0,92.24,2.0,33.67,,0,0,0,0,1,0,0,False,0.0,0.0,False,False,92.24,92.24,False,False,2.0,2.0,False,False,33.67,33.67,False,True,,,True,104.87363374329469
4163,0.0,89.83,5.0,37.271,,0,0,0,0,1,0,0,False,0.0,0.0,False,False,89.83,89.83,False,False,5.0,5.0,False,False,37.271,37.271,False,True,,,True,113.81188480597567
4164,0.6,91.26,1.0,32.478,,0,0,0,0,1,0,0,False,0.6,0.6,False,False,91.26,91.26,False,False,1.0,1.0,False,False,32.478,32.478,False,True,,,True,101.78522846475532
4165,0.0,90.73,3.0,39.026,,0,0,0,0,1,0,0,False,0.0,0.0,False,False,90.73,90.73,False,False,3.0,3.0,False,False,39.026,39.026,False,True,,,True,111.6086398153192
4166,1.0,90.46,1.0,36.263,,0,0,0,0,1,0,0,False,1.0,1.0,False,False,90.46,90.46,False,False,1.0,1.0,False,False,36.263,36.263,False,True,,,True,105.65586366184252
4167,0.0,,2.0,36.685,,0,1,0,0,1,0,0,False,0.0,0.0,False,True,89.87787898854883,89.87787898854883,True,False,2.0,2.0,False,False,36.685,36.685,False,True,,,True,106.6522936495075
4168,0.2,89.04,2.0,34.523,,0,0,0,0,1,0,0,False,0.2,0.2,False,False,89.04,89.04,False,False,2.0,2.0,False,False,34.523,34.523,False,True,,,True,104.34675419669378
4169,0.0,87.94,4.0,34.035,,0,0,0,0,1,0,0,False,0.0,0.0,False,False,87.94,87.94,False,False,4.0,4.0,False,False,34.035,34.035,False,True,,,True,107.43791780375986
4170,0.2,84.35,3.0,34.24,,0,0,0,0,1,0,0,False,0.2,0.2,False,False,84.35,84.35,False,False,3.0,3.0,False,False,34.24,34.24,False,True,,,True,103.86837389445589
4171,0.1,84.85,,31.689,,0,0,1,0,1,0,0,False,0.1,0.1,False,False,84.85,84.85,False,True,3.0,3.0,True,False,31.689,31.689,False,True,,,True,101.46432908254883
4172,0.0,,,32.442,,0,1,1,0,1,0,0,False,0.0,0.0,False,True,84.69857811585723,84.69857811585723,True,True,3.0,3.0,True,False,32.442,32.442,False,True,,,True,102.0003739721116
4173,0.8,84.28,3.0,34.624,,0,0,0,0,1,0,0,False,0.8,0.8,False,False,84.28,84.28,False,False,3.0,3.0,False,False,34.624,34.624,False,True,,,True,105.00802503857162
4174,0.2,82.5,2.0,32.698,,0,0,0,0,1,0,0,False,0.2,0.2,False,False,82.5,82.5,False,False,2.0,2.0,False,False,32.698,32.698,False,True,,,True,99.19314225505607
4175,0.0,82.71,2.0,34.387,,0,0,0,0,1,0,0,False,0.0,0.0,False,False,82.71,82.71,False,False,2.0,2.0,False,False,34.387,34.387,False,True,,,True,100.70887973052417
4176,,81.28,0.0,,,1,0,0,1,1,0,0,True,0.55,0.55,True,False,81.28,81.28,False,False,0.0,0.0,False,True,34.74023214061125,34.74023214061125,True,True,,,True,96.65373548368937
4177,1.0,81.2,4.0,34.865,,0,0,0,0,1,0,0,False,1.0,1.0,False,False,81.2,81.2,False,False,4.0,4.0,False,False,34.865,34.865,False,True,,,True,106.13738819712997
4178,5.3,82.02,0.0,34.525,,0,0,0,0,1,0,0,False,5.3,5.3,False,False,82.02,82.02,False,False,0.0,0.0,False,False,34.525,34.525,False,True,,,True,103.11299696437466
4179,0.3,78.45,1.0,,,0,0,0,1,1,0,0,False,0.3,0.3,False,False,78.45,78.45,False,False,1.0,1.0,False,True,33.55340997782705,33.55340997782705,True,True,,,True,95.90015165964148
4180,0.2,79.63,0.0,32.814,,0,0,0,0,1,0,0,False,0.2,0.2,False,False,79.63,79.63,False,False,0.0,0.0,False,False,32.814,32.814,False,True,,,True,93.43755960384055
4181,0.3,80.02,1.0,,,0,0,0,1,1,0,0,False,0.3,0.3,False,False,80.02,80.02,False,False,1.0,1.0,False,True,34.092,34.092,True,True,,,True,97.2368793118906
4182,0.5,78.28,0.0,35.37,,0,0,0,0,1,0,0,False,0.5,0.5,False,False,78.28,78.28,False,False,0.0,0.0,False,False,35.37,35.37,False,True,,,True,95.67674644556668
4183,0.8,78.38,0.0,31.998,,0,0,0,0,1,0,0,False,0.8,0.8,False,False,78.38,78.38,False,False,0.0,0.0,False,False,31.998,31.998,False,True,,,True,92.78471907698258
4184,0.1,76.62,0.0,33.169,,0,0,0,0,1,0,0,False,0.1,0.1,False,False,76.62,76.62,False,False,0.0,0.0,False,False,33.169,33.169,False,True,,,True,92.11698599944731
4185,6.4,79.05,2.0,,,0,0,0,1,1,0,0,False,6.4,6.4,False,False,79.05,79.05,False,False,2.0,2.0,False,True,33.34205364861429,33.34205364861429,True,True,,,True,106.28161610991737
4186,0.4,77.15,1.0,,,0,0,0,1,1,0,0,False,0.4,0.4,False,False,77.15,77.15,False,False,1.0,1.0,False,True,33.43886015764047,33.43886015764047,True,True,,,True,95.25415088053977
4187,0.0,78.0,4.0,33.469,,0,0,0,0,1,0,0,False,0.0,0.0,False,False,78.0,78.0,False,False,4.0,4.0,False,False,33.469,33.469,False,True,,,True,101.7923382782672
4188,0.0,78.84,1.0,32.05,,0,0,0,0,1,0,0,False,0.0,0.0,False,False,78.84,78.84,False,False,1.0,1.0,False,False,32.05,32.05,False,True,,,True,94.21269218912623
4189,0.0,76.97,4.0,29.456,,0,0,0,0,1,0,0,False,0.0,0.0,False,False,76.97,76.97,False,False,4.0,4.0,False,False,29.456,29.456,False,True,,,True,97.28969482859205
4190,,77.99,1.0,32.184,,1,0,0,0,1,0,0,True,0.0,0.0,True,False,77.99,77.99,False,False,1.0,1.0,False,False,32.184,32.184,False,True,,,True,93.9106283388655
4191,0.1,77.45,3.0,28.814,,0,0,0,0,1,0,0,False,0.1,0.1,False,False,77.45,77.45,False,False,3.0,3.0,False,False,28.814,28.814,False,True,,,True,94.83052977502051
4192,5.5,79.72,0.0,34.845,,0,0,0,0,1,0,0,False,5.5,5.5,False,False,79.72,79.72,False,False,0.0,0.0,False,False,34.845,34.845,False,True,,,True,102.51846313828554
4193,0.0,79.98,1.0,31.845,,0,0,0,0,1,0,0,False,0.0,0.0,False,False,79.98,79.98,False,False,1.0,1.0,False,False,31.845,31.845,False,True,,,True,94.59276548091783
4194,0.1,79.11,1.0,29.766,,0,0,0,0,1,0,0,False,0.1,0.1,False,False,79.11,79.11,False,False,1.0,1.0,False,False,29.766,29.766,False,True,,,True,92.22051974673006
4195,0.3,77.05,1.0,27.918,,0,0,0,0,1,0,0,False,0.3,0.3,False,False,77.05,77.05,False,False,1.0,1.0,False,False,27.918,27.918,False,True,,,True,89.60088584088189
4196,0.0,77.86,1.0,32.26,,0,0,0,0,1,0,0,False,0.0,0.0,False,False,77.86,77.86,False,False,1.0,1.0,False,False,32.26,32.26,False,True,,,True,93.91942091543197
4197,0.0,78.93,0.0,28.792,,0,0,0,0,1,0,0,False,0.0,0.0,False,False,78.93,78.93,False,False,0.0,0.0,False,False,28.792,28.792,False,True,,,True,88.82980383905773
4198,0.0,75.99,2.0,32.296,,0,0,0,0,1,0,0,False,0.0,0.0,False,False,75.99,75.99,False,False,2.0,2.0,False,False,32.296,32.296,False,True,,,True,95.19965778629972
4199,10.5,81.67,2.0,38.695,,0,0,0,0,1,0,0,False,10.5,10.5,False,False,81.67,81.67,False,False,2.0,2.0,False,False,38.695,38.695,False,True,,,True,118.35780451820071
4200,5.8,84.51,1.0,35.287,,0,0,0,0,1,0,0,False,5.8,5.8,False,False,84.51,84.51,False,False,1.0,1.0,False,False,35.287,35.287,False,True,,,True,108.00538438783325
4201,0.3,84.23,,34.49,,0,0,1,0,1,0,0,False,0.3,0.3,False,False,84.23,84.23,False,True,2.0,2.0,True,False,34.49,34.49,False,True,,,True,101.98599605794868
4202,0.0,81.74,3.0,33.099,,0,0,0,0,1,0,0,False,0.0,0.0,False,False,81.74,81.74,False,False,3.0,3.0,False,False,33.099,33.099,False,True,,,True,101.13780580268428
4203,0.2,81.54,2.0,31.743,,0,0,0,0,1,0,0,False,0.2,0.2,False,False,81.54,81.54,False,False,2.0,2.0,False,False,31.743,31.743,False,True,,,True,97.75591765560229
4204,0.0,79.27,2.0,31.098,,0,0,0,0,1,0,0,False,0.0,0.0,False,False,79.27,79.27,False,False,2.0,2.0,False,False,31.098,31.098,False,True,,,True,95.69067273094257
4205,0.1,,0.0,31.973,,0,1,0,0,1,0,0,False,0.1,0.1,False,True,78.52931467181467,78.52931467181467,True,False,0.0,0.0,False,False,31.973,31.973,False,True,,,True,91.90880455262328
4206,0.0,78.24,2.0,28.246,,0,0,0,0,1,0,0,False,0.0,0.0,False,False,78.24,78.24,False,False,2.0,2.0,False,False,28.246,28.246,False,True,,,True,92.33825079683479
4207,0.4,78.47,0.0,35.861,,0,0,0,0,1,0,0,False,0.4,0.4,False,False,78.47,78.47,False,False,0.0,0.0,False,False,35.861,35.861,False,True,,,True,96.12787898654862
4208,0.2,76.26,0.0,,,0,0,0,1,1,0,0,False,0.2,0.2,False,False,76.26,76.26,False,False,0.0,0.0,False,True,35.37638325380675,35.37638325380675,True,True,,,True,94.25222151456133
4209,0.2,76.92,2.0,34.239,,0,0,0,0,1,0,0,False,0.2,0.2,False,False,76.92,76.92,False,False,2.0,2.0,False,False,34.239,34.239,False,True,,,True,97.86537168637166
4210,0.0,74.31,4.0,31.69,,0,0,0,0,1,0,0,False,0.0,0.0,False,False,74.31,74.31,False,False,4.0,4.0,False,False,31.69,31.69,False,True,,,True,98.14222456735259
4211,0.0,73.84,1.0,31.908,,0,0,0,0,1,0,0,False,0.0,0.0,False,False,73.84,73.84,False,False,1.0,1.0,False,False,31.908,31.908,False,True,,,True,91.51424682952484
4212,4.9,76.23,4.0,29.029,,0,0,0,0,1,0,0,False,4.9,4.9,False,False,76.23,76.23,False,False,4.0,4.0,False,False,29.029,29.029,False,True,,,True,102.98081261916467
4213,0.3,76.48,1.0,29.929,,0,0,0,0,1,0,0,False,0.3,0.3,False,False,76.48,76.48,False,False,1.0,1.0,False,False,29.929,29.929,False,True,,,True,91.30163107479686
4214,0.0,,3.0,31.563,,0,1,0,0,1,0,0,False,0.0,0.0,False,True,75.69117052023121,75.69117052023121,True,False,3.0,3.0,False,False,31.563,31.563,False,True,,,True,96.52177046601567
4215,0.1,74.27,2.0,31.673,,0,0,0,0,1,0,0,False,0.1,0.1,False,False,74.27,74.27,False,False,2.0,2.0,False,False,31.673,31.673,False,True,,,True,93.83507502664024
4216,0.0,72.84,1.0,,,0,0,0,1,1,0,0,False,0.0,0.0,False,False,72.84,72.84,False,False,1.0,1.0,False,True,31.4340597412481,31.4340597412481,True,True,,,True,90.5331538026796
4217,0.8,73.65,3.0,30.903,,0,0,0,0,1,0,0,False,0.8,0.8,False,False,73.65,73.65,False,False,3.0,3.0,False,False,30.903,30.903,False,True,,,True,95.88376449721282
4218,0.0,72.72,0.0,29.906,,0,0,0,0,1,0,0,False,0.0,0.0,False,False,72.72,72.72,False,False,0.0,0.0,False,False,29.906,29.906,False,True,,,True,86.75671922931787
4219,3.3,73.61,2.0,27.552,,0,0,0,0,1,0,0,False,3.3,3.3,False,False,73.61,73.61,False,False,2.0,2.0,False,False,27.552,27.552,False,True,,,True,93.6548410685683
4220,0.0,73.34,1.0,29.134,,0,0,0,0,1,0,0,False,0.0,0.0,False,False,73.34,73.34,False,False,1.0,1.0,False,False,29.134,29.134,False,True,,,True,88.51022370729184
4221,0.0,71.62,0.0,29.232,,0,0,0,0,1,0,0,False,0.0,0.0,False,False,71.62,71.62,False,False,0.0,0.0,False,False,29.232,29.232,False,True,,,True,85.52626850141479
4222,0.3,69.86,1.0,25.704,,0,0,0,0,1,0,0,False,0.3,0.3,False,False,69.86,69.86,False,False,1.0,1.0,False,False,25.704,25.704,False,True,,,True,83.72937601939668
4223,5.4,73.93,1.0,33.715,,0,0,0,0,1,0,0,False,5.4,5.4,False,False,73.93,73.93,False,False,1.0,1.0,False,False,33.715,33.715,False,True,,,True,100.50573406909758
4224,3.7,74.06,0.0,29.618,,0,0,0,0,1,0,0,False,3.7,3.7,False,False,74.06,74.06,False,False,0.0,0.0,False,False,29.618,29.618,False,True,,,True,92.05952663023508
4225,,73.38,1.0,29.011,,1,0,0,0,1,0,0,True,2.0,2.0,True,False,73.38,73.38,False,False,1.0,1.0,False,False,29.011,29.011,False,True,,,True,91.05891043016167
4226,3.9,74.55,1.0,,,0,0,0,1,1,0,0,False,3.9,3.9,False,False,74.55,74.55,False,False,1.0,1.0,False,True,30.0675,30.0675,True,True,,,True,95.22169736984291
4227,0.0,74.11,0.0,31.124,,0,0,0,0,1,0,0,False,0.0,0.0,False,False,74.11,74.11,False,False,0.0,0.0,False,False,31.124,31.124,False,True,,,True,88.6744698656544
4228,0.0,72.7,1.0,28.194,,0,0,0,0,1,0,0,False,0.0,0.0,False,False,72.7,72.7,False,False,1.0,1.0,False,False,28.194,28.194,False,True,,,True,87.25155672506445
4229,0.0,71.61,1.0,29.739,,0,0,0,0,1,0,0,False,0.0,0.0,False,False,71.61,71.61,False,False,1.0,1.0,False,False,29.739,29.739,False,True,,,True,88.22462078635908
4230,0.0,71.19,2.0,27.559,,0,0,0,0,1,0,0,False,0.0,0.0,False,False,71.19,71.19,False,False,2.0,2.0,False,False,27.559,27.559,False,True,,,True,88.05118200487186
4231,0.0,70.24,0.0,29.159,,0,0,0,0,1,0,0,False,0.0,0.0,False,False,70.24,70.24,False,False,0.0,0.0,False,False,29.159,29.159,False,True,,,True,84.74800344866067
4232,0.5,70.48,2.0,24.475,,0,0,0,0,1,0,0,False,0.5,0.5,False,False,70.48,70.48,False,False,2.0,2.0,False,False,24.475,24.475,False,True,,,True,85.29513146176907
4233,0.1,68.76,1.0,28.657,,0,0,0,0,1,0,0,False,0.1,0.1,False,False,68.76,68.76,False,False,1.0,1.0,False,False,28.657,28.657,False,True,,,True,85.82724470121107
4234,0.0,,1.0,25.896,,0,1,0,0,1,0,0,False,0.0,0.0,False,True,67.4459113658746,67.4459113658746,True,False,1.0,1.0,False,False,25.896,25.896,False,True,,,True,82.28714748971112
4235,0.0,66.41,1.0,29.196,,0,0,0,0,1,0,0,False,0.0,0.0,False,False,66.41,66.41,False,False,1.0,1.0,False,False,29.196,29.196,False,True,,,True,85.02658768168106
4236,0.1,65.69,2.0,,,0,0,0,1,1,0,0,False,0.1,0.1,False,False,65.69,65.69,False,False,2.0,2.0,False,True,28.790665530846486,28.790665530846486,True,True,,,True,86.59037711829772
4237,8.3,69.04,2.0,27.676,,0,0,0,0,1,0,0,False,8.3,8.3,False,False,69.04,69.04,False,False,2.0,2.0,False,False,27.676,27.676,False,True,,,True,98.06510066192857
4238,0.4,68.16,0.0,23.05,,0,0,0,0,1,0,0,False,0.4,0.4,False,False,68.16,68.16,False,False,0.0,0.0,False,False,23.05,23.05,False,True,,,True,78.16170500363867
4239,0.0,67.95,1.0,32.386,,0,0,0,0,1,0,0,False,0.0,0.0,False,False,67.95,67.95,False,False,1.0,1.0,False,False,32.386,32.386,False,True,,,True,88.97476358668034
4240,0.0,66.71,0.0,25.894,,0,0,0,0,1,0,0,False,0.0,0.0,False,False,66.71,66.71,False,False,0.0,0.0,False,False,25.894,25.894,False,True,,,True,79.70753389218196
4241,0.0,64.92,1.0,29.919,,0,0,0,0,1,0,0,False,0.0,0.0,False,False,64.92,64.92,False,False,1.0,1.0,False,False,29.919,29.919,False,True,,,True,84.98066192869551
4242,0.3,67.07,1.0,25.855,,0,0,0,0,1,0,0,False,0.3,0.3,False,False,67.07,67.07,False,False,1.0,1.0,False,False,25.855,25.855,False,True,,,True,82.45174204522331
4243,0.4,65.32,3.0,31.641,,0,0,0,0,1,0,0,False,0.4,0.4,False,False,65.32,65.32,False,False,3.0,3.0,False,False,31.641,31.641,False,True,,,True,91.82366226137086
4244,0.0,66.18,1.0,26.895,,0,0,0,0,1,0,0,False,0.0,0.0,False,False,66.18,66.18,False,False,1.0,1.0,False,False,26.895,26.895,False,True,,,True,82.6292925625978
4245,0.0,64.02,1.0,26.741,,0,0,0,0,1,0,0,False,0.0,0.0,False,False,64.02,64.02,False,False,1.0,1.0,False,False,26.741,26.741,False,True,,,True,81.37176836643482
4246,0.2,64.31,3.0,28.791,,0,0,0,0,1,0,0,False,0.2,0.2,False,False,64.31,64.31,False,False,3.0,3.0,False,False,28.791,28.791,False,True,,,True,88.21844454361057
4247,0.3,64.69,1.0,25.661,,0,0,0,0,1,0,0,False,0.3,0.3,False,False,64.69,64.69,False,False,1.0,1.0,False,False,25.661,25.661,False,True,,,True,81.04204759984131
4248,0.0,,1.0,26.088,,0,1,0,0,1,0,0,False,0.0,0.0,False,True,64.16517558528427,64.16517558528427,True,False,1.0,1.0,False,False,26.088,26.088,False,True,,,True,80.79909565091361
4249,0.0,63.22,1.0,25.534,,0,0,0,0,1,0,0,False,0.0,0.0,False,False,63.22,63.22,False,False,1.0,1.0,False,False,25.534,25.534,False,True,,,True,79.76673172004752
4250,0.0,62.27,4.0,24.415,,0,0,0,0,1,0,0,False,0.0,0.0,False,False,62.27,62.27,False,False,4.0,4.0,False,False,24.415,24.415,False,True,,,True,84.7756692770005
4251,0.8,59.46,0.0,24.469,,0,0,0,0,1,0,0,False,0.8,0.8,False,False,59.46,59.46,False,False,0.0,0.0,False,False,24.469,24.469,False,True,,,True,75.64703907639748
4252,0.0,58.79,,25.113,,0,0,1,0,1,0,0,False,0.0,0.0,False,False,58.79,58.79,False,True,1.0,1.0,True,False,25.113,25.113,False,True,,,True,77.08346159592192
4253,0.2,58.82,1.0,27.949,,0,0,0,0,1,0,0,False,0.2,0.2,False,False,58.82,58.82,False,False,1.0,1.0,False,False,27.949,27.949,False,True,,,True,80.17348760976651
4254,9.7,64.06,1.0,32.404,,0,0,0,0,1,0,0,False,9.7,9.7,False,False,64.06,64.06,False,False,1.0,1.0,False,False,32.404,32.404,False,True,,,True,99.85555748110906
4255,0.4,63.22,1.0,27.887,,0,0,0,0,1,0,0,False,0.4,0.4,False,False,63.22,63.22,False,False,1.0,1.0,False,False,27.887,27.887,False,True,,,True,82.62790349497574
4256,0.9,63.92,0.0,26.058,,0,0,0,0,1,0,0,False,0.9,0.9,False,False,63.92,63.92,False,False,0.0,0.0,False,False,26.058,26.058,False,True,,,True,79.63531644683385
4257,0.0,64.87,2.0,24.955,,0,0,0,0,1,0,0,False,0.0,0.0,False,False,64.87,64.87,False,False,2.0,2.0,False,False,24.955,24.955,False,True,,,True,82.23834373945608
4258,0.5,63.05,2.0,27.238,,0,0,0,0,1,0,0,False,0.5,0.5,False,False,63.05,63.05,False,False,2.0,2.0,False,False,27.238,27.238,False,True,,,True,84.23164354366799
4259,0.4,61.85,1.0,22.259,,0,0,0,0,1,0,0,False,0.4,0.4,False,False,61.85,61.85,False,False,1.0,1.0,False,False,22.259,22.259,False,True,,,True,76.35132544328786
4260,0.0,62.6,4.0,24.734,,0,0,0,0,1,0,0,False,0.0,0.0,False,False,62.6,62.6,False,False,4.0,4.0,False,False,24.734,24.734,False,True,,,True,85.2605201482726
4261,0.0,59.82,3.0,23.327,,0,0,0,0,1,0,0,False,0.0,0.0,False,False,59.82,59.82,False,False,3.0,3.0,False,False,23.327,23.327,False,True,,,True,80.24329115628561
4262,7.4,62.82,0.0,28.73,,0,0,0,0,1,0,0,False,7.4,7.4,False,False,62.82,62.82,False,False,0.0,0.0,False,False,28.73,28.73,False,True,,,True,90.33257094306133
4263,0.4,62.62,1.0,26.597,,0,0,0,0,1,0,0,False,0.4,0.4,False,False,62.62,62.62,False,False,1.0,1.0,False,False,26.597,26.597,False,True,,,True,81.04294794979376
4264,0.0,61.37,3.0,24.243,,0,0,0,0,1,0,0,False,0.0,0.0,False,False,61.37,61.37,False,False,3.0,3.0,False,False,24.243,24.243,False,True,,,True,81.94369393537136
4265,0.0,62.96,1.0,26.012,,0,0,0,0,1,0,0,False,0.0,0.0,False,False,62.96,62.96,False,False,1.0,1.0,False,False,26.012,26.012,False,True,,,True,80.10729035644916
4266,0.0,60.87,1.0,29.972,,0,0,0,0,1,0,0,False,0.0,0.0,False,False,60.87,60.87,False,False,1.0,1.0,False,False,29.972,29.972,False,True,,,True,82.96138132440859
4267,0.0,60.9,1.0,22.368,,0,0,0,0,1,0,0,False,0.0,0.0,False,False,60.9,60.9,False,False,1.0,1.0,False,False,22.368,22.368,False,True,,,True,75.4433218733057
4268,0.8,59.43,1.0,25.195,,0,0,0,0,1,0,0,False,0.8,0.8,False,False,59.43,59.43,False,False,1.0,1.0,False,False,25.195,25.195,False,True,,,True,78.55212715589829
4269,0.6,59.82,0.0,25.603,,0,0,0,0,1,0,0,False,0.6,0.6,False,False,59.82,59.82,False,False,0.0,0.0,False,False,25.603,25.603,False,True,,,True,76.68966196709273
4270,0.0,57.9,1.0,22.507,,0,0,0,0,1,0,0,False,0.0,0.0,False,False,57.9,57.9,False,False,1.0,1.0,False,False,22.507,22.507,False,True,,,True,74.04637323100758
4271,0.1,58.61,0.0,25.326,,0,0,0,0,1,0,0,False,0.1,0.1,False,False,58.61,58.61,False,False,0.0,0.0,False,False,25.326,25.326,False,True,,,True,75.13373409588031
4272,0.7,58.31,1.0,24.076,,0,0,0,0,1,0,0,False,0.7,0.7,False,False,58.31,58.31,False,False,1.0,1.0,False,False,24.076,24.076,False,True,,,True,76.73807252618899
4273,12.6,63.45,0.0,32.001,,0,0,0,0,1,0,0,False,12.6,12.6,False,False,63.45,63.45,False,False,0.0,0.0,False,False,32.001,32.001,False,True,,,True,100.78569691312221
4274,1.7,65.54,1.0,,,0,0,0,1,1,0,0,False,1.7,1.7,False,False,65.54,65.54,False,False,1.0,1.0,False,True,28.651999999999997,28.651999999999997,True,True,,,True,86.29515748982111
4275,1.3,66.46,3.0,25.303,,0,0,0,0,1,0,0,False,1.3,1.3,False,False,66.46,66.46,False,False,3.0,3.0,False,False,25.303,25.303,False,True,,,True,87.32021027778707
4276,0.0,65.1,1.0,27.753,,0,0,0,0,1,0,0,False,0.0,0.0,False,False,65.1,65.1,False,False,1.0,1.0,False,False,27.753,27.753,False,True,,,True,82.92685011744953
4277,1.0,62.47,1.0,21.623,,0,0,0,0,1,0,0,False,1.0,1.0,False,False,62.47,62.47,False,False,1.0,1.0,False,False,21.623,21.623,False,True,,,True,76.83341744177642
4278,0.2,61.96,4.0,27.71,,0,0,0,0,1,0,0,False,0.2,0.2,False,False,61.96,61.96,False,False,4.0,4.0,False,False,27.71,27.71,False,True,,,True,88.14650610079335
4279,1.1,63.05,0.0,24.726,,0,0,0,0,1,0,0,False,1.1,1.1,False,False,63.05,63.05,False,False,0.0,0.0,False,False,24.726,24.726,False,True,,,True,78.13563985413553
4280,0.1,63.74,1.0,25.491,,0,0,0,0,1,0,0,False,0.1,0.1,False,False,63.74,63.74,False,False,1.0,1.0,False,False,25.491,25.491,False,True,,,True,80.12264247898709
4281,0.1,62.23,2.0,24.932,,0,0,0,0,1,0,0,False,0.1,0.1,False,False,62.23,62.23,False,False,2.0,2.0,False,False,24.932,24.932,False,True,,,True,80.99756219047677
4282,12.3,67.86,1.0,28.339,,0,0,0,0,1,0,0,False,12.3,12.3,False,False,67.86,67.86,False,False,1.0,1.0,False,False,28.339,28.339,False,True,,,True,101.21730400170115
4283,0.2,68.03,3.0,28.911,,0,0,0,0,1,0,0,False,0.2,0.2,False,False,68.03,68.03,False,False,3.0,3.0,False,False,28.911,28.911,False,True,,,True,90.24030665014747
4284,2.9,68.12,6.0,28.918,,0,0,0,0,1,0,0,False,2.9,2.9,False,False,68.12,68.12,False,False,6.0,6.0,False,False,28.918,28.918,False,True,,,True,100.4744171508005
4285,0.2,69.53,3.0,28.623,,0,0,0,0,1,0,0,False,0.2,0.2,False,False,69.53,69.53,False,False,3.0,3.0,False,False,28.623,28.623,False,True,,,True,90.72230948021
4286,0.1,68.05,3.0,27.88,,0,0,0,0,1,0,0,False,0.1,0.1,False,False,68.05,68.05,False,False,3.0,3.0,False,False,27.88,27.88,False,True,,,True,89.09660516068907
4287,0.6,66.46,3.0,25.974,,0,0,0,0,1,0,0,False,0.6,0.6,False,False,66.46,66.46,False,False,3.0,3.0,False,False,25.974,25.974,False,True,,,True,87.05745190480066
4288,0.2,67.56,4.0,24.599,,0,0,0,0,1,0,0,False,0.2,0.2,False,False,67.56,67.56,False,False,4.0,4.0,False,False,24.599,24.599,False,True,,,True,87.92908328014822
4289,0.1,65.41,0.0,31.223,,0,0,0,0,1,0,0,False,0.1,0.1,False,False,65.41,65.41,False,False,0.0,0.0,False,False,31.223,31.223,False,True,,,True,84.4545461399893
4290,0.1,65.22,1.0,23.299,,0,0,0,0,1,0,0,False,0.1,0.1,False,False,65.22,65.22,False,False,1.0,1.0,False,False,23.299,23.299,False,True,,,True,78.70809059753421
4291,0.0,65.07,3.0,26.395,,0,0,0,0,1,0,0,False,0.0,0.0,False,False,65.07,65.07,False,False,3.0,3.0,False,False,26.395,26.395,False,True,,,True,85.96846031856953
4292,0.1,65.27,,24.632,,0,0,1,0,1,0,0,False,0.1,0.1,False,False,65.27,65.27,False,True,1.0,1.0,True,False,24.632,24.632,False,True,,,True,80.05429293717603
4293,,63.9,0.0,25.792,,1,0,0,0,1,0,0,True,0.1,0.1,True,False,63.9,63.9,False,False,0.0,0.0,False,False,25.792,25.792,False,True,,,True,78.30152179851913
4294,0.0,65.4,1.0,26.753,,0,0,0,0,1,0,0,False,0.0,0.0,False,False,65.4,65.4,False,False,1.0,1.0,False,False,26.753,26.753,False,True,,,True,82.08959973060186
4295,0.2,63.01,4.0,23.667,,0,0,0,0,1,0,0,False,0.2,0.2,False,False,63.01,63.01,False,False,4.0,4.0,False,False,23.667,23.667,False,True,,,True,84.67817084678076
4296,6.7,66.4,3.0,33.109,,0,0,0,0,1,0,0,False,6.7,6.7,False,False,66.4,66.4,False,False,3.0,3.0,False,False,33.109,33.109,False,True,,,True,102.17827112947865
4297,0.3,66.61,,27.552,,0,0,1,0,1,0,0,False,0.3,0.3,False,False,66.61,66.61,False,True,2.0,2.0,True,False,27.552,27.552,False,True,,,True,86.09884788647196
4298,0.2,64.29,1.0,29.556,,0,0,0,0,1,0,0,False,0.2,0.2,False,False,64.29,64.29,False,False,1.0,1.0,False,False,29.556,29.556,False,True,,,True,84.56376199554458
4299,12.3,70.79,1.0,34.923,,0,0,0,0,1,0,0,False,12.3,12.3,False,False,70.79,70.79,False,False,1.0,1.0,False,False,34.923,34.923,False,True,,,True,109.23902900804521
4300,26.0,80.95,2.0,40.946,,0,0,0,0,1,0,0,False,26.0,26.0,False,False,80.95,80.95,False,False,2.0,2.0,False,False,40.946,40.946,False,True,,,True,140.7577297110152
4301,0.0,80.32,2.0,34.053,,0,0,0,0,1,0,0,False,0.0,0.0,False,False,80.32,80.32,False,False,2.0,2.0,False,False,34.053,34.053,False,True,,,True,99.15536948893717
4302,0.0,79.14,2.0,33.238,,0,0,0,0,1,0,0,False,0.0,0.0,False,False,79.14,79.14,False,False,2.0,2.0,False,False,33.238,33.238,False,True,,,True,97.74430355740657
4303,0.0,77.38,5.0,32.184,,0,0,0,0,1,0,0,False,0.0,0.0,False,False,77.38,77.38,False,False,5.0,5.0,False,False,32.184,32.184,False,True,,,True,102.40327995512736
4304,0.0,77.34,1.0,,,0,0,0,1,1,0,0,False,0.0,0.0,False,False,77.34,77.34,False,False,1.0,1.0,False,True,31.68336491432374,31.68336491432374,True,True,,,True,93.08213177044172
4305,0.0,75.21,1.0,31.466,,0,0,0,0,1,0,0,False,0.0,0.0,False,False,75.21,75.21,False,False,1.0,1.0,False,False,31.466,31.466,False,True,,,True,91.77717750869432
4306,0.0,74.2,3.0,32.82,,0,0,0,0,1,0,0,False,0.0,0.0,False,False,74.2,74.2,False,False,3.0,3.0,False,False,32.82,32.82,False,True,,,True,97.00428838439699
4307,0.6,73.28,1.0,,,0,0,0,1,1,0,0,False,0.6,0.6,False,False,73.28,73.28,False,False,1.0,1.0,False,True,32.65352483323273,32.65352483323273,True,True,,,True,92.76140564640723
4308,0.3,73.67,0.0,,,0,0,0,1,1,0,0,False,0.3,0.3,False,False,73.67,73.67,False,False,0.0,0.0,False,True,32.13482744424324,32.13482744424324,True,True,,,True,89.84834220060236
4309,0.6,72.84,2.0,31.235,,0,0,0,0,1,0,0,False,0.6,0.6,False,False,72.84,72.84,False,False,2.0,2.0,False,False,31.235,31.235,False,True,,,True,93.33214159873293
4310,0.1,72.25,2.0,26.391,,0,0,0,0,1,0,0,False,0.1,0.1,False,False,72.25,72.25,False,False,2.0,2.0,False,False,26.391,26.391,False,True,,,True,87.56877550676894
4311,0.0,70.51,2.0,33.05,,0,0,0,0,1,0,0,False,0.0,0.0,False,False,70.51,70.51,False,False,2.0,2.0,False,False,33.05,33.05,False,True,,,True,93.14334883638725
4312,0.0,70.4,3.0,28.298,,0,0,0,0,1,0,0,False,0.0,0.0,False,False,70.4,70.4,False,False,3.0,3.0,False,False,28.298,28.298,False,True,,,True,90.58036931899352
4313,21.3,79.76,0.0,40.897,,0,0,0,0,1,1,0,False,21.3,21.3,False,False,79.76,79.76,False,False,0.0,0.0,False,False,40.897,40.897,False,True,,,True,129.4703931135293
4314,0.0,79.33,2.0,33.362,,0,0,0,0,1,0,0,False,0.0,0.0,False,False,79.33,79.33,False,False,2.0,2.0,False,False,33.362,33.362,False,True,,,True,97.96434738600884
4315,9.2,,1.0,39.457,,0,1,0,0,1,0,0,False,9.2,9.2,False,True,82.535,82.535,True,False,1.0,1.0,False,False,39.457,39.457,False,True,,,True,115.6314949251389
4316,5.2,85.74,1.0,38.268,,0,0,0,0,1,0,0,False,5.2,5.2,False,False,85.74,85.74,False,False,1.0,1.0,False,False,38.268,38.268,False,True,,,True,110.79289444679645
4317,,84.19,2.0,31.986,,1,0,0,0,1,0,0,True,0.25,0.25,True,False,84.19,84.19,False,False,2.0,2.0,False,False,31.986,31.986,False,True,,,True,99.41852850031805
4318,0.1,82.36,0.0,35.545,,0,0,0,0,1,0,0,False,0.1,0.1,False,False,82.36,82.36,False,False,0.0,0.0,False,False,35.545,35.545,False,True,,,True,97.40724038545343
4319,0.0,81.91,1.0,34.983,,0,0,0,0,1,0,0,False,0.0,0.0,False,False,81.91,81.91,False,False,1.0,1.0,False,False,34.983,34.983,False,True,,,True,98.68892970853454
4320,0.4,82.82,1.0,35.385,,0,0,0,0,1,0,0,False,0.4,0.4,False,False,82.82,82.82,False,False,1.0,1.0,False,False,35.385,35.385,False,True,,,True,100.08272715069296
4321,,80.5,0.0,34.365,,1,0,0,0,1,0,0,True,0.25,0.25,True,False,80.5,80.5,False,False,0.0,0.0,False,False,34.365,34.365,False,True,,,True,95.48546338410159
4322,0.0,78.57,,32.792,,0,0,1,0,1,0,0,False,0.0,0.0,False,False,78.57,78.57,False,True,1.0,1.0,True,False,32.792,32.792,False,True,,,True,94.80968437668652
4323,0.6,77.79,0.0,32.476,,0,0,0,0,1,0,0,False,0.6,0.6,False,False,77.79,77.79,False,False,0.0,0.0,False,False,32.476,32.476,False,True,,,True,92.691457041238
4324,5.5,,1.0,32.868,,0,1,0,0,1,0,0,False,5.5,5.5,False,True,79.9625925925926,79.9625925925926,True,False,1.0,1.0,False,False,32.868,32.868,False,True,,,True,102.88509079740496
4325,0.0,,3.0,32.43,,0,1,0,0,1,0,0,False,0.0,0.0,False,True,83.99740740740742,83.99740740740742,True,False,3.0,3.0,False,False,32.43,32.43,False,True,,,True,101.62979958636794
4326,14.2,86.17,,39.226,,0,0,1,0,1,0,0,False,14.2,14.2,False,False,86.17,86.17,False,True,0.0,0.0,True,False,39.226,39.226,False,True,,,True,121.6861657328736
4327,0.0,83.99,0.0,33.264,,0,0,0,0,1,0,0,False,0.0,0.0,False,False,83.99,83.99,False,False,0.0,0.0,False,False,33.264,33.264,False,True,,,True,95.8487435360356
4328,0.3,85.22,,35.758,,0,0,1,0,1,0,0,False,0.3,0.3,False,False,85.22,85.22,False,True,1.0,1.0,True,False,35.758,35.758,False,True,,,True,101.54748671629486
4329,0.0,85.82,0.0,35.742,,0,0,0,0,1,0,0,False,0.0,0.0,False,False,85.82,85.82,False,False,0.0,0.0,False,False,35.742,35.742,False,True,,,True,99.23987979429813
4330,0.0,83.78,1.0,33.919,,0,0,0,0,1,0,0,False,0.0,0.0,False,False,83.78,83.78,False,False,1.0,1.0,False,False,33.919,33.919,False,True,,,True,98.59141127318703
4331,0.4,83.76,2.0,31.395,,0,0,0,0,1,0,0,False,0.4,0.4,False,False,83.76,83.76,False,False,2.0,2.0,False,False,31.395,31.395,False,True,,,True,98.81180375077771
4332,0.0,82.42,0.0,32.395,,0,0,0,0,1,0,0,False,0.0,0.0,False,False,82.42,82.42,False,False,0.0,0.0,False,False,32.395,32.395,False,True,,,True,94.1846733640149
4333,0.3,83.79,1.0,36.78,,0,0,0,0,1,0,0,False,0.3,0.3,False,False,83.79,83.79,False,False,1.0,1.0,False,False,36.78,36.78,False,True,,,True,101.82847827290628
4334,4.1,,1.0,35.577,,0,1,0,0,1,0,0,False,4.1,4.1,False,True,83.5285223048327,83.5285223048327,True,False,1.0,1.0,False,False,35.577,35.577,False,True,,,True,105.53804419071089
4335,0.0,82.94,1.0,33.647,,0,0,0,0,1,0,0,False,0.0,0.0,False,False,82.94,82.94,False,False,1.0,1.0,False,False,33.647,33.647,False,True,,,True,97.89223217046656
4336,0.4,81.79,0.0,33.841,,0,0,0,0,1,0,0,False,0.4,0.4,False,False,81.79,81.79,False,False,0.0,0.0,False,False,33.841,33.841,False,True,,,True,95.82498731884172
4337,0.0,83.2,,33.582,,0,0,1,0,1,0,0,False,0.0,0.0,False,False,83.2,83.2,False,True,2.0,2.0,True,False,33.582,33.582,False,True,,,True,100.16201402292933
4338,0.0,,2.0,36.862,,0,1,0,0,1,0,0,False,0.0,0.0,False,True,85.88324970484062,85.88324970484062,True,False,2.0,2.0,False,False,36.862,36.862,False,True,,,True,104.78418689598048
4339,17.9,87.72,2.0,40.904,,0,0,0,0,1,0,0,False,17.9,17.9,False,False,87.72,87.72,False,False,2.0,2.0,False,False,40.904,40.904,False,True,,,True,133.44649666040232
4340,0.2,87.29,2.0,35.944,,0,0,0,0,1,0,0,False,0.2,0.2,False,False,87.29,87.29,False,False,2.0,2.0,False,False,35.944,35.944,False,True,,,True,104.85934464550591
4341,0.0,86.52,2.0,37.077,,0,0,0,0,1,0,0,False,0.0,0.0,False,False,86.52,86.52,False,False,2.0,2.0,False,False,37.077,37.077,False,True,,,True,105.32292223321893
4342,0.0,85.18,0.0,35.213,,0,0,0,0,1,0,0,False,0.0,0.0,False,False,85.18,85.18,False,False,0.0,0.0,False,False,35.213,35.213,False,True,,,True,98.38839717287884
4343,0.2,87.31,4.0,33.762,,0,0,0,0,1,0,0,False,0.2,0.2,False,False,87.31,87.31,False,False,4.0,4.0,False,False,33.762,33.762,False,True,,,True,107.11018232918005
4344,11.5,91.98,0.0,36.16,,0,0,0,0,1,0,0,False,11.5,11.5,False,False,91.98,91.98,False,False,0.0,0.0,False,False,36.16,36.16,False,True,,,True,118.0431395607343
4345,0.0,90.44,1.0,36.719,,0,0,0,0,1,0,0,False,0.0,0.0,False,False,90.44,90.44,False,False,1.0,1.0,False,False,36.719,36.719,False,True,,,True,104.772357843811
4346,3.9,90.38,1.0,38.916,,0,0,0,0,1,0,0,False,3.9,3.9,False,False,90.38,90.38,False,False,1.0,1.0,False,False,38.916,38.916,False,True,,,True,112.08592946387158
4347,0.3,89.27,5.0,34.944,,0,0,0,0,1,0,0,False,0.3,0.3,False,False,89.27,89.27,False,False,5.0,5.0,False,False,34.944,34.944,False,True,,,True,111.6175310701272
4348,0.0,89.15,2.0,36.912,,0,0,0,0,1,0,0,False,0.0,0.0,False,False,89.15,89.15,False,False,2.0,2.0,False,False,36.912,36.912,False,True,,,True,106.50483774343786
4349,1.0,87.89,,36.065,,0,0,1,0,1,0,0,False,1.0,1.0,False,False,87.89,87.89,False,True,2.0,2.0,True,False,36.065,36.065,False,True,,,True,106.34618602826335
4350,2.8,88.26,2.0,38.051,,0,0,0,0,1,0,0,False,2.8,2.8,False,False,88.26,88.26,False,False,2.0,2.0,False,False,38.051,38.051,False,True,,,True,110.88809736106569
4351,0.0,87.16,5.0,34.887,,0,0,0,0,1,0,0,False,0.0,0.0,False,False,87.16,87.16,False,False,5.0,5.0,False,False,34.887,34.887,False,True,,,True,110.08417157651516
4352,0.0,86.81,1.0,36.852,,0,0,0,0,1,0,0,False,0.0,0.0,False,False,86.81,86.81,False,False,1.0,1.0,False,False,36.852,36.852,False,True,,,True,103.04718668332895
4353,0.0,86.6,1.0,35.655,,0,0,0,0,1,0,0,False,0.0,0.0,False,False,86.6,86.6,False,False,1.0,1.0,False,False,35.655,35.655,False,True,,,True,101.75387331068454
4354,0.4,,2.0,34.55,,0,1,0,0,1,0,0,False,0.4,0.4,False,True,86.0388039698638,86.0388039698638,True,False,2.0,2.0,False,False,34.55,34.55,False,True,,,True,103.1032417775
4355,0.9,85.1,2.0,37.609,,0,0,0,0,1,0,0,False,0.9,0.9,False,False,85.1,85.1,False,False,2.0,2.0,False,False,37.609,37.609,False,True,,,True,106.31611559418033
4356,0.9,83.5,1.0,33.297,,0,0,0,0,1,0,0,False,0.9,0.9,False,False,83.5,83.5,False,False,1.0,1.0,False,False,33.297,33.297,False,True,,,True,99.02448824611797
4357,0.5,83.24,2.0,30.588,,0,0,0,0,1,0,0,False,0.5,0.5,False,False,83.24,83.24,False,False,2.0,2.0,False,False,30.588,30.588,False,True,,,True,97.87879248714269
4358,0.0,81.34,0.0,33.056,,0,0,0,0,1,0,0,False,0.0,0.0,False,False,81.34,81.34,False,False,0.0,0.0,False,False,33.056,33.056,False,True,,,True,94.28705982621653
4359,6.3,84.07,,36.987,,0,0,1,0,1,0,0,False,6.3,6.3,False,False,84.07,84.07,False,True,1.0,1.0,True,False,36.987,36.987,False,True,,,True,110.12703941343648
4360,0.0,83.07,1.0,33.352,,0,0,0,0,1,0,0,False,0.0,0.0,False,False,83.07,83.07,False,False,1.0,1.0,False,False,33.352,33.352,False,True,,,True,97.66647274471038
4361,0.0,81.89,0.0,33.164,,0,0,0,0,1,0,0,False,0.0,0.0,False,False,81.89,81.89,False,False,0.0,0.0,False,False,33.164,33.164,False,True,,,True,94.6754111789149
4362,0.1,79.74,4.0,38.081,,0,0,0,0,1,0,0,False,0.1,0.1,False,False,79.74,79.74,False,False,4.0,4.0,False,False,38.081,38.081,False,True,,,True,107.38412731037126
4363,0.0,80.35,3.0,37.066,,0,0,0,0,1,0,0,False,0.0,0.0,False,False,80.35,80.35,False,False,3.0,3.0,False,False,37.066,37.066,False,True,,,True,104.35691869625019
4364,0.0,78.7,1.0,29.751,,0,0,0,0,1,0,0,False,0.0,0.0,False,False,78.7,78.7,False,False,1.0,1.0,False,False,29.751,29.751,False,True,,,True,91.86341824830507
4365,10.2,84.31,2.0,37.35,,0,0,0,0,1,0,0,False,10.2,10.2,False,False,84.31,84.31,False,False,2.0,2.0,False,False,37.35,37.35,False,True,,,True,117.97827802620071
4366,2.5,84.22,1.0,36.431,,0,0,0,0,1,0,0,False,2.5,2.5,False,False,84.22,84.22,False,False,1.0,1.0,False,False,36.431,36.431,False,True,,,True,104.61777696918779
4367,0.2,83.45,2.0,31.663,,0,0,0,0,1,0,0,False,0.2,0.2,False,False,83.45,83.45,False,False,2.0,2.0,False,False,31.663,31.663,False,True,,,True,98.65372607656535
4368,0.5,80.54,2.0,32.246,,0,0,0,0,1,0,0,False,0.5,0.5,False,False,80.54,80.54,False,False,2.0,2.0,False,False,32.246,32.246,False,True,,,True,98.14020758178171
4369,0.0,80.41,5.0,33.27,,0,0,0,0,1,0,0,False,0.0,0.0,False,False,80.41,80.41,False,False,5.0,5.0,False,False,33.27,33.27,False,True,,,True,105.02920253214877
4370,0.0,81.11,1.0,33.517,,0,0,0,0,1,0,0,False,0.0,0.0,False,False,81.11,81.11,False,False,1.0,1.0,False,False,33.517,33.517,False,True,,,True,96.82729756470371
4371,0.2,80.15,0.0,30.793,,0,0,0,0,1,0,0,False,0.2,0.2,False,False,80.15,80.15,False,False,0.0,0.0,False,False,30.793,30.793,False,True,,,True,91.70132957127915
4372,0.3,78.9,2.0,32.641,,0,0,0,0,1,0,0,False,0.3,0.3,False,False,78.9,78.9,False,False,2.0,2.0,False,False,32.641,32.641,False,True,,,True,97.42758573266735
4373,1.1,77.72,2.0,33.429,,0,0,0,0,1,0,0,False,1.1,1.1,False,False,77.72,77.72,False,False,2.0,2.0,False,False,33.429,33.429,False,True,,,True,98.66467096270247
4374,0.1,,3.0,33.414,,0,1,0,0,1,0,0,False,0.1,0.1,False,True,76.3062735621073,76.3062735621073,True,False,3.0,3.0,False,False,33.414,33.414,False,True,,,True,98.80274794063487
4375,0.4,75.47,4.0,28.438,,0,0,0,0,1,0,0,False,0.4,0.4,False,False,75.47,75.47,False,False,4.0,4.0,False,False,28.438,28.438,False,True,,,True,96.04383317443883
4376,1.6,75.62,0.0,,,0,0,0,1,1,0,0,False,1.6,1.6,False,False,75.62,75.62,False,False,0.0,0.0,False,True,26.353074780649532,26.353074780649532,True,True,,,True,86.84034772197434
4377,0.0,74.5,3.0,25.481,,0,0,0,0,1,0,0,False,0.0,0.0,False,False,74.5,74.5,False,False,3.0,3.0,False,False,25.481,25.481,False,True,,,True,89.88688796552393
4378,0.2,,1.0,,,0,1,0,1,1,0,0,False,0.2,0.2,False,True,74.69500000000001,74.69500000000001,True,False,1.0,1.0,False,True,27.821892198326285,27.821892198326285,True,True,,,True,88.16845946579885
4379,0.8,74.89,2.0,30.776,,0,0,0,0,1,0,0,False,0.8,0.8,False,False,74.89,74.89,False,False,2.0,2.0,False,False,30.776,30.776,False,True,,,True,94.19109423062177
4380,0.4,71.91,,31.634,,0,0,1,0,1,0,0,False,0.4,0.4,False,False,71.91,71.91,False,True,2.0,2.0,True,False,31.634,31.634,False,True,,,True,92.98668505392261
4381,0.0,72.22,,26.873,,0,0,1,0,1,0,0,False,0.0,0.0,False,False,72.22,72.22,False,True,1.0,1.0,True,False,26.873,26.873,False,True,,,True,85.69727530528496
4382,0.0,69.52,2.0,31.632,,0,0,0,0,1,0,0,False,0.0,0.0,False,False,69.52,69.52,False,False,2.0,2.0,False,False,31.632,31.632,False,True,,,True,91.23207605144559
4383,0.0,68.5,1.0,26.703,,0,0,0,0,1,0,0,False,0.0,0.0,False,False,68.5,68.5,False,False,1.0,1.0,False,False,26.703,26.703,False,True,,,True,83.62587738843077
4384,0.0,68.7,1.0,28.734,,0,0,0,0,1,0,0,False,0.0,0.0,False,False,68.7,68.7,False,False,1.0,1.0,False,False,28.734,28.734,False,True,,,True,85.74033254985089
4385,0.0,66.42,2.0,,,0,0,0,1,1,0,0,False,0.0,0.0,False,False,66.42,66.42,False,False,2.0,2.0,False,True,28.71350390625,28.71350390625,True,True,,,True,86.75486120506467
4386,0.0,66.41,0.0,28.662,,0,0,0,0,1,0,0,False,0.0,0.0,False,False,66.41,66.41,False,False,0.0,0.0,False,False,28.662,28.662,False,True,,,True,82.29637053184884
4387,0.8,66.86,4.0,28.515,,0,0,0,0,1,0,0,False,0.8,0.8,False,False,66.86,66.86,False,False,4.0,4.0,False,False,28.515,28.515,False,True,,,True,92.24566584413111
4388,0.0,62.76,1.0,27.231,,0,0,0,0,1,0,0,False,0.0,0.0,False,False,62.76,62.76,False,False,1.0,1.0,False,False,27.231,27.231,False,True,,,True,81.21266286565255
4389,1.1,62.91,0.0,26.748,,0,0,0,0,1,0,0,False,1.1,1.1,False,False,62.91,62.91,False,False,0.0,0.0,False,False,26.748,26.748,False,True,,,True,80.06725064093413
4390,0.3,62.83,4.0,23.905,,0,0,0,0,1,0,0,False,0.3,0.3,False,False,62.83,62.83,False,False,4.0,4.0,False,False,23.905,23.905,False,True,,,True,84.95438594754143
4391,0.0,62.9,,30.214,,0,0,1,0,1,0,0,False,0.0,0.0,False,False,62.9,62.9,False,True,1.0,1.0,True,False,30.214,30.214,False,True,,,True,84.23958669161416
4392,,60.7,3.0,26.045,,1,0,0,0,1,0,0,True,0.3,0.3,True,False,60.7,60.7,False,False,3.0,3.0,False,False,26.045,26.045,False,True,,,True,83.78373661504166
4393,6.8,65.5,0.0,30.174,,0,0,0,0,1,0,0,False,6.8,6.8,False,False,65.5,65.5,False,False,0.0,0.0,False,False,30.174,30.174,False,True,,,True,92.33910165377829
4394,,64.7,1.0,29.717,,1,0,0,0,1,0,0,True,0.4,0.4,True,False,64.7,64.7,False,False,1.0,1.0,False,False,29.717,29.717,False,True,,,True,85.19801219544526
4395,0.1,64.84,2.0,25.342,,0,0,0,0,1,0,0,False,0.1,0.1,False,False,64.84,64.84,False,False,2.0,2.0,False,False,25.342,25.342,False,True,,,True,82.73890846471127
4396,0.4,62.49,0.0,26.637,,0,0,0,0,1,0,0,False,0.4,0.4,False,False,62.49,62.49,False,False,0.0,0.0,False,False,26.637,26.637,False,True,,,True,78.81490004728815
4397,0.5,61.37,4.0,28.097,,0,0,0,0,1,0,0,False,0.5,0.5,False,False,61.37,61.37,False,False,4.0,4.0,False,False,28.097,28.097,False,True,,,True,88.62560956701729
4398,0.7,62.15,2.0,23.535,,0,0,0,0,1,0,0,False,0.7,0.7,False,False,62.15,62.15,False,False,2.0,2.0,False,False,23.535,23.535,False,True,,,True,80.36763224377421
4399,0.7,60.97,0.0,25.622,,0,0,0,0,1,0,0,False,0.7,0.7,False,False,60.97,60.97,False,False,0.0,0.0,False,False,25.622,25.622,False,True,,,True,77.42927535177157
4400,0.8,58.44,1.0,26.158,,0,0,0,0,1,0,0,False,0.8,0.8,False,False,58.44,58.44,False,False,1.0,1.0,False,False,26.158,26.158,False,True,,,True,78.99974965826573
4401,0.0,60.5,4.0,26.006,,0,0,0,0,1,0,0,False,0.0,0.0,False,False,60.5,60.5,False,False,4.0,4.0,False,False,26.006,26.006,False,True,,,True,85.4464504262582
4402,,59.24,2.0,26.794,,1,0,0,0,1,0,0,True,0.55,0.55,True,False,59.24,59.24,False,False,2.0,2.0,False,False,26.794,26.794,False,True,,,True,81.90900170810028
4403,2.5,60.1,2.0,28.241,,0,0,0,0,1,0,0,False,2.5,2.5,False,False,60.1,60.1,False,False,2.0,2.0,False,False,28.241,28.241,False,True,,,True,86.3663340472195
4404,0.0,58.02,1.0,23.827,,0,0,0,0,1,0,0,False,0.0,0.0,False,False,58.02,58.02,False,False,1.0,1.0,False,False,23.827,23.827,False,True,,,True,75.41550495118311
4405,0.4,,1.0,25.14,,0,1,0,0,1,0,0,False,0.4,0.4,False,True,57.45351962977318,57.45351962977318,True,False,1.0,1.0,False,False,25.14,25.14,False,True,,,True,76.95654729069047
4406,0.5,57.0,1.0,21.8,,0,0,0,0,1,0,0,False,0.5,0.5,False,False,57.0,57.0,False,False,1.0,1.0,False,False,21.8,21.8,False,True,,,True,73.5480600913731
4407,0.0,56.16,3.0,24.991,,0,0,0,0,1,0,0,False,0.0,0.0,False,False,56.16,56.16,False,False,3.0,3.0,False,False,24.991,24.991,False,True,,,True,80.01955992576903
4408,0.3,56.84,3.0,21.431,,0,0,0,0,1,0,0,False,0.3,0.3,False,False,56.84,56.84,False,False,3.0,3.0,False,False,21.431,21.431,False,True,,,True,77.23797849475478
4409,13.0,61.23,1.0,30.009,,0,0,0,0,1,0,0,False,13.0,13.0,False,False,61.23,61.23,False,False,1.0,1.0,False,False,30.009,30.009,False,True,,,True,100.40773440283665
4410,0.0,61.19,1.0,24.26,,0,0,0,0,1,0,0,False,0.0,0.0,False,False,61.19,61.19,False,False,1.0,1.0,False,False,24.26,24.26,False,True,,,True,77.46610722789318
4411,17.8,69.26,0.0,33.718,,0,0,0,0,1,0,0,False,17.8,17.8,False,False,69.26,69.26,False,False,0.0,0.0,False,False,33.718,33.718,False,True,,,True,112.34909304852098
4412,0.1,68.02,2.0,29.677,,0,0,0,0,1,0,0,False,0.1,0.1,False,False,68.02,68.02,False,False,2.0,2.0,False,False,29.677,29.677,False,True,,,True,88.66040090589885
4413,0.2,69.02,2.0,31.607,,0,0,0,0,1,0,0,False,0.2,0.2,False,False,69.02,69.02,False,False,2.0,2.0,False,False,31.607,31.607,False,True,,,True,91.2165400511553
4414,0.0,67.27,2.0,26.832,,0,0,0,0,1,0,0,False,0.0,0.0,False,False,67.27,67.27,False,False,2.0,2.0,False,False,26.832,26.832,False,True,,,True,85.3256446147511
4415,0.4,67.12,2.0,25.785,,0,0,0,0,1,0,0,False,0.4,0.4,False,False,67.12,67.12,False,False,2.0,2.0,False,False,25.785,25.785,False,True,,,True,84.74164837835494
4416,6.4,69.03,3.0,30.318,,0,0,0,0,1,0,0,False,6.4,6.4,False,False,69.03,69.03,False,False,3.0,3.0,False,False,30.318,30.318,False,True,,,True,100.36105347578616
4417,0.0,67.49,1.0,25.619,,0,0,0,0,1,0,0,False,0.0,0.0,False,False,67.49,67.49,False,False,1.0,1.0,False,False,25.619,25.619,False,True,,,True,82.03527276177536
4418,0.3,67.59,2.0,29.508,,0,0,0,0,1,0,0,False,0.3,0.3,False,False,67.59,67.59,False,False,2.0,2.0,False,False,29.508,29.508,False,True,,,True,88.53801046311101
4419,0.3,65.02,0.0,26.137,,0,0,0,0,1,0,0,False,0.3,0.3,False,False,65.02,65.02,False,False,0.0,0.0,False,False,26.137,26.137,False,True,,,True,79.48126621986606
4420,0.0,65.79,1.0,25.729,,0,0,0,0,1,0,0,False,0.0,0.0,False,False,65.79,65.79,False,False,1.0,1.0,False,False,25.729,25.729,False,True,,,True,81.2746119006513
4421,0.5,65.78,4.0,25.377,,0,0,0,0,1,0,0,False,0.5,0.5,False,False,65.78,65.78,False,False,4.0,4.0,False,False,25.377,25.377,False,True,,,True,88.18680903237785
4422,0.0,63.31,1.0,23.331,,0,0,0,0,1,0,0,False,0.0,0.0,False,False,63.31,63.31,False,False,1.0,1.0,False,False,23.331,23.331,False,True,,,True,77.63022366331735
4423,15.0,,2.0,32.977,,0,1,0,0,1,0,0,False,15.0,15.0,False,True,68.22500000000001,68.22500000000001,True,False,2.0,2.0,False,False,32.977,32.977,False,True,,,True,111.77774886386038
4424,4.5,73.14,3.0,31.447,,0,0,0,0,1,0,0,False,4.5,4.5,False,False,73.14,73.14,False,False,3.0,3.0,False,False,31.447,31.447,False,True,,,True,101.06447522823856
4425,0.0,,0.0,30.462,,0,1,0,0,1,0,0,False,0.0,0.0,False,True,71.35499999999999,71.35499999999999,True,False,0.0,0.0,False,False,30.462,30.462,False,True,,,True,86.60928796133008
4426,0.0,69.57,2.0,29.292,,0,0,0,0,1,0,0,False,0.0,0.0,False,False,69.57,69.57,False,False,2.0,2.0,False,False,29.292,29.292,False,True,,,True,88.93937776517966
4427,0.0,70.25,1.0,32.429,,0,0,0,0,1,0,0,False,0.0,0.0,False,False,70.25,70.25,False,False,1.0,1.0,False,False,32.429,32.429,False,True,,,True,90.19393566637133
4428,9.8,73.54,1.0,36.485,,0,0,0,0,1,0,0,False,9.8,9.8,False,False,73.54,73.54,False,False,1.0,1.0,False,False,36.485,36.485,False,True,,,True,108.88069435069242
4429,0.1,,0.0,33.265,,0,1,0,0,1,0,0,False,0.1,0.1,False,True,72.58500000000001,72.58500000000001,True,False,0.0,0.0,False,False,33.265,33.265,False,True,,,True,90.14797948300816
4430,0.0,71.63,1.0,29.22,,0,0,0,0,1,0,0,False,0.0,0.0,False,False,71.63,71.63,False,False,1.0,1.0,False,False,29.22,29.22,False,True,,,True,87.72067012989886
4431,0.0,71.76,2.0,30.973,,0,0,0,0,1,0,0,False,0.0,0.0,False,False,71.76,71.76,False,False,2.0,2.0,False,False,30.973,30.973,False,True,,,True,91.7250721903823
4432,0.0,69.56,3.0,31.451,,0,0,0,0,1,0,0,False,0.0,0.0,False,False,69.56,69.56,False,False,3.0,3.0,False,False,31.451,31.451,False,True,,,True,93.27439322300705
4433,8.4,72.8,1.0,34.635,,0,0,0,0,1,0,0,False,8.4,8.4,False,False,72.8,72.8,False,False,1.0,1.0,False,False,34.635,34.635,False,True,,,True,104.81426245263567
4434,0.4,75.05,1.0,33.096,,0,0,0,0,1,0,0,False,0.4,0.4,False,False,75.05,75.05,False,False,1.0,1.0,False,False,33.096,33.096,False,True,,,True,93.84021302936898
4435,0.6,73.18,0.0,26.398,,0,0,0,0,1,0,0,False,0.6,0.6,False,False,73.18,73.18,False,False,0.0,0.0,False,False,26.398,26.398,False,True,,,True,84.31162584611597
4436,0.0,73.31,2.0,30.683,,0,0,0,0,1,0,0,False,0.0,0.0,False,False,73.31,73.31,False,False,2.0,2.0,False,False,30.683,30.683,False,True,,,True,92.23067122461515
4437,0.5,73.15,2.0,30.791,,0,0,0,0,1,0,0,False,0.5,0.5,False,False,73.15,73.15,False,False,2.0,2.0,False,False,30.791,30.791,False,True,,,True,92.91834081458087
4438,0.0,73.64,1.0,30.83,,0,0,0,0,1,0,0,False,0.0,0.0,False,False,73.64,73.64,False,False,1.0,1.0,False,False,30.83,30.83,False,True,,,True,90.34394421275216
4439,0.0,72.68,2.0,28.181,,0,0,0,0,1,0,0,False,0.0,0.0,False,False,72.68,72.68,False,False,2.0,2.0,False,False,28.181,28.181,False,True,,,True,89.42962105539237
4440,0.1,72.63,2.0,31.984,,0,0,0,0,1,0,0,False,0.1,0.1,False,False,72.63,72.63,False,False,2.0,2.0,False,False,31.984,31.984,False,True,,,True,93.30424128689125
4441,0.1,69.86,2.0,25.403,,0,0,0,0,1,0,0,False,0.1,0.1,False,False,69.86,69.86,False,False,2.0,2.0,False,False,25.403,25.403,False,True,,,True,85.36733686623185
4442,6.4,74.25,2.0,32.087,,0,0,0,0,1,0,0,False,6.4,6.4,False,False,74.25,74.25,False,False,2.0,2.0,False,False,32.087,32.087,False,True,,,True,102.58276100843361
4443,5.8,74.66,2.0,30.843,,0,0,0,0,1,0,0,False,5.8,5.8,False,False,74.66,74.66,False,False,2.0,2.0,False,False,30.843,30.843,False,True,,,True,100.76502185562498
4444,0.0,75.38,2.0,30.715,,0,0,0,0,1,0,0,False,0.0,0.0,False,False,75.38,75.38,False,False,2.0,2.0,False,False,30.715,30.715,False,True,,,True,93.32128829775453
4445,0.8,72.83,5.0,28.955,,0,0,0,0,1,0,0,False,0.8,0.8,False,False,72.83,72.83,False,False,5.0,5.0,False,False,28.955,28.955,False,True,,,True,97.9367254785774
4446,0.0,72.15,0.0,32.579,,0,0,0,0,1,0,0,False,0.0,0.0,False,False,72.15,72.15,False,False,0.0,0.0,False,False,32.579,32.579,False,True,,,True,89.11331859183369
4447,0.0,71.0,0.0,28.271,,0,0,0,0,1,0,1,False,0.0,0.0,False,False,71.0,71.0,False,False,0.0,0.0,False,False,28.271,28.271,False,True,,,True,84.25702753348735
4448,0.1,68.94,1.0,28.678,,0,0,0,0,1,0,0,False,0.1,0.1,False,False,68.94,68.94,False,False,1.0,1.0,False,False,28.678,28.678,False,True,,,True,85.94012923324314
4449,0.5,68.69,2.0,29.107,,0,0,0,0,1,0,0,False,0.5,0.5,False,False,68.69,68.69,False,False,2.0,2.0,False,False,29.107,29.107,False,True,,,True,88.96844953989084
4450,4.1,70.42,0.0,29.939,,0,0,0,0,1,0,0,False,4.1,4.1,False,False,70.42,70.42,False,False,0.0,0.0,False,False,29.939,29.939,False,True,,,True,91.04551113062622
4451,21.9,81.22,,39.657,,0,0,1,0,1,0,0,False,21.9,21.9,False,False,81.22,81.22,False,True,2.0,2.0,True,False,39.657,39.657,False,True,,,True,134.18614620926672
4452,0.0,79.05,1.0,35.256,,0,0,0,0,1,0,0,False,0.0,0.0,False,False,79.05,79.05,False,False,1.0,1.0,False,False,35.256,35.256,False,True,,,True,97.49635442031915
4453,11.6,86.1,3.0,39.601,,0,0,0,0,1,0,0,False,11.6,11.6,False,False,86.1,86.1,False,False,3.0,3.0,False,False,39.601,39.601,False,True,,,True,125.18029218688876
4454,0.3,83.62,2.0,32.338,,0,0,0,0,1,0,0,False,0.3,0.3,False,False,83.62,83.62,False,False,2.0,2.0,False,False,32.338,32.338,False,True,,,True,99.5419276155801
4455,,83.02,1.0,34.154,,1,0,0,0,1,0,0,True,1.2,1.2,True,False,83.02,83.02,False,False,1.0,1.0,False,False,34.154,34.154,False,True,,,True,100.025499129807
4456,9.2,86.35,0.0,,,0,0,0,1,1,0,0,False,9.2,9.2,False,False,86.35,86.35,False,False,0.0,0.0,False,True,35.952172560783076,35.952172560783076,True,True,,,True,111.9096045563011
4457,,86.11,2.0,36.949,,1,0,0,0,1,0,0,True,0.75,0.75,True,False,86.11,86.11,False,False,2.0,2.0,False,False,36.949,36.949,False,True,,,True,105.98015495394505
4458,1.2,85.82,1.0,34.636,,0,0,0,0,1,0,0,False,1.2,1.2,False,False,85.82,85.82,False,False,1.0,1.0,False,False,34.636,34.636,False,True,,,True,101.93537198991379
4459,0.0,85.09,1.0,34.057,,0,0,0,0,1,0,0,False,0.0,0.0,False,False,85.09,85.09,False,False,1.0,1.0,False,False,34.057,34.057,False,True,,,True,99.39826418813743
4460,,82.88,,33.115,,1,0,1,0,1,0,0,True,0.5,0.5,True,False,82.88,82.88,False,True,1.0,1.0,True,False,33.115,33.115,False,True,,,True,97.99699866153703
4461,1.0,82.45,1.0,34.228,,0,0,0,0,1,0,0,False,1.0,1.0,False,False,82.45,82.45,False,False,1.0,1.0,False,False,34.228,34.228,False,True,,,True,99.54221880133196
4462,0.5,83.58,,33.988,,0,0,1,0,1,0,0,False,0.5,0.5,False,False,83.58,83.58,False,True,1.0,1.0,True,False,33.988,33.988,False,True,,,True,99.21998082183886
4463,0.5,,2.0,36.124,,0,1,0,0,1,0,0,False,0.5,0.5,False,True,81.97888392857143,81.97888392857143,True,False,2.0,2.0,False,False,36.124,36.124,False,True,,,True,102.7182700341928
4464,0.0,79.98,2.0,33.416,,0,0,0,0,1,0,0,False,0.0,0.0,False,False,79.98,79.98,False,False,2.0,2.0,False,False,33.416,33.416,False,True,,,True,98.35035533673054
4465,0.0,79.43,1.0,31.32,,0,0,0,0,1,0,0,False,0.0,0.0,False,False,79.43,79.43,False,False,1.0,1.0,False,False,31.32,31.32,False,True,,,True,93.7912854701733
4466,0.0,77.37,1.0,24.513,,0,0,0,0,1,0,0,False,0.0,0.0,False,False,77.37,77.37,False,False,1.0,1.0,False,False,24.513,24.513,False,True,,,True,85.99368162635842
4467,0.0,75.82,1.0,,,0,0,0,1,1,0,0,False,0.0,0.0,False,False,75.82,75.82,False,False,1.0,1.0,False,True,27.663,27.663,True,True,,,True,88.32153094227426
4468,0.0,76.54,1.0,30.813,,0,0,0,0,1,0,0,False,0.0,0.0,False,False,76.54,76.54,False,False,1.0,1.0,False,False,30.813,30.813,False,True,,,True,91.81060495905847
4469,0.7,73.8,4.0,26.379,,0,0,0,0,1,0,0,False,0.7,0.7,False,False,73.8,73.8,False,False,4.0,4.0,False,False,26.379,26.379,False,True,,,True,93.54716784974833
4470,0.5,73.17,3.0,28.009,,0,0,0,0,1,0,0,False,0.5,0.5,False,False,73.17,73.17,False,False,3.0,3.0,False,False,28.009,28.009,False,True,,,True,92.37357407880395
4471,0.0,71.76,3.0,25.97,,0,0,0,0,1,0,0,False,0.0,0.0,False,False,71.76,71.76,False,False,3.0,3.0,False,False,25.97,25.97,False,True,,,True,88.96969370567841
4472,0.5,,1.0,31.267,,0,1,0,0,1,0,0,False,0.5,0.5,False,True,72.545,72.545,True,False,1.0,1.0,False,False,31.267,31.267,False,True,,,True,90.87925763050346
4473,4.1,73.33,2.0,30.036,,0,0,0,0,1,0,0,False,4.1,4.1,False,False,73.33,73.33,False,False,2.0,2.0,False,False,30.036,30.036,False,True,,,True,97.03257844305978
4474,0.0,72.57,2.0,32.805,,0,0,0,0,1,0,0,False,0.0,0.0,False,False,72.57,72.57,False,False,2.0,2.0,False,False,32.805,32.805,False,True,,,True,93.95442199305228
4475,0.7,72.2,2.0,28.002,,0,0,0,0,1,0,0,False,0.7,0.7,False,False,72.2,72.2,False,False,2.0,2.0,False,False,28.002,28.002,False,True,,,True,89.93426649070405
4476,0.0,72.88,0.0,33.691,,0,0,0,0,1,0,0,False,0.0,0.0,False,False,72.88,72.88,False,False,0.0,0.0,False,False,33.691,33.691,False,True,,,True,90.58842850740194
4477,0.1,71.39,2.0,33.2,,0,0,0,0,1,0,0,False,0.1,0.1,False,False,71.39,71.39,False,False,2.0,2.0,False,False,33.2,33.2,False,True,,,True,93.87462680654916
4478,8.0,74.65,2.0,30.798,,0,0,0,0,1,0,0,False,8.0,8.0,False,False,74.65,74.65,False,False,2.0,2.0,False,False,30.798,30.798,False,True,,,True,103.63041507670518
4479,0.0,72.93,2.0,31.255,,0,0,0,0,1,0,0,False,0.0,0.0,False,False,72.93,72.93,False,False,2.0,2.0,False,False,31.255,31.255,False,True,,,True,92.60297085661406
4480,0.0,,1.0,28.453,,0,1,0,0,1,0,0,False,0.0,0.0,False,True,73.15610344827586,73.15610344827586,True,False,1.0,1.0,False,False,28.453,28.453,False,True,,,True,87.74147318739307
4481,0.0,73.76,2.0,32.145,,0,0,0,0,1,0,0,False,0.0,0.0,False,False,73.76,73.76,False,False,2.0,2.0,False,False,32.145,32.145,False,True,,,True,93.9092970475396
4482,6.2,75.96,1.0,,,0,0,0,1,1,0,0,False,6.2,6.2,False,False,75.96,75.96,False,False,1.0,1.0,False,True,31.026,31.026,True,True,,,True,99.9401833182975
4483,0.4,74.93,2.0,29.907,,0,0,0,0,1,0,0,False,0.4,0.4,False,False,74.93,74.93,False,False,2.0,2.0,False,False,29.907,29.907,False,True,,,True,92.82060741517698
4484,0.9,75.06,1.0,30.968,,0,0,0,0,1,0,0,False,0.9,0.9,False,False,75.06,75.06,False,False,1.0,1.0,False,False,30.968,30.968,False,True,,,True,92.39960514632793
4485,0.0,72.76,1.0,29.963,,0,0,0,0,1,0,0,False,0.0,0.0,False,False,72.76,72.76,False,False,1.0,1.0,False,False,29.963,29.963,False,True,,,True,89.0348268579896
4486,0.3,73.39,0.0,35.022,,0,0,0,0,1,0,0,False,0.3,0.3,False,False,73.39,73.39,False,False,0.0,0.0,False,False,35.022,35.022,False,True,,,True,92.56547607724228
4487,4.2,74.15,0.0,33.673,,0,0,0,0,1,0,0,False,4.2,4.2,False,False,74.15,74.15,False,False,0.0,0.0,False,False,33.673,33.673,False,True,,,True,96.78544126956228
4488,8.7,77.19,3.0,34.168,,0,0,0,0,1,0,0,False,8.7,8.7,False,False,77.19,77.19,False,False,3.0,3.0,False,False,34.168,34.168,False,True,,,True,111.39717627359472
4489,0.0,75.4,3.0,27.097,,0,0,0,0,1,0,0,False,0.0,0.0,False,False,75.4,75.4,False,False,3.0,3.0,False,False,27.097,27.097,False,True,,,True,91.94828281347263
4490,13.6,,2.0,37.96,,0,1,0,0,1,0,0,False,13.6,13.6,False,True,77.11870283018868,77.11870283018868,True,False,2.0,2.0,False,False,37.96,37.96,False,True,,,True,119.40902780254805
4491,0.1,79.72,3.0,33.905,,0,0,0,0,1,0,0,False,0.1,0.1,False,False,79.72,79.72,False,False,3.0,3.0,False,False,33.905,33.905,False,True,,,True,101.0354906823948
4492,7.2,81.26,0.0,36.751,,0,0,0,0,1,0,0,False,7.2,7.2,False,False,81.26,81.26,False,False,0.0,0.0,False,False,36.751,36.751,False,True,,,True,107.44712973527328
4493,0.5,80.58,0.0,40.941,,0,0,0,0,1,0,0,False,0.5,0.5,False,False,80.58,80.58,False,False,0.0,0.0,False,False,40.941,40.941,False,True,,,True,102.3725977139367
4494,10.2,83.71,3.0,37.568,,0,0,0,0,1,0,0,False,10.2,10.2,False,False,83.71,83.71,False,False,3.0,3.0,False,False,37.568,37.568,False,True,,,True,120.08849721583165
4495,7.3,87.64,1.0,,,0,0,0,1,1,0,0,False,7.3,7.3,False,False,87.64,87.64,False,False,1.0,1.0,False,True,34.23119211361832,34.23119211361832,True,True,,,True,110.54810048434126
4496,0.0,,1.0,32.382,,0,1,0,0,1,0,0,False,0.0,0.0,False,True,87.62601694915254,87.62601694915254,True,False,1.0,1.0,False,False,32.382,32.382,False,True,,,True,99.03612094038357
4497,4.9,87.58,2.0,34.525,,0,0,0,0,1,0,0,False,4.9,4.9,False,False,87.58,87.58,False,False,2.0,2.0,False,False,34.525,34.525,False,True,,,True,109.82956300229505
4498,0.0,86.88,0.0,34.649,,0,0,0,0,1,0,0,False,0.0,0.0,False,False,86.88,86.88,False,False,0.0,0.0,False,False,34.649,34.649,False,True,,,True,98.69927287632196
4499,8.5,89.84,3.0,40.993,,0,0,0,0,1,0,0,False,8.5,8.5,False,False,89.84,89.84,False,False,3.0,3.0,False,False,40.993,40.993,False,True,,,True,124.36494816670549
4500,0.0,88.4,0.0,37.087,,0,0,0,0,1,0,0,False,0.0,0.0,False,False,88.4,88.4,False,False,0.0,0.0,False,False,37.087,37.087,False,True,,,True,101.89219913951607
4501,0.0,86.6,2.0,35.292,,0,0,0,0,1,0,0,False,0.0,0.0,False,False,86.6,86.6,False,False,2.0,2.0,False,False,35.292,35.292,False,True,,,True,103.59541802342467
4502,0.2,88.22,0.0,31.306,,0,0,0,0,1,0,0,False,0.2,0.2,False,False,88.22,88.22,False,False,0.0,0.0,False,False,31.306,31.306,False,True,,,True,96.33779752963116
4503,0.4,85.63,0.0,33.466,,0,0,0,0,1,0,0,False,0.4,0.4,False,False,85.63,85.63,False,False,0.0,0.0,False,False,33.466,33.466,False,True,,,True,97.41783123103671
4504,0.2,84.68,3.0,33.218,,0,0,0,0,1,0,0,False,0.2,0.2,False,False,84.68,84.68,False,False,3.0,3.0,False,False,33.218,33.218,False,True,,,True,103.02467433301841
4505,1.0,84.83,2.0,31.488,,0,0,0,0,1,0,0,False,1.0,1.0,False,False,84.83,84.83,False,False,2.0,2.0,False,False,31.488,31.488,False,True,,,True,100.2463265929393
4506,0.0,82.53,4.0,31.536,,0,0,0,0,1,0,0,False,0.0,0.0,False,False,82.53,82.53,False,False,4.0,4.0,False,False,31.536,31.536,False,True,,,True,102.19461772582103
4507,0.2,81.5,0.0,33.973,,0,0,0,0,1,0,0,False,0.2,0.2,False,False,81.5,81.5,False,False,0.0,0.0,False,False,33.973,33.973,False,True,,,True,95.54240329519953
4508,0.0,79.31,3.0,35.544,,0,0,0,0,1,0,0,False,0.0,0.0,False,False,79.31,79.31,False,False,3.0,3.0,False,False,35.544,35.544,False,True,,,True,102.31703378926557
4509,0.1,80.05,3.0,34.369,,0,0,0,0,1,0,0,False,0.1,0.1,False,False,80.05,80.05,False,False,3.0,3.0,False,False,34.369,34.369,False,True,,,True,101.66399540358702
4510,0.1,79.55,2.0,29.956,,0,0,0,0,1,0,0,False,0.1,0.1,False,False,79.55,79.55,False,False,2.0,2.0,False,False,29.956,29.956,False,True,,,True,94.8350137235098
4511,0.0,79.06,1.0,31.174,,0,0,0,0,1,0,0,False,0.0,0.0,False,False,79.06,79.06,False,False,1.0,1.0,False,False,31.174,31.174,False,True,,,True,93.45736639333262
4512,0.0,76.6,2.0,31.366,,0,0,0,0,1,0,0,False,0.0,0.0,False,False,76.6,76.6,False,False,2.0,2.0,False,False,31.366,31.366,False,True,,,True,94.59033888071086
4513,5.7,77.66,0.0,35.463,,0,0,0,0,1,0,0,False,5.7,5.7,False,False,77.66,77.66,False,False,0.0,0.0,False,False,35.463,35.463,False,True,,,True,102.34193539728585
4514,0.0,77.86,0.0,32.845,,0,0,0,0,1,0,0,False,0.0,0.0,False,False,77.86,77.86,False,False,0.0,0.0,False,False,32.845,32.845,False,True,,,True,92.29781520050058
4515,0.0,78.19,3.0,35.369,,0,0,0,0,1,0,0,False,0.0,0.0,False,False,78.19,78.19,False,False,3.0,3.0,False,False,35.369,35.369,False,True,,,True,101.57071939369581
4516,2.2,80.74,2.0,36.899,,0,0,0,0,1,0,0,False,2.2,2.2,False,False,80.74,80.74,False,False,2.0,2.0,False,False,36.899,36.899,False,True,,,True,105.10489093717659
4517,0.1,77.44,2.0,34.403,,0,0,0,0,1,0,0,False,0.1,0.1,False,False,77.44,77.44,False,False,2.0,2.0,False,False,34.403,34.403,False,True,,,True,98.16135242932639
4518,0.9,76.67,1.0,29.743,,0,0,0,0,1,0,0,False,0.9,0.9,False,False,76.67,76.67,False,False,1.0,1.0,False,False,29.743,29.743,False,True,,,True,92.00957769152714
4519,0.2,76.8,0.0,28.967,,0,0,0,0,1,0,0,False,0.2,0.2,False,False,76.8,76.8,False,False,0.0,0.0,False,False,28.967,28.967,False,True,,,True,88.17858012743069
4520,0.2,77.15,1.0,30.285,,0,0,0,0,1,0,0,False,0.2,0.2,False,False,77.15,77.15,False,False,1.0,1.0,False,False,30.285,30.285,False,True,,,True,91.86456223911897
4521,0.0,,2.0,,,0,1,0,1,1,0,0,False,0.0,0.0,False,True,76.01345166163142,76.01345166163142,True,False,2.0,2.0,False,True,31.872360248447208,31.872360248447208,True,True,,,True,94.79194778035362
4522,0.0,74.56,3.0,32.813,,0,0,0,0,1,0,0,False,0.0,0.0,False,False,74.56,74.56,False,False,3.0,3.0,False,False,32.813,32.813,False,True,,,True,97.18151235435019
4523,0.0,74.11,2.0,27.975,,0,0,0,0,1,0,0,False,0.0,0.0,False,False,74.11,74.11,False,False,2.0,2.0,False,False,27.975,27.975,False,True,,,True,89.95705392315905
4524,0.0,73.19,1.0,26.109,,0,0,0,0,1,0,0,False,0.0,0.0,False,False,73.19,73.19,False,False,1.0,1.0,False,False,26.109,26.109,False,True,,,True,85.4365742733471
4525,0.0,70.73,1.0,28.441,,0,0,0,0,1,0,0,False,0.0,0.0,False,False,70.73,70.73,False,False,1.0,1.0,False,False,28.441,28.441,False,True,,,True,86.48850474666152
4526,8.1,,0.0,,,0,1,0,1,1,0,0,False,8.1,8.1,False,True,72.62,72.62,True,False,0.0,0.0,False,True,28.1435,28.1435,True,True,,,True,95.69226160575255
4527,0.5,74.51,2.0,27.846,,0,0,0,0,1,0,0,False,0.5,0.5,False,False,74.51,74.51,False,False,2.0,2.0,False,False,27.846,27.846,False,True,,,True,90.69639330195047
4528,0.0,72.7,0.0,33.545,,0,0,0,0,1,0,0,False,0.0,0.0,False,False,72.7,72.7,False,False,0.0,0.0,False,False,33.545,33.545,False,True,,,True,90.35170444957666
4529,,72.03,3.0,30.855,,1,0,0,0,1,0,0,True,0.35,0.35,True,False,72.03,72.03,False,False,3.0,3.0,False,False,30.855,30.855,False,True,,,True,94.41122608494754
4530,0.0,69.93,0.0,29.202,,0,0,0,0,1,0,0,False,0.0,0.0,False,False,69.93,69.93,False,False,0.0,0.0,False,False,29.202,29.202,False,True,,,True,84.63202289871893
4531,0.2,70.3,1.0,29.441,,0,0,0,0,1,0,0,False,0.2,0.2,False,False,70.3,70.3,False,False,1.0,1.0,False,False,29.441,29.441,False,True,,,True,87.52426154909178
4532,5.2,73.03,1.0,30.484,,0,0,0,0,1,0,0,False,5.2,5.2,False,False,73.03,73.03,False,False,1.0,1.0,False,False,30.484,30.484,False,True,,,True,96.57932427720218
4533,0.0,72.13,1.0,29.197,,0,0,0,0,1,0,0,False,0.0,0.0,False,False,72.13,72.13,False,False,1.0,1.0,False,False,29.197,29.197,False,True,,,True,87.95366002298294
4534,0.7,70.72,2.0,28.612,,0,0,0,0,1,0,0,False,0.7,0.7,False,False,70.72,70.72,False,False,2.0,2.0,False,False,28.612,28.612,False,True,,,True,89.78150533371803
4535,0.0,71.21,4.0,27.263,,0,0,0,0,1,0,0,False,0.0,0.0,False,False,71.21,71.21,False,False,4.0,4.0,False,False,27.263,27.263,False,True,,,True,92.17051045371399
4536,10.5,75.28,2.0,31.939,,0,0,0,0,1,0,0,False,10.5,10.5,False,False,75.28,75.28,False,False,2.0,2.0,False,False,31.939,31.939,False,True,,,True,108.39570387282139
4537,0.0,74.13,2.0,33.401,,0,0,0,0,1,0,0,False,0.0,0.0,False,False,74.13,74.13,False,False,2.0,2.0,False,False,33.401,33.401,False,True,,,True,95.34291111342401
4538,0.0,75.82,3.0,30.573,,0,0,0,0,1,0,0,False,0.0,0.0,False,False,75.82,75.82,False,False,3.0,3.0,False,False,30.573,30.573,False,True,,,True,95.60686449402749
4539,2.1,76.07,7.0,32.343,,0,0,0,0,1,0,0,False,2.1,2.1,False,False,76.07,76.07,False,False,7.0,7.0,False,False,32.343,32.343,False,True,,,True,109.07560598708204
4540,0.0,75.82,4.0,,,0,0,0,1,1,0,0,False,0.0,0.0,False,False,75.82,75.82,False,False,4.0,4.0,False,True,31.794,31.794,True,True,,,True,99.01770367761922
4541,0.4,75.65,,31.245,,0,0,1,0,1,0,0,False,0.4,0.4,False,False,75.65,75.65,False,True,3.0,3.0,True,False,31.245,31.245,False,True,,,True,96.7156783617064
4542,0.0,73.41,0.0,34.01,,0,0,0,0,1,0,0,False,0.0,0.0,False,False,73.41,73.41,False,False,0.0,0.0,False,False,34.01,34.01,False,True,,,True,91.17558992500605
4543,0.6,71.48,3.0,27.598,,0,0,0,0,1,0,0,False,0.6,0.6,False,False,71.48,71.48,False,False,3.0,3.0,False,False,27.598,27.598,False,True,,,True,91.23436973683957
4544,0.2,70.19,2.0,23.657,,0,0,0,0,1,0,0,False,0.2,0.2,False,False,70.19,70.19,False,False,2.0,2.0,False,False,23.657,23.657,False,True,,,True,83.93886290674928
4545,14.4,77.22,1.0,41.698,,0,0,0,0,1,0,0,False,14.4,14.4,False,False,77.22,77.22,False,False,1.0,1.0,False,False,41.698,31.785,False,True,,,True,112.20203245943974
4546,0.0,77.08,1.0,31.785,,0,0,0,0,1,0,0,False,0.0,0.0,False,False,77.08,77.08,False,False,1.0,1.0,False,False,31.785,31.785,False,True,,,True,93.04981958672292
4547,0.3,76.06,2.0,29.657,,0,0,0,0,1,0,0,False,0.3,0.3,False,False,76.06,76.06,False,False,2.0,2.0,False,False,29.657,29.657,False,True,,,True,93.01847881501722
4548,0.6,74.85,3.0,33.101,,0,0,0,0,1,0,0,False,0.6,0.6,False,False,74.85,74.85,False,False,3.0,3.0,False,False,33.101,33.101,False,True,,,True,98.41021372605435
4549,10.4,78.25,,32.529,,0,0,1,0,1,0,0,False,10.4,10.4,False,False,78.25,78.25,False,True,2.0,2.0,True,False,32.529,32.529,False,True,,,True,110.36703391224654
4550,0.0,77.91,0.0,27.55,,0,0,0,0,1,0,0,False,0.0,0.0,False,False,77.91,77.91,False,False,0.0,0.0,False,False,27.55,27.55,False,True,,,True,87.07755052448312
4551,0.0,75.83,3.0,30.06,,0,0,0,0,1,0,0,False,0.0,0.0,False,False,75.83,75.83,False,False,3.0,3.0,False,False,30.06,30.06,False,True,,,True,95.10374260748875
4552,0.7,76.34,2.0,29.239,,0,0,0,0,1,0,0,False,0.7,0.7,False,False,76.34,76.34,False,False,2.0,2.0,False,False,29.239,29.239,False,True,,,True,93.27761074702633
4553,13.0,80.43,1.0,37.656,,0,0,0,0,1,0,1,False,13.0,13.0,False,False,80.43,80.43,False,False,1.0,1.0,False,False,37.656,37.656,False,True,,,True,117.80555368063537
4554,11.1,86.52,2.0,36.814,,0,0,0,0,1,0,0,False,11.1,11.1,False,False,86.52,86.52,False,False,2.0,2.0,False,False,36.814,36.814,False,True,,,True,119.77032289471092
4555,0.0,87.27,0.0,35.232,,0,0,0,0,1,0,0,False,0.0,0.0,False,False,87.27,87.27,False,False,0.0,0.0,False,False,35.232,35.232,False,True,,,True,99.47636598996893
4556,7.5,87.3,2.0,34.212,,0,0,0,0,1,0,0,False,7.5,7.5,False,False,87.3,87.3,False,False,2.0,2.0,False,False,34.212,34.212,False,True,,,True,112.82134158392316
4557,0.2,86.91,2.0,34.691,,0,0,0,0,1,0,0,False,0.2,0.2,False,False,86.91,86.91,False,False,2.0,2.0,False,False,34.691,34.691,False,True,,,True,103.42358720092392
4558,0.0,85.13,4.0,36.052,,0,0,0,0,1,0,1,False,0.0,0.0,False,False,85.13,85.13,False,False,4.0,4.0,False,False,36.052,36.052,False,True,,,True,107.99872921599436
4559,0.1,85.35,1.0,34.97,,0,0,0,0,1,0,0,False,0.1,0.1,False,False,85.35,85.35,False,False,1.0,1.0,False,False,34.97,34.97,False,True,,,True,100.56829593011186
4560,0.7,83.46,0.0,34.071,,0,0,0,0,1,0,0,False,0.7,0.7,False,False,83.46,83.46,False,False,0.0,0.0,False,False,34.071,34.071,False,True,,,True,97.30465751422112
4561,0.3,80.75,1.0,34.663,,0,0,0,0,1,0,0,False,0.3,0.3,False,False,80.75,80.75,False,False,1.0,1.0,False,False,34.663,34.663,False,True,,,True,98.17601175982584
4562,0.0,82.24,1.0,,,0,0,0,1,1,0,0,False,0.0,0.0,False,False,82.24,82.24,False,False,1.0,1.0,False,True,35.00503980099502,35.00503980099502,True,True,,,True,98.87957729801276
4563,0.7,79.7,1.0,35.163,,0,0,0,0,1,0,0,False,0.7,0.7,False,False,79.7,79.7,False,False,1.0,1.0,False,False,35.163,35.163,False,True,,,True,98.66425603615242
4564,0.0,79.08,1.0,33.135,,0,0,0,0,1,0,0,False,0.0,0.0,False,False,79.08,79.08,False,False,1.0,1.0,False,False,33.135,33.135,False,True,,,True,95.41039192860973
4565,0.0,79.33,2.0,34.704,,0,0,0,0,1,0,0,False,0.0,0.0,False,False,79.33,79.33,False,False,2.0,2.0,False,False,34.704,34.704,False,True,,,True,99.29388853492476
4566,0.2,78.09,2.0,31.789,,0,0,0,0,1,0,0,False,0.2,0.2,False,False,78.09,78.09,False,False,2.0,2.0,False,False,31.789,31.789,False,True,,,True,96.03663367686698
4567,0.0,77.87,5.0,33.833,,0,0,0,0,1,0,0,False,0.0,0.0,False,False,77.87,77.87,False,False,5.0,5.0,False,False,33.833,33.833,False,True,,,True,104.28763181790484
4568,0.0,75.64,2.0,30.173,,0,0,0,0,1,0,0,False,0.0,0.0,False,False,75.64,75.64,False,False,2.0,2.0,False,False,30.173,30.173,False,True,,,True,92.91732382414679
4569,0.0,73.82,,28.868,,0,0,1,0,1,0,0,False,0.0,0.0,False,False,73.82,73.82,False,True,2.0,2.0,True,False,28.868,28.868,False,True,,,True,90.69341320324433
4570,0.0,75.46,0.0,31.494,,0,0,0,0,1,0,0,False,0.0,0.0,False,False,75.46,75.46,False,False,0.0,0.0,False,False,31.494,31.494,False,True,,,True,89.73163104974338
4571,,79.73,,35.263,,1,0,1,0,1,0,0,True,0.0,0.0,True,False,79.73,79.73,False,True,3.0,3.0,True,False,35.263,35.263,False,True,,,True,102.25349468257966
4572,0.0,76.66,5.0,32.158,,0,0,0,0,1,0,0,False,0.0,0.0,False,False,76.66,76.66,False,False,5.0,5.0,False,False,32.158,32.158,False,True,,,True,102.00920336696713
4573,0.0,79.04,3.0,31.748,,0,0,0,0,1,0,0,False,0.0,0.0,False,False,79.04,79.04,False,False,3.0,3.0,False,False,31.748,31.748,False,True,,,True,98.4181558324291
4574,0.3,76.2,5.0,28.49,,0,0,0,0,1,0,0,False,0.3,0.3,False,False,76.2,76.2,False,False,5.0,5.0,False,False,28.49,28.49,False,True,,,True,98.53745447157507
4575,0.0,76.21,2.0,31.609,,0,0,0,0,1,0,0,False,0.0,0.0,False,False,76.21,76.21,False,False,2.0,2.0,False,False,31.609,31.609,False,True,,,True,94.63157735350543
4576,0.0,76.48,0.0,30.89,,0,0,0,0,1,0,0,False,0.0,0.0,False,False,76.48,76.48,False,False,0.0,0.0,False,False,30.89,30.89,False,True,,,True,89.65502224740386
4577,3.1,76.72,3.0,33.35,,0,0,0,0,1,0,0,False,3.1,3.1,False,False,76.72,76.72,False,False,3.0,3.0,False,False,33.35,33.35,False,True,,,True,102.92610905336868
4578,0.0,75.55,2.0,32.96,,0,0,0,0,1,0,0,False,0.0,0.0,False,False,75.55,75.55,False,False,2.0,2.0,False,False,32.96,32.96,False,True,,,True,95.63241014538283
4579,0.1,,1.0,31.353,,0,1,0,0,1,0,0,False,0.1,0.1,False,True,74.0477841086069,74.0477841086069,True,False,1.0,1.0,False,False,31.353,31.353,False,True,,,True,91.2031959987056
4580,,73.02,2.0,33.626,,1,0,0,0,1,0,0,True,0.05,0.05,True,False,73.02,73.02,False,False,2.0,2.0,False,False,33.626,33.626,False,True,,,True,95.06425079538371
4581,0.9,72.86,3.0,28.836,,0,0,0,0,1,0,0,False,0.9,0.9,False,False,72.86,72.86,False,False,3.0,3.0,False,False,28.836,28.836,False,True,,,True,93.56433157603402
4582,0.0,,3.0,30.952,,0,1,0,0,1,0,0,False,0.0,0.0,False,True,72.329608934333,72.329608934333,True,False,3.0,3.0,False,False,30.952,30.952,False,True,,,True,94.19682685202869
4583,0.0,71.83,3.0,27.169,,0,0,0,0,1,0,0,False,0.0,0.0,False,False,71.83,71.83,False,False,3.0,3.0,False,False,27.169,27.169,False,True,,,True,90.1933711283031
4584,0.0,71.72,0.0,29.024,,0,0,0,0,1,0,0,False,0.0,0.0,False,False,71.72,71.72,False,False,0.0,0.0,False,False,29.024,29.024,False,True,,,True,85.37135480366089
4585,1.0,70.67,1.0,31.578,,0,0,0,0,1,0,0,False,1.0,1.0,False,False,70.67,70.67,False,False,1.0,1.0,False,False,31.578,31.578,False,True,,,True,90.89072967556034
4586,4.8,72.48,1.0,30.201,,0,0,0,0,1,0,0,False,4.8,4.8,False,False,72.48,72.48,False,False,1.0,1.0,False,False,30.201,30.201,False,True,,,True,95.48758104699652
4587,0.0,70.73,1.0,30.421,,0,0,0,0,1,0,0,False,0.0,0.0,False,False,70.73,70.73,False,False,1.0,1.0,False,False,30.421,30.421,False,True,,,True,88.450122835226
4588,3.1,71.68,1.0,32.165,,0,0,0,0,1,0,0,False,3.1,3.1,False,False,71.68,71.68,False,False,1.0,1.0,False,False,32.165,32.165,False,True,,,True,94.77153518999508
4589,,73.91,2.0,28.983,,1,0,0,0,1,0,0,True,0.4,0.4,True,False,73.91,73.91,False,False,2.0,2.0,False,False,28.983,28.983,False,True,,,True,91.3834018542203
4590,0.2,71.22,2.0,29.343,,0,0,0,0,1,0,0,False,0.2,0.2,False,False,71.22,71.22,False,False,2.0,2.0,False,False,29.343,29.343,False,True,,,True,90.09897456964079
4591,,69.08,2.0,29.061,,1,0,0,0,1,0,0,True,0.3,0.3,True,False,69.08,69.08,False,False,2.0,2.0,False,False,29.061,29.061,False,True,,,True,88.85737388904796
4592,0.4,69.78,,29.157,,0,0,1,0,1,0,0,False,0.4,0.4,False,False,69.78,69.78,False,True,2.0,2.0,True,False,29.157,29.157,False,True,,,True,89.4430736923684
4593,0.0,69.19,1.0,33.726,,0,0,0,0,1,0,0,False,0.0,0.0,False,False,69.19,69.19,False,False,1.0,1.0,False,False,33.726,33.726,False,True,,,True,90.93664869044204
4594,0.3,67.21,2.0,29.642,,0,0,0,0,1,0,0,False,0.3,0.3,False,False,67.21,67.21,False,False,2.0,2.0,False,False,29.642,29.642,False,True,,,True,88.4763763967305
4595,8.0,70.08,2.0,32.785,,0,0,0,0,1,0,0,False,8.0,8.0,False,False,70.08,70.08,False,False,2.0,2.0,False,False,32.785,32.785,False,True,,,True,103.2611721950276
4596,7.2,73.71,4.0,30.576,,0,0,0,0,1,0,0,False,7.2,7.2,False,False,73.71,73.71,False,False,4.0,4.0,False,False,30.576,30.576,False,True,,,True,106.27193281962964
4597,0.6,73.17,,27.442,,0,0,1,0,1,0,0,False,0.6,0.6,False,False,73.17,73.17,False,True,2.0,2.0,True,False,27.442,27.442,False,True,,,True,89.74316742951152
4598,0.3,71.08,1.0,29.665,,0,0,0,0,1,0,0,False,0.3,0.3,False,False,71.08,71.08,False,False,1.0,1.0,False,False,29.665,29.665,False,True,,,True,88.27769724535726
4599,0.5,71.28,1.0,28.832,,0,0,0,0,1,0,0,False,0.5,0.5,False,False,71.28,71.28,False,False,1.0,1.0,False,False,28.832,28.832,False,True,,,True,87.8197494625017
4600,0.0,70.39,2.0,28.033,,0,0,0,0,1,0,0,False,0.0,0.0,False,False,70.39,70.39,False,False,2.0,2.0,False,False,28.033,28.033,False,True,,,True,88.11153930135168
4601,16.1,,1.0,36.568,,0,1,0,0,1,0,0,False,16.1,16.1,False,True,72.25279761904763,72.25279761904763,True,False,1.0,1.0,False,False,36.568,36.568,False,True,,,True,116.65221242864303
4602,0.1,74.79,3.0,29.923,,0,0,0,0,1,0,0,False,0.1,0.1,False,False,74.79,74.79,False,False,3.0,3.0,False,False,29.923,29.923,False,True,,,True,94.56850378164214
4603,0.0,75.82,2.0,29.922,,0,0,0,0,1,0,0,False,0.0,0.0,False,False,75.82,75.82,False,False,2.0,2.0,False,False,29.922,29.922,False,True,,,True,92.76073354805283
4604,0.4,76.35,0.0,32.651,,0,0,0,0,1,0,0,False,0.4,0.4,False,False,76.35,76.35,False,False,0.0,0.0,False,False,32.651,32.651,False,True,,,True,91.86318817305961
4605,0.6,74.69,3.0,32.248,,0,0,0,0,1,0,0,False,0.6,0.6,False,False,74.69,74.69,False,False,3.0,3.0,False,False,32.248,32.248,False,True,,,True,97.48328436497586
4606,0.0,76.72,4.0,33.47,,0,0,0,0,1,0,0,False,0.0,0.0,False,False,76.72,76.72,False,False,4.0,4.0,False,False,33.47,33.47,False,True,,,True,101.13854149794867
4607,1.5,74.69,3.0,30.47,,0,0,0,0,1,0,0,False,1.5,1.5,False,False,74.69,74.69,False,False,3.0,3.0,False,False,30.47,30.47,False,True,,,True,96.91432816823598
4608,0.0,73.33,,28.166,,0,0,1,0,1,0,0,False,0.0,0.0,False,False,73.33,73.33,False,True,2.0,2.0,True,False,28.166,28.166,False,True,,,True,89.74726958787623
4609,0.4,73.86,2.0,32.267,,0,0,0,0,1,0,0,False,0.4,0.4,False,False,73.86,73.86,False,False,2.0,2.0,False,False,32.267,32.267,False,True,,,True,94.61133623927657
4610,,71.4,0.0,27.591,,1,0,0,0,1,0,0,True,0.25,0.25,True,False,71.4,71.4,False,False,0.0,0.0,False,False,27.591,27.591,False,True,,,True,84.11922194420929
4611,11.7,77.76,0.0,33.335,,0,0,0,0,1,0,0,False,11.7,11.7,False,False,77.76,77.76,False,False,0.0,0.0,False,False,33.335,33.335,False,True,,,True,108.23509470430005
4612,0.0,75.0,1.0,34.838,,0,0,0,0,1,0,0,False,0.0,0.0,False,False,75.0,75.0,False,False,1.0,1.0,False,False,34.838,34.838,False,True,,,True,95.0104464828434
4613,0.1,75.13,2.0,31.465,,0,0,0,0,1,0,0,False,0.1,0.1,False,False,75.13,75.13,False,False,2.0,2.0,False,False,31.465,31.465,False,True,,,True,94.06894140494799
4614,0.2,75.66,2.0,31.315,,0,0,0,0,1,0,0,False,0.2,0.2,False,False,75.66,75.66,False,False,2.0,2.0,False,False,31.315,31.315,False,True,,,True,94.32396105712516
4615,0.0,73.45,2.0,31.41,,0,0,0,0,1,0,0,False,0.0,0.0,False,False,73.45,73.45,False,False,2.0,2.0,False,False,31.41,31.41,False,True,,,True,93.02253928906089
4616,0.1,72.0,0.0,31.723,,0,0,0,0,1,0,0,False,0.1,0.1,False,False,72.0,72.0,False,False,0.0,0.0,False,False,31.723,31.723,False,True,,,True,88.32103674480194
4617,0.0,71.61,3.0,27.909,,0,0,0,0,1,0,0,False,0.0,0.0,False,False,71.61,71.61,False,False,3.0,3.0,False,False,27.909,27.909,False,True,,,True,90.8139595200337
4618,0.0,70.99,1.0,27.878,,0,0,0,0,1,0,0,False,0.0,0.0,False,False,70.99,70.99,False,False,1.0,1.0,False,False,27.878,27.878,False,True,,,True,86.0637352327205
4619,0.3,67.46,4.0,26.782,,0,0,0,0,1,0,0,False,0.3,0.3,False,False,67.46,67.46,False,False,4.0,4.0,False,False,26.782,26.782,False,True,,,True,90.17316562078406
4620,0.6,68.85,1.0,25.154,,0,0,0,0,1,0,0,False,0.6,0.6,False,False,68.85,68.85,False,False,1.0,1.0,False,False,25.154,25.154,False,True,,,True,83.06532625297748
4621,0.0,68.61,0.0,27.207,,0,0,0,0,1,0,0,False,0.0,0.0,False,False,68.61,68.61,False,False,0.0,0.0,False,False,27.207,27.207,False,True,,,True,81.98029446126797
4622,0.0,68.12,0.0,27.078,,0,0,0,0,1,0,0,False,0.0,0.0,False,False,68.12,68.12,False,False,0.0,0.0,False,False,27.078,27.078,False,True,,,True,81.60183123213595
4623,0.6,68.04,2.0,24.327,,0,0,0,0,1,0,0,False,0.6,0.6,False,False,68.04,68.04,False,False,2.0,2.0,False,False,24.327,24.327,False,True,,,True,84.03282093332857
4624,0.0,66.22,3.0,30.935,,0,0,0,0,1,0,0,False,0.0,0.0,False,False,66.22,66.22,False,False,3.0,3.0,False,False,30.935,30.935,False,True,,,True,91.05459753678807
4625,0.0,65.18,1.0,27.771,,0,0,0,0,1,0,0,False,0.0,0.0,False,False,65.18,65.18,False,False,1.0,1.0,False,False,27.771,27.771,False,True,,,True,82.98560722769658
4626,0.0,64.04,2.0,25.824,,0,0,0,0,1,0,0,False,0.0,0.0,False,False,64.04,64.04,False,False,2.0,2.0,False,False,25.824,25.824,False,True,,,True,82.67468735549265
4627,0.6,63.21,3.0,25.64,,0,0,0,0,1,0,0,False,0.6,0.6,False,False,63.21,63.21,False,False,3.0,3.0,False,False,25.64,25.64,False,True,,,True,85.064006313986
4628,0.4,62.08,2.0,26.666,,0,0,0,0,1,0,0,False,0.4,0.4,False,False,62.08,62.08,False,False,2.0,2.0,False,False,26.666,26.666,False,True,,,True,83.0362435885788
4629,0.0,,1.0,29.125,,0,1,0,0,1,0,0,False,0.0,0.0,False,True,60.311363925392115,60.311363925392115,True,False,1.0,1.0,False,False,29.125,29.125,False,True,,,True,81.83647288766426
4630,0.5,59.17,0.0,24.428,,0,0,0,0,1,0,0,False,0.5,0.5,False,False,59.17,59.17,False,False,0.0,0.0,False,False,24.428,24.428,False,True,,,True,75.0605570137083
4631,0.0,60.72,5.0,23.834,,0,0,0,0,1,0,0,False,0.0,0.0,False,False,60.72,60.72,False,False,5.0,5.0,False,False,23.834,23.834,False,True,,,True,85.60833112268418
4632,0.1,59.63,4.0,24.974,,0,0,0,0,1,0,0,False,0.1,0.1,False,False,59.63,59.63,False,False,4.0,4.0,False,False,24.974,24.974,False,True,,,True,84.11148456011438
4633,,59.83,0.0,25.8,,1,0,0,0,1,0,0,True,0.1,0.1,True,False,59.83,59.83,False,False,0.0,0.0,False,False,25.8,25.8,False,True,,,True,76.22742791031345
4634,,57.16,0.0,25.008,,1,0,0,0,1,0,0,True,0.1,0.1,True,False,57.16,57.16,False,False,0.0,0.0,False,False,25.008,25.008,False,True,,,True,74.0769348813553
4635,0.0,57.36,4.0,21.218,,0,0,0,0,1,0,0,False,0.0,0.0,False,False,57.36,57.36,False,False,4.0,4.0,False,False,21.218,21.218,False,True,,,True,79.0966256528624
4636,0.5,57.67,3.0,21.271,,0,0,0,0,1,0,0,False,0.5,0.5,False,False,57.67,57.67,False,False,3.0,3.0,False,False,21.271,21.271,False,True,,,True,77.76906093971571
4637,0.8,58.36,1.0,26.076,,0,0,0,0,1,0,0,False,0.8,0.8,False,False,58.36,58.36,False,False,1.0,1.0,False,False,26.076,26.076,False,True,,,True,78.87758671081258
4638,0.0,54.77,5.0,25.264,,0,0,0,0,1,0,0,False,0.0,0.0,False,False,54.77,54.77,False,False,5.0,5.0,False,False,25.264,25.264,False,True,,,True,83.98131654438117
4639,0.0,54.64,4.0,24.443,,0,0,0,0,1,0,0,False,0.0,0.0,False,False,54.64,54.64,False,False,4.0,4.0,False,False,24.443,24.443,False,True,,,True,80.90026198821192
4640,0.0,52.97,3.0,22.046,,0,0,0,0,1,0,0,False,0.0,0.0,False,False,52.97,52.97,False,False,3.0,3.0,False,False,22.046,22.046,False,True,,,True,75.47004748408536
4641,0.6,54.46,5.0,22.777,,0,0,0,0,1,0,0,False,0.6,0.6,False,False,54.46,54.46,False,False,5.0,5.0,False,False,22.777,22.777,False,True,,,True,82.15384880447999
4642,0.6,53.06,0.0,20.066,,0,0,0,0,1,0,0,False,0.6,0.6,False,False,53.06,53.06,False,False,0.0,0.0,False,False,20.066,20.066,False,True,,,True,67.7459698665346
4643,,51.36,,22.471,,1,0,1,0,1,0,0,True,0.30000000000000004,0.30000000000000004,True,False,51.36,51.36,False,True,2.0,2.0,True,False,22.471,22.471,False,True,,,True,73.26383968421355
4644,0.1,50.03,2.0,23.564,,0,0,0,0,1,0,0,False,0.1,0.1,False,False,50.03,50.03,False,False,2.0,2.0,False,False,23.564,23.564,False,True,,,True,73.40131909394313
4645,0.4,50.07,2.0,15.183,,0,0,0,0,1,0,0,False,0.4,0.4,False,False,50.07,50.07,False,False,2.0,2.0,False,False,15.183,15.183,False,True,,,True,65.51610108387382
4646,0.2,50.93,3.0,21.635,,0,0,0,0,1,0,0,False,0.2,0.2,False,False,50.93,50.93,False,False,3.0,3.0,False,False,21.635,21.635,False,True,,,True,74.28430382138916
4647,0.0,52.25,1.0,20.982,,0,0,0,0,1,0,0,False,0.0,0.0,False,False,52.25,52.25,False,False,1.0,1.0,False,False,20.982,20.982,False,True,,,True,69.64525808245105
4648,1.0,48.83,2.0,18.989,,0,0,0,0,1,0,0,False,1.0,1.0,False,False,48.83,48.83,False,False,2.0,2.0,False,False,18.989,18.989,False,True,,,True,69.44746639006226
4649,0.6,48.26,,19.553,,0,0,1,0,1,0,0,False,0.6,0.6,False,False,48.26,48.26,False,True,2.0,2.0,True,False,19.553,19.553,False,True,,,True,69.1846287319982
4650,0.1,49.17,1.0,,,0,0,0,1,1,0,0,False,0.1,0.1,False,False,49.17,49.17,False,False,1.0,1.0,False,True,19.201999999999998,19.201999999999998,True,True,,,True,66.43870495699191
4651,0.0,50.16,5.0,18.851,,0,0,0,0,1,0,0,False,0.0,0.0,False,False,50.16,50.16,False,False,5.0,5.0,False,False,18.851,18.851,False,True,,,True,75.26959542013333
4652,3.4,50.41,,19.435,,0,0,1,0,1,0,0,False,3.4,3.4,False,False,50.41,50.41,False,True,1.0,1.0,True,False,19.435,19.435,False,True,,,True,71.67650368685244
4653,0.1,51.18,0.0,21.908,,0,0,0,0,1,0,0,False,0.1,0.1,False,False,51.18,51.18,False,False,0.0,0.0,False,False,21.908,21.908,False,True,,,True,67.94662930635647
4654,1.2,51.83,1.0,22.209,,0,0,0,0,1,0,0,False,1.2,1.2,False,False,51.83,51.83,False,False,1.0,1.0,False,False,22.209,22.209,False,True,,,True,72.23606434453036
4655,4.5,52.3,1.0,27.682,,0,0,0,0,1,0,0,False,4.5,4.5,False,False,52.3,52.3,False,False,1.0,1.0,False,False,27.682,27.682,False,True,,,True,82.2713203922641
4656,8.0,56.06,2.0,22.849,,0,0,0,0,1,0,0,False,8.0,8.0,False,False,56.06,56.06,False,False,2.0,2.0,False,False,22.849,22.849,False,True,,,True,86.24544667090271
4657,0.2,,2.0,18.816,,0,1,0,0,1,0,0,False,0.2,0.2,False,True,54.209999999999994,54.209999999999994,True,False,2.0,2.0,False,False,18.816,18.816,False,True,,,True,70.968193099902
4658,0.0,52.36,0.0,21.993,,0,0,0,0,1,0,0,False,0.0,0.0,False,False,52.36,52.36,False,False,0.0,0.0,False,False,21.993,21.993,False,True,,,True,68.50196827190553
4659,0.0,53.04,0.0,23.242,,0,0,0,0,1,0,0,False,0.0,0.0,False,False,53.04,53.04,False,False,0.0,0.0,False,False,23.242,23.242,False,True,,,True,70.08722867116015
4660,0.0,,1.0,23.927,,0,1,0,0,1,0,0,False,0.0,0.0,False,True,53.800489510489506,53.800489510489506,True,False,1.0,1.0,False,False,23.927,23.927,False,True,,,True,73.3560744546403
4661,0.0,54.24,0.0,17.76,,0,0,0,0,1,0,0,False,0.0,0.0,False,False,54.24,54.24,False,False,0.0,0.0,False,False,17.76,17.76,False,True,,,True,65.2699857059651
4662,0.2,52.17,3.0,21.782,,0,0,0,0,1,0,0,False,0.2,0.2,False,False,52.17,52.17,False,False,3.0,3.0,False,False,21.782,21.782,False,True,,,True,75.06426449098043
4663,0.1,50.74,2.0,22.068,,0,0,0,0,1,0,0,False,0.1,0.1,False,False,50.74,50.74,False,False,2.0,2.0,False,False,22.068,22.068,False,True,,,True,72.28241008872861
4664,0.0,50.98,3.0,22.801,,0,0,0,0,1,0,0,False,0.0,0.0,False,False,50.98,50.98,False,False,3.0,3.0,False,False,22.801,22.801,False,True,,,True,75.20004828387283
4665,0.0,48.31,4.0,19.985,,0,0,0,0,1,0,0,False,0.0,0.0,False,False,48.31,48.31,False,False,4.0,4.0,False,False,19.985,19.985,False,True,,,True,73.24552034891462
4666,0.7,49.49,1.0,18.801,,0,0,0,0,1,0,0,False,0.7,0.7,False,False,49.49,49.49,False,False,1.0,1.0,False,False,18.801,18.801,False,True,,,True,67.00014944447369
4667,0.9,48.71,0.0,23.581,,0,0,0,0,1,0,0,False,0.9,0.9,False,False,48.71,48.71,False,False,0.0,0.0,False,False,23.581,23.581,False,True,,,True,69.40059535516605
4668,0.0,48.61,2.0,19.984,,0,0,0,0,1,0,0,False,0.0,0.0,False,False,48.61,48.61,False,False,2.0,2.0,False,False,19.984,19.984,False,True,,,True,68.99564606091904
4669,0.0,48.57,4.0,21.94,,0,0,0,0,1,0,0,False,0.0,0.0,False,False,48.57,48.57,False,False,4.0,4.0,False,False,21.94,21.94,False,True,,,True,75.31537424255208
4670,0.1,49.51,5.0,24.966,,0,0,0,0,1,0,0,False,0.1,0.1,False,False,49.51,49.51,False,False,5.0,5.0,False,False,24.966,24.966,False,True,,,True,81.12781988170744
4671,0.0,48.95,3.0,22.997,,0,0,0,0,1,0,0,False,0.0,0.0,False,False,48.95,48.95,False,False,3.0,3.0,False,False,22.997,22.997,False,True,,,True,74.35577661504668
4672,0.0,48.44,1.0,19.491,,0,0,0,0,1,0,0,False,0.0,0.0,False,False,48.44,48.44,False,False,1.0,1.0,False,False,19.491,19.491,False,True,,,True,66.21908431116478
4673,0.0,46.64,2.0,17.72,,0,0,0,0,1,0,0,False,0.0,0.0,False,False,46.64,46.64,False,False,2.0,2.0,False,False,17.72,17.72,False,True,,,True,65.74490568838206
4674,0.0,46.78,,18.199,,0,0,1,0,1,0,0,False,0.0,0.0,False,False,46.78,46.78,False,True,2.0,2.0,True,False,18.199,18.199,False,True,,,True,66.29107613365406
4675,0.0,46.76,2.0,,,0,0,0,1,1,0,0,False,0.0,0.0,False,False,46.76,46.76,False,False,2.0,2.0,False,True,21.750974804233373,21.750974804233373,True,True,,,True,69.79984408210646
4676,0.0,46.35,1.0,24.916,,0,0,0,0,1,0,0,False,0.0,0.0,False,False,46.35,46.35,False,False,1.0,1.0,False,False,24.916,24.916,False,True,,,True,70.52457452142067
4677,0.0,44.84,1.0,19.683,,0,0,0,0,1,0,0,False,0.0,0.0,False,False,44.84,44.84,False,False,1.0,1.0,False,False,19.683,19.683,False,True,,,True,64.56771198880693
4678,0.0,44.8,0.0,16.587,,0,0,0,0,1,0,0,False,0.0,0.0,False,False,44.8,44.8,False,False,0.0,0.0,False,False,16.587,16.587,False,True,,,True,59.278817809050636
4679,2.6,45.1,1.0,19.984,,0,0,0,0,1,0,0,False,2.6,2.6,False,False,45.1,45.1,False,False,1.0,1.0,False,False,19.984,19.984,False,True,,,True,68.44402879622774
4680,13.9,54.13,1.0,26.799,,0,0,0,0,1,1,0,False,13.9,13.9,False,False,54.13,54.13,False,False,1.0,1.0,False,False,26.799,26.799,False,True,,,True,94.78804820382331
4681,0.1,51.3,5.0,20.531,,0,0,0,0,1,0,0,False,0.1,0.1,False,False,51.3,51.3,False,False,5.0,5.0,False,False,20.531,20.531,False,True,,,True,77.64967289623577
4682,0.2,51.52,,22.179,,0,0,1,0,1,0,0,False,0.2,0.2,False,False,51.52,51.52,False,True,1.0,1.0,True,False,22.179,22.179,False,True,,,True,70.7227201580334
4683,2.8,52.42,1.0,25.512,,0,0,0,0,1,0,0,False,2.8,2.8,False,False,52.42,52.42,False,False,1.0,1.0,False,False,25.512,25.512,False,True,,,True,77.9302822513568
4684,1.6,52.15,2.0,20.374,,0,0,0,0,1,0,0,False,1.6,1.6,False,False,52.15,52.15,False,False,2.0,2.0,False,False,20.374,20.374,False,True,,,True,73.31298821705764
4685,0.3,52.1,1.0,22.869,,0,0,0,0,1,0,0,False,0.3,0.3,False,False,52.1,52.1,False,False,1.0,1.0,False,False,22.869,22.869,False,True,,,True,71.83551906012396
4686,0.1,50.81,2.0,18.036,,0,0,0,0,1,0,0,False,0.1,0.1,False,False,50.81,50.81,False,False,2.0,2.0,False,False,18.036,18.036,False,True,,,True,68.32365103595896
4687,0.0,49.91,2.0,22.241,,0,0,0,0,1,0,0,False,0.0,0.0,False,False,49.91,49.91,False,False,2.0,2.0,False,False,22.241,22.241,False,True,,,True,71.89671108979937
4688,4.8,54.36,0.0,23.489,,0,0,0,0,1,0,0,False,4.8,4.8,False,False,54.36,54.36,False,False,0.0,0.0,False,False,23.489,23.489,False,True,,,True,77.36738367668029
4689,0.0,51.71,0.0,22.722,,0,0,0,0,1,0,0,False,0.0,0.0,False,False,51.71,51.71,False,False,0.0,0.0,False,False,22.722,22.722,False,True,,,True,68.8916911107525
4690,14.0,58.52,1.0,27.354,,0,0,0,0,1,0,0,False,14.0,14.0,False,False,58.52,58.52,False,False,1.0,1.0,False,False,27.354,27.354,False,True,,,True,97.71611632568204
4691,0.0,59.75,2.0,20.598,,0,0,0,0,1,0,0,False,0.0,0.0,False,False,59.75,59.75,False,False,2.0,2.0,False,False,20.598,20.598,False,True,,,True,75.30264324230838
4692,5.4,58.74,2.0,25.883,,0,0,0,0,1,0,0,False,5.4,5.4,False,False,58.74,58.74,False,False,2.0,2.0,False,False,25.883,25.883,False,True,,,True,87.17713344272538
4693,0.0,58.14,5.0,21.715,,0,0,0,0,1,0,0,False,0.0,0.0,False,False,58.14,58.14,False,False,5.0,5.0,False,False,21.715,21.715,False,True,,,True,82.18919743375469
4694,0.3,58.52,1.0,25.699,,0,0,0,0,1,0,0,False,0.3,0.3,False,False,58.52,58.52,False,False,1.0,1.0,False,False,25.699,25.699,False,True,,,True,77.92341446133987
4695,0.0,57.81,0.0,26.831,,0,0,0,0,1,0,0,False,0.0,0.0,False,False,57.81,57.81,False,False,0.0,0.0,False,False,26.831,26.831,False,True,,,True,76.08301566575335
4696,0.0,55.68,2.0,24.356,,0,0,0,0,1,0,0,False,0.0,0.0,False,False,55.68,55.68,False,False,2.0,2.0,False,False,24.356,24.356,False,True,,,True,76.94373512789906
4697,3.7,,1.0,24.055,,0,1,0,0,1,0,0,False,3.7,3.7,False,True,56.54,56.54,True,False,1.0,1.0,False,False,24.055,24.055,False,True,,,True,79.78694321129333
4698,0.0,57.4,1.0,24.105,,0,0,0,0,1,0,0,False,0.0,0.0,False,False,57.4,57.4,False,False,1.0,1.0,False,False,24.105,24.105,False,True,,,True,75.37376136291797
4699,0.0,56.36,3.0,23.159,,0,0,0,0,1,0,0,False,0.0,0.0,False,False,56.36,56.36,False,False,3.0,3.0,False,False,23.159,23.159,False,True,,,True,78.30687838207572
4700,0.1,55.71,3.0,23.745,,0,0,0,0,1,0,0,False,0.1,0.1,False,False,55.71,55.71,False,False,3.0,3.0,False,False,23.745,23.745,False,True,,,True,78.68743293876446
4701,0.2,57.22,1.0,23.637,,0,0,0,0,1,0,0,False,0.2,0.2,False,False,57.22,57.22,False,False,1.0,1.0,False,False,23.637,23.637,False,True,,,True,75.08303495734776
4702,0.0,55.71,3.0,23.461,,0,0,0,0,1,0,0,False,0.0,0.0,False,False,55.71,55.71,False,False,3.0,3.0,False,False,23.461,23.461,False,True,,,True,78.27356540081308
4703,0.0,55.58,3.0,24.287,,0,0,0,0,1,0,0,False,0.0,0.0,False,False,55.58,55.58,False,False,3.0,3.0,False,False,24.287,24.287,False,True,,,True,79.02539513213883
4704,1.3,57.17,0.0,23.197,,0,0,0,0,1,0,0,False,1.3,1.3,False,False,57.17,57.17,False,False,0.0,0.0,False,False,23.197,23.197,False,True,,,True,73.8779129831702
4705,0.0,56.81,0.0,24.275,,0,0,0,0,1,0,0,False,0.0,0.0,False,False,56.81,56.81,False,False,0.0,0.0,False,False,24.275,24.275,False,True,,,True,73.03919231067368
4706,3.5,57.04,2.0,21.42,,0,0,0,0,1,0,0,False,3.5,3.5,False,False,57.04,57.04,False,False,2.0,2.0,False,False,21.42,21.42,False,True,,,True,79.36834879834768
4707,0.0,56.41,4.0,23.979,,0,0,0,0,1,0,0,False,0.0,0.0,False,False,56.41,56.41,False,False,4.0,4.0,False,False,23.979,23.979,False,True,,,True,81.34601800350582
4708,0.1,56.77,2.0,25.655,,0,0,0,0,1,0,0,False,0.1,0.1,False,False,56.77,56.77,False,False,2.0,2.0,False,False,25.655,25.655,False,True,,,True,78.92077209280079
4709,0.0,55.07,2.0,20.372,,0,0,0,0,1,0,0,False,0.0,0.0,False,False,55.07,55.07,False,False,2.0,2.0,False,False,20.372,20.372,False,True,,,True,72.68467459550516
4710,0.6,53.82,4.0,20.657,,0,0,0,0,1,0,0,False,0.6,0.6,False,False,53.82,53.82,False,False,4.0,4.0,False,False,20.657,20.657,False,True,,,True,77.52496200312105
4711,0.0,53.88,,23.053,,0,0,1,0,1,0,0,False,0.0,0.0,False,False,53.88,53.88,False,True,2.0,2.0,True,False,23.053,23.053,False,True,,,True,74.73203699404252
4712,1.8,53.57,3.0,22.829,,0,0,0,0,1,0,0,False,1.8,1.8,False,False,53.57,53.57,False,False,3.0,3.0,False,False,22.829,22.829,False,True,,,True,78.93778434893562
4713,0.0,51.88,1.0,25.558,,0,0,0,0,1,0,0,False,0.0,0.0,False,False,51.88,51.88,False,False,1.0,1.0,False,False,25.558,25.558,False,True,,,True,73.98950093197473
4714,0.0,51.47,3.0,18.356,,0,0,0,0,1,0,0,False,0.0,0.0,False,False,51.47,51.47,False,False,3.0,3.0,False,False,18.356,18.356,False,True,,,True,71.04697558517964
4715,0.0,48.84,3.0,19.669,,0,0,0,0,1,0,0,False,0.0,0.0,False,False,48.84,48.84,False,False,3.0,3.0,False,False,19.669,19.669,False,True,,,True,71.0024022798456
4716,12.7,54.49,6.0,26.182,,0,0,0,0,1,0,0,False,12.7,12.7,False,False,54.49,54.49,False,False,6.0,6.0,False,False,26.182,26.182,False,True,,,True,103.77675914193338
4717,0.0,54.02,4.0,22.181,,0,0,0,0,1,0,0,False,0.0,0.0,False,False,54.02,54.02,False,False,4.0,4.0,False,False,22.181,22.181,False,True,,,True,78.34209923582871
4718,0.5,52.31,2.0,22.153,,0,0,0,0,1,0,0,False,0.5,0.5,False,False,52.31,52.31,False,False,2.0,2.0,False,False,22.153,22.153,False,True,,,True,73.69977529637107
4719,6.8,54.44,1.0,24.883,,0,0,0,0,1,0,0,False,6.8,6.8,False,False,54.44,54.44,False,False,1.0,1.0,False,False,24.883,24.883,False,True,,,True,83.64062368948656
4720,0.9,55.67,2.0,22.553,,0,0,0,0,1,0,0,False,0.9,0.9,False,False,55.67,55.67,False,False,2.0,2.0,False,False,22.553,22.553,False,True,,,True,76.34489549868394
4721,0.0,54.85,0.0,24.832,,0,0,0,0,1,0,0,False,0.0,0.0,False,False,54.85,54.85,False,False,0.0,0.0,False,False,24.832,24.832,False,True,,,True,72.58837788355451
4722,0.2,56.02,1.0,20.08,,0,0,0,0,1,0,0,False,0.2,0.2,False,False,56.02,56.02,False,False,1.0,1.0,False,False,20.08,20.08,False,True,,,True,70.94519413338405
4723,0.0,55.73,1.0,25.893,,0,0,0,0,1,0,0,False,0.0,0.0,False,False,55.73,55.73,False,False,1.0,1.0,False,False,25.893,25.893,False,True,,,True,76.29086887799178
4724,0.1,54.13,0.0,21.617,,0,0,0,0,1,0,0,False,0.1,0.1,False,False,54.13,54.13,False,False,0.0,0.0,False,False,21.617,21.617,False,True,,,True,69.16741144870706
4725,0.0,,4.0,19.676,,0,1,0,0,1,0,0,False,0.0,0.0,False,True,54.75,54.75,True,False,4.0,4.0,False,False,19.676,19.676,False,True,,,True,76.23378863304458
4726,0.1,55.37,2.0,22.643,,0,0,0,0,1,0,0,False,0.1,0.1,False,False,55.37,55.37,False,False,2.0,2.0,False,False,22.643,22.643,False,True,,,True,75.22056105496347
4727,0.1,53.89,2.0,19.752,,0,0,0,0,1,0,0,False,0.1,0.1,False,False,53.89,53.89,False,False,2.0,2.0,False,False,19.752,19.752,False,True,,,True,71.59930245956116
4728,0.8,53.03,0.0,24.342,,0,0,0,0,1,0,0,False,0.8,0.8,False,False,53.03,53.03,False,False,0.0,0.0,False,False,24.342,24.342,False,True,,,True,72.2319340536174
4729,0.4,54.06,2.0,25.525,,0,0,0,0,1,0,0,False,0.4,0.4,False,False,54.06,54.06,False,False,2.0,2.0,False,False,25.525,25.525,False,True,,,True,77.80318348922466
4730,0.4,54.46,2.0,,,0,0,0,1,1,0,0,False,0.4,0.4,False,False,54.46,54.46,False,False,2.0,2.0,False,True,21.189,21.189,True,True,,,True,73.71205911117374
4731,0.0,52.99,2.0,16.853,,0,0,0,0,1,0,0,False,0.0,0.0,False,False,52.99,52.99,False,False,2.0,2.0,False,False,16.853,16.853,False,True,,,True,68.13431458352173
4732,0.0,,1.0,25.179,,0,1,0,0,1,0,0,False,0.0,0.0,False,True,52.665752148997136,52.665752148997136,True,False,1.0,1.0,False,False,25.179,25.179,False,True,,,True,74.01597314799696
4733,0.0,52.55,1.0,18.218,,0,0,0,0,1,0,0,False,0.0,0.0,False,False,52.55,52.55,False,False,1.0,1.0,False,False,18.218,18.218,False,True,,,True,67.06038430760955
4734,5.2,55.55,,27.652,,0,0,1,0,1,0,0,False,5.2,5.2,False,False,55.55,55.55,False,True,2.0,2.0,True,False,27.652,27.652,False,True,,,True,87.03284892705693
4735,0.3,54.89,2.0,22.251,,0,0,0,0,1,0,0,False,0.3,0.3,False,False,54.89,54.89,False,False,2.0,2.0,False,False,22.251,22.251,False,True,,,True,74.85166326157751
4736,0.3,53.51,5.0,25.669,,0,0,0,0,1,0,0,False,0.3,0.3,False,False,53.51,53.51,False,False,5.0,5.0,False,False,25.669,25.669,False,True,,,True,84.13551257210709
4737,0.4,,0.0,24.414,,0,1,0,0,1,0,0,False,0.4,0.4,False,True,53.53851851851852,53.53851851851852,True,False,0.0,0.0,False,False,24.414,24.414,False,True,,,True,72.03338311632537
4738,0.0,,1.0,20.921,,0,1,0,0,1,0,0,False,0.0,0.0,False,True,53.59148148148148,53.59148148148148,True,False,1.0,1.0,False,False,20.921,20.921,False,True,,,True,70.2710629101872
4739,0.0,53.62,2.0,22.927,,0,0,0,0,1,0,0,False,0.0,0.0,False,False,53.62,53.62,False,False,2.0,2.0,False,False,22.927,22.927,False,True,,,True,74.47420304181134
4740,0.1,52.5,2.0,24.056,,0,0,0,0,1,0,0,False,0.1,0.1,False,False,52.5,52.5,False,False,2.0,2.0,False,False,24.056,24.056,False,True,,,True,75.15228671466556
4741,0.6,52.47,2.0,24.991,,0,0,0,0,1,0,0,False,0.6,0.6,False,False,52.47,52.47,False,False,2.0,2.0,False,False,24.991,24.991,False,True,,,True,76.72578046239497
4742,,56.69,3.0,27.152,,1,0,0,0,1,0,0,True,0.1,0.1,True,False,56.69,56.69,False,False,3.0,3.0,False,False,27.152,27.152,False,True,,,True,82.56412473081112
4743,4.0,58.02,4.0,26.832,,0,0,0,0,1,0,0,False,4.0,4.0,False,False,58.02,58.02,False,False,4.0,4.0,False,False,26.832,26.832,False,True,,,True,90.29629665215069
4744,0.1,58.16,0.0,25.848,,0,0,0,0,1,0,0,False,0.1,0.1,False,False,58.16,58.16,False,False,0.0,0.0,False,False,25.848,25.848,False,True,,,True,75.42068922634573
4745,,58.12,2.0,25.549,,1,0,0,0,1,0,0,True,0.2,0.2,True,False,58.12,58.12,False,False,2.0,2.0,False,False,25.549,25.549,False,True,,,True,79.63885649801841
4746,0.0,56.82,1.0,24.769,,0,0,0,0,1,0,0,False,0.0,0.0,False,False,56.82,56.82,False,False,1.0,1.0,False,False,24.769,24.769,False,True,,,True,75.73489633956868
4747,0.2,57.16,,24.911,,0,0,1,0,1,0,0,False,0.2,0.2,False,False,57.16,57.16,False,True,2.0,2.0,True,False,24.911,24.911,False,True,,,True,78.5156889359762
4748,0.5,56.1,2.0,,,0,0,0,1,1,0,0,False,0.5,0.5,False,False,56.1,56.1,False,False,2.0,2.0,False,True,24.225723536247735,24.225723536247735,True,True,,,True,77.6920409479975
4749,,55.18,2.0,22.778,,1,0,0,0,1,0,0,True,0.55,0.55,True,False,55.18,55.18,False,False,2.0,2.0,False,False,22.778,22.778,False,True,,,True,75.8533813328761
4750,0.6,56.75,0.0,20.454,,0,0,0,0,1,0,0,False,0.6,0.6,False,False,56.75,56.75,False,False,0.0,0.0,False,False,20.454,20.454,False,True,,,True,70.01799733442235
4751,2.3,56.47,2.0,23.959,,0,0,0,0,1,0,0,False,2.3,2.3,False,False,56.47,56.47,False,False,2.0,2.0,False,False,23.959,23.959,False,True,,,True,80.00214256502281
4752,1.0,55.9,2.0,23.981,,0,0,0,0,1,0,0,False,1.0,1.0,False,False,55.9,55.9,False,False,2.0,2.0,False,False,23.981,23.981,False,True,,,True,78.00979950497661
4753,0.0,55.5,2.0,23.478,,0,0,0,0,1,0,0,False,0.0,0.0,False,False,55.5,55.5,False,False,2.0,2.0,False,False,23.478,23.478,False,True,,,True,75.98180680702873
4754,0.7,54.52,3.0,22.149,,0,0,0,0,1,0,0,False,0.7,0.7,False,False,54.52,54.52,False,False,3.0,3.0,False,False,22.149,22.149,False,True,,,True,77.29252693485644
4755,0.0,53.19,0.0,21.083,,0,0,0,0,1,0,0,False,0.0,0.0,False,False,53.19,53.19,False,False,0.0,0.0,False,False,21.083,21.083,False,True,,,True,68.02500529140879
4756,0.0,51.03,1.0,22.206,,0,0,0,0,1,0,0,False,0.0,0.0,False,False,51.03,51.03,False,False,1.0,1.0,False,False,22.206,22.206,False,True,,,True,70.2338003863929
4757,0.0,53.95,4.0,21.164,,0,0,0,0,1,0,0,False,0.0,0.0,False,False,53.95,53.95,False,False,4.0,4.0,False,False,21.164,21.164,False,True,,,True,77.29873216275894
4758,0.3,52.05,2.0,21.2,,0,0,0,0,1,0,0,False,0.3,0.3,False,False,52.05,52.05,False,False,2.0,2.0,False,False,21.2,21.2,False,True,,,True,72.3576107707936
4759,0.0,51.91,2.0,,,0,0,0,1,1,0,0,False,0.0,0.0,False,False,51.91,51.91,False,False,2.0,2.0,False,True,21.183189232458147,21.183189232458147,True,True,,,True,71.87182628246879
4760,1.0,50.57,3.0,21.124,,0,0,0,0,1,0,0,False,1.0,1.0,False,False,50.57,50.57,False,False,3.0,3.0,False,False,21.124,21.124,False,True,,,True,74.65392193934245
4761,0.2,51.58,2.0,15.706,,0,0,0,0,1,0,0,False,0.2,0.2,False,False,51.58,51.58,False,False,2.0,2.0,False,False,15.706,15.706,False,True,,,True,66.54168201390092
4762,10.4,55.67,3.0,24.813,,0,0,0,0,1,0,0,False,10.4,10.4,False,False,55.67,55.67,False,False,3.0,3.0,False,False,24.813,24.813,False,True,,,True,93.37298167884259
4763,0.0,56.69,2.0,,,0,0,0,1,1,0,0,False,0.0,0.0,False,False,56.69,56.69,False,False,2.0,2.0,False,True,23.709759792052417,23.709759792052417,True,True,,,True,76.82016273966984
4764,0.0,54.14,0.0,22.411,,0,0,0,0,1,0,0,False,0.0,0.0,False,False,54.14,54.14,False,False,0.0,0.0,False,False,22.411,22.411,False,True,,,True,69.82665150851294
4765,0.7,53.45,3.0,22.157,,0,0,0,0,1,0,0,False,0.7,0.7,False,False,53.45,53.45,False,False,3.0,3.0,False,False,22.157,22.157,False,True,,,True,76.75309124163094
4766,0.3,54.53,3.0,22.698,,0,0,0,0,1,0,0,False,0.3,0.3,False,False,54.53,54.53,False,False,3.0,3.0,False,False,22.698,22.698,False,True,,,True,77.31152911806004
4767,0.0,53.46,0.0,21.921,,0,0,0,0,1,0,0,False,0.0,0.0,False,False,53.46,53.46,False,False,0.0,0.0,False,False,21.921,21.921,False,True,,,True,68.9933447098747
4768,5.0,54.14,3.0,24.798,,0,0,0,0,1,0,0,False,5.0,5.0,False,False,54.14,54.14,False,False,3.0,3.0,False,False,24.798,24.798,False,True,,,True,85.42022194745086
4769,1.0,54.19,2.0,21.584,,0,0,0,0,1,0,0,False,1.0,1.0,False,False,54.19,54.19,False,False,2.0,2.0,False,False,21.584,21.584,False,True,,,True,74.76029758722727
4770,0.0,54.15,0.0,22.14,,0,0,0,0,1,0,0,False,0.0,0.0,False,False,54.15,54.15,False,False,0.0,0.0,False,False,22.14,22.14,False,True,,,True,69.56328294390985
4771,0.0,53.94,,24.005,,0,0,1,0,1,0,0,False,0.0,0.0,False,False,53.94,53.94,False,True,1.0,1.0,True,False,24.005,24.005,False,True,,,True,73.50471729073959
4772,0.0,52.63,1.0,23.935,,0,0,0,0,1,0,0,False,0.0,0.0,False,False,52.63,52.63,False,False,1.0,1.0,False,False,23.935,23.935,False,True,,,True,72.76523307782071
4773,,53.98,1.0,19.816,,1,0,0,0,1,0,0,True,0.0,0.0,True,False,53.98,53.98,False,False,1.0,1.0,False,False,19.816,19.816,False,True,,,True,69.37506921162387
4774,0.4,51.72,0.0,18.794,,0,0,0,0,1,0,0,False,0.4,0.4,False,False,51.72,51.72,False,False,0.0,0.0,False,False,18.794,18.794,False,True,,,True,65.53528992093999
4775,0.0,48.98,1.0,19.972,,0,0,0,0,1,0,0,False,0.0,0.0,False,False,48.98,48.98,False,False,1.0,1.0,False,False,19.972,19.972,False,True,,,True,66.9718572815135
4776,0.0,50.01,,23.534,,0,0,1,0,1,0,0,False,0.0,0.0,False,False,50.01,50.01,False,True,1.0,1.0,True,False,23.534,23.534,False,True,,,True,71.02768772212673
4777,0.0,51.05,,25.341,,0,0,1,0,1,0,0,False,0.0,0.0,False,False,51.05,51.05,False,True,1.0,1.0,True,False,25.341,25.341,False,True,,,True,73.34992674791987
4778,0.0,49.73,2.0,21.532,,0,0,0,0,1,0,0,False,0.0,0.0,False,False,49.73,49.73,False,False,2.0,2.0,False,False,21.532,21.532,False,True,,,True,71.10221380780145
4779,0.1,49.75,0.0,21.833,,0,0,0,0,1,0,0,False,0.1,0.1,False,False,49.75,49.75,False,False,0.0,0.0,False,False,21.833,21.833,False,True,,,True,67.14080518460665
4780,0.0,47.84,5.0,20.16,,0,0,0,0,1,0,0,False,0.0,0.0,False,False,47.84,47.84,False,False,5.0,5.0,False,False,20.16,20.16,False,True,,,True,75.3796405967885
4781,0.8,48.1,2.0,19.746,,0,0,0,0,1,0,0,False,0.8,0.8,False,False,48.1,48.1,False,False,2.0,2.0,False,False,19.746,19.746,False,True,,,True,69.55899679345572
4782,0.3,50.22,0.0,20.847,,0,0,0,0,1,0,0,False,0.3,0.3,False,False,50.22,50.22,False,False,0.0,0.0,False,False,20.847,20.847,False,True,,,True,66.66939705972842
4783,0.0,48.78,,15.978,,0,0,1,0,1,0,0,False,0.0,0.0,False,False,48.78,48.78,False,True,2.0,2.0,True,False,15.978,15.978,False,True,,,True,65.1138009026804
4784,0.0,48.27,0.0,20.144,,0,0,0,0,1,0,0,False,0.0,0.0,False,False,48.27,48.27,False,False,0.0,0.0,False,False,20.144,20.144,False,True,,,True,64.57788333388268
4785,0.0,47.53,2.0,22.967,,0,0,0,0,1,0,0,False,0.0,0.0,False,False,47.53,47.53,False,False,2.0,2.0,False,False,22.967,22.967,False,True,,,True,71.3984755542554
4786,0.4,48.11,,21.938,,0,0,1,0,1,0,0,False,0.4,0.4,False,False,48.11,48.11,False,True,2.0,2.0,True,False,21.938,21.938,False,True,,,True,71.2057457036853
4787,0.2,47.48,3.0,17.363,,0,0,0,0,1,0,0,False,0.2,0.2,False,False,47.48,47.48,False,False,3.0,3.0,False,False,17.363,17.363,False,True,,,True,68.28710726365313
4788,0.1,46.05,,19.585,,0,0,1,0,1,0,0,False,0.1,0.1,False,False,46.05,46.05,False,True,2.0,2.0,True,False,19.585,19.585,False,True,,,True,67.42327943688656
4789,9.3,50.83,1.0,22.389,,0,0,0,0,1,0,0,False,9.3,9.3,False,False,50.83,50.83,False,False,1.0,1.0,False,False,22.389,22.389,False,True,,,True,82.63567549329751
4790,0.0,49.86,2.0,24.871,,0,0,0,0,1,0,0,False,0.0,0.0,False,False,49.86,49.86,False,False,2.0,2.0,False,False,24.871,24.871,False,True,,,True,74.47671707590554
4791,0.0,,1.0,20.09,,0,1,0,0,1,0,0,False,0.0,0.0,False,True,48.23282455315145,48.23282455315145,True,False,1.0,1.0,False,False,20.09,20.09,False,True,,,True,66.70654215299759
4792,0.9,47.16,1.0,22.739,,0,0,0,0,1,0,0,False,0.9,0.9,False,False,47.16,47.16,False,False,1.0,1.0,False,False,22.739,22.739,False,True,,,True,69.9746802709935
4793,0.0,48.26,1.0,19.885,,0,0,0,0,1,0,0,False,0.0,0.0,False,False,48.26,48.26,False,False,1.0,1.0,False,False,19.885,19.885,False,True,,,True,66.51734700476618
4794,0.0,46.02,2.0,19.729,,0,0,0,0,1,0,0,False,0.0,0.0,False,False,46.02,46.02,False,False,2.0,2.0,False,False,19.729,19.729,False,True,,,True,67.41809185330133
4795,,43.78,2.0,21.03,,1,0,0,0,1,0,0,True,0.0,0.0,True,False,43.78,43.78,False,False,2.0,2.0,False,False,21.03,21.03,False,True,,,True,67.56113551883855
4796,0.0,43.73,4.0,18.178,,0,0,0,0,1,0,0,False,0.0,0.0,False,False,43.73,43.73,False,False,4.0,4.0,False,False,18.178,18.178,False,True,,,True,69.11238465304487
4797,0.0,43.79,3.0,16.992,,0,0,0,0,1,0,0,False,0.0,0.0,False,False,43.79,43.79,False,False,3.0,3.0,False,False,16.992,16.992,False,True,,,True,65.76691370057485
4798,0.0,45.46,0.0,20.672,,0,0,0,0,1,0,0,False,0.0,0.0,False,False,45.46,45.46,False,False,0.0,0.0,False,False,20.672,20.672,False,True,,,True,63.663518314868455
4799,0.4,44.24,2.0,21.178,,0,0,0,0,1,0,0,False,0.4,0.4,False,False,44.24,44.24,False,False,2.0,2.0,False,False,21.178,21.178,False,True,,,True,68.47309231533814
4800,0.2,44.54,3.0,19.75,,0,0,0,0,1,0,0,False,0.2,0.2,False,False,44.54,44.54,False,False,3.0,3.0,False,False,19.75,19.75,False,True,,,True,69.14798181711973
4801,9.8,49.52,1.0,24.661,,0,0,0,0,1,0,0,False,9.8,9.8,False,False,49.52,49.52,False,False,1.0,1.0,False,False,24.661,24.661,False,True,,,True,84.87896931238625
4802,7.9,50.77,2.0,25.302,,0,0,0,0,1,0,0,False,7.9,7.9,False,False,50.77,50.77,False,False,2.0,2.0,False,False,25.302,25.302,False,True,,,True,85.83705543923779
4803,0.0,52.3,4.0,19.528,,0,0,0,0,1,0,0,False,0.0,0.0,False,False,52.3,52.3,False,False,4.0,4.0,False,False,19.528,19.528,False,True,,,True,74.83385844193828
4804,1.1,51.4,1.0,23.905,,0,0,0,0,1,0,0,False,1.1,1.1,False,False,51.4,51.4,False,False,1.0,1.0,False,False,23.905,23.905,False,True,,,True,73.56384722052964
4805,1.3,52.34,1.0,18.966,,0,0,0,0,1,0,0,False,1.3,1.3,False,False,52.34,52.34,False,False,1.0,1.0,False,False,18.966,18.966,False,True,,,True,69.4165677158471
4806,1.0,50.95,2.0,23.573,,0,0,0,0,1,0,0,False,1.0,1.0,False,False,50.95,50.95,False,False,2.0,2.0,False,False,23.573,23.573,False,True,,,True,75.07340127107027
4807,0.2,50.51,1.0,20.59,,0,0,0,0,1,0,0,False,0.2,0.2,False,False,50.51,50.51,False,False,1.0,1.0,False,False,20.59,20.59,False,True,,,True,68.63180384717342
4808,0.6,48.92,0.0,22.191,,0,0,0,0,1,0,0,False,0.6,0.6,False,False,48.92,48.92,False,False,0.0,0.0,False,False,22.191,22.191,False,True,,,True,67.73341349594655
4809,0.5,50.59,4.0,19.63,,0,0,0,0,1,0,0,False,0.5,0.5,False,False,50.59,50.59,False,False,4.0,4.0,False,False,19.63,19.63,False,True,,,True,74.72267700059282
4810,0.0,48.24,1.0,17.77,,0,0,0,0,1,0,0,False,0.0,0.0,False,False,48.24,48.24,False,False,1.0,1.0,False,False,17.77,17.77,False,True,,,True,64.41175117371182
4811,0.0,47.24,1.0,20.661,,0,0,0,0,1,0,0,False,0.0,0.0,False,False,47.24,47.24,False,False,1.0,1.0,False,False,20.661,20.661,False,True,,,True,66.76435899459719
4812,0.0,48.44,1.0,22.508,,0,0,0,0,1,0,0,False,0.0,0.0,False,False,48.44,48.44,False,False,1.0,1.0,False,False,22.508,22.508,False,True,,,True,69.20807510570975
4813,13.8,54.44,0.0,29.246,,0,0,0,0,1,0,0,False,13.8,13.8,False,False,54.44,54.44,False,False,0.0,0.0,False,False,29.246,29.246,False,True,,,True,95.03723327657303
4814,0.4,,2.0,23.954,,0,1,0,0,1,0,0,False,0.4,0.4,False,True,54.515298396609715,54.515298396609715,True,False,2.0,2.0,False,False,23.954,23.954,False,True,,,True,76.47967746756173
4815,0.3,54.58,1.0,25.326,,0,0,0,0,1,0,0,False,0.3,0.3,False,False,54.58,54.58,False,False,1.0,1.0,False,False,25.326,25.326,False,True,,,True,75.53835955363229
4816,0.0,55.08,2.0,18.59,,0,0,0,0,1,0,1,False,0.0,0.0,False,False,55.08,55.08,False,False,2.0,2.0,False,False,18.59,18.59,False,True,,,True,70.92433384311373
4817,0.2,52.75,1.0,20.535,,0,0,0,0,1,0,0,False,0.2,0.2,False,False,52.75,52.75,False,False,1.0,1.0,False,False,20.535,20.535,False,True,,,True,69.72319257474294
4818,0.0,52.87,0.0,23.122,,0,0,0,0,1,0,0,False,0.0,0.0,False,False,52.87,52.87,False,False,0.0,0.0,False,False,23.122,23.122,False,True,,,True,69.88137876201645
4819,3.8,54.84,1.0,23.324,,0,0,0,0,1,0,0,False,3.8,3.8,False,False,54.84,54.84,False,False,1.0,1.0,False,False,23.324,23.324,False,True,,,True,78.32559415598172
4820,0.0,54.47,2.0,23.223,,0,0,0,0,1,0,0,False,0.0,0.0,False,False,54.47,54.47,False,False,2.0,2.0,False,False,23.223,23.223,False,True,,,True,75.20227486080071
4821,0.0,51.23,2.0,26.039,,0,0,0,0,1,0,0,False,0.0,0.0,False,False,51.23,51.23,False,False,2.0,2.0,False,False,26.039,26.039,False,True,,,True,76.3347008472916
4822,0.0,52.15,1.0,25.728,,0,0,0,0,1,0,0,False,0.0,0.0,False,False,52.15,52.15,False,False,1.0,1.0,False,False,25.728,25.728,False,True,,,True,74.29604192460172
4823,3.3,54.86,1.0,22.523,,0,0,0,0,1,0,0,False,3.3,3.3,False,False,54.86,54.86,False,False,1.0,1.0,False,False,22.523,22.523,False,True,,,True,76.87974085258604
4824,0.0,53.09,3.0,20.265,,0,0,0,0,1,0,0,False,0.0,0.0,False,False,53.09,53.09,False,False,3.0,3.0,False,False,20.265,20.265,False,True,,,True,73.76696824838288
4825,5.7,56.77,3.0,29.67,,0,0,0,0,1,0,0,False,5.7,5.7,False,False,56.77,56.77,False,False,3.0,3.0,False,False,29.67,29.67,False,True,,,True,92.51990393647745
4826,1.0,55.33,0.0,22.837,,0,0,0,0,1,0,0,False,1.0,1.0,False,False,55.33,55.33,False,False,0.0,0.0,False,False,22.837,22.837,False,True,,,True,72.18248571658364
4827,0.0,54.34,1.0,24.672,,0,0,0,0,1,0,0,False,0.0,0.0,False,False,54.34,54.34,False,False,1.0,1.0,False,False,24.672,24.672,False,True,,,True,74.3701460930362
4828,0.4,54.51,3.0,19.973,,0,0,0,0,1,0,0,False,0.4,0.4,False,False,54.51,54.51,False,False,3.0,3.0,False,False,19.973,19.973,False,True,,,True,74.73410053648401
4829,0.0,53.65,2.0,20.531,,0,0,0,0,1,0,0,False,0.0,0.0,False,False,53.65,53.65,False,False,2.0,2.0,False,False,20.531,20.531,False,True,,,True,72.11579359335684
4830,0.1,52.75,4.0,,,0,0,0,1,1,0,0,False,0.1,0.1,False,False,52.75,52.75,False,False,4.0,4.0,False,True,20.046,20.046,True,True,,,True,75.70975230142157
4831,0.0,51.92,0.0,19.561,,0,0,0,0,1,0,0,False,0.0,0.0,False,False,51.92,51.92,False,False,0.0,0.0,False,False,19.561,19.561,False,True,,,True,65.86746325614237
4832,0.6,52.41,2.0,21.455,,0,0,0,0,1,0,0,False,0.6,0.6,False,False,52.41,52.41,False,False,2.0,2.0,False,False,21.455,21.455,False,True,,,True,73.19191479285698
4833,0.1,51.74,1.0,20.015,,0,0,0,0,1,0,0,False,0.1,0.1,False,False,51.74,51.74,False,False,1.0,1.0,False,False,20.015,20.015,False,True,,,True,68.55884775311732
4834,0.1,51.13,3.0,19.784,,0,0,0,0,1,0,0,False,0.1,0.1,False,False,51.13,51.13,False,False,3.0,3.0,False,False,19.784,19.784,False,True,,,True,72.42029453442608
4835,,51.06,0.0,21.295,,1,0,0,0,1,0,0,True,0.1,0.1,True,False,51.06,51.06,False,False,0.0,0.0,False,False,21.295,21.295,False,True,,,True,67.27793394406736
4836,0.1,52.32,5.0,21.78,,0,0,0,0,1,0,0,False,0.1,0.1,False,False,52.32,52.32,False,False,5.0,5.0,False,False,21.78,21.78,False,True,,,True,79.4088612242548
4837,0.0,49.95,0.0,21.851,,0,0,0,0,1,0,0,False,0.0,0.0,False,False,49.95,49.95,False,False,0.0,0.0,False,False,21.851,21.851,False,True,,,True,67.1284444873037
4838,0.2,48.96,2.0,19.62,,0,0,0,0,1,0,0,False,0.2,0.2,False,False,48.96,48.96,False,False,2.0,2.0,False,False,19.62,19.62,False,True,,,True,69.07907708858862
4839,15.1,56.82,2.0,26.997,,0,0,0,0,1,0,0,False,15.1,15.1,False,False,56.82,56.82,False,False,2.0,2.0,False,False,26.997,26.997,False,True,,,True,100.15151118067931
4840,6.8,61.38,1.0,27.488,,0,0,0,0,1,0,0,False,6.8,6.8,False,False,61.38,61.38,False,False,1.0,1.0,False,False,27.488,27.488,False,True,,,True,89.77161536473793
4841,0.0,58.49,,,,0,0,1,1,1,0,0,False,0.0,0.0,False,False,58.49,58.49,False,True,2.0,2.0,True,True,28.20791673467306,28.20791673467306,True,True,,,True,82.19735463839864
4842,2.4,60.28,1.0,28.663,,0,0,0,0,1,0,0,False,2.4,2.4,False,False,60.28,60.28,False,False,1.0,1.0,False,False,28.663,28.663,False,True,,,True,84.54281694700337
4843,0.1,60.94,3.0,22.692,,0,0,0,0,1,0,0,False,0.1,0.1,False,False,60.94,60.94,False,False,3.0,3.0,False,False,22.692,22.692,False,True,,,True,80.31962956006456
4844,0.0,60.07,2.0,24.237,,0,0,0,0,1,0,0,False,0.0,0.0,False,False,60.07,60.07,False,False,2.0,2.0,False,False,24.237,24.237,False,True,,,True,79.07155639133158
4845,9.4,64.24,0.0,28.45,,0,0,0,0,1,0,0,False,9.4,9.4,False,False,64.24,64.24,False,False,0.0,0.0,False,False,28.45,28.45,False,True,,,True,93.43165799122576
4846,0.2,64.26,1.0,23.304,,0,0,0,0,1,0,0,False,0.2,0.2,False,False,64.26,64.26,False,False,1.0,1.0,False,False,23.304,23.304,False,True,,,True,78.35445769152147
4847,0.6,64.69,1.0,,,0,0,0,1,1,0,0,False,0.6,0.6,False,False,64.69,64.69,False,False,1.0,1.0,False,True,23.812168226735228,23.812168226735228,True,True,,,True,79.60789240530863
4848,0.3,60.72,0.0,25.123,,0,0,0,0,1,0,0,False,0.3,0.3,False,False,60.72,60.72,False,False,0.0,0.0,False,False,25.123,25.123,False,True,,,True,76.27700324049326
4849,0.2,64.38,2.0,29.261,,0,0,0,0,1,0,0,False,0.2,0.2,False,False,64.38,64.38,False,False,2.0,2.0,False,False,29.261,29.261,False,True,,,True,86.51871515616563
4850,0.5,64.35,1.0,29.452,,0,0,0,0,1,0,0,False,0.5,0.5,False,False,64.35,64.35,False,False,1.0,1.0,False,False,29.452,29.452,False,True,,,True,84.88893308003182
4851,1.5,62.07,1.0,28.761,,0,0,0,0,1,0,0,False,1.5,1.5,False,False,62.07,62.07,False,False,1.0,1.0,False,False,28.761,28.761,False,True,,,True,84.36304930675398
4852,0.9,62.22,0.0,20.014,,0,0,0,0,1,0,0,False,0.9,0.9,False,False,62.22,62.22,False,False,0.0,0.0,False,False,20.014,20.014,False,True,,,True,72.77778805185835
4853,0.0,62.02,5.0,27.519,,0,0,0,0,1,0,0,False,0.0,0.0,False,False,62.02,62.02,False,False,5.0,5.0,False,False,27.519,27.519,False,True,,,True,89.92413889422616
4854,0.0,61.3,2.0,27.014,,0,0,0,0,1,0,0,False,0.0,0.0,False,False,61.3,61.3,False,False,2.0,2.0,False,False,27.014,27.014,False,True,,,True,82.45198515629546
4855,5.3,62.82,1.0,26.184,,0,0,0,0,1,0,0,False,5.3,5.3,False,False,62.82,62.82,False,False,1.0,1.0,False,False,26.184,26.184,False,True,,,True,87.22879533501566
4856,0.0,63.18,,28.054,,0,0,1,0,1,0,0,False,0.0,0.0,False,False,63.18,63.18,False,True,2.0,2.0,True,False,28.054,28.054,False,True,,,True,84.44404914641589
4857,0.0,62.87,1.0,25.404,,0,0,0,0,1,0,0,False,0.0,0.0,False,False,62.87,62.87,False,False,1.0,1.0,False,False,25.404,25.404,False,True,,,True,79.45889515714155
4858,0.0,62.38,2.0,25.046,,0,0,0,0,1,0,0,False,0.0,0.0,False,False,62.38,62.38,False,False,2.0,2.0,False,False,25.046,25.046,False,True,,,True,81.05473261239999
4859,0.7,62.09,1.0,22.593,,0,0,0,0,1,0,0,False,0.7,0.7,False,False,62.09,62.09,False,False,1.0,1.0,False,False,22.593,22.593,False,True,,,True,77.20250971785333
4860,0.5,62.77,5.0,28.511,,0,0,0,0,1,0,0,False,0.5,0.5,False,False,62.77,62.77,False,False,5.0,5.0,False,False,28.511,28.511,False,True,,,True,91.95311459641212
4861,18.9,68.86,2.0,35.015,,0,0,0,0,1,0,0,False,18.9,18.9,False,False,68.86,68.86,False,False,2.0,2.0,False,False,35.015,35.015,False,True,,,True,119.28932575561574
4862,,69.96,5.0,30.824,,1,0,0,0,1,0,0,True,6.949999999999999,6.949999999999999,True,False,69.96,69.96,False,False,5.0,5.0,False,False,30.824,30.824,False,True,,,True,106.46922205234878
4863,0.3,68.27,2.0,27.579,,0,0,0,0,1,0,0,False,0.3,0.3,False,False,68.27,68.27,False,False,2.0,2.0,False,False,27.579,27.579,False,True,,,True,86.974774758599
4864,21.1,81.61,3.0,36.48,,0,0,0,0,1,0,0,False,21.1,21.1,False,False,81.61,81.61,False,False,3.0,3.0,False,False,36.48,36.48,False,True,,,True,132.3792879999039
4865,13.2,84.62,,42.739,,0,0,1,0,1,0,0,False,13.2,13.2,False,False,84.62,84.62,False,True,2.0,2.0,True,False,42.739,42.739,False,True,,,True,127.45095306948821
4866,1.6,84.63,1.0,35.119,,0,0,0,0,1,0,0,False,1.6,1.6,False,False,84.63,84.63,False,False,1.0,1.0,False,False,35.119,35.119,False,True,,,True,102.33515670830008
4867,0.0,84.3,1.0,34.914,,0,0,0,0,1,0,0,False,0.0,0.0,False,False,84.3,84.3,False,False,1.0,1.0,False,False,34.914,34.914,False,True,,,True,99.84318131896424
4868,0.0,85.61,1.0,34.909,,0,0,0,0,1,0,0,False,0.0,0.0,False,False,85.61,85.61,False,False,1.0,1.0,False,False,34.909,34.909,False,True,,,True,100.50836181640719
4869,5.1,84.84,1.0,36.924,,0,0,0,0,1,0,0,False,5.1,5.1,False,False,84.84,84.84,False,False,1.0,1.0,False,False,36.924,36.924,False,True,,,True,108.86847027162459
4870,0.0,85.88,7.0,31.361,,0,0,0,0,1,0,0,False,0.0,0.0,False,False,85.88,85.88,False,False,7.0,7.0,False,False,31.361,31.361,False,True,,,True,110.33846812770261
4871,0.2,85.51,0.0,37.323,,0,0,0,0,1,0,0,False,0.2,0.2,False,False,85.51,85.51,False,False,0.0,0.0,False,False,37.323,37.323,False,True,,,True,100.91262904041447
4872,0.3,84.83,1.0,36.204,,0,0,0,0,1,0,0,False,0.3,0.3,False,False,84.83,84.83,False,False,1.0,1.0,False,False,36.204,36.204,False,True,,,True,101.78984057897762
4873,0.0,84.43,1.0,36.282,,0,0,0,0,1,0,0,False,0.0,0.0,False,False,84.43,84.43,False,False,1.0,1.0,False,False,36.282,36.282,False,True,,,True,101.26498294436097
4874,0.0,83.73,2.0,33.259,,0,0,0,0,1,0,0,False,0.0,0.0,False,False,83.73,83.73,False,False,2.0,2.0,False,False,33.259,33.259,False,True,,,True,100.1131356360595
4875,9.1,88.75,,42.692,,0,0,1,0,1,0,0,False,9.1,9.1,False,False,88.75,88.75,False,True,2.0,2.0,True,False,42.692,42.692,False,True,,,True,124.08443264022893
4876,0.3,87.25,3.0,37.367,,0,0,0,0,1,0,0,False,0.3,0.3,False,False,87.25,87.25,False,False,3.0,3.0,False,False,37.367,37.367,False,True,,,True,108.58235052886225
4877,0.0,84.18,6.0,35.881,,0,0,0,0,1,0,0,False,0.0,0.0,False,False,84.18,84.18,False,False,6.0,6.0,False,False,35.881,35.881,False,True,,,True,111.74569104091944
4878,0.0,82.83,2.0,32.691,,0,0,0,0,1,0,0,False,0.0,0.0,False,False,82.83,82.83,False,False,2.0,2.0,False,False,32.691,32.691,False,True,,,True,99.09001137236109
4879,3.5,86.88,0.0,38.3,,0,0,0,0,1,0,0,False,3.5,3.5,False,False,86.88,86.88,False,False,0.0,0.0,False,False,38.3,38.3,False,True,,,True,106.95402248291201
4880,,83.66,2.0,33.793,,1,0,0,0,1,0,0,True,0.05,0.05,True,False,83.66,83.66,False,False,2.0,2.0,False,False,33.793,33.793,False,True,,,True,100.67262146670649
4881,0.4,82.86,0.0,34.152,,0,0,0,0,1,0,0,False,0.4,0.4,False,False,82.86,82.86,False,False,0.0,0.0,False,False,34.152,34.152,False,True,,,True,96.6804614818915
4882,0.1,82.75,3.0,34.924,,0,0,0,0,1,0,0,False,0.1,0.1,False,False,82.75,82.75,False,False,3.0,3.0,False,False,34.924,34.924,False,True,,,True,103.59503527359105
4883,0.0,82.27,1.0,31.597,,0,0,0,0,1,0,0,False,0.0,0.0,False,False,82.27,82.27,False,False,1.0,1.0,False,False,31.597,31.597,False,True,,,True,95.51852361724563
4884,0.0,82.62,1.0,35.963,,0,0,0,0,1,0,0,False,0.0,0.0,False,False,82.62,82.62,False,False,1.0,1.0,False,False,35.963,35.963,False,True,,,True,100.02303403023198
4885,,80.86,0.0,36.602,,1,0,0,0,1,0,0,True,0.0,0.0,True,False,80.86,80.86,False,False,0.0,0.0,False,False,36.602,36.602,False,True,,,True,97.55459418272154
4886,0.0,80.55,1.0,33.886,,0,0,0,0,1,0,0,False,0.0,0.0,False,False,80.55,80.55,False,False,1.0,1.0,False,False,33.886,33.886,False,True,,,True,96.90640231511564
4887,0.0,80.72,5.0,34.415,,0,0,0,0,1,0,0,False,0.0,0.0,False,False,80.72,80.72,False,False,5.0,5.0,False,False,34.415,34.415,False,True,,,True,106.32215393522921
4888,0.7,76.32,0.0,32.172,,0,0,0,0,1,0,0,False,0.7,0.7,False,False,76.32,76.32,False,False,0.0,0.0,False,False,32.172,32.172,False,True,,,True,91.7708009343178
4889,0.5,76.08,5.0,32.371,,0,0,0,0,1,0,0,False,0.5,0.5,False,False,76.08,76.08,False,False,5.0,5.0,False,False,32.371,32.371,False,True,,,True,102.58604601130192
4890,7.0,80.55,2.0,37.326,,0,0,0,0,1,0,0,False,7.0,7.0,False,False,80.55,80.55,False,False,2.0,2.0,False,False,37.326,37.326,False,True,,,True,111.79093023503228
4891,0.2,78.54,1.0,30.661,,0,0,0,0,1,0,0,False,0.2,0.2,False,False,78.54,78.54,False,False,1.0,1.0,False,False,30.661,30.661,False,True,,,True,92.94812982971244
4892,18.2,85.14,2.0,36.714,,0,0,0,0,1,0,0,False,18.2,18.2,False,False,85.14,85.14,False,False,2.0,2.0,False,False,36.714,36.714,False,True,,,True,128.3731021141785
4893,0.5,83.9,0.0,34.141,,0,0,0,0,1,0,0,False,0.5,0.5,False,False,83.9,83.9,False,False,0.0,0.0,False,False,34.141,34.141,False,True,,,True,97.33408257989736
4894,0.0,82.69,2.0,36.497,,0,0,0,0,1,0,0,False,0.0,0.0,False,False,82.69,82.69,False,False,2.0,2.0,False,False,36.497,36.497,False,True,,,True,102.7890598712804
4895,0.0,83.21,2.0,35.213,,0,0,0,0,1,0,0,False,0.0,0.0,False,False,83.21,83.21,False,False,2.0,2.0,False,False,35.213,35.213,False,True,,,True,101.78298768279576
4896,0.2,83.65,1.0,35.254,,0,0,0,0,1,0,0,False,0.2,0.2,False,False,83.65,83.65,False,False,1.0,1.0,False,False,35.254,35.254,False,True,,,True,100.11252382424114
4897,0.0,82.28,,33.538,,0,0,1,0,1,0,0,False,0.0,0.0,False,False,82.28,82.28,False,True,2.0,2.0,True,False,33.538,33.538,False,True,,,True,99.64779399672285
4898,3.2,83.16,1.0,33.545,,0,0,0,0,1,0,0,False,3.2,3.2,False,False,83.16,83.16,False,False,1.0,1.0,False,False,33.545,33.545,False,True,,,True,102.14385304955883
4899,0.0,82.17,2.0,34.437,,0,0,0,0,1,0,0,False,0.0,0.0,False,False,82.17,82.17,False,False,2.0,2.0,False,False,34.437,34.437,False,True,,,True,100.48217706574503
4900,0.0,82.6,1.0,35.5,,0,0,0,0,1,0,0,False,0.0,0.0,False,False,82.6,82.6,False,False,1.0,1.0,False,False,35.5,35.5,False,True,,,True,99.55410137206071
4901,0.1,80.3,1.0,30.824,,0,0,0,0,1,0,0,False,0.1,0.1,False,False,80.3,80.3,False,False,1.0,1.0,False,False,30.824,30.824,False,True,,,True,93.8774452437193
4902,0.0,78.54,3.0,32.832,,0,0,0,0,1,0,0,False,0.0,0.0,False,False,78.54,78.54,False,False,3.0,3.0,False,False,32.832,32.832,False,True,,,True,99.2363158342778
4903,0.3,76.7,2.0,34.593,,0,0,0,0,1,0,0,False,0.3,0.3,False,False,76.7,76.7,False,False,2.0,2.0,False,False,34.593,34.593,False,True,,,True,98.23604775780203
4904,4.6,77.44,1.0,31.873,,0,0,0,0,1,0,0,False,4.6,4.6,False,False,77.44,77.44,False,False,1.0,1.0,False,False,31.873,31.873,False,True,,,True,99.41635182234204
4905,6.0,80.45,1.0,36.386,,0,0,0,0,1,0,0,False,6.0,6.0,False,False,80.45,80.45,False,False,1.0,1.0,False,False,36.386,36.386,False,True,,,True,107.28228567876572
4906,0.3,81.81,2.0,38.372,,0,0,0,0,1,0,0,False,0.3,0.3,False,False,81.81,81.81,False,False,2.0,2.0,False,False,38.372,38.372,False,True,,,True,104.59399876036532
4907,4.3,,2.0,36.559,,0,1,0,0,1,0,0,False,4.3,4.3,False,True,81.75485380116959,81.75485380116959,True,False,2.0,2.0,False,False,36.559,36.559,False,True,,,True,108.0697855035761
4908,,81.58,1.0,31.315,,1,0,0,0,1,0,0,True,1.9,1.9,True,False,81.58,81.58,False,False,1.0,1.0,False,False,31.315,31.315,False,True,,,True,97.40374883384546
4909,0.3,79.8,2.0,31.861,,0,0,0,0,1,0,0,False,0.3,0.3,False,False,79.8,79.8,False,False,2.0,2.0,False,False,31.861,31.861,False,True,,,True,97.11522455021176
4910,3.5,81.89,3.0,36.031,,0,0,0,0,1,0,0,False,3.5,3.5,False,False,81.89,81.89,False,False,3.0,3.0,False,False,36.031,36.031,False,True,,,True,108.75696336666078
4911,0.3,81.0,2.0,36.87,,0,0,0,0,1,0,0,False,0.3,0.3,False,False,81.0,81.0,False,False,2.0,2.0,False,False,36.87,36.87,False,True,,,True,102.69158530578943
4912,0.0,81.55,,31.214,,0,0,1,0,1,0,0,False,0.0,0.0,False,False,81.55,81.55,False,True,2.0,2.0,True,False,31.214,31.214,False,True,,,True,96.9719360390636
4913,0.5,79.39,2.0,32.573,,0,0,0,0,1,0,0,False,0.5,0.5,False,False,79.39,79.39,False,False,2.0,2.0,False,False,32.573,32.573,False,True,,,True,97.87588613984768
4914,0.0,78.86,2.0,34.215,,0,0,0,0,1,0,0,False,0.0,0.0,False,False,78.86,78.86,False,False,2.0,2.0,False,False,34.215,34.215,False,True,,,True,98.5689985261415
4915,1.8,80.3,1.0,31.688,,0,0,0,0,1,0,0,False,1.8,1.8,False,False,80.3,80.3,False,False,1.0,1.0,False,False,31.688,31.688,False,True,,,True,96.98599434693833
4916,0.0,79.1,1.0,31.846,,0,0,0,0,1,0,0,False,0.0,0.0,False,False,79.1,79.1,False,False,1.0,1.0,False,False,31.846,31.846,False,True,,,True,94.14358979326332
4917,0.0,76.47,3.0,30.827,,0,0,0,0,1,0,0,False,0.0,0.0,False,False,76.47,76.47,False,False,3.0,3.0,False,False,30.827,30.827,False,True,,,True,96.19101568601835
4918,3.2,78.89,1.0,31.73,,0,0,0,0,1,0,0,False,3.2,3.2,False,False,78.89,78.89,False,False,1.0,1.0,False,False,31.73,31.73,False,True,,,True,98.16137297085292
4919,0.4,78.19,2.0,33.235,,0,0,0,0,1,0,0,False,0.4,0.4,False,False,78.19,78.19,False,False,2.0,2.0,False,False,33.235,33.235,False,True,,,True,97.78537285510725
4920,0.1,77.22,2.0,31.305,,0,0,0,0,1,0,0,False,0.1,0.1,False,False,77.22,77.22,False,False,2.0,2.0,False,False,31.305,31.305,False,True,,,True,94.9795720211022
4921,4.3,,,31.348,,0,1,1,0,1,0,0,False,4.3,4.3,False,True,78.64999999999999,78.64999999999999,True,True,2.0,2.0,True,False,31.348,31.348,False,True,,,True,101.31886690891524
4922,4.6,80.08,0.0,35.917,,0,0,0,0,1,0,0,False,4.6,4.6,False,False,80.08,80.08,False,False,0.0,0.0,False,False,35.917,35.917,False,True,,,True,102.57213267674297
4923,0.7,78.65,0.0,33.385,,0,0,0,0,1,0,0,False,0.7,0.7,False,False,78.65,78.65,False,False,0.0,0.0,False,False,33.385,33.385,False,True,,,True,94.16445755738309
4924,0.8,79.48,4.0,34.137,,0,0,0,0,1,0,0,False,0.8,0.8,False,False,79.48,79.48,False,False,4.0,4.0,False,False,34.137,34.137,False,True,,,True,104.2712678297566
4925,0.0,78.17,0.0,33.774,,0,0,0,0,1,0,0,False,0.0,0.0,False,False,78.17,78.17,False,False,0.0,0.0,False,False,33.774,33.774,False,True,,,True,93.37677190301035
4926,0.5,78.26,3.0,33.132,,0,0,0,0,1,0,0,False,0.5,0.5,False,False,78.26,78.26,False,False,3.0,3.0,False,False,33.132,33.132,False,True,,,True,100.05281660806267
4927,0.1,,2.0,29.662,,0,1,0,0,1,0,0,False,0.1,0.1,False,True,78.52973224746721,78.52973224746721,True,False,2.0,2.0,False,False,29.662,29.662,False,True,,,True,94.02182240301134
4928,2.3,79.16,,31.228,,0,0,1,0,1,0,0,False,2.3,2.3,False,False,79.16,79.16,False,True,2.0,2.0,True,False,31.228,31.228,False,True,,,True,98.81079015031645
4929,11.6,82.35,,35.801,,0,0,1,0,1,0,0,False,11.6,11.6,False,False,82.35,82.35,False,True,3.0,3.0,True,False,35.801,35.801,False,True,,,True,119.49724785904989
4930,0.7,82.8,3.0,36.826,,0,0,0,0,1,0,0,False,0.7,0.7,False,False,82.8,82.8,False,False,3.0,3.0,False,False,36.826,36.826,False,True,,,True,106.29997994673874
4931,0.0,81.53,,32.799,,0,0,1,0,1,0,0,False,0.0,0.0,False,False,81.53,81.53,False,True,4.0,4.0,True,False,32.799,32.799,False,True,,,True,102.93433956277559
4932,0.0,80.11,5.0,33.73,,0,0,0,0,1,0,0,False,0.0,0.0,False,False,80.11,80.11,False,False,5.0,5.0,False,False,33.73,33.73,False,True,,,True,105.33146616756977
4933,0.2,80.38,2.0,33.411,,0,0,0,0,1,0,0,False,0.2,0.2,False,False,80.38,80.38,False,False,2.0,2.0,False,False,33.411,33.411,False,True,,,True,98.81503111906123
4934,0.5,77.16,4.0,31.549,,0,0,0,0,1,0,0,False,0.5,0.5,False,False,77.16,77.16,False,False,4.0,4.0,False,False,31.549,31.549,False,True,,,True,100.122979544235
4935,0.0,77.64,2.0,30.692,,0,0,0,0,1,0,0,False,0.0,0.0,False,False,77.64,77.64,False,False,2.0,2.0,False,False,30.692,30.692,False,True,,,True,94.45461099856033
4936,0.0,77.45,4.0,33.355,,0,0,0,0,1,0,0,False,0.0,0.0,False,False,77.45,77.45,False,False,4.0,4.0,False,False,33.355,33.355,False,True,,,True,101.39804262833076
4937,,75.0,2.0,27.737,,1,0,0,0,1,0,0,True,0.0,0.0,True,False,75.0,75.0,False,False,2.0,2.0,False,False,27.737,27.737,False,True,,,True,90.17654539722622
4938,0.0,75.59,3.0,31.215,,0,0,0,0,1,0,0,False,0.0,0.0,False,False,75.59,75.59,False,False,3.0,3.0,False,False,31.215,31.215,False,True,,,True,96.12524717021962
4939,0.7,74.57,3.0,28.751,,0,0,0,0,1,0,0,False,0.7,0.7,False,False,74.57,74.57,False,False,3.0,3.0,False,False,28.751,28.751,False,True,,,True,94.08986759893494
4940,0.0,72.89,1.0,31.138,,0,0,0,0,1,0,0,False,0.0,0.0,False,False,72.89,72.89,False,False,1.0,1.0,False,False,31.138,31.138,False,True,,,True,90.2654202555616
4941,3.0,73.18,2.0,27.95,,0,0,0,0,1,0,0,False,3.0,3.0,False,False,73.18,73.18,False,False,2.0,2.0,False,False,27.95,27.95,False,True,,,True,93.43166603803247
4942,0.0,74.77,2.0,29.583,,0,0,0,0,1,0,0,False,0.0,0.0,False,False,74.77,74.77,False,False,2.0,2.0,False,False,29.583,29.583,False,True,,,True,91.88775038585857
4943,0.0,72.16,2.0,30.623,,0,0,0,0,1,0,0,False,0.0,0.0,False,False,72.16,72.16,False,False,2.0,2.0,False,False,30.623,30.623,False,True,,,True,91.58294261082534
4944,0.2,72.26,1.0,,,0,0,0,1,1,0,0,False,0.2,0.2,False,False,72.26,72.26,False,False,1.0,1.0,False,True,28.625871285968696,28.625871285968696,True,True,,,True,87.71934367589697
4945,0.0,71.41,4.0,26.533,,0,0,0,0,1,0,0,False,0.0,0.0,False,False,71.41,71.41,False,False,4.0,4.0,False,False,26.533,26.533,False,True,,,True,91.54959816941364
4946,0.1,72.85,2.0,26.422,,0,0,0,0,1,0,0,False,0.1,0.1,False,False,72.85,72.85,False,False,2.0,2.0,False,False,26.422,26.422,False,True,,,True,87.9064193481617
4947,0.0,69.0,0.0,28.235,,0,0,0,0,1,0,0,False,0.0,0.0,False,False,69.0,69.0,False,False,0.0,0.0,False,False,28.235,28.235,False,True,,,True,83.19825628673877
4948,0.0,70.92,3.0,26.786,,0,0,0,0,1,0,0,False,0.0,0.0,False,False,70.92,70.92,False,False,3.0,3.0,False,False,26.786,26.786,False,True,,,True,89.34841383546205
4949,0.5,67.95,1.0,24.527,,0,0,0,0,1,0,0,False,0.5,0.5,False,False,67.95,67.95,False,False,1.0,1.0,False,False,24.527,24.527,False,True,,,True,81.85124559775548
4950,0.2,67.25,6.0,27.699,,0,0,0,0,1,0,0,False,0.2,0.2,False,False,67.25,67.25,False,False,6.0,6.0,False,False,27.699,27.699,False,True,,,True,95.24407156429251
4951,30.1,81.94,2.0,44.99,,0,0,0,0,1,0,0,False,30.1,30.1,False,False,81.94,81.94,False,False,2.0,2.0,False,False,44.99,29.23,False,True,,,True,135.08960539112957
4952,0.0,80.96,3.0,33.749,,0,0,0,0,1,0,0,False,0.0,0.0,False,False,80.96,80.96,False,False,3.0,3.0,False,False,33.749,33.749,False,True,,,True,101.38276020611414
4953,12.2,,1.0,43.432,,0,1,0,0,1,0,0,False,12.2,12.2,False,True,83.19,83.19,True,False,1.0,1.0,False,False,43.432,43.432,False,True,,,True,123.8797829450763
4954,0.0,85.42,1.0,29.23,,0,0,0,0,1,0,0,False,0.0,0.0,False,False,85.42,85.42,False,False,1.0,1.0,False,False,29.23,29.23,False,True,,,True,94.78488946155456
4955,0.2,,1.0,34.981,,0,1,0,0,1,0,0,False,0.2,0.2,False,True,84.5300819672131,84.5300819672131,True,False,1.0,1.0,False,False,34.981,34.981,False,True,,,True,100.29226663432138
4956,0.0,83.11,,33.055,,0,0,1,0,1,0,0,False,0.0,0.0,False,False,83.11,83.11,False,True,1.0,1.0,True,False,33.055,33.055,False,True,,,True,97.39269214069212
4957,,,2.0,34.297,,1,1,0,0,1,0,0,True,0.0,0.0,True,True,81.8649180327869,81.8649180327869,True,False,2.0,2.0,False,False,34.297,34.297,False,True,,,True,100.18741128314855
4958,0.0,81.15,3.0,33.307,,0,0,0,0,1,0,0,False,0.0,0.0,False,False,81.15,81.15,False,False,3.0,3.0,False,False,33.307,33.307,False,True,,,True,101.04205866192477
4959,0.0,82.7,,32.127,,0,0,1,0,1,0,0,False,0.0,0.0,False,False,82.7,82.7,False,True,2.0,2.0,True,False,32.127,32.127,False,True,,,True,98.4647455768663
4960,3.7,,1.0,34.719,,0,1,0,0,1,0,0,False,3.7,3.7,False,True,81.71000000000001,81.71000000000001,True,False,1.0,1.0,False,False,34.719,34.719,False,True,,,True,103.22772309164758
4961,0.0,80.72,2.0,31.738,,0,0,0,0,1,0,0,False,0.0,0.0,False,False,80.72,80.72,False,False,2.0,2.0,False,False,31.738,31.738,False,True,,,True,97.06648256391091
4962,6.3,84.57,1.0,36.966,,0,0,0,0,1,0,0,False,6.3,6.3,False,False,84.57,84.57,False,False,1.0,1.0,False,False,36.966,36.966,False,True,,,True,110.36201073893325
4963,9.2,87.66,2.0,38.038,,0,0,0,0,1,0,0,False,9.2,9.2,False,False,87.66,87.66,False,False,2.0,2.0,False,False,38.038,38.038,False,True,,,True,119.04855107373578
4964,14.7,95.95,1.0,,,0,0,0,1,1,0,0,False,14.7,14.7,False,False,95.95,95.95,False,False,1.0,1.0,False,True,37.065999999999995,37.065999999999995,True,True,,,True,127.41289981519188
4965,0.1,93.03,2.0,36.094,,0,0,0,0,1,0,0,False,0.1,0.1,False,False,93.03,93.03,False,False,2.0,2.0,False,False,36.094,36.094,False,True,,,True,107.8117606208373
4966,0.6,91.79,1.0,41.724,,0,0,0,0,1,0,0,False,0.6,0.6,False,False,91.79,91.79,False,False,1.0,1.0,False,False,41.724,41.724,False,True,,,True,111.21651345640747
4967,10.2,,2.0,41.141,,0,1,0,0,1,0,0,False,10.2,10.2,False,True,92.55680163447252,92.55680163447252,True,False,2.0,2.0,False,False,41.141,41.141,False,True,,,True,125.95275706803031
4968,0.3,94.38,,39.605,,0,0,1,0,1,0,0,False,0.3,0.3,False,False,94.38,94.38,False,True,2.0,2.0,True,False,39.605,39.605,False,True,,,True,112.24576967975652
4969,10.9,98.65,4.0,47.645,,0,0,0,0,1,0,0,False,10.9,10.9,False,False,98.65,98.65,False,False,4.0,4.0,False,False,47.645,47.645,False,True,,,True,140.84324588126657
4970,0.3,98.76,4.0,40.774,,0,0,0,0,1,0,0,False,0.3,0.3,False,False,98.76,98.76,False,False,4.0,4.0,False,False,40.774,40.774,False,True,,,True,120.04686728093296
4971,5.7,101.08,1.0,41.198,,0,0,0,0,1,0,0,False,5.7,5.7,False,False,101.08,101.08,False,False,1.0,1.0,False,False,41.198,41.198,False,True,,,True,122.20543251180067
4972,0.0,100.36,1.0,41.454,,0,0,0,0,1,0,0,False,0.0,0.0,False,False,100.36,100.36,False,False,1.0,1.0,False,False,41.454,41.454,False,True,,,True,114.53800217892567
4973,2.2,99.18,1.0,42.376,,0,0,0,0,1,0,0,False,2.2,2.2,False,False,99.18,99.18,False,False,1.0,1.0,False,False,42.376,42.376,False,True,,,True,117.76290127549987
4974,0.7,100.24,1.0,42.095,,0,0,0,0,1,0,0,False,0.7,0.7,False,False,100.24,100.24,False,False,1.0,1.0,False,False,42.095,42.095,False,True,,,True,116.03919388683843
4975,0.8,98.8,4.0,41.526,,0,0,0,0,1,0,0,False,0.8,0.8,False,False,98.8,98.8,False,False,4.0,4.0,False,False,41.526,41.526,False,True,,,True,121.47486865411732
4976,0.0,96.84,1.0,42.027,,0,0,0,0,1,0,0,False,0.0,0.0,False,False,96.84,96.84,False,False,1.0,1.0,False,False,42.027,42.027,False,True,,,True,113.30501694971835
4977,0.0,95.95,,37.94,,0,0,1,0,1,0,0,False,0.0,0.0,False,False,95.95,95.95,False,True,4.0,4.0,True,False,37.94,37.94,False,True,,,True,115.4042019701369
4978,0.0,95.07,,39.449,,0,0,1,0,1,0,0,False,0.0,0.0,False,False,95.07,95.07,False,True,4.0,4.0,True,False,39.449,39.449,False,True,,,True,116.44902632165169
4979,0.8,95.0,4.0,37.759,,0,0,0,0,1,0,0,False,0.8,0.8,False,False,95.0,95.0,False,False,4.0,4.0,False,False,37.759,37.759,False,True,,,True,115.79894032450484
4980,0.3,93.79,4.0,35.736,,0,0,0,0,1,0,0,False,0.3,0.3,False,False,93.79,93.79,False,False,4.0,4.0,False,False,35.736,35.736,False,True,,,True,112.51322195701283
4981,0.0,92.86,2.0,38.026,,0,0,0,0,1,0,0,False,0.0,0.0,False,False,92.86,92.86,False,False,2.0,2.0,False,False,38.026,38.026,False,True,,,True,109.50635623176579
4982,0.0,90.09,1.0,,,0,0,0,1,1,0,0,False,0.0,0.0,False,False,90.09,90.09,False,False,1.0,1.0,False,True,38.186949114554196,38.186949114554196,True,True,,,True,106.04763536560964
4983,2.4,91.14,0.0,38.339,,0,0,0,0,1,0,0,False,2.4,2.4,False,False,91.14,91.14,False,False,0.0,0.0,False,False,38.339,38.339,False,True,,,True,107.71432956299017
4984,0.0,88.8,2.0,39.657,,0,0,0,0,1,0,0,False,0.0,0.0,False,False,88.8,88.8,False,False,2.0,2.0,False,False,39.657,39.657,False,True,,,True,109.04531027377577
4985,0.0,87.85,4.0,34.063,,0,0,0,0,1,0,0,False,0.0,0.0,False,False,87.85,87.85,False,False,4.0,4.0,False,False,34.063,34.063,False,True,,,True,107.41961811168814
4986,0.8,87.77,5.0,34.047,,0,0,0,0,1,0,0,False,0.8,0.8,False,False,87.77,87.77,False,False,5.0,5.0,False,False,34.047,34.047,False,True,,,True,110.624050212291
4987,11.7,92.19,1.0,42.97,,0,0,0,0,1,0,0,False,11.7,11.7,False,False,92.19,92.19,False,False,1.0,1.0,False,False,42.97,42.97,False,True,,,True,127.36352596593915
4988,4.5,91.52,2.0,38.407,,0,0,0,0,1,0,0,False,4.5,4.5,False,False,91.52,91.52,False,False,2.0,2.0,False,False,38.407,38.407,False,True,,,True,115.1610245366729
4989,0.2,91.85,1.0,37.021,,0,0,0,0,1,0,0,False,0.2,0.2,False,False,91.85,91.85,False,False,1.0,1.0,False,False,37.021,37.021,False,True,,,True,106.05785176046646
4990,0.3,92.65,1.0,40.509,,0,0,0,0,1,0,0,False,0.3,0.3,False,False,92.65,92.65,False,False,1.0,1.0,False,False,40.509,40.509,False,True,,,True,110.05521620887751
4991,0.0,,1.0,37.58,,0,1,0,0,1,0,0,False,0.0,0.0,False,True,92.12625482625484,92.12625482625484,True,False,1.0,1.0,False,False,37.58,37.58,False,True,,,True,106.48797276012026
4992,1.0,91.05,0.0,35.802,,0,0,0,0,1,0,0,False,1.0,1.0,False,False,91.05,91.05,False,False,0.0,0.0,False,False,35.802,35.802,False,True,,,True,103.29978490675298
4993,0.4,89.46,0.0,36.845,,0,0,0,0,1,0,0,False,0.4,0.4,False,False,89.46,89.46,False,False,0.0,0.0,False,False,36.845,36.845,False,True,,,True,102.72470825453685
4994,0.0,88.28,2.0,34.397,,0,0,0,0,1,0,0,False,0.0,0.0,False,False,88.28,88.28,False,False,2.0,2.0,False,False,34.397,34.397,False,True,,,True,103.56813560793417
4995,4.6,91.14,0.0,39.595,,0,0,0,0,1,0,0,False,4.6,4.6,False,False,91.14,91.14,False,False,0.0,0.0,False,False,39.595,39.595,False,True,,,True,111.87376009584271
4996,0.4,,0.0,36.432,,0,1,0,0,1,0,0,False,0.4,0.4,False,True,90.42287914691944,90.42287914691944,True,False,0.0,0.0,False,False,36.432,36.432,False,True,,,True,102.80810591918123
4997,0.0,88.89,0.0,39.553,,0,0,0,0,1,0,0,False,0.0,0.0,False,False,88.89,88.89,False,False,0.0,0.0,False,False,39.553,39.553,False,True,,,True,104.58596614287798
4998,0.4,86.34,3.0,36.044,,0,0,0,0,1,0,0,False,0.4,0.4,False,False,86.34,86.34,False,False,3.0,3.0,False,False,36.044,36.044,False,True,,,True,106.93862413740544
4999,0.0,87.06,0.0,35.677,,0,0,0,0,1,0,0,False,0.0,0.0,False,False,87.06,87.06,False,False,0.0,0.0,False,False,35.677,35.677,False,True,,,True,99.80980862814415
5000,0.9,85.8,3.0,34.883,,0,0,0,0,1,0,0,False,0.9,0.9,False,False,85.8,85.8,False,False,3.0,3.0,False,False,34.883,34.883,False,True,,,True,106.17468482348764
