编号,表面位移估计值_mm
1,80.88023702642263
2,86.2242145755987
3,84.30748333227356
4,86.19358461895698
5,80.14723042677981
6,79.01231184872279
7,80.40720751958973
8,80.41586674172808
9,78.80487624474306
10,79.22824866603415
11,117.00096760420611
12,88.08206085600338
13,88.77825956111349
14,87.70821954257966
15,89.25795700540816
16,80.70565238856722
17,102.08208333157384
18,102.35492069027184
19,90.68217246161471
20,91.96132524050388
21,99.05481632981709
22,87.50712566147297
23,92.36631964435466
24,94.25122723779685
25,85.21655985006173
26,95.51137752011067
27,99.63894083181583
28,85.60323082560444
29,85.88733207536794
30,92.52284599160049
31,85.10230238901275
32,92.61175861387048
33,87.4772164520846
34,88.176185825511
35,88.62153246899834
36,85.91243768406491
37,85.60151811768684
38,79.83338352719295
39,84.6828222333021
40,96.84075317526387
41,111.12011927760004
42,89.94163252046272
43,102.610851343658
44,91.10398740841013
45,88.38911870608199
46,86.64461646626154
47,87.8079452782391
48,88.5617470417884
49,122.95827735662594
50,96.28291196548032
51,94.36885421809455
52,90.25189802536758
53,97.29610587734668
54,96.04083427053031
55,90.89468439880987
56,86.14231418757396
57,109.56001525219568
58,99.78597294382853
59,92.91496511949228
60,93.27802417494553
61,90.46499519383991
62,96.21766664174095
63,100.23866127517167
64,104.47817773935142
65,95.25227738215261
66,107.11392193841407
67,103.66531287444003
68,98.20446995924485
69,100.23403320784784
70,93.5345509850163
71,93.78592244239424
72,102.17714278089173
73,92.32051002730236
74,94.04880011071383
75,94.1059392689996
76,91.35334159546832
77,129.30440054642628
78,101.4217351667398
79,134.4407400786175
80,113.83719892506191
81,100.57951968084278
82,99.89971750720862
83,105.90952856443462
84,105.05527064610355
85,108.68691031210143
86,116.98907945952979
87,105.00594402207214
88,101.68291051951465
89,103.32741645470327
90,104.1973226447187
91,100.14448803288613
92,96.88904350611959
93,104.75044714193224
94,102.01714313626064
95,105.6308360449243
96,100.76310938903664
97,103.72605454126733
98,99.40383687750357
99,98.72183998838744
100,96.29547075280108
101,98.37596616926292
102,96.94655734950268
103,100.03128269274345
104,94.60243123428538
105,105.26838393597362
106,94.03942994695596
107,88.95697821154577
108,91.06280153793483
109,94.3194664548563
110,94.50918877627187
111,88.69136915665362
112,90.97996828715158
113,82.38919442988563
114,91.27000607303177
115,101.59707707478732
116,90.59552527659184
117,90.94002257311513
118,85.82674132751306
119,80.69643156487513
120,109.79051216480636
121,104.65137455656576
122,90.44365162427096
123,90.28375873898402
124,112.22793405723597
125,96.12924178686455
126,95.56356253234308
127,96.67860223778233
128,95.83434207281842
129,105.1250986116772
130,97.23100381731176
131,95.92532800433031
132,118.56028541649584
133,99.28103578321888
134,97.72217413897376
135,96.11354587861084
136,97.89862953203433
137,94.70489504106959
138,95.27596618474237
139,95.35230970768501
140,98.47395007046448
141,99.87547459491321
142,142.89151911564977
143,140.73381958552284
144,136.92468849469537
145,114.97889408051812
146,119.37910605638191
147,122.57060607388337
148,113.6128164558124
149,110.63997844892378
150,110.54891079477792
151,111.52966458912312
152,109.45003512191488
153,109.87925984675468
154,114.97750483085196
155,110.66499099682565
156,106.81669216883208
157,105.57306962980665
158,107.23921323516316
159,106.5001825020262
160,129.07478299847858
161,105.11506401018168
162,109.35160117187418
163,103.68465609546979
164,124.69378057507879
165,111.00499541313789
166,110.81576084497217
167,113.52657487335274
168,111.40641254079131
169,110.31084520258868
170,128.70066965937096
171,113.79258566302397
172,107.32470721248862
173,110.9133335636261
174,113.61517390216575
175,117.50573078430675
176,119.70294676670864
177,114.50640916018895
178,108.01674471048138
179,111.87560975142132
180,104.93888065035091
181,104.07658948949961
182,106.01929661576332
183,99.64419707539955
184,127.41407489985573
185,109.81067769170676
186,108.6704863762769
187,124.16537218800518
188,110.75704339031388
189,111.07199316810227
190,108.92181909585582
191,103.32887017245153
192,114.97773721226727
193,111.12040589857864
194,106.79998728722643
195,103.74802868191335
196,109.47677820422946
197,127.72600553624957
198,107.76958258405361
199,104.55390051896536
200,110.08253090849992
201,106.44340767427455
202,107.90870212256448
203,107.45503303739058
204,103.20976799809876
205,105.95328010675377
206,99.98654916874169
207,139.60312610919084
208,109.8011243919504
209,106.94027699138368
210,105.65480697421253
211,102.64701113400645
212,104.91382606076135
213,104.11940742180899
214,126.59743236287146
215,106.05726976249564
216,110.11839050187005
217,104.10972172409909
218,127.01564100168548
219,109.9501849275416
220,104.56925842744401
221,110.4518653145508
222,129.30535532241052
223,120.6885195513083
224,109.7511459102775
225,107.35652483831201
226,117.98020526950357
227,111.18154298193194
228,104.23766442843933
229,109.24399634560913
230,107.94887746098352
231,105.9028238317299
232,144.21039192324386
233,112.84540510533353
234,111.36759277921418
235,115.84568538624724
236,116.16149011100514
237,107.06849319934382
238,106.68221389758622
239,111.49685642442678
240,108.71637819190741
241,135.63308405883942
242,117.69106730157563
243,114.50533198615906
244,111.03071914012082
245,107.52983377429905
246,105.27165203995472
247,107.93393381132853
248,131.8278912002004
249,115.72689584393373
250,114.17872452727818
251,114.45749166418649
252,118.27182918560753
253,123.71237439740972
254,114.48199430252991
255,141.74189221975388
256,137.3135350193548
257,113.81190785780718
258,113.69094662862312
259,116.27017077081277
260,118.11840999414666
261,111.0842943939666
262,114.73451222131828
263,107.55558818238718
264,112.65575665942296
265,109.01281677658255
266,104.50153715603767
267,107.43554927623023
268,105.00869734703379
269,114.34163939337837
270,114.19156119330627
271,134.41259141739397
272,112.12818424584277
273,119.81789754927325
274,115.6232268819654
275,110.72507681848785
276,110.97631958726508
277,116.2769258476561
278,107.55419814813447
279,112.00623566368814
280,106.83868487834702
281,106.8502115032592
282,113.46691204989853
283,107.1619150241485
284,106.63869654490355
285,105.90742201120186
286,109.06540820171291
287,104.17853475784507
288,105.54345349795422
289,102.52732992236024
290,100.34502925598721
291,110.43322968871186
292,107.6063228202141
293,115.42641351684028
294,110.96504939337632
295,106.2064699809241
296,102.15039216834086
297,114.7090396810219
298,99.38732274583693
299,98.1265150397635
300,96.22994439845446
301,93.66907389433898
302,99.51253617451145
303,99.85540200113765
304,97.39872319685726
305,93.63816589016473
306,96.11187322522346
307,91.86071528626339
308,93.05806920894342
309,95.4426910932774
310,91.47867261709976
311,89.621367301705
312,128.90004228781441
313,101.22018592835242
314,98.91338994252956
315,99.86411939065847
316,95.26257301197123
317,92.64330517340686
318,94.57902588535161
319,93.61941488969121
320,97.57126127593612
321,96.95813989145402
322,96.62089458666844
323,97.51562886040387
324,94.77270959246499
325,94.16312328258434
326,88.4239577136357
327,90.0416521386449
328,89.52233604504342
329,90.5423432034751
330,88.54471656950533
331,86.5154238032714
332,85.20725010298403
333,89.04075314352232
334,86.39685114614105
335,86.55990632438791
336,82.53122810260056
337,88.36372393399061
338,83.40178930625237
339,82.45066143900071
340,86.0764645913734
341,82.23114659059777
342,83.354403321066
343,91.19994791316486
344,90.2591826222685
345,86.81555075178079
346,81.31640062430787
347,78.14888932290006
348,96.54056786303856
349,134.51828569998446
350,93.01488738073039
351,132.96831392216717
352,102.2021843829646
353,100.00843349692605
354,101.53714263542845
355,102.14222418714526
356,105.6387795966904
357,99.01804485746888
358,118.99488448872196
359,102.46016864975026
360,99.00374007623563
361,99.0579687822728
362,101.30728852546916
363,104.7346643089059
364,116.51824110308351
365,102.92366599991036
366,98.42711650059866
367,122.13777850503931
368,100.8564314937162
369,96.16389707292235
370,106.89685108681222
371,101.08788048775111
372,98.5303744444589
373,120.66050320467738
374,106.77872572347482
375,106.33076029004052
376,118.63067860680779
377,106.33163622408576
378,104.36502679055492
379,106.89631861708266
380,114.08925481932273
381,100.08906961477959
382,102.11520571654823
383,100.21684091909414
384,100.29925489554422
385,125.69926324448878
386,102.14072526377548
387,104.99482122837838
388,104.1251320036998
389,114.6142737888847
390,102.24864122044688
391,102.58163278833914
392,103.13256130453581
393,98.47488541295205
394,113.47416862969504
395,100.25833653065916
396,107.68227312284915
397,104.69589189539539
398,103.20096042720336
399,101.67494707751723
400,101.85198548598396
401,94.9705655614471
402,98.22637337938721
403,96.25236791076142
404,98.42127842347075
405,92.66191647212258
406,111.0968981616968
407,97.38893189321195
408,99.6995298249914
409,90.88816894665841
410,100.74311548359974
411,93.1947687688032
412,111.28474492746321
413,103.67765519436284
414,96.65236573488356
415,117.34054514256884
416,99.83399809602872
417,97.7478250438086
418,104.75880123525663
419,119.16130409190382
420,97.06401058767062
421,105.14678700414258
422,94.06358740130214
423,93.56768707229517
424,99.98685089895889
425,92.34212220499387
426,120.78169538718814
427,104.04984203163792
428,97.45588831631117
429,104.7634184532257
430,94.36914660167429
431,104.51212851340308
432,107.28158371396106
433,102.28362212252763
434,98.74617091392584
435,99.57487870221954
436,94.85045706930592
437,115.20237641521871
438,99.70141063866748
439,122.83689205870996
440,102.29294107107197
441,103.21946201046381
442,104.0022573494928
443,105.98308594237226
444,99.59864316840475
445,99.61938476336128
446,106.91168762089293
447,99.34963306361124
448,97.48558112569646
449,93.27332187903649
450,96.46766403525882
451,93.20849546521829
452,93.44677777268113
453,93.52675105822964
454,100.88641723252462
455,90.55763194142175
456,91.75138104845394
457,106.63555193937535
458,95.05846427050838
459,96.0324278855366
460,97.28185074467692
461,92.49216716153718
462,103.68494640039532
463,116.22754296547562
464,99.11352154611615
465,96.47761329709554
466,93.63708021959164
467,91.86577738035626
468,96.26409174092313
469,91.0289674730083
470,91.95287552006349
471,92.43979241129523
472,97.83387801233346
473,117.03533129691789
474,108.53054429629962
475,95.58303085509938
476,99.24241617531204
477,101.29517231408747
478,92.83228791250521
479,91.85909107212379
480,112.48393188741956
481,96.29293997537162
482,121.7386595901073
483,97.69262555898582
484,93.20079264278938
485,104.51129411295138
486,97.84407217490278
487,99.50933423760674
488,97.39746817385688
489,95.13450487169031
490,92.45843533333804
491,91.67240618415843
492,93.51780700459071
493,90.20167876964929
494,102.38110953110792
495,95.21830752138719
496,97.72115487697782
497,99.28636375767744
498,97.1764010390905
499,97.8391838512504
500,96.68956350064343
501,89.47784646899049
502,117.62407554355694
503,133.30606684864188
504,101.60759752557291
505,118.8901667954951
506,136.95697679369619
507,108.63478660665245
508,120.84994694466145
509,123.47767635589797
510,111.89412591120315
511,111.50613418627682
512,107.04530572033062
513,129.81145628840952
514,114.12356174428835
515,162.32958269732006
516,118.61007212390962
517,112.65025094058583
518,113.99063863822093
519,120.29730959469325
520,124.2501820695098
521,113.33959662573236
522,114.9732605943166
523,113.26727289980082
524,128.16455897674626
525,119.90738975402998
526,127.72637779579381
527,122.36544316862654
528,119.22151585317033
529,121.6929149514102
530,121.96791775506298
531,116.70551095479752
532,114.10632349616037
533,117.25161193786701
534,114.52827316945925
535,113.68703431128488
536,117.59596540827633
537,110.04799053947055
538,111.93048436288834
539,110.46762524947901
540,114.14222009750146
541,108.0349463778826
542,140.7775445384936
543,122.08820604045559
544,115.65355640002461
545,109.15173247160962
546,113.8277710244042
547,116.21349697724996
548,115.77812328801957
549,121.37915807977669
550,107.62454477749196
551,111.73216947624094
552,105.21730436579936
553,108.02215545356263
554,109.88605436914405
555,107.05299642724557
556,102.19829260840147
557,103.87779581516106
558,106.24686552508344
559,99.65194229650598
560,107.26766385394154
561,104.47542589895953
562,102.25057091477832
563,98.46073053711834
564,95.6574191508885
565,108.83720173383307
566,94.82064472646864
567,103.53475528607176
568,97.14494302688381
569,94.10585924817639
570,100.26265932437174
571,97.4127958007758
572,99.48557247982473
573,96.39184363289554
574,93.17259410064186
575,107.641500005983
576,102.4885978882396
577,115.61036706361452
578,116.56373969683278
579,100.44625226383651
580,110.37940278547295
581,101.33487367720383
582,102.34884990199059
583,102.32167900907956
584,106.24969952443935
585,98.68130237928929
586,101.89265582532795
587,98.70190799636283
588,97.02095071687604
589,102.17005395266933
590,92.38570407976512
591,104.7821171716733
592,95.4444708391472
593,93.11319535780731
594,103.57867037574096
595,96.28539507644854
596,96.95401664069651
597,97.5090854527254
598,91.80598160048187
599,94.25444487867627
600,90.51135338094254
601,92.88602927603404
602,107.10636391213521
603,90.79937940438181
604,93.84212884502483
605,108.00743794359727
606,99.10534483716854
607,110.42706923021385
608,107.69718482196208
609,100.6411718332451
610,99.8756566063539
611,96.26979526888098
612,95.75560415759843
613,122.00860118443546
614,116.94549486251215
615,122.1951661096534
616,105.48521905873356
617,106.47202728357965
618,105.8327591583469
619,104.08382932266802
620,107.41923144617878
621,120.79643021149553
622,110.93844626540587
623,107.78909905171967
624,106.44280079831424
625,101.36538175860161
626,100.16454262174489
627,101.28247385748361
628,101.43338968372167
629,101.60608621609566
630,100.70191995342736
631,102.4053257365511
632,109.46431798489957
633,97.40961727631148
634,99.38134278833734
635,111.67593063259771
636,101.80897217206
637,101.73908348681552
638,99.6850829788193
639,114.38618476363808
640,96.68085959518838
641,96.70145738343354
642,104.97389997717107
643,99.64646969482561
644,96.94439414301075
645,96.63423014632149
646,94.39492402341756
647,93.08801090395508
648,94.41254798205655
649,94.92812865135419
650,97.4489272878348
651,90.92908202322953
652,97.03604776696353
653,95.71191638522127
654,89.89619227705728
655,90.23331276999453
656,96.86408464343296
657,148.22899232593562
658,111.86746069123842
659,103.22362374501513
660,103.00560418781016
661,98.30442487185042
662,103.14873249073932
663,100.30421740052746
664,100.07634255852234
665,98.77886605965462
666,102.22887589068812
667,101.21646904652839
668,96.93003707251782
669,100.0698642308898
670,96.06985104295806
671,93.3708104863811
672,100.38412129158048
673,98.51167682365744
674,128.9182572016847
675,101.53561793545771
676,110.21483014770828
677,104.62696982382182
678,106.4775335583772
679,108.1366342715497
680,121.57003762749443
681,105.79595759369958
682,124.21051807972705
683,106.75883117509144
684,103.52980909072977
685,103.82700161294754
686,103.09913167555779
687,108.31365369781798
688,105.60277498462563
689,101.92495223853034
690,104.42881110475233
691,98.8071634011325
692,98.82073238016794
693,98.67394613273872
694,100.88276597496755
695,99.88042270922807
696,102.88658956513758
697,94.27103412747063
698,104.79282219814971
699,101.27882092523672
700,91.76930677670643
701,98.2421815266201
702,101.42654554107952
703,96.50246628019414
704,98.73526437124437
705,95.85778596901181
706,111.54220371804729
707,94.79437858013415
708,92.61949479447742
709,94.35331467126288
710,110.34687961112068
711,99.37940444340555
712,95.64089244162562
713,99.7388565118308
714,106.51121686147877
715,94.14166619069844
716,98.92563569449337
717,90.78454426778796
718,94.0225985467985
719,92.42356940490717
720,99.97733324151133
721,93.34667247906266
722,93.56002879468298
723,92.41544503406018
724,91.52529749200919
725,85.23926637000363
726,93.12425000367442
727,93.6565812702428
728,91.20833043100721
729,87.20498589534262
730,98.0169333714095
731,89.81790451724899
732,95.28912963222416
733,86.5908249313015
734,82.77527805835815
735,99.90691788192525
736,85.0347052250159
737,93.61680882251133
738,93.07664767234881
739,94.97428757819966
740,87.51472221024004
741,86.90372906810305
742,82.27500108193979
743,86.06545857388747
744,82.17652585610867
745,81.25338470495896
746,101.42770172802115
747,105.1000305678026
748,87.79617789820206
749,90.44164410911931
750,94.91393569758979
751,93.04538841757416
752,97.54540409161606
753,90.36621405200995
754,104.1209115373974
755,103.80277811444782
756,95.4919610573186
757,92.11581887241645
758,91.03387809600095
759,99.82438779132075
760,100.03099259740397
761,90.3587006689985
762,90.22457917447367
763,93.16020552998643
764,90.86935275903562
765,88.32823948362403
766,84.92958092980831
767,89.58586901175903
768,84.47536514723544
769,103.51961211643741
770,97.75229171917333
771,82.83173008174157
772,86.86968629406472
773,84.4831778437314
774,91.84788623139752
775,89.266664393784
776,84.81126028631247
777,95.72003015742693
778,89.15785665235845
779,90.0017559989562
780,86.7996152419554
781,89.28331516476274
782,95.88534173557008
783,84.33193462722315
784,96.05829050900157
785,84.32764166843508
786,131.3378410364093
787,96.39842204003074
788,131.7040526076267
789,115.4168697174317
790,107.23568144964835
791,100.7013803682894
792,117.31757730521073
793,103.45129430284328
794,107.05228798699495
795,104.15806253403306
796,102.2695188682272
797,105.05995052581089
798,109.14509125874798
799,102.80982424055333
800,99.67274125922802
801,108.24447974331324
802,100.41493277694885
803,100.19894194130703
804,99.38074555068498
805,103.91911069390613
806,110.5391154141776
807,104.23014978712673
808,104.5832274525556
809,101.00758759191986
810,105.6196900546964
811,115.63474914202632
812,104.97675434103228
813,99.08969786670586
814,97.20246215858084
815,102.51256600610768
816,99.40188973742487
817,98.69269255008084
818,87.92549971879679
819,116.45477014328779
820,107.77744857167222
821,95.94409086835576
822,95.94549346897571
823,100.67563374117967
824,95.88890887645701
825,97.59916139628905
826,95.02762994782731
827,104.01860291017132
828,95.04124879198608
829,101.55560355942859
830,99.1496575608449
831,97.88963139160063
832,100.04266785996991
833,115.97204186320985
834,105.06652982935826
835,116.78461164147333
836,112.24278355636656
837,105.90265363645369
838,107.47292587678108
839,105.04472763330689
840,105.22355213723809
841,98.75266033000028
842,98.45206188560508
843,97.59863700420254
844,94.79208675306069
845,96.82138477645564
846,96.81256490516698
847,126.0865347934807
848,99.89802936422089
849,104.56204923298966
850,98.47948733045416
851,95.11961377080291
852,91.30258569390034
853,97.90672870116516
854,97.17942799248367
855,92.20418372103043
856,96.72347871097942
857,97.39212503686849
858,92.10348534826485
859,91.32520800235123
860,88.42583060728671
861,87.26476770107037
862,91.99644944474764
863,89.85965594215806
864,90.86272398476854
865,88.90510689578726
866,88.37767715910977
867,86.14213225031668
868,90.74716643724669
869,112.31477360775855
870,87.23985639773096
871,90.41512370975097
872,89.8418504586092
873,88.24997116572621
874,90.12242600046905
875,85.09689436125629
876,91.33041264454219
877,91.36501602148265
878,95.48410390039137
879,88.44747698867566
880,96.6837888222622
881,150.40173178010733
882,99.86075641110322
883,135.64129531838034
884,106.76504094226584
885,126.05639262443646
886,125.05302448588284
887,111.81534356697757
888,111.22532168810768
889,110.38268971845523
890,105.57398780658514
891,106.84942340439807
892,127.96373613805385
893,116.9012584578881
894,114.9379184250192
895,109.17822914418626
896,104.10445388880558
897,103.47366849665696
898,105.51899203423066
899,104.40827667970937
900,105.23462788114516
901,103.59763472392575
902,145.84429834117185
903,130.71622128369376
904,112.74258607463511
905,113.81671110574027
906,111.57780819380756
907,112.71272668422205
908,112.08476949770127
909,111.30900256526543
910,114.68576373000953
911,108.46133988199975
912,107.72934585508997
913,120.78575614660498
914,129.50940810020415
915,112.85776838967256
916,110.71655029740955
917,107.97753459610442
918,107.34834317464028
919,116.20400047360494
920,105.82560225094133
921,128.68580168809106
922,130.12002858597617
923,110.32292580002677
924,110.02067566251473
925,115.05880669208942
926,125.7725217557443
927,113.89985400244464
928,112.22203767282573
929,109.46292677930853
930,109.4743729143936
931,108.55863803666622
932,115.1534253481461
933,108.21867592356048
934,114.79842612996163
935,132.65184157771805
936,117.36213982952138
937,114.79783726979305
938,109.61445104815695
939,116.22448276564464
940,109.97735587652734
941,108.08965663577669
942,111.11512373447172
943,104.50042233242186
944,102.83038882466597
945,110.04891235880818
946,114.2925111708636
947,111.97199155231993
948,121.8117670652181
949,108.6383021927767
950,100.41597606716375
951,124.86126197687116
952,113.35576891674452
953,111.83285081178988
954,107.53484411714626
955,106.40852306452481
956,106.60862153640825
957,104.93350726267364
958,107.66290738456547
959,116.1861737476616
960,110.82318303712259
961,110.5358167720011
962,106.48199156113446
963,104.36785041585728
964,107.85086687105138
965,103.35304319133071
966,117.75047751296252
967,100.91098353422308
968,109.82615501803879
969,101.98592605478377
970,102.7209993296857
971,99.33050006536905
972,100.09049497824655
973,96.89856195507531
974,97.92070369800705
975,101.86807480743998
976,97.11271613164648
977,113.87315957494906
978,112.18398151353702
979,99.0881006676858
980,111.63752548734622
981,102.35814012836128
982,120.53893172309124
983,110.85324087505545
984,102.54428764322665
985,101.16637848126213
986,115.30420176996985
987,102.95259509079725
988,107.65191197925193
989,102.62321726250433
990,103.33578971532935
991,103.68546897865296
992,98.72978600791487
993,97.50332152609457
994,102.91003983784643
995,100.15180881291627
996,102.76450457423084
997,98.85790308240283
998,105.38638168821595
999,93.9103690822666
1000,93.4643752048182
1001,105.06630577754804
1002,99.82632548236934
1003,94.83946135093277
1004,91.24657950603762
1005,97.16738283274361
1006,92.6158547948057
1007,99.73820842809923
1008,87.73685276413082
1009,92.31192736459715
1010,93.05542071477531
1011,98.5545757290519
1012,92.15700186407676
1013,89.25468006350192
1014,88.00701200567764
1015,85.97895248591126
1016,94.75838813497921
1017,86.35951746297147
1018,83.3143320291661
1019,82.88282071893673
1020,84.55035804050141
1021,115.58912862546663
1022,102.7259373358853
1023,89.169447198885
1024,97.53698951422955
1025,95.74614592274852
1026,93.34018555865273
1027,94.6513237867906
1028,89.53125642416938
1029,87.10403472656685
1030,84.47678861681786
1031,104.78230480507328
1032,103.51674696369474
1033,95.98474922981075
1034,91.90313274490663
1035,94.66591244698239
1036,94.95923716448982
1037,88.7833452604272
1038,86.83918550918298
1039,85.05482109479286
1040,86.62591576761042
1041,91.03233895382905
1042,86.55361469473658
1043,85.0628290094132
1044,85.6181412314185
1045,86.13645684798547
1046,118.14394099665563
1047,113.45450902698592
1048,93.2647643324396
1049,111.92846241749291
1050,99.75755269699772
1051,100.72971845122758
1052,93.65064749328866
1053,97.74317113816194
1054,88.46611508448683
1055,92.10904863744184
1056,86.74853900851443
1057,95.3226967427389
1058,95.21909538339102
1059,95.00991033462049
1060,93.71447135624072
1061,95.11093609294554
1062,98.12695409055027
1063,91.90379036457695
1064,96.61373859202972
1065,90.08465924394217
1066,103.04034043576509
1067,94.81950287966936
1068,94.76146879067424
1069,90.52933755321759
1070,92.09724205060189
1071,93.03907968079989
1072,90.68217969042372
1073,89.72206308292752
1074,82.8838281176929
1075,88.58790245012995
1076,94.38231710755329
1077,81.97682050560095
1078,92.3479272360669
1079,88.61932178532304
1080,89.45525178468768
1081,94.56307148723573
1082,84.39985502298495
1083,85.44468636518994
1084,82.74622575175167
1085,82.15246941958506
1086,87.63945346314934
1087,81.20574260841823
1088,82.04902946352675
1089,80.1451338036754
1090,81.9464023283748
1091,84.00506974482295
1092,80.51916482963314
1093,75.61854591629378
1094,80.81728106890537
1095,80.5635056502228
1096,109.75015783502775
1097,91.1715025253745
1098,86.05566274983633
1099,106.89743148786921
1100,117.68506032775369
1101,89.59795301141757
1102,89.79200466908335
1103,86.5920330818486
1104,90.56534555335642
1105,100.46510891838453
1106,85.71823265359511
1107,147.66372812645665
1108,134.2662027292919
1109,100.53686297322804
1110,103.78698231832468
1111,103.25701480016696
1112,99.861945693565
1113,99.80629750412594
1114,102.2492267113345
1115,100.79856678333452
1116,96.73694651791865
1117,100.14484102494694
1118,102.45362030873679
1119,96.86155378498933
1120,96.83440085431837
1121,92.71392635983021
1122,107.75618558660163
1123,120.68506176823017
1124,104.44639685475731
1125,103.91227599147373
1126,105.98132178112228
1127,98.18757796538597
1128,100.54324214859227
1129,97.61889222100328
1130,94.42266407719524
1131,95.35108855559417
1132,111.11038417761569
1133,91.63655056693729
1134,115.9509878193847
1135,96.95943418990079
1136,93.35426496950619
1137,97.3320480761615
1138,94.5872359328964
1139,95.3366882829711
1140,103.38382077222914
1141,105.09651660659078
1142,97.19954948140042
1143,92.56709962365548
1144,95.21003421900505
1145,96.36305503306372
1146,92.45764434150657
1147,97.6781246423852
1148,88.40263719793369
1149,93.19601656299456
1150,94.52486888909938
1151,89.8676805315127
1152,115.09184125504686
1153,99.12955658426579
1154,101.55790026880841
1155,96.0805572779556
1156,100.8632627063062
1157,100.7159374755925
1158,128.20963707907868
1159,98.60734750222072
1160,101.81457040714203
1161,99.30347884866033
1162,97.05550924600912
1163,97.11675208015654
1164,99.66792233699273
1165,98.40441841421523
1166,103.71288490844671
1167,90.0149483985473
1168,94.13132959091523
1169,91.29558019521849
1170,93.9188777229672
1171,92.34446362707916
1172,92.12184258071318
1173,94.40920561488221
1174,106.30261212371971
1175,100.73867087040583
1176,118.71336969153404
1177,118.15660091267395
1178,116.54569467293496
1179,103.5576158767766
1180,109.16838444269058
1181,109.32131371890264
1182,110.4291573517406
1183,101.33992245072112
1184,101.27774520635325
1185,96.87591621873698
1186,102.51713857907833
1187,102.07253870511002
1188,101.71950545348236
1189,103.90527320311122
1190,97.925352424654
1191,99.45804173593925
1192,104.55834224077552
1193,96.66017436409746
1194,94.36931818626712
1195,100.7566970936132
1196,95.36273319614924
1197,97.00610918929921
1198,92.01594739678431
1199,98.38325791877054
1200,91.69501812578952
1201,86.85290449362981
1202,86.13102375075076
1203,83.75306988633693
1204,104.88092390501068
1205,90.85050528638628
1206,88.52177522434889
1207,101.1382347849312
1208,86.87318585623305
1209,91.5065370305611
1210,90.5459341615243
1211,91.88699788956075
1212,89.14251054664629
1213,92.62794956732382
1214,90.74742020680912
1215,83.17806095455077
1216,82.45368587687943
1217,87.74916546138272
1218,85.13144743197579
1219,89.46968681393791
1220,80.13143776395674
1221,81.94786375085756
1222,89.59484449504862
1223,81.02169465720709
1224,82.06684169654217
1225,85.42900909146897
1226,76.32511381837861
1227,86.50504099405063
1228,81.79919506037663
1229,109.0769323705627
1230,88.47449683443396
1231,88.62232014738439
1232,90.53412576520478
1233,83.88309151797105
1234,80.91277202336975
1235,88.28664430065646
1236,106.45252428056149
1237,89.72594443648195
1238,91.75872045845057
1239,87.54721816356228
1240,80.64883863373866
1241,111.78937403489186
1242,89.63660025269152
1243,84.69639655403327
1244,82.99962382325165
1245,92.04881009927213
1246,85.46016694247169
1247,81.38747697150026
1248,103.96644681680476
1249,88.23168297751673
1250,87.03128064983659
1251,87.52891847149056
1252,87.64278786608122
1253,87.1569196067422
1254,85.4016514708013
1255,89.483328201528
1256,79.23089432801733
1257,82.38501438299369
1258,82.63844946703088
1259,86.9849504001171
1260,86.3141278654426
1261,82.94903604412055
1262,80.33112268193999
1263,105.78411915707184
1264,101.89343207291962
1265,90.93768734014495
1266,89.4615461060754
1267,84.89314349194973
1268,98.88291327340217
1269,93.02462555226711
1270,91.21016485194008
1271,85.75083236837546
1272,92.65249022250035
1273,115.86788732566909
1274,111.34670426880848
1275,94.15492024726366
1276,96.77168968413805
1277,133.03371659872934
1278,99.47371863976487
1279,98.68527747648875
1280,97.89904355273914
1281,96.5246402126099
1282,95.18722057310775
1283,98.54152217913845
1284,94.63041269675897
1285,95.46629442964297
1286,93.26009963728714
1287,90.18214393121251
1288,102.21234894299428
1289,92.20590096350922
1290,111.7408745330143
1291,89.64080423201928
1292,94.3166563059512
1293,92.58382968600915
1294,109.35467294296228
1295,90.77635152293996
1296,102.47274101213165
1297,97.18667276478405
1298,91.86635160557341
1299,92.19411600199874
1300,87.43984968164266
1301,86.03059741774744
1302,84.72493887230748
1303,108.32331520917957
1304,95.6029747128868
1305,90.6968619190213
1306,90.19175209285108
1307,93.2193585213648
1308,92.79650386337056
1309,89.26299998606314
1310,95.95623090004706
1311,93.65281015104372
1312,90.76031412883496
1313,91.36405032911458
1314,87.75514307709038
1315,81.76400666808894
1316,107.34272155195184
1317,89.96937493018768
1318,114.30091890683009
1319,90.94157195307787
1320,96.98793215136396
1321,98.52244662057969
1322,101.25589712307011
1323,97.71985859234238
1324,95.18813092326872
1325,96.79086272091124
1326,98.90526733484424
1327,97.83198513103133
1328,99.60922234161274
1329,92.55483942130739
1330,96.51531667595273
1331,97.08587870882775
1332,91.05288135420004
1333,94.24460983366684
1334,91.75068488720744
1335,94.30279862118542
1336,93.01816897153489
1337,87.24775249810136
1338,96.41190004067853
1339,90.04968439423169
1340,97.3316161070598
1341,83.84045383469808
1342,115.48058085153693
1343,91.75534312398206
1344,95.88995773321541
1345,112.99570891561811
1346,98.57802027902977
1347,97.8716026998487
1348,103.42060741434095
1349,98.71143319788992
1350,97.09521647190572
1351,93.6299276621801
1352,110.46612463247578
1353,95.66005265072766
1354,93.55013342815225
1355,98.35648953546834
1356,91.4747425267993
1357,90.88952253827395
1358,101.77194486675727
1359,90.0546429274981
1360,97.03793174686064
1361,90.26101034323229
1362,152.01994366729826
1363,109.8919357018093
1364,105.9222643907601
1365,105.56839795843153
1366,100.91817610912392
1367,101.52015995471017
1368,102.66760910681876
1369,111.17949703733015
1370,94.86103779342199
1371,97.93035372130005
1372,108.81532277276585
1373,99.79103532959188
1374,99.78103321316169
1375,105.74278890195677
1376,95.74430888762195
1377,97.12068601590266
1378,119.16501373111143
1379,102.50474147884665
1380,103.56967206183046
1381,98.05701235922358
1382,99.23213504942936
1383,114.45571763155843
1384,108.41434616338415
1385,101.8246000491795
1386,107.04440002851257
1387,108.1695954191831
1388,104.01559237935652
1389,104.35510956278681
1390,103.08505579313123
1391,95.18125138372483
1392,143.51118451946206
1393,136.2709650497114
1394,117.7012062904139
1395,110.07193179253619
1396,110.65994711032545
1397,105.97289398742703
1398,102.43833246026912
1399,111.83517468016571
1400,107.1968312619477
1401,103.39965397288616
1402,105.55209590508467
1403,106.92559691537012
1404,102.34797961815985
1405,100.55866331788049
1406,100.44936450221374
1407,103.3408768039597
1408,105.16644890343247
1409,105.67923713643653
1410,103.81184450510078
1411,100.77290714634908
1412,111.33169530161302
1413,97.2385696121031
1414,100.30482614896367
1415,98.03813622392451
1416,95.86906780186473
1417,97.2351248236342
1418,94.14293484010024
1419,101.80084530431243
1420,101.18576198307498
1421,103.99248629601567
1422,106.49169968668998
1423,97.02427440745383
1424,105.15654728856659
1425,96.47921348332832
1426,98.60508387086288
1427,99.19561417522165
1428,93.60862454949066
1429,93.13846012944518
1430,90.53821109584882
1431,91.7214563496213
1432,121.42683804855221
1433,98.21312256985486
1434,120.81307109694082
1435,99.29966924428714
1436,102.60149121100838
1437,114.09273346518304
1438,103.24857192059929
1439,105.40066665359932
1440,115.14892249563731
1441,120.19136257313994
1442,104.5980679454826
1443,105.88657064488305
1444,107.13958372632696
1445,101.99935210620089
1446,114.34725276103862
1447,102.0661874921944
1448,102.2211453587091
1449,101.80112916440189
1450,106.65500886128632
1451,100.49130955662626
1452,100.78706159949681
1453,105.14560029875635
1454,106.56637878871292
1455,111.78777419512983
1456,127.3279377796796
1457,107.71564951646708
1458,105.68390574474166
1459,107.30031368660144
1460,108.6676791229878
1461,102.97387061375561
1462,118.81635276589313
1463,101.30407470864628
1464,113.90903356356522
1465,106.75507642659223
1466,107.856352740705
1467,107.92405739034695
1468,101.37722956768033
1469,102.82111583549593
1470,111.34982714113691
1471,100.93884999780585
1472,97.69042182408137
1473,100.27906801107008
1474,101.37210090435532
1475,127.65478225854872
1476,104.8633415503911
1477,116.18109109726252
1478,104.1266018061894
1479,131.44273070921565
1480,111.28316887780133
1481,110.75883726270662
1482,113.9819322300068
1483,110.99508512721901
1484,120.02879118173912
1485,108.24374602794022
1486,111.52270590243869
1487,105.11043064668584
1488,111.54416258751245
1489,109.30562803727312
1490,106.84299502423329
1491,110.7896679175876
1492,103.6926596938494
1493,102.16538907388619
1494,117.04814338618776
1495,116.4543739105726
1496,111.07126507739068
1497,108.02544475633542
1498,98.5685609931638
1499,109.58198420848113
1500,101.12166003125243
1501,109.20856993019981
1502,127.31161615018827
1503,119.47019160406558
1504,102.86601724545666
1505,106.50956612208586
1506,103.10642165212627
1507,102.76211850714712
1508,109.07579335309018
1509,115.77178776705463
1510,106.65736007856032
1511,102.22808046038288
1512,103.88201317113909
1513,101.22545677095337
1514,108.87989928228271
1515,105.24451273789612
1516,104.98380840476943
1517,100.24345386301812
1518,104.19018224474046
1519,97.27176457772285
1520,100.99700734404144
1521,101.02305039827476
1522,100.42849023779678
1523,100.04261652318553
1524,95.17992431137743
1525,99.51229940276934
1526,97.84720290783244
1527,94.80987216759154
1528,98.32080477432821
1529,100.69574256671478
1530,99.4698600759437
1531,88.75582377803272
1532,93.44828070361802
1533,91.26064956343932
1534,97.0114596253267
1535,98.80962502456607
1536,91.37066351806425
1537,93.38932340073666
1538,95.15189043838548
1539,87.56735570529877
1540,93.67850343406444
1541,90.29158549148899
1542,91.2573493101936
1543,90.66459526580263
1544,90.32726078452279
1545,83.93907933380156
1546,101.26219180789818
1547,92.11526110799656
1548,88.19862689690571
1549,87.99789227695979
1550,101.60185991691033
1551,91.40606422647838
1552,82.42613627577991
1553,89.14274836217072
1554,80.65827170585018
1555,85.65952350856911
1556,77.97886708268426
1557,94.69055993256575
1558,82.02013139123689
1559,83.88047381843649
1560,77.16956262654111
1561,80.01305151785942
1562,76.82002241791851
1563,83.57022916177863
1564,88.42684746591627
1565,92.75962736301533
1566,80.26741471557514
1567,91.6353826845929
1568,84.60474332956872
1569,83.96098389854521
1570,76.90647620247968
1571,78.0186215407238
1572,79.2082798694718
1573,83.09800731711226
1574,78.78588309449303
1575,78.05734526506771
1576,80.5038934491965
1577,75.56169258805102
1578,76.44376251516033
1579,81.38732666701475
1580,100.45981459811875
1581,78.79663276313008
1582,79.68434053965231
1583,81.38021096769259
1584,75.0380486445696
1585,78.30482983396317
1586,74.87301564564704
1587,73.29858884838106
1588,94.53018001405842
1589,79.57123698710186
1590,76.28580491111086
1591,78.84983267596667
1592,82.99184234398817
1593,108.34003545526757
1594,86.32189802030106
1595,109.34933696707587
1596,87.65862590241457
1597,91.08797286107057
1598,89.72408783401832
1599,103.63983846135562
1600,91.98130571826186
1601,87.5206406487026
1602,89.52005802296631
1603,86.8214234689879
1604,87.55864019579974
1605,99.2730192844566
1606,95.2178543953356
1607,86.9201117256141
1608,89.9808217119222
1609,88.59181271860828
1610,96.4608616934857
1611,88.8198416793314
1612,88.926806016973
1613,91.8924062190688
1614,83.35958132020707
1615,87.2450299605395
1616,85.34187472616642
1617,89.53339118727575
1618,82.04191208321747
1619,86.13138837516625
1620,83.81604387632436
1621,90.58061164547911
1622,83.78051183861336
1623,83.22137460214155
1624,83.39408841708476
1625,91.60657961392414
1626,117.24973008759062
1627,95.68513479367783
1628,93.36553724843657
1629,87.20787332792226
1630,90.79578526861337
1631,89.82641585219741
1632,89.73684074905108
1633,91.33756231621715
1634,86.33185735507622
1635,90.36645596525423
1636,90.15351952398647
1637,87.99384368408421
1638,84.07292849776599
1639,92.58109352204586
1640,81.62815539288542
1641,81.57814875943157
1642,83.79886136381573
1643,82.22875716153979
1644,115.17566408720492
1645,88.7726584330611
1646,90.398540790842
1647,112.80525108509192
1648,87.73293713836999
1649,89.59491221326769
1650,92.91033652144269
1651,88.88116607956296
1652,92.27893002691293
1653,85.58533239899576
1654,88.69562019300182
1655,103.72704401239145
1656,89.97340647515207
1657,95.63150190110586
1658,95.8929681589701
1659,90.19074885197585
1660,87.45703147979481
1661,89.07957664908895
1662,89.51506967336293
1663,88.28490638359243
1664,98.84114937418342
1665,94.17884150181098
1666,102.23341063800227
1667,97.62169399205708
1668,92.65769822414252
1669,95.9319218987105
1670,107.16421965429069
1671,96.09986961046738
1672,94.03082148626066
1673,90.84418045732477
1674,100.2541074421447
1675,125.37852200912727
1676,96.80335631855968
1677,96.68150997439399
1678,101.58314225668524
1679,94.98968071009848
1680,100.80493431942246
1681,92.14809318405173
1682,99.22714503299423
1683,99.0118948820265
1684,96.56944385961896
1685,95.57098092127934
1686,106.59308597894446
1687,92.23183606340574
1688,98.97517335402169
1689,96.1996793966507
1690,94.04468753921141
1691,94.61188738906218
1692,92.41249909888347
1693,91.12471461376782
1694,98.74947197255479
1695,91.56555441066774
1696,85.43527557197893
1697,89.30137627308973
1698,85.06191781640332
1699,85.34053800858946
1700,88.20898218744082
1701,89.8657859188125
1702,88.60883745152042
1703,92.76028157413552
1704,93.78642522551752
1705,89.79138996901696
1706,86.22382037545447
1707,84.91035963127683
1708,88.25470708121998
1709,86.82129231733657
1710,115.06442221792744
1711,118.76015599615792
1712,90.15670475224152
1713,90.549082415142
1714,99.32203925373032
1715,100.20845894990488
1716,110.09539795969448
1717,93.26386296922642
1718,93.34718321006213
1719,99.86267580601589
1720,93.10766020841234
1721,85.91914542613809
1722,101.9877901964588
1723,93.46358771289805
1724,87.70261595726166
1725,93.21983623972052
1726,89.65677798508068
1727,88.59226181497212
1728,89.07509896246586
1729,83.57939951902894
1730,83.74917419799684
1731,85.56669880943505
1732,83.04358906203127
1733,82.1748114388932
1734,83.27324966316401
1735,86.70560722127831
1736,81.80768397346458
1737,86.31015632170615
1738,83.50898173924804
1739,78.30249082829843
1740,79.61921333579836
1741,82.0105224664009
1742,74.58572373049242
1743,101.17310363339456
1744,87.82958020596715
1745,77.25495773634714
1746,76.29881851176762
1747,82.94922980522128
1748,80.25070924410674
1749,75.38519791324674
1750,77.94456827915397
1751,76.49726937850892
1752,72.87663260707797
1753,79.87912240927407
1754,103.03227989956966
1755,80.0170939937465
1756,77.25838120752334
1757,73.6515158263469
1758,80.47819645649491
1759,76.59512117137865
1760,75.83843033912562
1761,75.87278271852746
1762,72.42562376497487
1763,74.60886814425315
1764,75.14802387555088
1765,80.34395922733368
1766,71.94503869349484
1767,68.42298226564833
1768,67.63079217418715
1769,70.72181312101733
1770,68.33722308983897
1771,69.0819589317392
1772,76.09701649640385
1773,70.20139353378967
1774,64.52600797395598
1775,70.35206372511954
1776,66.73020831946155
1777,63.531620504301145
1778,67.60142911101934
1779,68.08662598366206
1780,68.04436480943346
1781,66.01762309723938
1782,69.78908654673111
1783,65.74304174653369
1784,68.78894214196383
1785,66.6327937624323
1786,62.689867130467064
1787,63.02841704916683
1788,78.8314425023675
1789,66.48013205882972
1790,68.92248513150754
1791,89.65825133664337
1792,72.86127567246373
1793,97.52149349015934
1794,77.40556968206482
1795,77.632212277909
1796,79.53779766595204
1797,72.0617937158963
1798,103.10448849528274
1799,81.67564471905479
1800,76.21866246105247
1801,81.99568400943998
1802,75.08956564918076
1803,77.35855494284985
1804,80.42367765982898
1805,76.54780802085864
1806,76.01629065114149
1807,74.49106189986904
1808,83.68522133609919
1809,75.56207582827766
1810,77.7016083203751
1811,72.5576313888238
1812,75.7008458604837
1813,71.0651929826554
1814,71.51682196743059
1815,77.37101746395105
1816,71.0953904312736
1817,73.66841392675198
1818,68.56677427206535
1819,73.36042504832321
1820,67.38807303351783
1821,66.12915548744581
1822,74.66486904380193
1823,75.40790246274193
1824,69.60310480931975
1825,68.16767577047956
1826,71.97948348927201
1827,72.45537024822576
1828,75.26240912156621
1829,67.82913165407516
1830,66.98813529971977
1831,66.97412079368243
1832,63.3448920129088
1833,67.67321958988144
1834,67.65244768471213
1835,69.83234692541656
1836,69.53288090026598
1837,62.400571430209915
1838,60.27058208521284
1839,65.51638915300401
1840,61.579622987082715
1841,66.99749438953512
1842,67.01549182160034
1843,62.444575112595025
1844,65.33154021667445
1845,58.57153458596352
1846,67.42936978715693
1847,84.42147340357843
1848,76.65674958484115
1849,77.40515255365526
1850,66.63036528251568
1851,66.39706451129943
1852,67.17081079815166
1853,75.4343323731137
1854,69.3508794589904
1855,62.15682138543317
1856,67.11126552133648
1857,68.81073066969442
1858,61.73501094488819
1859,65.68806018644466
1860,69.02640725107446
1861,94.30672863625047
1862,71.44341931626357
1863,68.74654111609587
1864,72.78184799580056
1865,88.78601783064121
1866,76.29310768729373
1867,79.30492116540029
1868,76.09403735252837
1869,87.62385035252004
1870,78.63687007701915
1871,84.3998641378009
1872,93.08344480483547
1873,82.79545906394361
1874,110.43159742935215
1875,90.77476087357189
1876,84.68706632559017
1877,86.6683847523393
1878,86.08989951617261
1879,85.21139787989944
1880,87.69289369426944
1881,89.85590170368813
1882,84.23112552809695
1883,83.86324121328926
1884,80.97094069613419
1885,84.48131348864167
1886,81.90842108095565
1887,90.43554540967588
1888,76.00071246198179
1889,78.3194722296386
1890,86.54689822051282
1891,85.03343949689517
1892,88.89915509364394
1893,82.51458294306435
1894,79.49769172705133
1895,80.98298147242417
1896,81.67683883466984
1897,80.5037799325703
1898,82.75782631264211
1899,76.20877413105781
1900,80.82276356174674
1901,77.61788984623374
1902,81.26544092424521
1903,80.31995045727133
1904,77.85449762421644
1905,93.39954346896275
1906,84.49705806231752
1907,77.75416423524388
1908,88.27786353692545
1909,76.74236048141198
1910,75.45119657923169
1911,75.22687346708373
1912,79.33194636749172
1913,78.63372971993688
1914,74.29282132471383
1915,74.3283478595641
1916,74.39175194084231
1917,103.38791821643665
1918,80.34249665113006
1919,96.8681209824661
1920,84.06981985909698
1921,86.56538593563614
1922,80.86647797093485
1923,91.31958961187014
1924,81.62992290281316
1925,81.61696450801443
1926,79.84080528533721
1927,84.50798509363005
1928,93.94351575491616
1929,80.86070742966974
1930,83.92570647324555
1931,83.40288087931414
1932,81.1112064576245
1933,82.02221145305018
1934,74.4127447720806
1935,77.09814797108028
1936,76.35637320605588
1937,86.15421034625722
1938,83.16744667384631
1939,79.98452173778514
1940,83.83501865046867
1941,78.2566845482916
1942,76.94376144875685
1943,78.33889296087445
1944,78.32788591597246
1945,120.08661703363563
1946,86.14665898769476
1947,106.41847966788093
1948,89.0856258259615
1949,88.08913666885175
1950,85.33318223602421
1951,80.07538403120363
1952,91.94280317352265
1953,83.78893022488569
1954,78.8627139057551
1955,80.22778396129286
1956,77.68663665723125
1957,76.47757925943698
1958,73.53456076651096
1959,96.2718110761402
1960,101.85338188348148
1961,83.4744151101463
1962,82.1585621044136
1963,79.04972043996929
1964,114.54302955825898
1965,88.09581804122618
1966,86.28194053669785
1967,91.97807340940959
1968,94.35138729348242
1969,85.79184593990145
1970,84.45624987732536
1971,120.78626087998273
1972,91.89884208601454
1973,92.8325621098814
1974,91.7289019047873
1975,84.86016451780245
1976,102.22372875388763
1977,87.33121316920668
1978,90.56614099757455
1979,89.38809803947878
1980,85.00263986061121
1981,86.09824094751532
1982,87.57139684194107
1983,84.76371558166099
1984,99.45463333894473
1985,88.14221951852073
1986,89.58590985354331
1987,87.36713675221037
1988,85.70165370862425
1989,87.35778748527014
1990,85.20480862278521
1991,84.91682808248258
1992,81.45060928629037
1993,84.2474374578706
1994,94.76122298064355
1995,86.52446833992074
1996,81.31376739022083
1997,79.28389873074688
1998,85.28920653024309
1999,82.40905557983577
2000,78.61791036743385
2001,74.85719798828652
2002,79.72472297266008
2003,94.74707727695173
2004,79.52071870233581
2005,83.39830650157464
2006,78.04510505369203
2007,78.46878232905574
2008,81.03709317596066
2009,80.23617238603538
2010,84.79731249876454
2011,84.4247301925297
2012,94.40691102491743
2013,84.0038477344663
2014,82.34089702772593
2015,79.83806207492118
2016,86.11739471239488
2017,79.82506596057901
2018,84.92102531176201
2019,75.34197053419001
2020,79.31019019191221
2021,75.36404753234766
2022,77.24802055813205
2023,92.18830609471134
2024,106.83051603788452
2025,92.46564991371069
2026,89.97278599165641
2027,85.20294221065245
2028,89.94938715591366
2029,85.02144949438515
2030,87.1719435052284
2031,87.61274550878392
2032,92.9124651974818
2033,112.1229204808431
2034,90.96762476279144
2035,90.40884666369868
2036,104.36799809853594
2037,92.33916464469621
2038,89.70325157636555
2039,94.1330529320822
2040,97.77181955182812
2041,94.33187594371849
2042,115.00914837877067
2043,91.3507572610334
2044,92.74841864206772
2045,94.36389076063604
2046,92.09961302702676
2047,94.96870337081592
2048,99.68687547857381
2049,96.71447979276824
2050,90.6027566488156
2051,90.89276008188853
2052,95.01313588619067
2053,96.65003600579394
2054,96.3165431843875
2055,94.98720946489308
2056,88.45679763959623
2057,93.02245704330586
2058,90.25194677663438
2059,85.98231741364569
2060,91.61983384152545
2061,107.04072625427412
2062,94.08975970507142
2063,87.48404777177794
2064,81.15937158580599
2065,85.62679083249019
2066,81.68821657467694
2067,85.86330806091334
2068,88.23016757031965
2069,80.76696491832527
2070,80.4055829316051
2071,79.12977163512201
2072,84.26532855548855
2073,76.90573256404983
2074,82.65361289738482
2075,82.26158033000972
2076,77.07074718496791
2077,79.41277228076888
2078,81.79388052525255
2079,79.83473899851813
2080,71.74608250784976
2081,75.85226318071011
2082,71.74689423332086
2083,84.36859742364432
2084,73.21538748742631
2085,74.05194138011595
2086,69.44718863922307
2087,76.0508213069221
2088,77.45264997032962
2089,72.70851227607841
2090,73.63741488136368
2091,69.62721552914975
2092,71.08522589232088
2093,75.4351305319297
2094,72.44558714473082
2095,74.76372291703615
2096,75.17708402514111
2097,68.1437040478394
2098,65.44730076542277
2099,63.27337807195329
2100,70.69730000340417
2101,82.11103144096651
2102,67.72151236327048
2103,71.43862576241078
2104,68.35321377466066
2105,71.00520995582066
2106,75.95725724928982
2107,70.80134654344015
2108,67.83225899640769
2109,73.55924036245875
2110,91.5914501872392
2111,71.53819966633095
2112,88.3232232846726
2113,74.49191765837472
2114,78.52870939851856
2115,74.6504347216744
2116,73.50990685421618
2117,76.68450172707067
2118,80.16960197518661
2119,79.99859926903629
2120,74.60380635629828
2121,88.65135626435709
2122,78.92748233945495
2123,75.19473911671419
2124,77.90468231008559
2125,69.75498032631101
2126,71.54646175904438
2127,72.53443451685521
2128,67.79034869641144
2129,70.07113984009712
2130,72.89170404735943
2131,80.05815894866923
2132,71.79246284989571
2133,73.71949979126715
2134,74.65580848540759
2135,74.32798956032327
2136,76.56044020713459
2137,66.04337575533026
2138,69.56347182522725
2139,68.1870115522679
2140,65.09890817435755
2141,69.50135475217708
2142,68.8964736391916
2143,75.00815383799899
2144,64.58507572421637
2145,68.66539355688204
2146,65.83737323238381
2147,69.74350352723025
2148,69.72794535735369
2149,63.696713620999624
2150,62.04619728834467
2151,70.49250563792641
2152,82.12838240258023
2153,69.91859592817399
2154,77.11630435313093
2155,70.74647541551823
2156,86.62293154500706
2157,94.80156902393588
2158,72.23710004655874
2159,81.70170126711068
2160,78.7651166221713
2161,77.89047881310447
2162,70.82503751048844
2163,70.07674685648284
2164,68.72878280788277
2165,72.04949165189376
2166,76.96319375707095
2167,96.94434385695436
2168,76.50355980561005
2169,72.13781190937311
2170,73.76230421874594
2171,75.75682560370689
2172,91.35367443905167
2173,74.96787569624429
2174,76.58824687677446
2175,76.6503822739653
2176,76.22513167246055
2177,73.54201005749626
2178,82.9922045873021
2179,80.12096778035666
2180,81.17883916754579
2181,69.74872898908717
2182,77.41496876798034
2183,71.16966841646646
2184,72.7384496860342
2185,77.19313709042055
2186,74.14238198889265
2187,82.73702339013732
2188,85.0292504154889
2189,75.00272531597037
2190,76.38923727898265
2191,73.6392573799267
2192,71.74155362740227
2193,73.6917090615099
2194,73.38597256554499
2195,73.21994035638433
2196,75.94081597011066
2197,74.62452241246052
2198,63.34944673797644
2199,68.36746866921159
2200,71.02324353161879
2201,71.4916966200354
2202,67.95632995207741
2203,67.37777167854392
2204,65.97815428069475
2205,74.21147389555982
2206,69.66448433099592
2207,71.08859248612455
2208,72.56023664146548
2209,75.28979523049564
2210,88.75366695617471
2211,78.3210621869887
2212,79.22935795127272
2213,76.76661983526793
2214,67.71673367525418
2215,70.80406516061558
2216,77.56945025190427
2217,70.21526813463599
2218,75.2659602583256
2219,67.76245146179514
2220,69.49326394027386
2221,102.57841645517439
2222,71.62345046708813
2223,76.19725065831179
2224,73.56889832891726
2225,84.10550599539354
2226,75.19816956442521
2227,77.12021759108107
2228,79.47915912283851
2229,75.84609927586543
2230,81.01928133094565
2231,77.26210622434958
2232,75.80660565490501
2233,72.31861117500802
2234,70.56481075999129
2235,71.86750393438938
2236,72.0369659356468
2237,66.9414821565359
2238,74.16851943512549
2239,80.2230626225691
2240,71.96363594312315
2241,79.4497676698254
2242,71.83975834033572
2243,88.63004575672429
2244,81.56312516641718
2245,72.623606257787
2246,74.34495017887075
2247,67.58014575231097
2248,73.82228357746843
2249,72.6013940102582
2250,70.87949092851633
2251,76.12584594006317
2252,72.84076392155544
2253,68.36414755854456
2254,66.56937296594737
2255,63.736946184536386
2256,75.37869471485847
2257,68.56569794089597
2258,69.2016931611569
2259,81.36340670475228
2260,77.52763762883333
2261,70.51289895050583
2262,69.83668995293107
2263,84.99585339723343
2264,71.37684595605758
2265,73.70146546412174
2266,77.31860969414375
2267,69.69826279100646
2268,80.75233572700506
2269,81.59168013975145
2270,88.5547529452437
2271,74.92077102069516
2272,77.64376227715695
2273,103.06088107742012
2274,81.61545515480057
2275,80.8319649712943
2276,78.09780948936604
2277,91.78963204091266
2278,81.39390922542142
2279,81.90081123607565
2280,81.61326454427221
2281,80.19566418980004
2282,77.24778913580145
2283,103.88013631152103
2284,88.30294894869374
2285,84.21899836403144
2286,78.1954326805663
2287,83.8604662771535
2288,76.78698078769176
2289,79.1332073925361
2290,77.60187149881706
2291,83.51408137331208
2292,73.57664657148649
2293,100.49577011750914
2294,79.64838542120941
2295,80.91200320112455
2296,81.46080871036271
2297,80.7209280046608
2298,81.66881953304737
2299,99.63611763549675
2300,85.13756524706801
2301,86.37834054110272
2302,82.09470658624114
2303,94.8881703932592
2304,87.67438500141546
2305,79.66234665484572
2306,82.8602693250013
2307,94.39050263082602
2308,129.52540340618594
2309,94.99917849438314
2310,85.9238951242897
2311,100.47471675657978
2312,96.75739671731523
2313,93.07893395883413
2314,100.04425105028112
2315,94.58828129430972
2316,90.11118470073939
2317,88.64792055136218
2318,91.62404588056667
2319,91.95566910063326
2320,91.81609950731102
2321,88.00007420888923
2322,91.09346181297244
2323,110.59812160444389
2324,89.19782058018413
2325,93.33699991957207
2326,95.86248338482537
2327,90.4470261753955
2328,94.17232750730749
2329,89.47100594028463
2330,87.96096285963908
2331,83.26430097980506
2332,87.5786764138878
2333,83.73749798766632
2334,83.90663260069677
2335,82.71018162203528
2336,75.28253720011725
2337,81.20042452675276
2338,84.49701746619796
2339,75.93649833621961
2340,74.70437754442902
2341,75.84678033251927
2342,79.01469161277825
2343,76.83446160567402
2344,77.32997262155386
2345,74.89101272304545
2346,75.74702327243698
2347,73.90759330153305
2348,76.83111761106423
2349,67.27168598335076
2350,67.84337623535795
2351,77.93841978143166
2352,68.03077101336385
2353,75.66116968149484
2354,67.66468318419322
2355,69.22810294379099
2356,65.12946758530595
2357,70.95099619779452
2358,71.72475623459933
2359,82.14844187845608
2360,69.48277074818355
2361,72.38143200001426
2362,72.89478470306737
2363,69.05067509819143
2364,72.6054062319766
2365,68.84419872341186
2366,64.54147764313294
2367,66.60766170614667
2368,74.58577484477695
2369,66.84975748053282
2370,63.03574228409504
2371,65.56630644762004
2372,62.13973310601321
2373,68.59276376018393
2374,61.11430984721776
2375,66.92896031640066
2376,62.528229537879476
2377,64.156882087739
2378,60.740608310492604
2379,62.05108099864327
2380,76.38624966547002
2381,64.8564711811515
2382,69.51767626544552
2383,65.05592636942359
2384,69.66868836639838
2385,70.37620873728353
2386,86.79931240365659
2387,68.56416650250924
2388,72.5717801870463
2389,71.5518925072534
2390,69.46105138375123
2391,66.95591912375815
2392,65.62031095258972
2393,66.26723875890667
2394,68.47413236012677
2395,63.28722761747672
2396,66.80677880668806
2397,63.38421628332764
2398,66.46133310493519
2399,64.67692627771218
2400,70.27331361306994
2401,68.34676737870413
2402,63.30688891927026
2403,86.37229258347298
2404,70.9957425447451
2405,66.38606782629563
2406,70.55265484417991
2407,76.89483615602259
2408,67.02437487875778
2409,67.03601531196666
2410,74.90836490325187
2411,69.44161759144775
2412,68.13373948045792
2413,64.86171707805593
2414,74.28951858913373
2415,70.17036171387645
2416,94.39921962347438
2417,68.91768691695647
2418,69.53901268729392
2419,77.2498393292791
2420,72.8598595413167
2421,80.50178881521957
2422,73.33316168579734
2423,100.37777523874679
2424,77.53534669205146
2425,81.00716619298578
2426,88.91516325487895
2427,95.87694902487755
2428,80.5104356984434
2429,81.23979651970754
2430,84.08651458878896
2431,78.11023447018393
2432,74.74053223701584
2433,90.21366100507862
2434,82.15153383897868
2435,109.29092333059177
2436,84.29664045166663
2437,89.74854565034205
2438,95.04147854308634
2439,89.69955231121148
2440,88.50172050750288
2441,85.58146467854687
2442,87.65424654659998
2443,81.16930685878054
2444,83.10038571162403
2445,107.40448666288033
2446,86.42445016460685
2447,88.33332062260094
2448,84.75555076431647
2449,79.33362244851716
2450,83.74349915284387
2451,85.93771426507871
2452,84.2499738388845
2453,82.30576624855635
2454,80.4734640456232
2455,79.1949690032411
2456,80.13335383188677
2457,79.73378697744882
2458,91.46022329204318
2459,82.4854835866712
2460,80.0059293790255
2461,83.19369949960522
2462,71.35683327548332
2463,79.58950004504766
2464,75.87608056227421
2465,99.30431523572919
2466,76.73556554357037
2467,81.5635195486055
2468,79.86255091707567
2469,80.97736457728227
2470,82.12174005116712
2471,83.09052397914554
2472,79.33733534982946
2473,89.10209646791392
2474,83.93868266463448
2475,79.26500697499966
2476,80.14240637940861
2477,82.30645790324023
2478,76.41710987372828
2479,89.23760383409979
2480,77.87861697770902
2481,83.593165397006
2482,95.3259690136559
2483,81.22448801475197
2484,83.15630593677855
2485,79.77696301279954
2486,79.91778593366752
2487,87.0898988426002
2488,82.30506732063267
2489,97.25965243064982
2490,106.85851749887642
2491,91.80001092160057
2492,90.15648702370723
2493,87.9368407524948
2494,85.36869251267956
2495,83.26047999535135
2496,97.94130475527847
2497,98.68473459661139
2498,104.5716966836057
2499,93.23216589011575
2500,90.33856485487918
2501,96.507332625749
2502,94.96734128485646
2503,89.96381235536717
2504,94.26519943370609
2505,91.26224438641736
2506,93.86168862444742
2507,88.76856374162423
2508,84.27789956573872
2509,90.01707101113057
2510,86.85611426628452
2511,112.50003971003748
2512,97.15468974852699
2513,96.06169415709411
2514,95.51010405202311
2515,91.563202752466
2516,95.23967334510333
2517,93.32562006897027
2518,99.60298537982031
2519,90.9060946771218
2520,88.65286147262313
2521,90.42159981937331
2522,91.96621031006336
2523,85.33056836777995
2524,93.03003781253315
2525,92.46944817739967
2526,97.87485025986159
2527,99.52803778920762
2528,87.77436882832063
2529,91.46759755286357
2530,86.14318315231812
2531,91.9419278788931
2532,89.03756680882401
2533,88.06257517102638
2534,91.98475545643204
2535,85.39449210400913
2536,79.42089301597831
2537,83.58077613723506
2538,80.02847775149813
2539,78.94925653560423
2540,97.48191326526688
2541,121.83664689261477
2542,91.9829695735227
2543,92.523271154267
2544,93.1643478553651
2545,97.67516381054983
2546,95.19741295904569
2547,86.81670009861568
2548,88.82891502127825
2549,91.07299843817114
2550,90.61149705990412
2551,82.5913901947992
2552,83.87609962715412
2553,87.30474609595875
2554,87.60668934343205
2555,119.1583253349478
2556,93.9821336081437
2557,87.82856469181371
2558,88.50320651579943
2559,83.64854986831286
2560,99.30261154564751
2561,86.25817088238041
2562,92.05224970905347
2563,125.2152842863816
2564,99.52392791195304
2565,94.65935656619446
2566,92.05576269419001
2567,100.70654369152199
2568,97.70044743108316
2569,93.429688512163
2570,95.67873311274165
2571,97.43092600277804
2572,89.735902077064
2573,94.25761398027065
2574,90.09253454296594
2575,99.30999840451678
2576,114.73893035552507
2577,95.10777289162897
2578,95.47485083215005
2579,104.03925944134328
2580,103.41643652322202
2581,93.04064600209537
2582,96.05254104691036
2583,94.21662613902771
2584,88.09149108900836
2585,98.39115780380118
2586,88.67367669520902
2587,91.20057410859691
2588,84.08189006485918
2589,87.87586940510947
2590,90.26677577351684
2591,86.69334032714427
2592,86.83256674404706
2593,84.22412062976404
2594,82.5488889334843
2595,85.00509725545173
2596,85.58717134630668
2597,85.74525866728048
2598,88.07552306637687
2599,101.15582693473948
2600,83.90359452918287
2601,81.47664842076156
2602,83.06902428121953
2603,85.96932892141314
2604,78.69397169502162
2605,83.60141669329204
2606,79.74811584737432
2607,76.87757752293668
2608,83.14288619810917
2609,81.74804309563321
2610,107.74530194703509
2611,87.67300098398853
2612,90.39023079354853
2613,84.87444634738591
2614,97.28025309802213
2615,83.94809494734386
2616,86.86755534394072
2617,95.15812375598044
2618,97.33001121868924
2619,86.04669255769588
2620,83.10031419237848
2621,113.20179085372123
2622,97.23934839868441
2623,85.88220961814656
2624,86.14344685909276
2625,93.52167572573572
2626,91.46945144095177
2627,103.72119110473693
2628,89.15932639989255
2629,91.3756062701939
2630,87.73628156258738
2631,82.85166611070059
2632,84.39660219200118
2633,83.39973846518883
2634,89.87323563940538
2635,84.17106290312498
2636,84.79018491145507
2637,82.98027985986685
2638,86.9994284324628
2639,98.28089394457565
2640,88.2424444674871
2641,84.09228565984337
2642,90.96419226748202
2643,104.0360836076302
2644,88.34297600191493
2645,87.8687916029367
2646,92.80580826532018
2647,87.10943304799618
2648,88.19490822412021
2649,99.47086188277096
2650,90.46368803353565
2651,83.71314602319015
2652,85.83894429279896
2653,86.17163703067813
2654,86.8767041062263
2655,83.1829000734026
2656,81.68100485417565
2657,90.26461656110352
2658,81.39949316637562
2659,84.51944888512935
2660,79.82622897573467
2661,84.41356106291212
2662,76.59256887897888
2663,80.04554646263166
2664,82.81609053853114
2665,76.57980452779091
2666,83.51834354627533
2667,89.92686602336295
2668,80.52895469041016
2669,83.1336767614192
2670,91.0451611553175
2671,93.78471358316366
2672,89.88485738909611
2673,80.48403633618078
2674,85.5004391523124
2675,81.83586323648474
2676,80.77858697384184
2677,85.54188578304033
2678,85.6497925215667
2679,81.13179598272296
2680,82.72808378667413
2681,80.49869308205876
2682,77.54254492187752
2683,81.6052786776673
2684,83.79564737910411
2685,73.85297414730192
2686,78.38604729222085
2687,78.56973303574921
2688,76.24788418008747
2689,90.17340941059064
2690,90.88641756300161
2691,96.70653799851665
2692,91.40804656504845
2693,90.14438430992237
2694,85.13582993303491
2695,87.23662123145282
2696,92.17201998548448
2697,80.29879264884073
2698,100.86523151764256
2699,85.1269693906859
2700,88.18571257953275
2701,86.97244950342957
2702,83.91846859285363
2703,80.02424249406542
2704,87.61013135579076
2705,82.786550628959
2706,87.14539918648055
2707,85.2748537880429
2708,81.06030367433067
2709,83.43628230772474
2710,84.35555760324796
2711,80.54319632517092
2712,81.53119354772994
2713,72.8346006091712
2714,74.36959131453463
2715,94.34059342046254
2716,88.84499543231385
2717,82.0433404467386
2718,83.04217655236641
2719,87.17927584157339
2720,81.43398394039315
2721,101.60875588641773
2722,91.8755010407233
2723,83.49330547186618
2724,79.85597304696356
2725,85.18462914445348
2726,82.6245484050343
2727,86.02329873275197
2728,77.61041566907582
2729,79.22361301429805
2730,79.88551307213429
2731,78.66413839426913
2732,82.58524902676032
2733,78.87303178702241
2734,80.55052157645379
2735,78.45755942117374
2736,72.65534116161773
2737,79.1588437720459
2738,126.02006356102589
2739,89.96542339189115
2740,88.65540773006383
2741,86.65424933076709
2742,87.78240855083526
2743,87.62133101782943
2744,83.84225380609114
2745,112.1505135360348
2746,90.86723299279265
2747,107.96773893421731
2748,96.0670909726588
2749,134.68928543255066
2750,101.0747755472882
2751,108.63254593400713
2752,101.9683652443457
2753,98.65497272679265
2754,100.71954234306095
2755,107.78090487030069
2756,105.3736704155849
2757,108.42399560018885
2758,102.90580291358197
2759,101.12793057700753
2760,95.44419731673119
2761,98.73319437513575
2762,103.25302978634961
2763,92.87448937717633
2764,93.95743666884128
2765,93.25385821252773
2766,94.82715770833573
2767,91.40942079899656
2768,96.25429661262177
2769,91.78010218012999
2770,93.65468601327524
2771,93.90189240155273
2772,90.79693654902172
2773,87.71226777701548
2774,96.79275905082235
2775,129.18374848766314
2776,101.64191178858421
2777,99.64356249618639
2778,90.02390533089759
2779,94.16981214468206
2780,101.24271665164459
2781,96.24239375677983
2782,103.56952169341216
2783,95.56964371330938
2784,110.64500710229314
2785,125.40590747342276
2786,107.6668531513888
2787,107.78498038813855
2788,115.41471910992512
2789,105.41309909411129
2790,106.89125773497302
2791,106.24557754551402
2792,114.09141187357483
2793,105.91814560339722
2794,99.13493086834363
2795,102.82773834337273
2796,110.60296852977271
2797,107.2684804056443
2798,101.00087164025165
2799,133.95203911647906
2800,114.88584725639338
2801,101.23411986270028
2802,113.34487267691819
2803,109.37653553648975
2804,105.10494984138269
2805,115.8964164717363
2806,102.61308259095081
2807,104.6406140971485
2808,101.36755791182408
2809,115.83734577841737
2810,118.99725752783706
2811,113.10600547775304
2812,128.9532179494826
2813,110.17150129983229
2814,109.10549434407193
2815,111.96298949243626
2816,107.44936003040296
2817,105.26313728224663
2818,101.12390455847593
2819,103.32781439758836
2820,107.38541070182781
2821,103.26910355946308
2822,96.4318852114418
2823,99.14375308834583
2824,100.71558977970369
2825,104.50446406184979
2826,123.80063690503073
2827,115.09603147443205
2828,103.75117356632305
2829,134.18118090896922
2830,105.62409085111723
2831,106.94729417100157
2832,101.40992078575702
2833,102.83221097256693
2834,128.49256775545163
2835,107.67428989694041
2836,109.22573443162739
2837,104.40351265274433
2838,106.24796276030419
2839,101.36293762355125
2840,98.50125494721176
2841,105.77858517245747
2842,111.68317748325904
2843,103.31515366552283
2844,108.2585608069504
2845,118.11242149913521
2846,113.69474545293518
2847,109.9435390393568
2848,99.44298720738227
2849,104.47100702883533
2850,108.11412530931322
2851,121.25968926958141
2852,108.49542494037851
2853,104.35200378278742
2854,97.78229573775758
2855,110.17732746709038
2856,105.74536569545953
2857,102.07147533261568
2858,102.01037458227316
2859,98.51753194523573
2860,96.36173124806193
2861,101.11783423409813
2862,103.91025570630062
2863,103.66159255597731
2864,100.8012741690905
2865,103.69884220277838
2866,112.74171889540402
2867,127.0152566272516
2868,103.23337126790005
2869,105.37530801077334
2870,109.57928823141695
2871,98.54447780712418
2872,100.01676294022003
2873,96.62852008975572
2874,102.30267580569365
2875,101.87039284103415
2876,99.17420930316993
2877,97.77508298984023
2878,102.83444195556353
2879,95.96313565588099
2880,94.44207131052211
2881,92.40704267491402
2882,91.55964559635778
2883,100.24973020163554
2884,91.85325829746519
2885,94.98295440576584
2886,110.90401590013288
2887,120.32425237174579
2888,99.12844205232045
2889,112.06522251900662
2890,110.00133363302847
2891,104.82455438067046
2892,104.39633273290355
2893,130.98920403610148
2894,108.89826590453778
2895,111.42136322628497
2896,106.54394904384705
2897,106.48262899360951
2898,121.43369020677758
2899,132.17702637191866
2900,115.29227887748671
2901,118.0629341688783
2902,111.7079095795232
2903,104.60743943556078
2904,105.83639740209071
2905,110.56761475490943
2906,119.53067437965403
2907,108.67659273665998
2908,110.18974991462757
2909,107.56557227767475
2910,102.10912445548321
2911,105.08596182381449
2912,102.08878919549814
2913,104.86618633201904
2914,113.92108388036277
2915,105.0649125986751
2916,98.44550945189464
2917,97.62045227547691
2918,103.39320251257914
2919,100.40452724475244
2920,101.97494172043048
2921,94.46607134591085
2922,101.6008888798654
2923,94.71994442736336
2924,129.82373452197916
2925,100.75863652172362
2926,106.2489598493673
2927,100.1688382423061
2928,96.61070908877574
2929,124.02820486329445
2930,103.16910653386532
2931,98.1284569450799
2932,122.18620960659854
2933,121.2543993261157
2934,108.23206921287961
2935,105.20861632709442
2936,111.29374153749322
2937,105.41713310936005
2938,106.51197278016137
2939,108.02941665473867
2940,104.15774478207084
2941,101.28651721905771
2942,95.52226482622869
2943,95.89009647793168
2944,97.7182983880544
2945,105.4531898471943
2946,104.44138695067883
2947,98.84789820401777
2948,95.26354077652779
2949,102.81959699138383
2950,101.77200991471824
2951,89.08959030877769
2952,100.71539747060376
2953,100.24833762246982
2954,110.97811650378418
2955,95.2223940707179
2956,97.66812275684008
2957,96.50342808147659
2958,91.33371650511472
2959,98.23344209859081
2960,92.51442892913703
2961,102.77223276033155
2962,91.00971254765832
2963,90.03069567086231
2964,95.21107951239918
2965,91.55980404494221
2966,88.86376672328832
2967,86.65101768743033
2968,90.62314519815966
2969,102.10948351971003
2970,92.62419238793652
2971,91.81074859535805
2972,94.06594112315639
2973,90.70998167176904
2974,89.48238332091421
2975,88.56542130769427
2976,94.98125872814325
2977,89.37868762734657
2978,87.23493337321396
2979,86.17868651322405
2980,88.67944604588001
2981,120.22163114600413
2982,90.528814426666
2983,100.06985363948225
2984,94.6088071547787
2985,99.81658965483544
2986,94.34544768453891
2987,95.70501749801409
2988,100.11221590930938
2989,90.07417395074265
2990,84.50827518204791
2991,107.48320261171267
2992,89.94091026955567
2993,93.06805125946043
2994,88.99299771554686
2995,93.26985685424259
2996,90.80218208623648
2997,87.30930691279295
2998,87.14983282560154
2999,103.64860108897265
3000,91.27584547900302
3001,92.68995078918962
3002,107.90589128586332
3003,91.64838133156562
3004,95.443904218795
3005,97.68870205714224
3006,94.36605583960386
3007,95.04077465571623
3008,90.90473375430462
3009,83.9316115961554
3010,91.91831872075848
3011,90.94792526966658
3012,89.07819515078734
3013,106.67771738378316
3014,100.73946337533569
3015,88.27888587393585
3016,89.28147054837123
3017,105.28861403486034
3018,98.74388777995071
3019,102.00159195173926
3020,89.97885624770286
3021,95.85167268124701
3022,87.85822454241908
3023,88.24670307283068
3024,91.93743874227158
3025,90.31371784921006
3026,84.5112450985014
3027,93.83683131243177
3028,90.56788722268428
3029,87.23453072591607
3030,88.86218776108814
3031,91.98470508659047
3032,91.16521813334091
3033,91.878160072123
3034,124.83066343471076
3035,113.61896327588695
3036,92.80593373447498
3037,131.376497576722
3038,108.01643281216688
3039,107.37003815147614
3040,107.29541970550079
3041,100.99154550952836
3042,100.61963772864799
3043,103.2755001392795
3044,102.38164295078712
3045,97.39600722037801
3046,96.1895209960946
3047,98.34358883757521
3048,104.10584864910824
3049,94.69260851786372
3050,93.11595416257168
3051,96.02580767753238
3052,92.66748916148872
3053,97.97577201231242
3054,99.69235737900007
3055,94.64035722146018
3056,93.1879863014545
3057,93.88348835492512
3058,94.42452878260582
3059,91.96028280674652
3060,93.86751760721202
3061,97.74256649436715
3062,91.41013654991859
3063,91.4241928032733
3064,89.03580817400679
3065,93.43744412147835
3066,86.35649808252163
3067,88.34906592257772
3068,86.95592910266298
3069,87.48034800899711
3070,91.44262571127317
3071,98.87919790903925
3072,86.02518508701617
3073,84.84323528446325
3074,83.2553136824288
3075,84.24487939766341
3076,82.66111218246792
3077,86.60547571773945
3078,81.1958274962677
3079,83.6559372624483
3080,79.97022906514422
3081,83.87095801709854
3082,88.19070942569093
3083,80.23689825904894
3084,87.90770759102492
3085,78.21995670674465
3086,77.19787720444018
3087,78.13544730501803
3088,79.18345322862012
3089,74.48481907844372
3090,81.72114759069248
3091,80.73219828670925
3092,81.95864848074903
3093,75.34343064481997
3094,89.4547170991614
3095,87.5665689491242
3096,81.44469378963912
3097,78.93503107507962
3098,80.35272426884823
3099,79.35681695980757
3100,78.42480499583914
3101,76.71638546004392
3102,79.6314954088285
3103,77.75422026253372
3104,84.30103308363763
3105,80.18411148183675
3106,71.15802756057161
3107,90.80322500603118
3108,77.85309475285955
3109,82.04609919795129
3110,78.48007953952727
3111,78.82636950315732
3112,89.84633189585703
3113,87.21231967419897
3114,77.91330509738343
3115,76.85762914003271
3116,77.68759700841164
3117,78.47467247147986
3118,87.75550287748511
3119,77.84248395570016
3120,77.33491914418838
3121,77.17631274205087
3122,75.2618268760319
3123,85.76495262080837
3124,78.8914204097135
3125,81.2033106521903
3126,74.7706690236013
3127,70.19975501105472
3128,78.4114846150822
3129,77.18170914672959
3130,98.05891201576986
3131,76.46800144011965
3132,81.04537402021141
3133,94.99557521479908
3134,81.0075848490578
3135,83.1748669141815
3136,83.41964835093563
3137,77.8703922856481
3138,82.94387810334676
3139,82.63834583139771
3140,77.0635050783637
3141,76.8219639077827
3142,97.58835706318925
3143,102.30618883142336
3144,85.26516544302739
3145,84.1741635022259
3146,85.88745493139787
3147,78.5245756073821
3148,100.02691390326576
3149,87.08472955484491
3150,83.19656488416942
3151,87.48316128163503
3152,112.62146528407433
3153,89.28262930262902
3154,86.4653786512713
3155,87.19276389377049
3156,83.15884977056493
3157,80.54507671145032
3158,121.8139774159537
3159,93.91346300594783
3160,89.658068147434
3161,101.16153680767454
3162,90.73169194907184
3163,110.1759418492901
3164,91.02619082726254
3165,98.94347997384693
3166,98.84417248699042
3167,104.0447254337373
3168,110.91544099606465
3169,100.33796405516678
3170,94.24258549802826
3171,90.96734985105878
3172,91.70687544939447
3173,103.95072637672016
3174,101.94403093762295
3175,99.7065908791066
3176,97.30888059535445
3177,94.77973153556043
3178,91.11507290762523
3179,95.8132930854857
3180,88.26022076846351
3181,87.0866667624221
3182,90.47615113828998
3183,93.21838515543467
3184,88.56324594376905
3185,88.860988268063
3186,86.68000246509561
3187,90.55240056513165
3188,88.61888449990882
3189,88.36848103828464
3190,92.63542487995052
3191,94.32580073294791
3192,90.81484866502815
3193,93.12853255309903
3194,92.70383021626762
3195,106.55157336337282
3196,91.07669031690014
3197,92.02699053878916
3198,89.80118337884683
3199,95.40062724693733
3200,88.19811683142176
3201,92.87121852924754
3202,95.10007382107344
3203,102.39505945063969
3204,91.73629467557832
3205,89.79370221226024
3206,89.18167005275069
3207,90.16973498158428
3208,89.84801140781236
3209,109.04901970161454
3210,93.37766599078444
3211,88.85094916976168
3212,87.44400009925423
3213,94.11335277815255
3214,95.09827379644086
3215,83.50662799296128
3216,88.33116923742944
3217,83.98222343873782
3218,90.77952207684729
3219,88.3146727968812
3220,84.32395161166926
3221,84.5080023281195
3222,84.0912137322197
3223,88.58490242815844
3224,86.25896555869042
3225,84.4096657411833
3226,88.56984587605197
3227,78.651372110132
3228,79.76815092149832
3229,78.6095747147981
3230,99.16835282594657
3231,107.22694457692857
3232,89.23377640068966
3233,82.3479848253849
3234,87.27693259659581
3235,84.47804804336391
3236,82.78422222854505
3237,86.23331555277919
3238,80.89314808421396
3239,78.59528348502549
3240,80.47043308637033
3241,84.8097825406574
3242,83.15601981537716
3243,109.7778990333938
3244,89.69514149933424
3245,91.73844324240811
3246,87.07905059181694
3247,94.25699638503461
3248,87.63666517812729
3249,104.13555564866799
3250,96.05298081205362
3251,91.45338677352176
3252,88.76545899848556
3253,90.20613954029572
3254,90.85896319032186
3255,82.27663253904377
3256,77.08675551928224
3257,80.7300469440814
3258,88.1987333620563
3259,80.09095859888113
3260,77.36947691012404
3261,84.04744714408095
3262,81.62046241440859
3263,84.35711422293862
3264,80.36573023216536
3265,73.62135314630034
3266,77.15104326796308
3267,104.9720735406341
3268,88.9002029768501
3269,82.29038069068869
3270,83.48118855807249
3271,87.50652163185293
3272,77.48703306721333
3273,89.63548110676811
3274,86.17534185309873
3275,82.91815532743475
3276,79.99648221119651
3277,73.95683811703981
3278,74.13031473740244
3279,79.98522332999339
3280,78.83393350136294
3281,82.84434359142095
3282,74.56078997207055
3283,81.64885351008381
3284,84.15842000701797
3285,98.13042227948063
3286,80.32149164830312
3287,83.62188513244384
3288,82.49084348336109
3289,78.89279237209973
3290,88.94073901521182
3291,86.61903578297479
3292,78.00367217314727
3293,78.10653229067039
3294,76.42659464231384
3295,74.9254563068394
3296,75.9842680606919
3297,75.14996987166552
3298,76.15290875454349
3299,73.98970124692433
3300,77.53774269634741
3301,78.44351799425922
3302,81.5077268885403
3303,73.41444016577742
3304,74.96232350239893
3305,78.06205834324876
3306,77.19843136374413
3307,71.75106887032801
3308,89.78980469234959
3309,76.76923942035086
3310,79.78221796435882
3311,73.42214562890251
3312,72.6819174109425
3313,70.8350846873693
3314,72.37545667002381
3315,75.80141535976925
3316,79.74217679905388
3317,72.99086850227845
3318,75.96559915687018
3319,73.4594089437122
3320,74.65414070000352
3321,82.4962065095794
3322,75.89112157579491
3323,72.28157082820559
3324,87.64091494063514
3325,99.49043970158792
3326,77.02712192381153
3327,105.97392366439347
3328,100.07093015428231
3329,91.35789712871092
3330,91.34933337128804
3331,109.53063888260766
3332,92.77254527418405
3333,89.96582198111354
3334,84.86327324432386
3335,87.10895094496084
3336,88.32744145172671
3337,119.71627526192758
3338,101.230705527417
3339,98.100455561864
3340,141.08789714182296
3341,100.83168521419917
3342,103.54721826987954
3343,107.98999532628
3344,100.56883213188644
3345,106.1722708153444
3346,104.41481600382338
3347,101.8502060708971
3348,124.65011490458089
3349,104.59933743302261
3350,96.19604680091051
3351,102.7102751538372
3352,111.83310416118938
3353,104.94736156609741
3354,108.01614976799088
3355,106.56802933755353
3356,106.83028850384247
3357,96.97068251971696
3358,101.83997413912428
3359,129.9693908790873
3360,114.28365947908607
3361,102.98212961477614
3362,110.65769070539469
3363,108.17131193062701
3364,121.76164220576652
3365,113.14884039542495
3366,106.82005472570134
3367,103.68272810351458
3368,118.4093361984082
3369,108.5657220985059
3370,110.41822603121946
3371,104.54243564900975
3372,98.98280881066444
3373,105.57798170416288
3374,102.85468920787689
3375,104.45426131134792
3376,105.25789135260568
3377,104.47876936209917
3378,160.62374802795998
3379,129.90854133765228
3380,119.56592668411143
3381,118.24674063645276
3382,118.52350995730279
3383,112.90714346579665
3384,110.47434705479498
3385,109.3924245823925
3386,112.08400658352123
3387,115.72009054148322
3388,115.61716433096558
3389,113.43734174764012
3390,128.55027365849566
3391,111.41193317240713
3392,130.36179708116794
3393,111.15814028658819
3394,117.79968435440217
3395,112.22012137046767
3396,107.15450982698323
3397,108.47392372567495
3398,117.56105301813369
3399,119.09889305759104
3400,111.08234059484923
3401,127.3553735094861
3402,109.72652958458393
3403,114.06871158812484
3404,121.92866126429877
3405,117.82950276887843
3406,118.19569279411863
3407,127.70332111597602
3408,120.2022878847709
3409,111.11291405682337
3410,121.16020071513115
3411,117.33764303004604
3412,116.73183578530369
3413,114.82697764798431
3414,136.67550095197342
3415,120.45937605297978
3416,123.27542143166893
3417,142.70602476371081
3418,135.03716300393253
3419,155.45386151736523
3420,130.2670568364891
3421,128.90662074446658
3422,131.05746509142003
3423,126.78232446042583
3424,126.46645661548534
3425,128.9017118714296
3426,124.38745758314036
3427,123.83518124031542
3428,131.6848853603197
3429,127.38433277076024
3430,141.1498489696621
3431,130.13950207011473
3432,153.20896801060692
3433,131.9861734448994
3434,134.63176858945775
3435,130.35903364349105
3436,125.0331572873341
3437,124.59383405575068
3438,120.64168210107664
3439,122.4274936044254
3440,120.99134166110711
3441,117.96067240466085
3442,123.33345749669483
3443,118.02390190598325
3444,129.88597470937034
3445,123.41609348270467
3446,119.42239909915943
3447,115.82041194814498
3448,116.84490426107698
3449,126.35960363191016
3450,114.52045817309072
3451,113.13276751839993
3452,117.94628293569892
3453,110.43040018899696
3454,113.29809072449922
3455,112.90639898451788
3456,111.24307047574638
3457,110.84584794783443
3458,111.19651572979659
3459,105.67696446219728
3460,106.46612612768631
3461,106.24241543932055
3462,97.01385590021614
3463,106.34294548464672
3464,106.04735603242797
3465,104.51225971389536
3466,102.55032382452771
3467,102.11525047809465
3468,98.76906113431859
3469,107.8795015449155
3470,105.63861777197636
3471,116.73414300118436
3472,108.77391067249076
3473,114.83296137731719
3474,122.23822852096244
3475,108.89501757865119
3476,104.63220662636296
3477,110.39679683235669
3478,104.18919689178884
3479,103.54301880843457
3480,100.46201799854865
3481,107.5682633815154
3482,98.62906836545497
3483,123.19912830059423
3484,124.75139074767773
3485,112.28576337388702
3486,107.47281332678551
3487,102.30648400659484
3488,119.15664757897213
3489,110.74857729314952
3490,108.7453064729668
3491,102.51988827563619
3492,109.35247652358703
3493,107.56855847349831
3494,105.68311209113703
3495,111.36918654735022
3496,107.85827338259251
3497,98.28417919966603
3498,105.50246695932486
3499,100.94864846947476
3500,108.01817296124038
3501,104.96510818990187
3502,100.69620291340516
3503,105.79796396709808
3504,102.80353044424417
3505,104.63845970027099
3506,99.10369710604536
3507,103.70546101147407
3508,98.17906957224885
3509,95.51027068100562
3510,98.98102530730237
3511,97.0200823055212
3512,89.01086139249892
3513,91.84639413553991
3514,95.80716907026205
3515,98.6052056439674
3516,93.77310356978103
3517,100.33512350164986
3518,116.41801858124647
3519,100.91559944726096
3520,99.72400967517521
3521,100.13038045219169
3522,99.06265143464246
3523,94.27638679315223
3524,88.84480766727407
3525,94.26517477968005
3526,88.3752168130249
3527,94.04872480209733
3528,92.42002333218613
3529,89.15693823053954
3530,94.28162632297423
3531,100.32088335916741
3532,89.84938927299946
3533,90.89734819565582
3534,90.23636559300783
3535,92.27556819132174
3536,91.11154406944189
3537,89.24859888222348
3538,89.00017035302696
3539,89.20669576440618
3540,85.14301670783968
3541,102.51477549762811
3542,86.60358694069757
3543,92.17865850472259
3544,95.28627731533705
3545,90.31559800429224
3546,88.53059491875592
3547,86.92542963215709
3548,90.4257033598209
3549,83.80766146086171
3550,82.76031531665436
3551,87.54656501516806
3552,96.79060559535971
3553,86.7545645237793
3554,91.51724157733776
3555,99.46628339945357
3556,94.97978458022588
3557,95.21116188193594
3558,97.08014126144447
3559,88.17141708886226
3560,87.88942824443598
3561,86.25808671751946
3562,87.54503520421677
3563,84.16343725874697
3564,86.57875746987183
3565,79.36871509021924
3566,79.390643640001
3567,79.78842849944134
3568,83.70030196337804
3569,86.88654772678323
3570,93.96424963759227
3571,81.94676525041406
3572,83.3927804393092
3573,93.48351870612947
3574,84.99625950629681
3575,79.0532943535681
3576,82.00186701168148
3577,82.41733574441564
3578,86.41425924401092
3579,90.57884318874906
3580,84.22181356300906
3581,82.33204101270434
3582,80.0770733930962
3583,88.65029667652297
3584,79.20825264276877
3585,77.49375788204762
3586,74.34798577286651
3587,74.0650846019922
3588,72.64228183278391
3589,74.43417482323696
3590,75.78948452606986
3591,78.47749051679779
3592,83.01242176847128
3593,75.48418338912897
3594,72.88115042050457
3595,70.18250924470712
3596,74.75889424460661
3597,68.75921992726163
3598,67.09535410712492
3599,79.37840345599959
3600,68.00032624885033
3601,67.73978909645865
3602,70.0662107096582
3603,101.8276490059306
3604,82.39592661146604
3605,79.66249970313446
3606,98.81088568922104
3607,78.43028423449226
3608,77.96947306111923
3609,82.15493309768091
3610,79.02477366785713
3611,76.33646188216312
3612,80.9778908415325
3613,76.35046799656132
3614,73.70924595867444
3615,78.22491926056884
3616,73.45045731383122
3617,75.94154657994758
3618,76.44450146277258
3619,82.90401719714718
3620,105.04438498032773
3621,87.91207007814754
3622,82.753125349975
3623,98.51037247334921
3624,82.77641831335278
3625,88.2597863986716
3626,80.55724450465682
3627,80.02517254823903
3628,86.13458772021575
3629,80.5974572545546
3630,82.733117740985
3631,87.33785840005909
3632,83.48701560286507
3633,84.79749618062957
3634,90.09706791134457
3635,84.04299470898023
3636,80.6316332980727
3637,102.04416461786005
3638,82.32341815548858
3639,76.98008174850703
3640,84.71767299705697
3641,91.86583144914385
3642,81.05611982862314
3643,85.81696612276443
3644,85.21301391936419
3645,86.12625707114506
3646,78.09201870485435
3647,95.07888785360502
3648,80.81135507441881
3649,74.97157641873417
3650,86.68778385730921
3651,86.77179988543236
3652,80.12375399418032
3653,81.12276162361556
3654,89.31287296981729
3655,101.41598706685137
3656,85.25637087241418
3657,84.38897589154178
3658,83.87855238001798
3659,84.7152672866813
3660,81.01112633587691
3661,78.59525692604888
3662,82.83074624880993
3663,92.67540383702533
3664,76.04067337557842
3665,75.22734646883417
3666,83.0400192669171
3667,76.31879696079329
3668,78.44483380778479
3669,73.58084144481863
3670,75.48418802387187
3671,80.51194455704385
3672,132.78895652615842
3673,91.6953273594188
3674,108.38400926882906
3675,93.23821996816075
3676,86.77220895717424
3677,111.21769048630293
3678,108.89850547474151
3679,96.65165426624853
3680,109.54880305950299
3681,100.80405759607996
3682,112.5060690644507
3683,112.88862185327423
3684,102.70268988496892
3685,109.78127879661703
3686,110.52609970261398
3687,109.86551018795382
3688,103.13440055767258
3689,99.72476970919512
3690,102.76328268765594
3691,97.33007440926873
3692,100.29845668213748
3693,111.76723606697688
3694,95.97054101857968
3695,92.64595806419905
3696,103.339781018841
3697,104.00753265832358
3698,101.05064885926484
3699,97.38488943622156
3700,96.46755286734613
3701,94.80231918977677
3702,98.9753859343554
3703,142.14540986503292
3704,100.47421090315275
3705,101.04031273571928
3706,101.64980611855918
3707,101.91509297633624
3708,105.44826530926676
3709,98.52350949323636
3710,103.41460400818912
3711,110.24201388370864
3712,98.97066802743124
3713,102.8877793987778
3714,98.2507385223507
3715,100.92836379844894
3716,97.40731454539515
3717,96.25169078046615
3718,121.25608036251104
3719,99.58977285925533
3720,105.08634921060191
3721,106.53720381033152
3722,96.94380907473615
3723,103.18652840747146
3724,108.88628115315629
3725,98.62006733205091
3726,100.03025485925191
3727,102.2196201847116
3728,108.67545767578272
3729,95.35725286708374
3730,97.8686742814093
3731,106.78161394441526
3732,99.99138966998855
3733,115.97825336114876
3734,102.43517440045471
3735,106.0333259389639
3736,100.04498371495019
3737,99.36907506550975
3738,94.73253285811985
3739,100.90883131595945
3740,95.05605519822319
3741,126.69251107269943
3742,101.9265882695918
3743,102.01831357171409
3744,109.31556054111977
3745,102.94220558286891
3746,98.74685521667516
3747,101.18991721276286
3748,99.99909410569755
3749,138.4735832335963
3750,100.87750203867135
3751,111.12222569776608
3752,107.04362403824376
3753,108.6460051809067
3754,110.94411512018553
3755,105.90640707781083
3756,104.55073907578759
3757,102.59355950865046
3758,99.57195817482162
3759,102.68400424897807
3760,118.28478255542572
3761,106.46341678220757
3762,102.82208396666377
3763,102.3293550810431
3764,99.84476222858109
3765,104.98699316370846
3766,98.28189156393681
3767,103.18857516497052
3768,94.1691174742573
3769,88.70033300475332
3770,94.38624803378107
3771,88.23301288644763
3772,98.40349933820099
3773,89.10875637152746
3774,91.1786572588769
3775,90.57543761335454
3776,93.40524156028584
3777,91.79152748668967
3778,87.36535678594507
3779,92.14880821505783
3780,95.45962783486779
3781,88.65261934957076
3782,91.05967467405083
3783,93.52300870749342
3784,79.00955516725489
3785,91.23487511181807
3786,84.59287545457681
3787,80.54179616221724
3788,76.09027286939127
3789,77.60420411852171
3790,78.74125585893279
3791,83.74932436290435
3792,82.84434667335702
3793,83.09021533317893
3794,83.0856846290965
3795,79.25418170417691
3796,83.12811655670133
3797,81.99062577494813
3798,130.76505774229463
3799,90.28771426066331
3800,89.48568798715024
3801,81.83481172503089
3802,104.83887611246969
3803,100.34004623480853
3804,92.6904888565185
3805,91.15537782809368
3806,92.15083964210493
3807,91.89833040253977
3808,108.91880877542168
3809,92.1878805190088
3810,88.51526525200012
3811,91.1952192154721
3812,88.80984872497152
3813,111.65044230175353
3814,87.91611480575041
3815,93.77361985205319
3816,90.81848480509885
3817,96.88980318989448
3818,88.95764287795761
3819,88.57979302854514
3820,92.07450339084004
3821,83.20636035078086
3822,100.14179003407676
3823,95.4760849678409
3824,126.34946336426637
3825,95.36161752245076
3826,101.51332147643788
3827,103.24235972277143
3828,95.61409719352096
3829,95.07662943479917
3830,94.23453325839068
3831,94.334274459906
3832,97.51179554087328
3833,116.94451248597986
3834,95.76010582549826
3835,131.17918677002447
3836,103.48999375330348
3837,113.04057332892545
3838,102.60115201324936
3839,106.74090975522577
3840,102.34643866524688
3841,99.70712273812092
3842,96.8559047035159
3843,100.81506758687968
3844,100.05416862610657
3845,97.32708774255839
3846,95.62367539866419
3847,114.27413533802233
3848,99.01755836504321
3849,101.43662718070617
3850,96.88381917407136
3851,95.94913459167792
3852,94.41611278493744
3853,90.74642061328134
3854,90.9417175084834
3855,108.48893029147241
3856,96.35753849255826
3857,142.1445016925494
3858,102.7043163920595
3859,96.81808378525346
3860,104.05003601197
3861,99.96846570155053
3862,103.87944607987708
3863,105.85845405682004
3864,96.83856040609965
3865,101.58890750240263
3866,103.5572917794182
3867,119.61811854873305
3868,100.07421333130479
3869,96.5823262800015
3870,97.8142191074535
3871,98.47853180550545
3872,96.50633604897331
3873,101.78053595232511
3874,96.80717724946172
3875,94.41210576078429
3876,99.48090043931529
3877,96.68111017287622
3878,95.34844739954929
3879,88.58683852645717
3880,96.14357199255502
3881,134.1505906126528
3882,99.1504706674495
3883,106.73586554749575
3884,99.58633429104542
3885,95.92032742235287
3886,94.12014354112263
3887,98.7464192109512
3888,96.69833896505249
3889,98.9234457372239
3890,100.25602187540551
3891,95.6139078359659
3892,89.26171652437651
3893,95.20108909634287
3894,93.94012636665559
3895,86.15358946657801
3896,86.30189324820671
3897,89.18821652349915
3898,89.78934013901487
3899,109.63502075136861
3900,100.17857226257132
3901,89.94721020647232
3902,88.40351874058624
3903,91.78784644876113
3904,84.4962894687465
3905,91.89053993641554
3906,93.48118708553018
3907,93.28379839345537
3908,108.63906881621577
3909,100.62700473448196
3910,92.46461189135707
3911,104.4055663392117
3912,95.33402116575809
3913,98.76921815419006
3914,92.0738720012906
3915,92.37101343176441
3916,94.96963041620472
3917,103.24573312207383
3918,92.05025055723023
3919,93.2162102677471
3920,98.75952980981177
3921,98.21077715390554
3922,88.37405770158888
3923,95.82854610961915
3924,94.08700685634741
3925,106.01482123987637
3926,107.31375055756871
3927,99.41037437767048
3928,94.24691340272138
3929,89.72860178563302
3930,96.00406608172574
3931,92.39185179025512
3932,86.47541341844467
3933,98.27512639992214
3934,85.41340703065889
3935,90.46522374507688
3936,85.2797522268652
3937,93.3850558664058
3938,88.35045540565201
3939,112.89327124891041
3940,101.70626876134874
3941,95.39397944309579
3942,89.87309248693087
3943,92.58979704452338
3944,92.0868937435232
3945,90.99994431944454
3946,95.52995012325886
3947,88.79447684234624
3948,90.73970816152448
3949,85.27029108488959
3950,129.48014397983454
3951,97.09362207161364
3952,92.35804301216082
3953,101.78382446988704
3954,93.634056809129
3955,95.19815471165845
3956,95.76245767518877
3957,96.57275188782923
3958,95.623217760377
3959,91.24178269260318
3960,87.56207318150217
3961,89.34689499606066
3962,92.64389103758815
3963,91.1127999365527
3964,86.70083612144853
3965,92.31879508124696
3966,85.92652019749198
3967,103.83588025360082
3968,85.89197893677274
3969,102.06479862204625
3970,94.09667182041771
3971,106.16436009985095
3972,107.88175218875678
3973,98.90541709759597
3974,97.86856871344517
3975,94.95043547940469
3976,92.65758223754408
3977,112.18367672969445
3978,127.05646160528161
3979,108.36092190485596
3980,105.46185167842917
3981,105.93261563241634
3982,100.14402375165395
3983,102.66073637560878
3984,100.0220813837861
3985,98.67840367625551
3986,95.26873974019352
3987,104.84681837765646
3988,100.5560182559167
3989,96.15691797981329
3990,98.5559823994378
3991,95.62934021021212
3992,97.01152565784793
3993,90.5801026562522
3994,91.32712352507505
3995,96.48382396917872
3996,92.51075189404253
3997,92.04993871970117
3998,93.7640306086008
3999,94.19281708139573
4000,89.92762410619194
4001,91.15621727097296
4002,92.35046842317195
4003,95.06254480575451
4004,91.02280019360757
4005,90.79248656080293
4006,94.59358769667831
4007,92.23803623387936
4008,95.19232201194065
4009,95.45655090429617
4010,84.07539823931768
4011,86.39682723478221
4012,117.51434054389637
4013,102.33655501545628
4014,116.38899048521523
4015,96.82888624676208
4016,97.63684266634534
4017,94.16651055567138
4018,92.99296154627343
4019,90.84711452894958
4020,91.86352073730667
4021,92.13275014864334
4022,93.89317815035486
4023,92.54704907173112
4024,132.82820739887066
4025,105.0096796344651
4026,107.43584938845663
4027,96.06731033333926
4028,91.52741007607321
4029,97.84893250394401
4030,103.95487504594975
4031,94.545846179541
4032,97.42187983460686
4033,105.56250469844929
4034,96.06963583354911
4035,96.84191689910298
4036,91.83980933552303
4037,93.41469860454161
4038,99.93521171548888
4039,95.51339093114156
4040,94.80492401281086
4041,99.10496298625854
4042,94.36499269328387
4043,89.74834231119782
4044,98.49055331700549
4045,88.80319012691348
4046,92.97397184803025
4047,92.58043363302474
4048,95.34331423028597
4049,88.70721753967916
4050,86.02037851149204
4051,91.68304272575624
4052,83.64675261947836
4053,90.80002859991491
4054,85.11969620469927
4055,83.284495352284
4056,83.35728853342457
4057,86.27304066597509
4058,84.49597131548741
4059,80.61653776312677
4060,80.1200269974627
4061,82.43682244486425
4062,87.120837641408
4063,87.58570873764626
4064,82.34637946046453
4065,84.9483554425547
4066,113.35235864199828
4067,119.94690397944848
4068,95.80221005700704
4069,93.07097509275789
4070,92.42808847632276
4071,91.5479702100101
4072,124.7902569171028
4073,96.07633444217484
4074,99.36100918531537
4075,104.00528119679677
4076,98.68113392076276
4077,101.16685596622136
4078,122.6772700472848
4079,116.75903882388823
4080,103.11565117047917
4081,115.57230159487112
4082,106.74141232547117
4083,104.51700797610029
4084,111.58616332084532
4085,102.73079196186224
4086,105.78029839184506
4087,103.3146674356811
4088,103.95180324113834
4089,100.75166801939783
4090,99.57849488600344
4091,100.35569398635246
4092,102.6666665963076
4093,103.53394952449908
4094,103.12017018865522
4095,102.61927626836099
4096,94.58150809613468
4097,102.39676100998615
4098,98.72152037087095
4099,96.11002559931363
4100,95.44553975222969
4101,97.15502743790996
4102,91.22789905125738
4103,95.43309147201681
4104,114.01465347480894
4105,102.77073174052242
4106,106.14525894845077
4107,105.18450639280032
4108,101.65647189187459
4109,105.21383868743442
4110,103.87177362939573
4111,117.11068312537827
4112,104.02110186146477
4113,104.27091530701182
4114,101.13405706377708
4115,104.72670887503398
4116,100.84729749225964
4117,103.63112791482848
4118,97.41634439352728
4119,101.66808340323794
4120,95.71636129008567
4121,93.26550405048302
4122,96.24945998487189
4123,93.38865337830386
4124,125.86134083971413
4125,116.33042489068448
4126,100.28195429245191
4127,101.60813085576626
4128,102.15579996490008
4129,98.85495648673344
4130,105.38568198042806
4131,100.80101971384394
4132,98.56356542890678
4133,128.0419607646756
4134,97.38687730688449
4135,104.96172357307267
4136,109.49619664282648
4137,92.79670839761083
4138,127.2024739178638
4139,104.65728513112838
4140,102.75620030680338
4141,121.8553914762918
4142,108.91340643914894
4143,105.79734576239801
4144,124.70587684401687
4145,109.62038415223702
4146,105.66785413366858
4147,100.50773071381752
4148,106.46356474019046
4149,108.00842388428582
4150,104.18741902919666
4151,101.24614710406631
4152,125.00740569694032
4153,112.62931212206044
4154,105.78687358602868
4155,102.08443970708275
4156,102.90341251065958
4157,112.83306395138821
4158,121.24955236648664
4159,108.72117284811708
4160,110.93191907127334
4161,115.84900993433152
4162,104.87363374329469
4163,113.81188480597567
4164,101.78522846475532
4165,111.6086398153192
4166,105.65586366184252
4167,106.6522936495075
4168,104.34675419669378
4169,107.43791780375986
4170,103.86837389445589
4171,101.46432908254883
4172,102.0003739721116
4173,105.00802503857162
4174,99.19314225505607
4175,100.70887973052417
4176,96.65373548368937
4177,106.13738819712997
4178,103.11299696437466
4179,95.90015165964148
4180,93.43755960384055
4181,97.2368793118906
4182,95.67674644556668
4183,92.78471907698258
4184,92.11698599944731
4185,106.28161610991737
4186,95.25415088053977
4187,101.7923382782672
4188,94.21269218912623
4189,97.28969482859205
4190,93.9106283388655
4191,94.83052977502051
4192,102.51846313828554
4193,94.59276548091783
4194,92.22051974673006
4195,89.60088584088189
4196,93.91942091543197
4197,88.82980383905773
4198,95.19965778629972
4199,118.35780451820071
4200,108.00538438783325
4201,101.98599605794868
4202,101.13780580268428
4203,97.75591765560229
4204,95.69067273094257
4205,91.90880455262328
4206,92.33825079683479
4207,96.12787898654862
4208,94.25222151456133
4209,97.86537168637166
4210,98.14222456735259
4211,91.51424682952484
4212,102.98081261916467
4213,91.30163107479686
4214,96.52177046601567
4215,93.83507502664024
4216,90.5331538026796
4217,95.88376449721282
4218,86.75671922931787
4219,93.6548410685683
4220,88.51022370729184
4221,85.52626850141479
4222,83.72937601939668
4223,100.50573406909758
4224,92.05952663023508
4225,91.05891043016167
4226,95.22169736984291
4227,88.6744698656544
4228,87.25155672506445
4229,88.22462078635908
4230,88.05118200487186
4231,84.74800344866067
4232,85.29513146176907
4233,85.82724470121107
4234,82.28714748971112
4235,85.02658768168106
4236,86.59037711829772
4237,98.06510066192857
4238,78.16170500363867
4239,88.97476358668034
4240,79.70753389218196
4241,84.98066192869551
4242,82.45174204522331
4243,91.82366226137086
4244,82.6292925625978
4245,81.37176836643482
4246,88.21844454361057
4247,81.04204759984131
4248,80.79909565091361
4249,79.76673172004752
4250,84.7756692770005
4251,75.64703907639748
4252,77.08346159592192
4253,80.17348760976651
4254,99.85555748110906
4255,82.62790349497574
4256,79.63531644683385
4257,82.23834373945608
4258,84.23164354366799
4259,76.35132544328786
4260,85.2605201482726
4261,80.24329115628561
4262,90.33257094306133
4263,81.04294794979376
4264,81.94369393537136
4265,80.10729035644916
4266,82.96138132440859
4267,75.4433218733057
4268,78.55212715589829
4269,76.68966196709273
4270,74.04637323100758
4271,75.13373409588031
4272,76.73807252618899
4273,100.78569691312221
4274,86.29515748982111
4275,87.32021027778707
4276,82.92685011744953
4277,76.83341744177642
4278,88.14650610079335
4279,78.13563985413553
4280,80.12264247898709
4281,80.99756219047677
4282,101.21730400170115
4283,90.24030665014747
4284,100.4744171508005
4285,90.72230948021
4286,89.09660516068907
4287,87.05745190480066
4288,87.92908328014822
4289,84.4545461399893
4290,78.70809059753421
4291,85.96846031856953
4292,80.05429293717603
4293,78.30152179851913
4294,82.08959973060186
4295,84.67817084678076
4296,102.17827112947865
4297,86.09884788647196
4298,84.56376199554458
4299,109.23902900804521
4300,140.7577297110152
4301,99.15536948893717
4302,97.74430355740657
4303,102.40327995512736
4304,93.08213177044172
4305,91.77717750869432
4306,97.00428838439699
4307,92.76140564640723
4308,89.84834220060236
4309,93.33214159873293
4310,87.56877550676894
4311,93.14334883638725
4312,90.58036931899352
4313,129.4703931135293
4314,97.96434738600884
4315,115.6314949251389
4316,110.79289444679645
4317,99.41852850031805
4318,97.40724038545343
4319,98.68892970853454
4320,100.08272715069296
4321,95.48546338410159
4322,94.80968437668652
4323,92.691457041238
4324,102.88509079740496
4325,101.62979958636794
4326,121.6861657328736
4327,95.8487435360356
4328,101.54748671629486
4329,99.23987979429813
4330,98.59141127318703
4331,98.81180375077771
4332,94.1846733640149
4333,101.82847827290628
4334,105.53804419071089
4335,97.89223217046656
4336,95.82498731884172
4337,100.16201402292933
4338,104.78418689598048
4339,133.44649666040232
4340,104.85934464550591
4341,105.32292223321893
4342,98.38839717287884
4343,107.11018232918005
4344,118.0431395607343
4345,104.772357843811
4346,112.08592946387158
4347,111.6175310701272
4348,106.50483774343786
4349,106.34618602826335
4350,110.88809736106569
4351,110.08417157651516
4352,103.04718668332895
4353,101.75387331068454
4354,103.1032417775
4355,106.31611559418033
4356,99.02448824611797
4357,97.87879248714269
4358,94.28705982621653
4359,110.12703941343648
4360,97.66647274471038
4361,94.6754111789149
4362,107.38412731037126
4363,104.35691869625019
4364,91.86341824830507
4365,117.97827802620071
4366,104.61777696918779
4367,98.65372607656535
4368,98.14020758178171
4369,105.02920253214877
4370,96.82729756470371
4371,91.70132957127915
4372,97.42758573266735
4373,98.66467096270247
4374,98.80274794063487
4375,96.04383317443883
4376,86.84034772197434
4377,89.88688796552393
4378,88.16845946579885
4379,94.19109423062177
4380,92.98668505392261
4381,85.69727530528496
4382,91.23207605144559
4383,83.62587738843077
4384,85.74033254985089
4385,86.75486120506467
4386,82.29637053184884
4387,92.24566584413111
4388,81.21266286565255
4389,80.06725064093413
4390,84.95438594754143
4391,84.23958669161416
4392,83.78373661504166
4393,92.33910165377829
4394,85.19801219544526
4395,82.73890846471127
4396,78.81490004728815
4397,88.62560956701729
4398,80.36763224377421
4399,77.42927535177157
4400,78.99974965826573
4401,85.4464504262582
4402,81.90900170810028
4403,86.3663340472195
4404,75.41550495118311
4405,76.95654729069047
4406,73.5480600913731
4407,80.01955992576903
4408,77.23797849475478
4409,100.40773440283665
4410,77.46610722789318
4411,112.34909304852098
4412,88.66040090589885
4413,91.2165400511553
4414,85.3256446147511
4415,84.74164837835494
4416,100.36105347578616
4417,82.03527276177536
4418,88.53801046311101
4419,79.48126621986606
4420,81.2746119006513
4421,88.18680903237785
4422,77.63022366331735
4423,111.77774886386038
4424,101.06447522823856
4425,86.60928796133008
4426,88.93937776517966
4427,90.19393566637133
4428,108.88069435069242
4429,90.14797948300816
4430,87.72067012989886
4431,91.7250721903823
4432,93.27439322300705
4433,104.81426245263567
4434,93.84021302936898
4435,84.31162584611597
4436,92.23067122461515
4437,92.91834081458087
4438,90.34394421275216
4439,89.42962105539237
4440,93.30424128689125
4441,85.36733686623185
4442,102.58276100843361
4443,100.76502185562498
4444,93.32128829775453
4445,97.9367254785774
4446,89.11331859183369
4447,84.25702753348735
4448,85.94012923324314
4449,88.96844953989084
4450,91.04551113062622
4451,134.18614620926672
4452,97.49635442031915
4453,125.18029218688876
4454,99.5419276155801
4455,100.025499129807
4456,111.9096045563011
4457,105.98015495394505
4458,101.93537198991379
4459,99.39826418813743
4460,97.99699866153703
4461,99.54221880133196
4462,99.21998082183886
4463,102.7182700341928
4464,98.35035533673054
4465,93.7912854701733
4466,85.99368162635842
4467,88.32153094227426
4468,91.81060495905847
4469,93.54716784974833
4470,92.37357407880395
4471,88.96969370567841
4472,90.87925763050346
4473,97.03257844305978
4474,93.95442199305228
4475,89.93426649070405
4476,90.58842850740194
4477,93.87462680654916
4478,103.63041507670518
4479,92.60297085661406
4480,87.74147318739307
4481,93.9092970475396
4482,99.9401833182975
4483,92.82060741517698
4484,92.39960514632793
4485,89.0348268579896
4486,92.56547607724228
4487,96.78544126956228
4488,111.39717627359472
4489,91.94828281347263
4490,119.40902780254805
4491,101.0354906823948
4492,107.44712973527328
4493,102.3725977139367
4494,120.08849721583165
4495,110.54810048434126
4496,99.03612094038357
4497,109.82956300229505
4498,98.69927287632196
4499,124.36494816670549
4500,101.89219913951607
4501,103.59541802342467
4502,96.33779752963116
4503,97.41783123103671
4504,103.02467433301841
4505,100.2463265929393
4506,102.19461772582103
4507,95.54240329519953
4508,102.31703378926557
4509,101.66399540358702
4510,94.8350137235098
4511,93.45736639333262
4512,94.59033888071086
4513,102.34193539728585
4514,92.29781520050058
4515,101.57071939369581
4516,105.10489093717659
4517,98.16135242932639
4518,92.00957769152714
4519,88.17858012743069
4520,91.86456223911897
4521,94.79194778035362
4522,97.18151235435019
4523,89.95705392315905
4524,85.4365742733471
4525,86.48850474666152
4526,95.69226160575255
4527,90.69639330195047
4528,90.35170444957666
4529,94.41122608494754
4530,84.63202289871893
4531,87.52426154909178
4532,96.57932427720218
4533,87.95366002298294
4534,89.78150533371803
4535,92.17051045371399
4536,108.39570387282139
4537,95.34291111342401
4538,95.60686449402749
4539,109.07560598708204
4540,99.01770367761922
4541,96.7156783617064
4542,91.17558992500605
4543,91.23436973683957
4544,83.93886290674928
4545,112.20203245943974
4546,93.04981958672292
4547,93.01847881501722
4548,98.41021372605435
4549,110.36703391224654
4550,87.07755052448312
4551,95.10374260748875
4552,93.27761074702633
4553,117.80555368063537
4554,119.77032289471092
4555,99.47636598996893
4556,112.82134158392316
4557,103.42358720092392
4558,107.99872921599436
4559,100.56829593011186
4560,97.30465751422112
4561,98.17601175982584
4562,98.87957729801276
4563,98.66425603615242
4564,95.41039192860973
4565,99.29388853492476
4566,96.03663367686698
4567,104.28763181790484
4568,92.91732382414679
4569,90.69341320324433
4570,89.73163104974338
4571,102.25349468257966
4572,102.00920336696713
4573,98.4181558324291
4574,98.53745447157507
4575,94.63157735350543
4576,89.65502224740386
4577,102.92610905336868
4578,95.63241014538283
4579,91.2031959987056
4580,95.06425079538371
4581,93.56433157603402
4582,94.19682685202869
4583,90.1933711283031
4584,85.37135480366089
4585,90.89072967556034
4586,95.48758104699652
4587,88.450122835226
4588,94.77153518999508
4589,91.3834018542203
4590,90.09897456964079
4591,88.85737388904796
4592,89.4430736923684
4593,90.93664869044204
4594,88.4763763967305
4595,103.2611721950276
4596,106.27193281962964
4597,89.74316742951152
4598,88.27769724535726
4599,87.8197494625017
4600,88.11153930135168
4601,116.65221242864303
4602,94.56850378164214
4603,92.76073354805283
4604,91.86318817305961
4605,97.48328436497586
4606,101.13854149794867
4607,96.91432816823598
4608,89.74726958787623
4609,94.61133623927657
4610,84.11922194420929
4611,108.23509470430005
4612,95.0104464828434
4613,94.06894140494799
4614,94.32396105712516
4615,93.02253928906089
4616,88.32103674480194
4617,90.8139595200337
4618,86.0637352327205
4619,90.17316562078406
4620,83.06532625297748
4621,81.98029446126797
4622,81.60183123213595
4623,84.03282093332857
4624,91.05459753678807
4625,82.98560722769658
4626,82.67468735549265
4627,85.064006313986
4628,83.0362435885788
4629,81.83647288766426
4630,75.0605570137083
4631,85.60833112268418
4632,84.11148456011438
4633,76.22742791031345
4634,74.0769348813553
4635,79.0966256528624
4636,77.76906093971571
4637,78.87758671081258
4638,83.98131654438117
4639,80.90026198821192
4640,75.47004748408536
4641,82.15384880447999
4642,67.7459698665346
4643,73.26383968421355
4644,73.40131909394313
4645,65.51610108387382
4646,74.28430382138916
4647,69.64525808245105
4648,69.44746639006226
4649,69.1846287319982
4650,66.43870495699191
4651,75.26959542013333
4652,71.67650368685244
4653,67.94662930635647
4654,72.23606434453036
4655,82.2713203922641
4656,86.24544667090271
4657,70.968193099902
4658,68.50196827190553
4659,70.08722867116015
4660,73.3560744546403
4661,65.2699857059651
4662,75.06426449098043
4663,72.28241008872861
4664,75.20004828387283
4665,73.24552034891462
4666,67.00014944447369
4667,69.40059535516605
4668,68.99564606091904
4669,75.31537424255208
4670,81.12781988170744
4671,74.35577661504668
4672,66.21908431116478
4673,65.74490568838206
4674,66.29107613365406
4675,69.79984408210646
4676,70.52457452142067
4677,64.56771198880693
4678,59.278817809050636
4679,68.44402879622774
4680,94.78804820382331
4681,77.64967289623577
4682,70.7227201580334
4683,77.9302822513568
4684,73.31298821705764
4685,71.83551906012396
4686,68.32365103595896
4687,71.89671108979937
4688,77.36738367668029
4689,68.8916911107525
4690,97.71611632568204
4691,75.30264324230838
4692,87.17713344272538
4693,82.18919743375469
4694,77.92341446133987
4695,76.08301566575335
4696,76.94373512789906
4697,79.78694321129333
4698,75.37376136291797
4699,78.30687838207572
4700,78.68743293876446
4701,75.08303495734776
4702,78.27356540081308
4703,79.02539513213883
4704,73.8779129831702
4705,73.03919231067368
4706,79.36834879834768
4707,81.34601800350582
4708,78.92077209280079
4709,72.68467459550516
4710,77.52496200312105
4711,74.73203699404252
4712,78.93778434893562
4713,73.98950093197473
4714,71.04697558517964
4715,71.0024022798456
4716,103.77675914193338
4717,78.34209923582871
4718,73.69977529637107
4719,83.64062368948656
4720,76.34489549868394
4721,72.58837788355451
4722,70.94519413338405
4723,76.29086887799178
4724,69.16741144870706
4725,76.23378863304458
4726,75.22056105496347
4727,71.59930245956116
4728,72.2319340536174
4729,77.80318348922466
4730,73.71205911117374
4731,68.13431458352173
4732,74.01597314799696
4733,67.06038430760955
4734,87.03284892705693
4735,74.85166326157751
4736,84.13551257210709
4737,72.03338311632537
4738,70.2710629101872
4739,74.47420304181134
4740,75.15228671466556
4741,76.72578046239497
4742,82.56412473081112
4743,90.29629665215069
4744,75.42068922634573
4745,79.63885649801841
4746,75.73489633956868
4747,78.5156889359762
4748,77.6920409479975
4749,75.8533813328761
4750,70.01799733442235
4751,80.00214256502281
4752,78.00979950497661
4753,75.98180680702873
4754,77.29252693485644
4755,68.02500529140879
4756,70.2338003863929
4757,77.29873216275894
4758,72.3576107707936
4759,71.87182628246879
4760,74.65392193934245
4761,66.54168201390092
4762,93.37298167884259
4763,76.82016273966984
4764,69.82665150851294
4765,76.75309124163094
4766,77.31152911806004
4767,68.9933447098747
4768,85.42022194745086
4769,74.76029758722727
4770,69.56328294390985
4771,73.50471729073959
4772,72.76523307782071
4773,69.37506921162387
4774,65.53528992093999
4775,66.9718572815135
4776,71.02768772212673
4777,73.34992674791987
4778,71.10221380780145
4779,67.14080518460665
4780,75.3796405967885
4781,69.55899679345572
4782,66.66939705972842
4783,65.1138009026804
4784,64.57788333388268
4785,71.3984755542554
4786,71.2057457036853
4787,68.28710726365313
4788,67.42327943688656
4789,82.63567549329751
4790,74.47671707590554
4791,66.70654215299759
4792,69.9746802709935
4793,66.51734700476618
4794,67.41809185330133
4795,67.56113551883855
4796,69.11238465304487
4797,65.76691370057485
4798,63.663518314868455
4799,68.47309231533814
4800,69.14798181711973
4801,84.87896931238625
4802,85.83705543923779
4803,74.83385844193828
4804,73.56384722052964
4805,69.4165677158471
4806,75.07340127107027
4807,68.63180384717342
4808,67.73341349594655
4809,74.72267700059282
4810,64.41175117371182
4811,66.76435899459719
4812,69.20807510570975
4813,95.03723327657303
4814,76.47967746756173
4815,75.53835955363229
4816,70.92433384311373
4817,69.72319257474294
4818,69.88137876201645
4819,78.32559415598172
4820,75.20227486080071
4821,76.3347008472916
4822,74.29604192460172
4823,76.87974085258604
4824,73.76696824838288
4825,92.51990393647745
4826,72.18248571658364
4827,74.3701460930362
4828,74.73410053648401
4829,72.11579359335684
4830,75.70975230142157
4831,65.86746325614237
4832,73.19191479285698
4833,68.55884775311732
4834,72.42029453442608
4835,67.27793394406736
4836,79.4088612242548
4837,67.1284444873037
4838,69.07907708858862
4839,100.15151118067931
4840,89.77161536473793
4841,82.19735463839864
4842,84.54281694700337
4843,80.31962956006456
4844,79.07155639133158
4845,93.43165799122576
4846,78.35445769152147
4847,79.60789240530863
4848,76.27700324049326
4849,86.51871515616563
4850,84.88893308003182
4851,84.36304930675398
4852,72.77778805185835
4853,89.92413889422616
4854,82.45198515629546
4855,87.22879533501566
4856,84.44404914641589
4857,79.45889515714155
4858,81.05473261239999
4859,77.20250971785333
4860,91.95311459641212
4861,119.28932575561574
4862,106.46922205234878
4863,86.974774758599
4864,132.3792879999039
4865,127.45095306948821
4866,102.33515670830008
4867,99.84318131896424
4868,100.50836181640719
4869,108.86847027162459
4870,110.33846812770261
4871,100.91262904041447
4872,101.78984057897762
4873,101.26498294436097
4874,100.1131356360595
4875,124.08443264022893
4876,108.58235052886225
4877,111.74569104091944
4878,99.09001137236109
4879,106.95402248291201
4880,100.67262146670649
4881,96.6804614818915
4882,103.59503527359105
4883,95.51852361724563
4884,100.02303403023198
4885,97.55459418272154
4886,96.90640231511564
4887,106.32215393522921
4888,91.7708009343178
4889,102.58604601130192
4890,111.79093023503228
4891,92.94812982971244
4892,128.3731021141785
4893,97.33408257989736
4894,102.7890598712804
4895,101.78298768279576
4896,100.11252382424114
4897,99.64779399672285
4898,102.14385304955883
4899,100.48217706574503
4900,99.55410137206071
4901,93.8774452437193
4902,99.2363158342778
4903,98.23604775780203
4904,99.41635182234204
4905,107.28228567876572
4906,104.59399876036532
4907,108.0697855035761
4908,97.40374883384546
4909,97.11522455021176
4910,108.75696336666078
4911,102.69158530578943
4912,96.9719360390636
4913,97.87588613984768
4914,98.5689985261415
4915,96.98599434693833
4916,94.14358979326332
4917,96.19101568601835
4918,98.16137297085292
4919,97.78537285510725
4920,94.9795720211022
4921,101.31886690891524
4922,102.57213267674297
4923,94.16445755738309
4924,104.2712678297566
4925,93.37677190301035
4926,100.05281660806267
4927,94.02182240301134
4928,98.81079015031645
4929,119.49724785904989
4930,106.29997994673874
4931,102.93433956277559
4932,105.33146616756977
4933,98.81503111906123
4934,100.122979544235
4935,94.45461099856033
4936,101.39804262833076
4937,90.17654539722622
4938,96.12524717021962
4939,94.08986759893494
4940,90.2654202555616
4941,93.43166603803247
4942,91.88775038585857
4943,91.58294261082534
4944,87.71934367589697
4945,91.54959816941364
4946,87.9064193481617
4947,83.19825628673877
4948,89.34841383546205
4949,81.85124559775548
4950,95.24407156429251
4951,135.08960539112957
4952,101.38276020611414
4953,123.8797829450763
4954,94.78488946155456
4955,100.29226663432138
4956,97.39269214069212
4957,100.18741128314855
4958,101.04205866192477
4959,98.4647455768663
4960,103.22772309164758
4961,97.06648256391091
4962,110.36201073893325
4963,119.04855107373578
4964,127.41289981519188
4965,107.8117606208373
4966,111.21651345640747
4967,125.95275706803031
4968,112.24576967975652
4969,140.84324588126657
4970,120.04686728093296
4971,122.20543251180067
4972,114.53800217892567
4973,117.76290127549987
4974,116.03919388683843
4975,121.47486865411732
4976,113.30501694971835
4977,115.4042019701369
4978,116.44902632165169
4979,115.79894032450484
4980,112.51322195701283
4981,109.50635623176579
4982,106.04763536560964
4983,107.71432956299017
4984,109.04531027377577
4985,107.41961811168814
4986,110.624050212291
4987,127.36352596593915
4988,115.1610245366729
4989,106.05785176046646
4990,110.05521620887751
4991,106.48797276012026
4992,103.29978490675298
4993,102.72470825453685
4994,103.56813560793417
4995,111.87376009584271
4996,102.80810591918123
4997,104.58596614287798
4998,106.93862413740544
4999,99.80980862814415
5000,106.17468482348764
